txn_id,customer_id,timestamp,amount,channel,rule_score,ml_score,risk_score,risk_band,reasons
TXNa93dbf91-6,CUST00592,2026-06-28 06:32:11,195221.97,mobile,100.0,100.0,100.0,Critical,"['Login from an unrecognized device shortly before the transaction', 'Login originated from an unfamiliar / foreign geography', 'New device AND new geography correlated in the same session', '4 failed login attempt(s) just before the transaction', 'Funds sent to a new/unrecognized beneficiary', 'Transaction amount is unusually large for this profile']"
TXN4864d025-f,CUST00599,2026-06-18 03:28:53,95056.17,mobile,100.0,100.0,100.0,Critical,"['Login from an unrecognized device shortly before the transaction', 'Login originated from an unfamiliar / foreign geography', 'New device AND new geography correlated in the same session', '4 failed login attempt(s) just before the transaction', 'Funds sent to a new/unrecognized beneficiary', 'Transaction amount is unusually large for this profile']"
TXNa82762b4-7,CUST00592,2026-06-25 02:52:35,194504.67,mobile,100.0,100.0,100.0,Critical,"['Login from an unrecognized device shortly before the transaction', 'Login originated from an unfamiliar / foreign geography', 'New device AND new geography correlated in the same session', '4 failed login attempt(s) just before the transaction', 'Funds sent to a new/unrecognized beneficiary', 'Transaction amount is unusually large for this profile']"
TXN794f9276-d,CUST00166,2026-06-17 11:20:05,82246.52,web,100.0,100.0,100.0,Critical,"['Login from an unrecognized device shortly before the transaction', 'Login originated from an unfamiliar / foreign geography', 'New device AND new geography correlated in the same session', '3 failed login attempt(s) just before the transaction', 'Funds sent to a new/unrecognized beneficiary', 'Transaction amount is unusually large for this profile']"
TXN7a0ffa86-5,CUST00161,2026-06-20 17:12:13,40822.99,mobile,100.0,100.0,100.0,Critical,"['Login from an unrecognized device shortly before the transaction', 'Login originated from an unfamiliar / foreign geography', 'New device AND new geography correlated in the same session', '3 failed login attempt(s) just before the transaction', 'Funds sent to a new/unrecognized beneficiary', 'Transaction amount is unusually large for this profile']"
TXN7e83e815-9,CUST00141,2026-07-09 15:03:40,109562.48,mobile,100.0,100.0,100.0,Critical,"['Login from an unrecognized device shortly before the transaction', 'Login originated from an unfamiliar / foreign geography', 'New device AND new geography correlated in the same session', '3 failed login attempt(s) just before the transaction', 'Funds sent to a new/unrecognized beneficiary', 'Transaction amount is unusually large for this profile']"
TXNb3932fb8-4,CUST00167,2026-06-28 12:08:08,249156.54,mobile,100.0,100.0,100.0,Critical,"['Login from an unrecognized device shortly before the transaction', 'Login originated from an unfamiliar / foreign geography', 'New device AND new geography correlated in the same session', '3 failed login attempt(s) just before the transaction', 'Funds sent to a new/unrecognized beneficiary', 'Transaction amount is unusually large for this profile']"
TXN5ba62f73-e,CUST00181,2026-06-22 19:20:01,178855.52,web,100.0,100.0,100.0,Critical,"['Login from an unrecognized device shortly before the transaction', 'Login originated from an unfamiliar / foreign geography', 'New device AND new geography correlated in the same session', '2 failed login attempt(s) just before the transaction', 'Funds sent to a new/unrecognized beneficiary', 'Transaction amount is unusually large for this profile']"
TXNee265c95-9,CUST00176,2026-06-19 15:40:40,183405.84,mobile,100.0,100.0,100.0,Critical,"['Login from an unrecognized device shortly before the transaction', 'Login originated from an unfamiliar / foreign geography', 'New device AND new geography correlated in the same session', '2 failed login attempt(s) just before the transaction', 'Funds sent to a new/unrecognized beneficiary', 'Transaction amount is unusually large for this profile']"
TXN4fa87a65-0,CUST00176,2026-07-01 20:43:34,85575.43,mobile,100.0,100.0,100.0,Critical,"['Login from an unrecognized device shortly before the transaction', 'Login originated from an unfamiliar / foreign geography', 'New device AND new geography correlated in the same session', '4 failed login attempt(s) just before the transaction', 'Funds sent to a new/unrecognized beneficiary', 'Transaction amount is unusually large for this profile']"
TXN1533fe82-2,CUST00173,2026-06-22 08:05:22,81380.55,mobile,100.0,100.0,100.0,Critical,"['Login from an unrecognized device shortly before the transaction', 'Login originated from an unfamiliar / foreign geography', 'New device AND new geography correlated in the same session', '3 failed login attempt(s) just before the transaction', 'Funds sent to a new/unrecognized beneficiary', 'Transaction amount is unusually large for this profile']"
TXNdecceaea-6,CUST00191,2026-06-17 22:26:42,156095.54,mobile,100.0,100.0,100.0,Critical,"['Login from an unrecognized device shortly before the transaction', 'Login originated from an unfamiliar / foreign geography', 'New device AND new geography correlated in the same session', '2 failed login attempt(s) just before the transaction', 'Funds sent to a new/unrecognized beneficiary', 'Transaction amount is unusually large for this profile']"
TXN517fd316-2,CUST00186,2026-07-08 14:06:03,132718.27,mobile,100.0,100.0,100.0,Critical,"['Login from an unrecognized device shortly before the transaction', 'Login originated from an unfamiliar / foreign geography', 'New device AND new geography correlated in the same session', '2 failed login attempt(s) just before the transaction', 'Funds sent to a new/unrecognized beneficiary', 'Transaction amount is unusually large for this profile']"
TXN70c0a4f6-1,CUST00132,2026-07-03 14:24:26,229525.51,web,100.0,100.0,100.0,Critical,"['Login from an unrecognized device shortly before the transaction', 'Login originated from an unfamiliar / foreign geography', 'New device AND new geography correlated in the same session', '3 failed login attempt(s) just before the transaction', 'Funds sent to a new/unrecognized beneficiary', 'Transaction amount is unusually large for this profile']"
TXN6c8f8833-f,CUST00191,2026-06-30 15:59:54,78976.95,mobile,100.0,100.0,100.0,Critical,"['Login from an unrecognized device shortly before the transaction', 'Login originated from an unfamiliar / foreign geography', 'New device AND new geography correlated in the same session', '4 failed login attempt(s) just before the transaction', 'Funds sent to a new/unrecognized beneficiary', 'Transaction amount is unusually large for this profile']"
TXN4bbb2e9a-8,CUST00131,2026-07-04 20:08:36,211913.94,mobile,100.0,100.0,100.0,Critical,"['Login from an unrecognized device shortly before the transaction', 'Login originated from an unfamiliar / foreign geography', 'New device AND new geography correlated in the same session', '4 failed login attempt(s) just before the transaction', 'Funds sent to a new/unrecognized beneficiary', 'Transaction amount is unusually large for this profile']"
TXNafb144b5-6,CUST00190,2026-07-02 06:11:48,228810.39,mobile,100.0,100.0,100.0,Critical,"['Login from an unrecognized device shortly before the transaction', 'Login originated from an unfamiliar / foreign geography', 'New device AND new geography correlated in the same session', '3 failed login attempt(s) just before the transaction', 'Funds sent to a new/unrecognized beneficiary', 'Transaction amount is unusually large for this profile']"
TXNa159bef3-5,CUST00201,2026-07-07 08:42:05,89782.18,web,100.0,100.0,100.0,Critical,"['Login from an unrecognized device shortly before the transaction', 'Login originated from an unfamiliar / foreign geography', 'New device AND new geography correlated in the same session', '3 failed login attempt(s) just before the transaction', 'Funds sent to a new/unrecognized beneficiary', 'Transaction amount is unusually large for this profile']"
TXN836392b7-d,CUST00575,2026-06-25 07:48:16,85621.78,mobile,100.0,100.0,100.0,Critical,"['Login from an unrecognized device shortly before the transaction', 'Login originated from an unfamiliar / foreign geography', 'New device AND new geography correlated in the same session', '2 failed login attempt(s) just before the transaction', 'Funds sent to a new/unrecognized beneficiary', 'Transaction amount is unusually large for this profile']"
TXN0a054950-1,CUST00008,2026-06-30 05:40:50,143492.25,mobile,100.0,100.0,100.0,Critical,"['Login from an unrecognized device shortly before the transaction', 'Login originated from an unfamiliar / foreign geography', 'New device AND new geography correlated in the same session', '3 failed login attempt(s) just before the transaction', 'Funds sent to a new/unrecognized beneficiary', 'Transaction amount is unusually large for this profile']"
TXN06a4093b-4,CUST00209,2026-07-08 17:19:16,166112.74,mobile,100.0,100.0,100.0,Critical,"['Login from an unrecognized device shortly before the transaction', 'Login originated from an unfamiliar / foreign geography', 'New device AND new geography correlated in the same session', '4 failed login attempt(s) just before the transaction', 'Funds sent to a new/unrecognized beneficiary', 'Transaction amount is unusually large for this profile']"
TXN90441ec6-5,CUST00209,2026-07-14 09:16:09,246616.18,web,100.0,100.0,100.0,Critical,"['Login from an unrecognized device shortly before the transaction', 'Login originated from an unfamiliar / foreign geography', 'New device AND new geography correlated in the same session', '4 failed login attempt(s) just before the transaction', 'Funds sent to a new/unrecognized beneficiary', 'Transaction amount is unusually large for this profile']"
TXNd8bb254c-8,CUST00212,2026-06-17 21:10:46,188777.24,mobile,100.0,100.0,100.0,Critical,"['Login from an unrecognized device shortly before the transaction', 'Login originated from an unfamiliar / foreign geography', 'New device AND new geography correlated in the same session', '4 failed login attempt(s) just before the transaction', 'Funds sent to a new/unrecognized beneficiary', 'Transaction amount is unusually large for this profile']"
TXN725687c2-0,CUST00212,2026-07-06 06:57:06,224491.38,mobile,100.0,100.0,100.0,Critical,"['Login from an unrecognized device shortly before the transaction', 'Login originated from an unfamiliar / foreign geography', 'New device AND new geography correlated in the same session', '4 failed login attempt(s) just before the transaction', 'Funds sent to a new/unrecognized beneficiary', 'Transaction amount is unusually large for this profile']"
TXNf0a30219-c,CUST00219,2026-06-28 21:37:24,200303.88,web,100.0,100.0,100.0,Critical,"['Login from an unrecognized device shortly before the transaction', 'Login originated from an unfamiliar / foreign geography', 'New device AND new geography correlated in the same session', '3 failed login attempt(s) just before the transaction', 'Funds sent to a new/unrecognized beneficiary', 'Transaction amount is unusually large for this profile']"
TXN78ccd788-8,CUST00217,2026-07-11 19:52:52,94946.33,mobile,100.0,100.0,100.0,Critical,"['Login from an unrecognized device shortly before the transaction', 'Login originated from an unfamiliar / foreign geography', 'New device AND new geography correlated in the same session', '2 failed login attempt(s) just before the transaction', 'Funds sent to a new/unrecognized beneficiary', 'Transaction amount is unusually large for this profile']"
TXN8849066e-5,CUST00226,2026-06-22 23:22:18,79969.98,web,100.0,100.0,100.0,Critical,"['Login from an unrecognized device shortly before the transaction', 'Login originated from an unfamiliar / foreign geography', 'New device AND new geography correlated in the same session', '2 failed login attempt(s) just before the transaction', 'Funds sent to a new/unrecognized beneficiary', 'Transaction amount is unusually large for this profile']"
TXN888e58e7-0,CUST00227,2026-07-16 07:11:15,231236.22,mobile,100.0,100.0,100.0,Critical,"['Login from an unrecognized device shortly before the transaction', 'Login originated from an unfamiliar / foreign geography', 'New device AND new geography correlated in the same session', '4 failed login attempt(s) just before the transaction', 'Funds sent to a new/unrecognized beneficiary', 'Transaction amount is unusually large for this profile']"
TXN89b3889d-4,CUST00220,2026-07-05 20:30:38,200294.51,web,100.0,100.0,100.0,Critical,"['Login from an unrecognized device shortly before the transaction', 'Login originated from an unfamiliar / foreign geography', 'New device AND new geography correlated in the same session', '2 failed login attempt(s) just before the transaction', 'Funds sent to a new/unrecognized beneficiary', 'Transaction amount is unusually large for this profile']"
TXNa87da2af-3,CUST00228,2026-07-06 02:10:33,111582.39,mobile,100.0,100.0,100.0,Critical,"['Login from an unrecognized device shortly before the transaction', 'Login originated from an unfamiliar / foreign geography', 'New device AND new geography correlated in the same session', '2 failed login attempt(s) just before the transaction', 'Funds sent to a new/unrecognized beneficiary', 'Transaction amount is unusually large for this profile']"
TXN917bc866-6,CUST00117,2026-06-20 12:39:33,82732.26,web,100.0,100.0,100.0,Critical,"['Login from an unrecognized device shortly before the transaction', 'Login originated from an unfamiliar / foreign geography', 'New device AND new geography correlated in the same session', '4 failed login attempt(s) just before the transaction', 'Funds sent to a new/unrecognized beneficiary', 'Transaction amount is unusually large for this profile']"
TXNe5ecb9dc-d,CUST00234,2026-07-05 16:45:15,160002.03,web,100.0,100.0,100.0,Critical,"['Login from an unrecognized device shortly before the transaction', 'Login originated from an unfamiliar / foreign geography', 'New device AND new geography correlated in the same session', '4 failed login attempt(s) just before the transaction', 'Funds sent to a new/unrecognized beneficiary', 'Transaction amount is unusually large for this profile']"
TXN85915047-e,CUST00242,2026-06-23 14:51:19,39402.87,web,100.0,100.0,100.0,Critical,"['Login from an unrecognized device shortly before the transaction', 'Login originated from an unfamiliar / foreign geography', 'New device AND new geography correlated in the same session', '2 failed login attempt(s) just before the transaction', 'Funds sent to a new/unrecognized beneficiary', 'Transaction amount is unusually large for this profile']"
TXNbeb5ba0f-1,CUST00238,2026-07-03 23:35:16,117253.35,mobile,100.0,100.0,100.0,Critical,"['Login from an unrecognized device shortly before the transaction', 'Login originated from an unfamiliar / foreign geography', 'New device AND new geography correlated in the same session', '3 failed login attempt(s) just before the transaction', 'Funds sent to a new/unrecognized beneficiary', 'Transaction amount is unusually large for this profile']"
TXN63b1a52e-9,CUST00111,2026-06-16 23:34:15,52050.03,mobile,100.0,100.0,100.0,Critical,"['Login from an unrecognized device shortly before the transaction', 'Login originated from an unfamiliar / foreign geography', 'New device AND new geography correlated in the same session', '2 failed login attempt(s) just before the transaction', 'Funds sent to a new/unrecognized beneficiary', 'Transaction amount is unusually large for this profile']"
TXN902a73ae-b,CUST00112,2026-06-17 06:51:51,71874.61,web,100.0,100.0,100.0,Critical,"['Login from an unrecognized device shortly before the transaction', 'Login originated from an unfamiliar / foreign geography', 'New device AND new geography correlated in the same session', '3 failed login attempt(s) just before the transaction', 'Funds sent to a new/unrecognized beneficiary', 'Transaction amount is unusually large for this profile']"
TXN75566ff1-b,CUST00112,2026-07-08 08:56:21,52920.11,mobile,100.0,100.0,100.0,Critical,"['Login from an unrecognized device shortly before the transaction', 'Login originated from an unfamiliar / foreign geography', 'New device AND new geography correlated in the same session', '3 failed login attempt(s) just before the transaction', 'Funds sent to a new/unrecognized beneficiary', 'Transaction amount is unusually large for this profile']"
TXN3c243b45-d,CUST00110,2026-06-19 15:06:53,219326.95,mobile,100.0,100.0,100.0,Critical,"['Login from an unrecognized device shortly before the transaction', 'Login originated from an unfamiliar / foreign geography', 'New device AND new geography correlated in the same session', '3 failed login attempt(s) just before the transaction', 'Funds sent to a new/unrecognized beneficiary', 'Transaction amount is unusually large for this profile']"
TXNda2a5b5f-6,CUST00253,2026-06-30 23:24:05,52178.37,mobile,100.0,100.0,100.0,Critical,"['Login from an unrecognized device shortly before the transaction', 'Login originated from an unfamiliar / foreign geography', 'New device AND new geography correlated in the same session', '2 failed login attempt(s) just before the transaction', 'Funds sent to a new/unrecognized beneficiary', 'Transaction amount is unusually large for this profile']"
TXNf1aab637-7,CUST00265,2026-07-10 18:32:10,51282.56,web,100.0,100.0,100.0,Critical,"['Login from an unrecognized device shortly before the transaction', 'Login originated from an unfamiliar / foreign geography', 'New device AND new geography correlated in the same session', '3 failed login attempt(s) just before the transaction', 'Funds sent to a new/unrecognized beneficiary', 'Transaction amount is unusually large for this profile']"
TXN59e849b6-3,CUST00262,2026-07-03 08:02:13,217730.96,web,100.0,100.0,100.0,Critical,"['Login from an unrecognized device shortly before the transaction', 'Login originated from an unfamiliar / foreign geography', 'New device AND new geography correlated in the same session', '2 failed login attempt(s) just before the transaction', 'Funds sent to a new/unrecognized beneficiary', 'Transaction amount is unusually large for this profile']"
TXNb3700e92-9,CUST00260,2026-06-29 16:51:33,63827.8,mobile,100.0,100.0,100.0,Critical,"['Login from an unrecognized device shortly before the transaction', 'Login originated from an unfamiliar / foreign geography', 'New device AND new geography correlated in the same session', '4 failed login attempt(s) just before the transaction', 'Funds sent to a new/unrecognized beneficiary', 'Transaction amount is unusually large for this profile']"
TXN0ae4e096-2,CUST00278,2026-07-05 00:24:52,113808.45,mobile,100.0,100.0,100.0,Critical,"['Login from an unrecognized device shortly before the transaction', 'Login originated from an unfamiliar / foreign geography', 'New device AND new geography correlated in the same session', '4 failed login attempt(s) just before the transaction', 'Funds sent to a new/unrecognized beneficiary', 'Transaction amount is unusually large for this profile']"
TXN7d957e47-a,CUST00277,2026-07-03 15:35:02,128862.79,mobile,100.0,100.0,100.0,Critical,"['Login from an unrecognized device shortly before the transaction', 'Login originated from an unfamiliar / foreign geography', 'New device AND new geography correlated in the same session', '3 failed login attempt(s) just before the transaction', 'Funds sent to a new/unrecognized beneficiary', 'Transaction amount is unusually large for this profile']"
TXN924d4a86-e,CUST00277,2026-07-07 23:11:17,246881.7,web,100.0,100.0,100.0,Critical,"['Login from an unrecognized device shortly before the transaction', 'Login originated from an unfamiliar / foreign geography', 'New device AND new geography correlated in the same session', '3 failed login attempt(s) just before the transaction', 'Funds sent to a new/unrecognized beneficiary', 'Transaction amount is unusually large for this profile']"
TXN165effd1-c,CUST00291,2026-06-23 17:16:20,243571.88,mobile,100.0,100.0,100.0,Critical,"['Login from an unrecognized device shortly before the transaction', 'Login originated from an unfamiliar / foreign geography', 'New device AND new geography correlated in the same session', '2 failed login attempt(s) just before the transaction', 'Funds sent to a new/unrecognized beneficiary', 'Transaction amount is unusually large for this profile']"
TXN05e3d107-1,CUST00290,2026-06-24 09:41:00,249399.11,mobile,100.0,100.0,100.0,Critical,"['Login from an unrecognized device shortly before the transaction', 'Login originated from an unfamiliar / foreign geography', 'New device AND new geography correlated in the same session', '4 failed login attempt(s) just before the transaction', 'Funds sent to a new/unrecognized beneficiary', 'Transaction amount is unusually large for this profile']"
TXN47fefddb-f,CUST00285,2026-07-13 23:50:46,234935.29,web,100.0,100.0,100.0,Critical,"['Login from an unrecognized device shortly before the transaction', 'Login originated from an unfamiliar / foreign geography', 'New device AND new geography correlated in the same session', '4 failed login attempt(s) just before the transaction', 'Funds sent to a new/unrecognized beneficiary', 'Transaction amount is unusually large for this profile']"
TXN18d939eb-a,CUST00282,2026-06-28 18:40:23,120227.32,mobile,100.0,100.0,100.0,Critical,"['Login from an unrecognized device shortly before the transaction', 'Login originated from an unfamiliar / foreign geography', 'New device AND new geography correlated in the same session', '3 failed login attempt(s) just before the transaction', 'Funds sent to a new/unrecognized beneficiary', 'Transaction amount is unusually large for this profile']"
TXN19991b39-1,CUST00098,2026-07-09 19:44:10,223106.04,web,100.0,100.0,100.0,Critical,"['Login from an unrecognized device shortly before the transaction', 'Login originated from an unfamiliar / foreign geography', 'New device AND new geography correlated in the same session', '4 failed login attempt(s) just before the transaction', 'Funds sent to a new/unrecognized beneficiary', 'Transaction amount is unusually large for this profile']"
TXN6e43b319-f,CUST00099,2026-06-21 13:04:42,249682.9,mobile,100.0,100.0,100.0,Critical,"['Login from an unrecognized device shortly before the transaction', 'Login originated from an unfamiliar / foreign geography', 'New device AND new geography correlated in the same session', '3 failed login attempt(s) just before the transaction', 'Funds sent to a new/unrecognized beneficiary', 'Transaction amount is unusually large for this profile']"
TXN3b1f38f0-0,CUST00563,2026-07-13 06:05:40,140303.99,web,100.0,100.0,100.0,Critical,"['Login from an unrecognized device shortly before the transaction', 'Login originated from an unfamiliar / foreign geography', 'New device AND new geography correlated in the same session', '4 failed login attempt(s) just before the transaction', 'Funds sent to a new/unrecognized beneficiary', 'Transaction amount is unusually large for this profile']"
TXN8f48de0a-3,CUST00576,2026-06-27 13:38:17,133175.23,web,100.0,100.0,100.0,Critical,"['Login from an unrecognized device shortly before the transaction', 'Login originated from an unfamiliar / foreign geography', 'New device AND new geography correlated in the same session', '4 failed login attempt(s) just before the transaction', 'Funds sent to a new/unrecognized beneficiary', 'Transaction amount is unusually large for this profile']"
TXN94ca68d9-4,CUST00573,2026-07-12 06:00:52,111360.73,web,100.0,100.0,100.0,Critical,"['Login from an unrecognized device shortly before the transaction', 'Login originated from an unfamiliar / foreign geography', 'New device AND new geography correlated in the same session', '3 failed login attempt(s) just before the transaction', 'Funds sent to a new/unrecognized beneficiary', 'Transaction amount is unusually large for this profile']"
TXNc5798f5d-9,CUST00295,2026-07-02 10:49:55,180074.05,web,100.0,100.0,100.0,Critical,"['Login from an unrecognized device shortly before the transaction', 'Login originated from an unfamiliar / foreign geography', 'New device AND new geography correlated in the same session', '2 failed login attempt(s) just before the transaction', 'Funds sent to a new/unrecognized beneficiary', 'Transaction amount is unusually large for this profile']"
TXN282fbcce-8,CUST00306,2026-06-30 01:26:26,143580.82,mobile,100.0,100.0,100.0,Critical,"['Login from an unrecognized device shortly before the transaction', 'Login originated from an unfamiliar / foreign geography', 'New device AND new geography correlated in the same session', '2 failed login attempt(s) just before the transaction', 'Funds sent to a new/unrecognized beneficiary', 'Transaction amount is unusually large for this profile']"
TXN01e1af8f-8,CUST00311,2026-07-01 01:03:06,46774.21,mobile,100.0,100.0,100.0,Critical,"['Login from an unrecognized device shortly before the transaction', 'Login originated from an unfamiliar / foreign geography', 'New device AND new geography correlated in the same session', '4 failed login attempt(s) just before the transaction', 'Funds sent to a new/unrecognized beneficiary', 'Transaction amount is unusually large for this profile']"
TXNb6f957dc-a,CUST00310,2026-07-03 19:49:05,193173.08,web,100.0,100.0,100.0,Critical,"['Login from an unrecognized device shortly before the transaction', 'Login originated from an unfamiliar / foreign geography', 'New device AND new geography correlated in the same session', '4 failed login attempt(s) just before the transaction', 'Funds sent to a new/unrecognized beneficiary', 'Transaction amount is unusually large for this profile']"
TXNf91070e0-2,CUST00317,2026-06-18 18:44:36,192455.05,mobile,100.0,100.0,100.0,Critical,"['Login from an unrecognized device shortly before the transaction', 'Login originated from an unfamiliar / foreign geography', 'New device AND new geography correlated in the same session', '3 failed login attempt(s) just before the transaction', 'Funds sent to a new/unrecognized beneficiary', 'Transaction amount is unusually large for this profile']"
TXN70fbb28e-0,CUST00094,2026-07-12 08:22:20,212977.68,web,100.0,100.0,100.0,Critical,"['Login from an unrecognized device shortly before the transaction', 'Login originated from an unfamiliar / foreign geography', 'New device AND new geography correlated in the same session', '2 failed login attempt(s) just before the transaction', 'Funds sent to a new/unrecognized beneficiary', 'Transaction amount is unusually large for this profile']"
TXN0426fe7b-0,CUST00325,2026-06-22 19:31:19,218756.89,web,100.0,100.0,100.0,Critical,"['Login from an unrecognized device shortly before the transaction', 'Login originated from an unfamiliar / foreign geography', 'New device AND new geography correlated in the same session', '2 failed login attempt(s) just before the transaction', 'Funds sent to a new/unrecognized beneficiary', 'Transaction amount is unusually large for this profile']"
TXNfa1d8ded-7,CUST00326,2026-06-28 19:57:46,48122.25,web,100.0,100.0,100.0,Critical,"['Login from an unrecognized device shortly before the transaction', 'Login originated from an unfamiliar / foreign geography', 'New device AND new geography correlated in the same session', '2 failed login attempt(s) just before the transaction', 'Funds sent to a new/unrecognized beneficiary', 'Transaction amount is unusually large for this profile']"
TXNf1c2fa18-c,CUST00091,2026-07-01 06:36:04,126877.32,web,100.0,100.0,100.0,Critical,"['Login from an unrecognized device shortly before the transaction', 'Login originated from an unfamiliar / foreign geography', 'New device AND new geography correlated in the same session', '2 failed login attempt(s) just before the transaction', 'Funds sent to a new/unrecognized beneficiary', 'Transaction amount is unusually large for this profile']"
TXNb1768686-d,CUST00322,2026-06-27 10:58:48,60027.65,web,100.0,100.0,100.0,Critical,"['Login from an unrecognized device shortly before the transaction', 'Login originated from an unfamiliar / foreign geography', 'New device AND new geography correlated in the same session', '3 failed login attempt(s) just before the transaction', 'Funds sent to a new/unrecognized beneficiary', 'Transaction amount is unusually large for this profile']"
TXN5d316263-4,CUST00319,2026-06-28 17:25:35,177738.52,mobile,100.0,100.0,100.0,Critical,"['Login from an unrecognized device shortly before the transaction', 'Login originated from an unfamiliar / foreign geography', 'New device AND new geography correlated in the same session', '2 failed login attempt(s) just before the transaction', 'Funds sent to a new/unrecognized beneficiary', 'Transaction amount is unusually large for this profile']"
TXN408d5212-7,CUST00327,2026-06-18 17:44:03,191051.41,mobile,100.0,100.0,100.0,Critical,"['Login from an unrecognized device shortly before the transaction', 'Login originated from an unfamiliar / foreign geography', 'New device AND new geography correlated in the same session', '3 failed login attempt(s) just before the transaction', 'Funds sent to a new/unrecognized beneficiary', 'Transaction amount is unusually large for this profile']"
TXNaf0f134e-0,CUST00329,2026-06-30 21:20:40,161489.87,web,100.0,100.0,100.0,Critical,"['Login from an unrecognized device shortly before the transaction', 'Login originated from an unfamiliar / foreign geography', 'New device AND new geography correlated in the same session', '4 failed login attempt(s) just before the transaction', 'Funds sent to a new/unrecognized beneficiary', 'Transaction amount is unusually large for this profile']"
TXN576b67e3-e,CUST00338,2026-06-22 01:58:03,95757.03,web,100.0,100.0,100.0,Critical,"['Login from an unrecognized device shortly before the transaction', 'Login originated from an unfamiliar / foreign geography', 'New device AND new geography correlated in the same session', '3 failed login attempt(s) just before the transaction', 'Funds sent to a new/unrecognized beneficiary', 'Transaction amount is unusually large for this profile']"
TXN3a9048cc-d,CUST00018,2026-07-08 08:13:38,107124.31,mobile,100.0,100.0,100.0,Critical,"['Login from an unrecognized device shortly before the transaction', 'Login originated from an unfamiliar / foreign geography', 'New device AND new geography correlated in the same session', '3 failed login attempt(s) just before the transaction', 'Funds sent to a new/unrecognized beneficiary', 'Transaction amount is unusually large for this profile']"
TXN5f786318-3,CUST00569,2026-07-11 21:02:04,236348.57,mobile,100.0,100.0,100.0,Critical,"['Login from an unrecognized device shortly before the transaction', 'Login originated from an unfamiliar / foreign geography', 'New device AND new geography correlated in the same session', '4 failed login attempt(s) just before the transaction', 'Funds sent to a new/unrecognized beneficiary', 'Transaction amount is unusually large for this profile']"
TXN1336d4de-c,CUST00337,2026-06-24 08:08:03,246626.48,mobile,100.0,100.0,100.0,Critical,"['Login from an unrecognized device shortly before the transaction', 'Login originated from an unfamiliar / foreign geography', 'New device AND new geography correlated in the same session', '3 failed login attempt(s) just before the transaction', 'Funds sent to a new/unrecognized beneficiary', 'Transaction amount is unusually large for this profile']"
TXNc02d7e7f-9,CUST00348,2026-07-03 16:16:34,210988.3,web,100.0,100.0,100.0,Critical,"['Login from an unrecognized device shortly before the transaction', 'Login originated from an unfamiliar / foreign geography', 'New device AND new geography correlated in the same session', '2 failed login attempt(s) just before the transaction', 'Funds sent to a new/unrecognized beneficiary', 'Transaction amount is unusually large for this profile']"
TXN784aee43-1,CUST00087,2026-06-26 20:14:23,201487.48,mobile,100.0,100.0,100.0,Critical,"['Login from an unrecognized device shortly before the transaction', 'Login originated from an unfamiliar / foreign geography', 'New device AND new geography correlated in the same session', '2 failed login attempt(s) just before the transaction', 'Funds sent to a new/unrecognized beneficiary', 'Transaction amount is unusually large for this profile']"
TXNe3245730-2,CUST00341,2026-07-05 10:57:39,136691.51,mobile,100.0,100.0,100.0,Critical,"['Login from an unrecognized device shortly before the transaction', 'Login originated from an unfamiliar / foreign geography', 'New device AND new geography correlated in the same session', '4 failed login attempt(s) just before the transaction', 'Funds sent to a new/unrecognized beneficiary', 'Transaction amount is unusually large for this profile']"
TXNc7706e6d-1,CUST00352,2026-06-21 11:07:47,202027.89,web,100.0,100.0,100.0,Critical,"['Login from an unrecognized device shortly before the transaction', 'Login originated from an unfamiliar / foreign geography', 'New device AND new geography correlated in the same session', '2 failed login attempt(s) just before the transaction', 'Funds sent to a new/unrecognized beneficiary', 'Transaction amount is unusually large for this profile']"
TXNe5141d91-8,CUST00352,2026-06-26 21:26:34,118952.86,mobile,100.0,100.0,100.0,Critical,"['Login from an unrecognized device shortly before the transaction', 'Login originated from an unfamiliar / foreign geography', 'New device AND new geography correlated in the same session', '3 failed login attempt(s) just before the transaction', 'Funds sent to a new/unrecognized beneficiary', 'Transaction amount is unusually large for this profile']"
TXNb504cdaf-1,CUST00351,2026-06-22 19:09:14,204292.86,mobile,100.0,100.0,100.0,Critical,"['Login from an unrecognized device shortly before the transaction', 'Login originated from an unfamiliar / foreign geography', 'New device AND new geography correlated in the same session', '3 failed login attempt(s) just before the transaction', 'Funds sent to a new/unrecognized beneficiary', 'Transaction amount is unusually large for this profile']"
TXN676cf539-c,CUST00349,2026-07-12 15:52:52,94769.45,mobile,100.0,100.0,100.0,Critical,"['Login from an unrecognized device shortly before the transaction', 'Login originated from an unfamiliar / foreign geography', 'New device AND new geography correlated in the same session', '3 failed login attempt(s) just before the transaction', 'Funds sent to a new/unrecognized beneficiary', 'Transaction amount is unusually large for this profile']"
TXNb3322d31-d,CUST00366,2026-07-05 01:04:00,202869.39,mobile,100.0,100.0,100.0,Critical,"['Login from an unrecognized device shortly before the transaction', 'Login originated from an unfamiliar / foreign geography', 'New device AND new geography correlated in the same session', '4 failed login attempt(s) just before the transaction', 'Funds sent to a new/unrecognized beneficiary', 'Transaction amount is unusually large for this profile']"
TXN078d27e5-3,CUST00080,2026-06-30 17:49:55,80399.5,web,100.0,100.0,100.0,Critical,"['Login from an unrecognized device shortly before the transaction', 'Login originated from an unfamiliar / foreign geography', 'New device AND new geography correlated in the same session', '3 failed login attempt(s) just before the transaction', 'Funds sent to a new/unrecognized beneficiary', 'Transaction amount is unusually large for this profile']"
TXN5ed13afe-f,CUST00366,2026-07-14 21:44:45,102513.16,mobile,100.0,100.0,100.0,Critical,"['Login from an unrecognized device shortly before the transaction', 'Login originated from an unfamiliar / foreign geography', 'New device AND new geography correlated in the same session', '4 failed login attempt(s) just before the transaction', 'Funds sent to a new/unrecognized beneficiary', 'Transaction amount is unusually large for this profile']"
TXNe5a5788e-2,CUST00367,2026-06-17 05:04:50,142809.76,web,100.0,100.0,100.0,Critical,"['Login from an unrecognized device shortly before the transaction', 'Login originated from an unfamiliar / foreign geography', 'New device AND new geography correlated in the same session', '2 failed login attempt(s) just before the transaction', 'Funds sent to a new/unrecognized beneficiary', 'Transaction amount is unusually large for this profile']"
TXN1febc9af-b,CUST00020,2026-06-23 16:37:31,197225.66,mobile,100.0,100.0,100.0,Critical,"['Login from an unrecognized device shortly before the transaction', 'Login originated from an unfamiliar / foreign geography', 'New device AND new geography correlated in the same session', '3 failed login attempt(s) just before the transaction', 'Funds sent to a new/unrecognized beneficiary', 'Transaction amount is unusually large for this profile']"
TXN67f7aba4-0,CUST00552,2026-07-02 18:38:10,202632.14,mobile,100.0,100.0,100.0,Critical,"['Login from an unrecognized device shortly before the transaction', 'Login originated from an unfamiliar / foreign geography', 'New device AND new geography correlated in the same session', '4 failed login attempt(s) just before the transaction', 'Funds sent to a new/unrecognized beneficiary', 'Transaction amount is unusually large for this profile']"
TXNc70c15e3-b,CUST00016,2026-07-11 10:10:16,110404.09,mobile,100.0,100.0,100.0,Critical,"['Login from an unrecognized device shortly before the transaction', 'Login originated from an unfamiliar / foreign geography', 'New device AND new geography correlated in the same session', '3 failed login attempt(s) just before the transaction', 'Funds sent to a new/unrecognized beneficiary', 'Transaction amount is unusually large for this profile']"
TXN705faecd-2,CUST00017,2026-07-03 18:08:17,244281.56,web,100.0,100.0,100.0,Critical,"['Login from an unrecognized device shortly before the transaction', 'Login originated from an unfamiliar / foreign geography', 'New device AND new geography correlated in the same session', '4 failed login attempt(s) just before the transaction', 'Funds sent to a new/unrecognized beneficiary', 'Transaction amount is unusually large for this profile']"
TXN4a9b0dc7-9,CUST00367,2026-06-23 06:36:24,146103.54,web,100.0,100.0,100.0,Critical,"['Login from an unrecognized device shortly before the transaction', 'Login originated from an unfamiliar / foreign geography', 'New device AND new geography correlated in the same session', '2 failed login attempt(s) just before the transaction', 'Funds sent to a new/unrecognized beneficiary', 'Transaction amount is unusually large for this profile']"
TXN0d3f69ed-a,CUST00077,2026-07-09 12:06:18,156247.48,web,100.0,100.0,100.0,Critical,"['Login from an unrecognized device shortly before the transaction', 'Login originated from an unfamiliar / foreign geography', 'New device AND new geography correlated in the same session', '2 failed login attempt(s) just before the transaction', 'Funds sent to a new/unrecognized beneficiary', 'Transaction amount is unusually large for this profile']"
TXNc3dd1d6a-1,CUST00377,2026-07-01 23:34:58,210950.21,mobile,100.0,100.0,100.0,Critical,"['Login from an unrecognized device shortly before the transaction', 'Login originated from an unfamiliar / foreign geography', 'New device AND new geography correlated in the same session', '3 failed login attempt(s) just before the transaction', 'Funds sent to a new/unrecognized beneficiary', 'Transaction amount is unusually large for this profile']"
TXNa396fc57-8,CUST00378,2026-07-04 10:31:59,153680.92,web,100.0,100.0,100.0,Critical,"['Login from an unrecognized device shortly before the transaction', 'Login originated from an unfamiliar / foreign geography', 'New device AND new geography correlated in the same session', '3 failed login attempt(s) just before the transaction', 'Funds sent to a new/unrecognized beneficiary', 'Transaction amount is unusually large for this profile']"
TXN0ac22e6d-2,CUST00373,2026-07-13 00:57:55,133233.3,web,100.0,100.0,100.0,Critical,"['Login from an unrecognized device shortly before the transaction', 'Login originated from an unfamiliar / foreign geography', 'New device AND new geography correlated in the same session', '2 failed login attempt(s) just before the transaction', 'Funds sent to a new/unrecognized beneficiary', 'Transaction amount is unusually large for this profile']"
TXNe9b89caf-8,CUST00384,2026-06-24 23:55:27,136846.83,web,100.0,100.0,100.0,Critical,"['Login from an unrecognized device shortly before the transaction', 'Login originated from an unfamiliar / foreign geography', 'New device AND new geography correlated in the same session', '3 failed login attempt(s) just before the transaction', 'Funds sent to a new/unrecognized beneficiary', 'Transaction amount is unusually large for this profile']"
TXN19b627b5-4,CUST00385,2026-06-17 23:02:59,39301.11,web,100.0,100.0,100.0,Critical,"['Login from an unrecognized device shortly before the transaction', 'Login originated from an unfamiliar / foreign geography', 'New device AND new geography correlated in the same session', '3 failed login attempt(s) just before the transaction', 'Funds sent to a new/unrecognized beneficiary', 'Transaction amount is unusually large for this profile']"
TXNbd16c038-4,CUST00383,2026-07-13 07:40:31,144102.27,mobile,100.0,100.0,100.0,Critical,"['Login from an unrecognized device shortly before the transaction', 'Login originated from an unfamiliar / foreign geography', 'New device AND new geography correlated in the same session', '3 failed login attempt(s) just before the transaction', 'Funds sent to a new/unrecognized beneficiary', 'Transaction amount is unusually large for this profile']"
TXN8eb58d5c-7,CUST00381,2026-07-09 04:21:19,67874.67,mobile,100.0,100.0,100.0,Critical,"['Login from an unrecognized device shortly before the transaction', 'Login originated from an unfamiliar / foreign geography', 'New device AND new geography correlated in the same session', '2 failed login attempt(s) just before the transaction', 'Funds sent to a new/unrecognized beneficiary', 'Transaction amount is unusually large for this profile']"
TXN8b991282-3,CUST00378,2026-07-12 13:28:33,102055.85,mobile,100.0,100.0,100.0,Critical,"['Login from an unrecognized device shortly before the transaction', 'Login originated from an unfamiliar / foreign geography', 'New device AND new geography correlated in the same session', '4 failed login attempt(s) just before the transaction', 'Funds sent to a new/unrecognized beneficiary', 'Transaction amount is unusually large for this profile']"
TXN72737998-3,CUST00389,2026-07-13 15:21:40,189661.5,mobile,100.0,100.0,100.0,Critical,"['Login from an unrecognized device shortly before the transaction', 'Login originated from an unfamiliar / foreign geography', 'New device AND new geography correlated in the same session', '3 failed login attempt(s) just before the transaction', 'Funds sent to a new/unrecognized beneficiary', 'Transaction amount is unusually large for this profile']"
TXNa8dbe9a1-d,CUST00070,2026-07-09 13:38:50,244814.32,web,100.0,100.0,100.0,Critical,"['Login from an unrecognized device shortly before the transaction', 'Login originated from an unfamiliar / foreign geography', 'New device AND new geography correlated in the same session', '2 failed login attempt(s) just before the transaction', 'Funds sent to a new/unrecognized beneficiary', 'Transaction amount is unusually large for this profile']"
TXNfb3cd9c8-e,CUST00550,2026-07-09 10:50:45,187888.89,web,100.0,100.0,100.0,Critical,"['Login from an unrecognized device shortly before the transaction', 'Login originated from an unfamiliar / foreign geography', 'New device AND new geography correlated in the same session', '2 failed login attempt(s) just before the transaction', 'Funds sent to a new/unrecognized beneficiary', 'Transaction amount is unusually large for this profile']"
TXN6855a90d-0,CUST00556,2026-07-06 06:39:24,237220.24,mobile,100.0,100.0,100.0,Critical,"['Login from an unrecognized device shortly before the transaction', 'Login originated from an unfamiliar / foreign geography', 'New device AND new geography correlated in the same session', '3 failed login attempt(s) just before the transaction', 'Funds sent to a new/unrecognized beneficiary', 'Transaction amount is unusually large for this profile']"
TXN803e82de-7,CUST00557,2026-06-20 21:03:04,132800.59,web,100.0,100.0,100.0,Critical,"['Login from an unrecognized device shortly before the transaction', 'Login originated from an unfamiliar / foreign geography', 'New device AND new geography correlated in the same session', '4 failed login attempt(s) just before the transaction', 'Funds sent to a new/unrecognized beneficiary', 'Transaction amount is unusually large for this profile']"
TXN7164a9a2-c,CUST00554,2026-06-19 00:23:26,195382.44,web,100.0,100.0,100.0,Critical,"['Login from an unrecognized device shortly before the transaction', 'Login originated from an unfamiliar / foreign geography', 'New device AND new geography correlated in the same session', '2 failed login attempt(s) just before the transaction', 'Funds sent to a new/unrecognized beneficiary', 'Transaction amount is unusually large for this profile']"
TXNe004c471-8,CUST00387,2026-06-17 07:41:30,223557.57,mobile,100.0,100.0,100.0,Critical,"['Login from an unrecognized device shortly before the transaction', 'Login originated from an unfamiliar / foreign geography', 'New device AND new geography correlated in the same session', '2 failed login attempt(s) just before the transaction', 'Funds sent to a new/unrecognized beneficiary', 'Transaction amount is unusually large for this profile']"
TXNbccb296d-3,CUST00400,2026-07-10 09:35:09,92203.37,mobile,100.0,100.0,100.0,Critical,"['Login from an unrecognized device shortly before the transaction', 'Login originated from an unfamiliar / foreign geography', 'New device AND new geography correlated in the same session', '3 failed login attempt(s) just before the transaction', 'Funds sent to a new/unrecognized beneficiary', 'Transaction amount is unusually large for this profile']"
TXN16b5b5fc-1,CUST00399,2026-06-20 12:53:09,51403.11,web,100.0,100.0,100.0,Critical,"['Login from an unrecognized device shortly before the transaction', 'Login originated from an unfamiliar / foreign geography', 'New device AND new geography correlated in the same session', '3 failed login attempt(s) just before the transaction', 'Funds sent to a new/unrecognized beneficiary', 'Transaction amount is unusually large for this profile']"
TXN09572517-1,CUST00068,2026-06-25 19:33:43,40725.81,web,100.0,100.0,100.0,Critical,"['Login from an unrecognized device shortly before the transaction', 'Login originated from an unfamiliar / foreign geography', 'New device AND new geography correlated in the same session', '4 failed login attempt(s) just before the transaction', 'Funds sent to a new/unrecognized beneficiary', 'Transaction amount is unusually large for this profile']"
TXN555b9d60-8,CUST00396,2026-07-03 23:21:50,197072.65,web,100.0,100.0,100.0,Critical,"['Login from an unrecognized device shortly before the transaction', 'Login originated from an unfamiliar / foreign geography', 'New device AND new geography correlated in the same session', '3 failed login attempt(s) just before the transaction', 'Funds sent to a new/unrecognized beneficiary', 'Transaction amount is unusually large for this profile']"
TXNc3f67602-0,CUST00409,2026-07-02 15:10:33,233147.06,mobile,100.0,100.0,100.0,Critical,"['Login from an unrecognized device shortly before the transaction', 'Login originated from an unfamiliar / foreign geography', 'New device AND new geography correlated in the same session', '4 failed login attempt(s) just before the transaction', 'Funds sent to a new/unrecognized beneficiary', 'Transaction amount is unusually large for this profile']"
TXNa5c5afe1-8,CUST00410,2026-06-29 21:41:33,129076.54,mobile,100.0,100.0,100.0,Critical,"['Login from an unrecognized device shortly before the transaction', 'Login originated from an unfamiliar / foreign geography', 'New device AND new geography correlated in the same session', '3 failed login attempt(s) just before the transaction', 'Funds sent to a new/unrecognized beneficiary', 'Transaction amount is unusually large for this profile']"
TXNaa000756-5,CUST00066,2026-07-14 22:49:56,141855.64,mobile,100.0,100.0,100.0,Critical,"['Login from an unrecognized device shortly before the transaction', 'Login originated from an unfamiliar / foreign geography', 'New device AND new geography correlated in the same session', '2 failed login attempt(s) just before the transaction', 'Funds sent to a new/unrecognized beneficiary', 'Transaction amount is unusually large for this profile']"
TXNc1a8a33b-6,CUST00415,2026-06-29 03:47:11,146301.99,mobile,100.0,100.0,100.0,Critical,"['Login from an unrecognized device shortly before the transaction', 'Login originated from an unfamiliar / foreign geography', 'New device AND new geography correlated in the same session', '2 failed login attempt(s) just before the transaction', 'Funds sent to a new/unrecognized beneficiary', 'Transaction amount is unusually large for this profile']"
TXNf5f5431f-4,CUST00415,2026-06-29 11:09:58,153860.6,mobile,100.0,100.0,100.0,Critical,"['Login from an unrecognized device shortly before the transaction', 'Login originated from an unfamiliar / foreign geography', 'New device AND new geography correlated in the same session', '3 failed login attempt(s) just before the transaction', 'Funds sent to a new/unrecognized beneficiary', 'Transaction amount is unusually large for this profile']"
TXNf23657ec-5,CUST00416,2026-06-26 04:16:51,82645.56,web,100.0,100.0,100.0,Critical,"['Login from an unrecognized device shortly before the transaction', 'Login originated from an unfamiliar / foreign geography', 'New device AND new geography correlated in the same session', '4 failed login attempt(s) just before the transaction', 'Funds sent to a new/unrecognized beneficiary', 'Transaction amount is unusually large for this profile']"
TXNae1c64c6-9,CUST00421,2026-06-27 06:43:05,121930.12,web,100.0,100.0,100.0,Critical,"['Login from an unrecognized device shortly before the transaction', 'Login originated from an unfamiliar / foreign geography', 'New device AND new geography correlated in the same session', '4 failed login attempt(s) just before the transaction', 'Funds sent to a new/unrecognized beneficiary', 'Transaction amount is unusually large for this profile']"
TXN6295b041-4,CUST00540,2026-07-10 00:32:42,181831.63,web,100.0,100.0,100.0,Critical,"['Login from an unrecognized device shortly before the transaction', 'Login originated from an unfamiliar / foreign geography', 'New device AND new geography correlated in the same session', '2 failed login attempt(s) just before the transaction', 'Funds sent to a new/unrecognized beneficiary', 'Transaction amount is unusually large for this profile']"
TXN4f39a47f-b,CUST00551,2026-06-27 23:48:37,77368.66,web,100.0,100.0,100.0,Critical,"['Login from an unrecognized device shortly before the transaction', 'Login originated from an unfamiliar / foreign geography', 'New device AND new geography correlated in the same session', '3 failed login attempt(s) just before the transaction', 'Funds sent to a new/unrecognized beneficiary', 'Transaction amount is unusually large for this profile']"
TXN0daba507-1,CUST00427,2026-07-09 13:35:41,185228.18,web,100.0,100.0,100.0,Critical,"['Login from an unrecognized device shortly before the transaction', 'Login originated from an unfamiliar / foreign geography', 'New device AND new geography correlated in the same session', '3 failed login attempt(s) just before the transaction', 'Funds sent to a new/unrecognized beneficiary', 'Transaction amount is unusually large for this profile']"
TXN626cd59a-e,CUST00442,2026-06-17 07:05:25,198974.57,mobile,100.0,100.0,100.0,Critical,"['Login from an unrecognized device shortly before the transaction', 'Login originated from an unfamiliar / foreign geography', 'New device AND new geography correlated in the same session', '2 failed login attempt(s) just before the transaction', 'Funds sent to a new/unrecognized beneficiary', 'Transaction amount is unusually large for this profile']"
TXN312997af-d,CUST00436,2026-06-27 05:49:06,111656.56,web,100.0,100.0,100.0,Critical,"['Login from an unrecognized device shortly before the transaction', 'Login originated from an unfamiliar / foreign geography', 'New device AND new geography correlated in the same session', '3 failed login attempt(s) just before the transaction', 'Funds sent to a new/unrecognized beneficiary', 'Transaction amount is unusually large for this profile']"
TXN05722bc5-4,CUST00430,2026-07-04 22:54:53,172967.97,mobile,100.0,100.0,100.0,Critical,"['Login from an unrecognized device shortly before the transaction', 'Login originated from an unfamiliar / foreign geography', 'New device AND new geography correlated in the same session', '4 failed login attempt(s) just before the transaction', 'Funds sent to a new/unrecognized beneficiary', 'Transaction amount is unusually large for this profile']"
TXN02b964d6-7,CUST00443,2026-07-14 21:29:47,140342.51,mobile,100.0,100.0,100.0,Critical,"['Login from an unrecognized device shortly before the transaction', 'Login originated from an unfamiliar / foreign geography', 'New device AND new geography correlated in the same session', '3 failed login attempt(s) just before the transaction', 'Funds sent to a new/unrecognized beneficiary', 'Transaction amount is unusually large for this profile']"
TXN0ce06819-2,CUST00440,2026-06-19 18:54:01,43245.05,web,100.0,100.0,100.0,Critical,"['Login from an unrecognized device shortly before the transaction', 'Login originated from an unfamiliar / foreign geography', 'New device AND new geography correlated in the same session', '2 failed login attempt(s) just before the transaction', 'Funds sent to a new/unrecognized beneficiary', 'Transaction amount is unusually large for this profile']"
TXNfe95c8c9-c,CUST00455,2026-06-29 10:22:46,210561.95,mobile,100.0,100.0,100.0,Critical,"['Login from an unrecognized device shortly before the transaction', 'Login originated from an unfamiliar / foreign geography', 'New device AND new geography correlated in the same session', '4 failed login attempt(s) just before the transaction', 'Funds sent to a new/unrecognized beneficiary', 'Transaction amount is unusually large for this profile']"
TXN9b08725e-e,CUST00452,2026-07-06 23:57:17,54429.5,mobile,100.0,100.0,100.0,Critical,"['Login from an unrecognized device shortly before the transaction', 'Login originated from an unfamiliar / foreign geography', 'New device AND new geography correlated in the same session', '3 failed login attempt(s) just before the transaction', 'Funds sent to a new/unrecognized beneficiary', 'Transaction amount is unusually large for this profile']"
TXN62e32fa7-f,CUST00458,2026-06-19 11:18:38,245549.5,web,100.0,100.0,100.0,Critical,"['Login from an unrecognized device shortly before the transaction', 'Login originated from an unfamiliar / foreign geography', 'New device AND new geography correlated in the same session', '2 failed login attempt(s) just before the transaction', 'Funds sent to a new/unrecognized beneficiary', 'Transaction amount is unusually large for this profile']"
TXN6431d4a9-c,CUST00456,2026-06-23 03:02:17,202386.49,mobile,100.0,100.0,100.0,Critical,"['Login from an unrecognized device shortly before the transaction', 'Login originated from an unfamiliar / foreign geography', 'New device AND new geography correlated in the same session', '4 failed login attempt(s) just before the transaction', 'Funds sent to a new/unrecognized beneficiary', 'Transaction amount is unusually large for this profile']"
TXN323415b1-6,CUST00456,2026-07-03 16:19:32,225408.69,mobile,100.0,100.0,100.0,Critical,"['Login from an unrecognized device shortly before the transaction', 'Login originated from an unfamiliar / foreign geography', 'New device AND new geography correlated in the same session', '2 failed login attempt(s) just before the transaction', 'Funds sent to a new/unrecognized beneficiary', 'Transaction amount is unusually large for this profile']"
TXN0331bd0d-1,CUST00051,2026-07-06 04:44:34,154808.44,web,100.0,100.0,100.0,Critical,"['Login from an unrecognized device shortly before the transaction', 'Login originated from an unfamiliar / foreign geography', 'New device AND new geography correlated in the same session', '3 failed login attempt(s) just before the transaction', 'Funds sent to a new/unrecognized beneficiary', 'Transaction amount is unusually large for this profile']"
TXNc6bdce43-0,CUST00461,2026-07-07 03:42:31,170501.2,mobile,100.0,100.0,100.0,Critical,"['Login from an unrecognized device shortly before the transaction', 'Login originated from an unfamiliar / foreign geography', 'New device AND new geography correlated in the same session', '4 failed login attempt(s) just before the transaction', 'Funds sent to a new/unrecognized beneficiary', 'Transaction amount is unusually large for this profile']"
TXNd5411860-8,CUST00459,2026-06-21 10:37:54,49896.25,mobile,100.0,100.0,100.0,Critical,"['Login from an unrecognized device shortly before the transaction', 'Login originated from an unfamiliar / foreign geography', 'New device AND new geography correlated in the same session', '4 failed login attempt(s) just before the transaction', 'Funds sent to a new/unrecognized beneficiary', 'Transaction amount is unusually large for this profile']"
TXNcd68f11c-a,CUST00460,2026-06-22 14:51:15,159664.36,web,100.0,100.0,100.0,Critical,"['Login from an unrecognized device shortly before the transaction', 'Login originated from an unfamiliar / foreign geography', 'New device AND new geography correlated in the same session', '3 failed login attempt(s) just before the transaction', 'Funds sent to a new/unrecognized beneficiary', 'Transaction amount is unusually large for this profile']"
TXN2838c714-d,CUST00530,2026-07-09 04:30:24,69371.76,mobile,100.0,100.0,100.0,Critical,"['Login from an unrecognized device shortly before the transaction', 'Login originated from an unfamiliar / foreign geography', 'New device AND new geography correlated in the same session', '2 failed login attempt(s) just before the transaction', 'Funds sent to a new/unrecognized beneficiary', 'Transaction amount is unusually large for this profile']"
TXNdca21033-1,CUST00528,2026-07-01 16:36:57,249335.84,web,100.0,100.0,100.0,Critical,"['Login from an unrecognized device shortly before the transaction', 'Login originated from an unfamiliar / foreign geography', 'New device AND new geography correlated in the same session', '2 failed login attempt(s) just before the transaction', 'Funds sent to a new/unrecognized beneficiary', 'Transaction amount is unusually large for this profile']"
TXN84471dfa-d,CUST00544,2026-07-05 21:49:15,104186.34,web,100.0,100.0,100.0,Critical,"['Login from an unrecognized device shortly before the transaction', 'Login originated from an unfamiliar / foreign geography', 'New device AND new geography correlated in the same session', '4 failed login attempt(s) just before the transaction', 'Funds sent to a new/unrecognized beneficiary', 'Transaction amount is unusually large for this profile']"
TXNa367b563-2,CUST00456,2026-07-13 22:51:37,194761.37,web,100.0,100.0,100.0,Critical,"['Login from an unrecognized device shortly before the transaction', 'Login originated from an unfamiliar / foreign geography', 'New device AND new geography correlated in the same session', '4 failed login attempt(s) just before the transaction', 'Funds sent to a new/unrecognized beneficiary', 'Transaction amount is unusually large for this profile']"
TXN085e9e90-f,CUST00469,2026-06-20 11:26:20,145641.75,mobile,100.0,100.0,100.0,Critical,"['Login from an unrecognized device shortly before the transaction', 'Login originated from an unfamiliar / foreign geography', 'New device AND new geography correlated in the same session', '3 failed login attempt(s) just before the transaction', 'Funds sent to a new/unrecognized beneficiary', 'Transaction amount is unusually large for this profile']"
TXN0a164306-e,CUST00464,2026-07-15 18:35:10,87700.6,web,100.0,100.0,100.0,Critical,"['Login from an unrecognized device shortly before the transaction', 'Login originated from an unfamiliar / foreign geography', 'New device AND new geography correlated in the same session', '3 failed login attempt(s) just before the transaction', 'Funds sent to a new/unrecognized beneficiary', 'Transaction amount is unusually large for this profile']"
TXN21737acd-3,CUST00475,2026-06-26 21:19:12,152735.72,mobile,100.0,100.0,100.0,Critical,"['Login from an unrecognized device shortly before the transaction', 'Login originated from an unfamiliar / foreign geography', 'New device AND new geography correlated in the same session', '4 failed login attempt(s) just before the transaction', 'Funds sent to a new/unrecognized beneficiary', 'Transaction amount is unusually large for this profile']"
TXN236603b4-5,CUST00475,2026-07-04 14:55:54,86696.35,mobile,100.0,100.0,100.0,Critical,"['Login from an unrecognized device shortly before the transaction', 'Login originated from an unfamiliar / foreign geography', 'New device AND new geography correlated in the same session', '3 failed login attempt(s) just before the transaction', 'Funds sent to a new/unrecognized beneficiary', 'Transaction amount is unusually large for this profile']"
TXN3a0761d9-0,CUST00045,2026-06-28 22:35:41,136519.48,mobile,100.0,100.0,100.0,Critical,"['Login from an unrecognized device shortly before the transaction', 'Login originated from an unfamiliar / foreign geography', 'New device AND new geography correlated in the same session', '2 failed login attempt(s) just before the transaction', 'Funds sent to a new/unrecognized beneficiary', 'Transaction amount is unusually large for this profile']"
TXNf9f15e65-c,CUST00046,2026-06-17 13:02:24,105368.13,mobile,100.0,100.0,100.0,Critical,"['Login from an unrecognized device shortly before the transaction', 'Login originated from an unfamiliar / foreign geography', 'New device AND new geography correlated in the same session', '2 failed login attempt(s) just before the transaction', 'Funds sent to a new/unrecognized beneficiary', 'Transaction amount is unusually large for this profile']"
TXNd67e0f37-f,CUST00471,2026-06-22 09:36:06,227518.55,mobile,100.0,100.0,100.0,Critical,"['Login from an unrecognized device shortly before the transaction', 'Login originated from an unfamiliar / foreign geography', 'New device AND new geography correlated in the same session', '3 failed login attempt(s) just before the transaction', 'Funds sent to a new/unrecognized beneficiary', 'Transaction amount is unusually large for this profile']"
TXN2bd346cb-e,CUST00472,2026-06-18 13:14:21,152995.3,mobile,100.0,100.0,100.0,Critical,"['Login from an unrecognized device shortly before the transaction', 'Login originated from an unfamiliar / foreign geography', 'New device AND new geography correlated in the same session', '2 failed login attempt(s) just before the transaction', 'Funds sent to a new/unrecognized beneficiary', 'Transaction amount is unusually large for this profile']"
TXN447809c0-b,CUST00044,2026-07-05 03:17:57,84700.65,web,100.0,100.0,100.0,Critical,"['Login from an unrecognized device shortly before the transaction', 'Login originated from an unfamiliar / foreign geography', 'New device AND new geography correlated in the same session', '3 failed login attempt(s) just before the transaction', 'Funds sent to a new/unrecognized beneficiary', 'Transaction amount is unusually large for this profile']"
TXNa1b95e07-a,CUST00485,2026-06-18 09:31:22,151592.38,web,100.0,100.0,100.0,Critical,"['Login from an unrecognized device shortly before the transaction', 'Login originated from an unfamiliar / foreign geography', 'New device AND new geography correlated in the same session', '3 failed login attempt(s) just before the transaction', 'Funds sent to a new/unrecognized beneficiary', 'Transaction amount is unusually large for this profile']"
TXNa68f75ac-7,CUST00482,2026-06-26 23:52:37,249296.57,web,100.0,100.0,100.0,Critical,"['Login from an unrecognized device shortly before the transaction', 'Login originated from an unfamiliar / foreign geography', 'New device AND new geography correlated in the same session', '3 failed login attempt(s) just before the transaction', 'Funds sent to a new/unrecognized beneficiary', 'Transaction amount is unusually large for this profile']"
TXN05d04902-4,CUST00482,2026-07-05 10:12:19,127793.01,web,100.0,100.0,100.0,Critical,"['Login from an unrecognized device shortly before the transaction', 'Login originated from an unfamiliar / foreign geography', 'New device AND new geography correlated in the same session', '2 failed login attempt(s) just before the transaction', 'Funds sent to a new/unrecognized beneficiary', 'Transaction amount is unusually large for this profile']"
TXNfbb8d9fe-d,CUST00522,2026-07-03 14:53:19,105423.63,web,100.0,100.0,100.0,Critical,"['Login from an unrecognized device shortly before the transaction', 'Login originated from an unfamiliar / foreign geography', 'New device AND new geography correlated in the same session', '4 failed login attempt(s) just before the transaction', 'Funds sent to a new/unrecognized beneficiary', 'Transaction amount is unusually large for this profile']"
TXNe7270909-0,CUST00534,2026-06-20 09:18:50,35109.65,mobile,100.0,100.0,100.0,Critical,"['Login from an unrecognized device shortly before the transaction', 'Login originated from an unfamiliar / foreign geography', 'New device AND new geography correlated in the same session', '4 failed login attempt(s) just before the transaction', 'Funds sent to a new/unrecognized beneficiary', 'Transaction amount is unusually large for this profile']"
TXNd49cc547-c,CUST00042,2026-07-02 17:29:26,128471.62,web,100.0,100.0,100.0,Critical,"['Login from an unrecognized device shortly before the transaction', 'Login originated from an unfamiliar / foreign geography', 'New device AND new geography correlated in the same session', '3 failed login attempt(s) just before the transaction', 'Funds sent to a new/unrecognized beneficiary', 'Transaction amount is unusually large for this profile']"
TXN49a85d9e-d,CUST00489,2026-06-19 02:31:42,195783.96,web,100.0,100.0,100.0,Critical,"['Login from an unrecognized device shortly before the transaction', 'Login originated from an unfamiliar / foreign geography', 'New device AND new geography correlated in the same session', '4 failed login attempt(s) just before the transaction', 'Funds sent to a new/unrecognized beneficiary', 'Transaction amount is unusually large for this profile']"
TXN653d171f-c,CUST00039,2026-06-24 18:37:12,123018.17,web,100.0,100.0,100.0,Critical,"['Login from an unrecognized device shortly before the transaction', 'Login originated from an unfamiliar / foreign geography', 'New device AND new geography correlated in the same session', '2 failed login attempt(s) just before the transaction', 'Funds sent to a new/unrecognized beneficiary', 'Transaction amount is unusually large for this profile']"
TXNfae2d4a8-a,CUST00037,2026-06-30 01:35:33,47829.88,web,100.0,100.0,100.0,Critical,"['Login from an unrecognized device shortly before the transaction', 'Login originated from an unfamiliar / foreign geography', 'New device AND new geography correlated in the same session', '3 failed login attempt(s) just before the transaction', 'Funds sent to a new/unrecognized beneficiary', 'Transaction amount is unusually large for this profile']"
TXNb51f34b7-d,CUST00493,2026-06-26 10:47:35,177419.39,mobile,100.0,100.0,100.0,Critical,"['Login from an unrecognized device shortly before the transaction', 'Login originated from an unfamiliar / foreign geography', 'New device AND new geography correlated in the same session', '4 failed login attempt(s) just before the transaction', 'Funds sent to a new/unrecognized beneficiary', 'Transaction amount is unusually large for this profile']"
TXN7e8e148b-0,CUST00502,2026-06-23 09:29:08,143292.71,mobile,100.0,100.0,100.0,Critical,"['Login from an unrecognized device shortly before the transaction', 'Login originated from an unfamiliar / foreign geography', 'New device AND new geography correlated in the same session', '3 failed login attempt(s) just before the transaction', 'Funds sent to a new/unrecognized beneficiary', 'Transaction amount is unusually large for this profile']"
TXN7edf1d61-4,CUST00507,2026-07-05 23:04:00,43513.05,mobile,100.0,100.0,100.0,Critical,"['Login from an unrecognized device shortly before the transaction', 'Login originated from an unfamiliar / foreign geography', 'New device AND new geography correlated in the same session', '3 failed login attempt(s) just before the transaction', 'Funds sent to a new/unrecognized beneficiary', 'Transaction amount is unusually large for this profile']"
TXN3f8f9da4-b,CUST00506,2026-06-27 15:49:47,88428.0,mobile,100.0,100.0,100.0,Critical,"['Login from an unrecognized device shortly before the transaction', 'Login originated from an unfamiliar / foreign geography', 'New device AND new geography correlated in the same session', '3 failed login attempt(s) just before the transaction', 'Funds sent to a new/unrecognized beneficiary', 'Transaction amount is unusually large for this profile']"
TXN22897671-7,CUST00518,2026-06-29 15:08:04,120844.21,mobile,100.0,100.0,100.0,Critical,"['Login from an unrecognized device shortly before the transaction', 'Login originated from an unfamiliar / foreign geography', 'New device AND new geography correlated in the same session', '4 failed login attempt(s) just before the transaction', 'Funds sent to a new/unrecognized beneficiary', 'Transaction amount is unusually large for this profile']"
TXN4f848c31-7,CUST00516,2026-07-14 15:30:05,60486.3,web,100.0,100.0,100.0,Critical,"['Login from an unrecognized device shortly before the transaction', 'Login originated from an unfamiliar / foreign geography', 'New device AND new geography correlated in the same session', '2 failed login attempt(s) just before the transaction', 'Funds sent to a new/unrecognized beneficiary', 'Transaction amount is unusually large for this profile']"
TXN716ebe56-c,CUST00513,2026-06-17 13:16:58,178288.09,web,100.0,100.0,100.0,Critical,"['Login from an unrecognized device shortly before the transaction', 'Login originated from an unfamiliar / foreign geography', 'New device AND new geography correlated in the same session', '4 failed login attempt(s) just before the transaction', 'Funds sent to a new/unrecognized beneficiary', 'Transaction amount is unusually large for this profile']"
TXNdf61dbe1-b,CUST00524,2026-07-14 06:56:39,77144.01,web,100.0,100.0,100.0,Critical,"['Login from an unrecognized device shortly before the transaction', 'Login originated from an unfamiliar / foreign geography', 'New device AND new geography correlated in the same session', '3 failed login attempt(s) just before the transaction', 'Funds sent to a new/unrecognized beneficiary', 'Transaction amount is unusually large for this profile']"
TXN9a77c01f-8,CUST00586,2026-07-13 01:58:08,229824.54,mobile,100.0,100.0,100.0,Critical,"['Login from an unrecognized device shortly before the transaction', 'Login originated from an unfamiliar / foreign geography', 'New device AND new geography correlated in the same session', '4 failed login attempt(s) just before the transaction', 'Funds sent to a new/unrecognized beneficiary', 'Transaction amount is unusually large for this profile']"
TXNd46b78f3-2,CUST00587,2026-06-16 21:24:38,222900.78,mobile,100.0,100.0,100.0,Critical,"['Login from an unrecognized device shortly before the transaction', 'Login originated from an unfamiliar / foreign geography', 'New device AND new geography correlated in the same session', '3 failed login attempt(s) just before the transaction', 'Funds sent to a new/unrecognized beneficiary', 'Transaction amount is unusually large for this profile']"
TXN1feb1cf5-7,CUST00587,2026-06-21 02:24:06,162280.64,web,100.0,100.0,100.0,Critical,"['Login from an unrecognized device shortly before the transaction', 'Login originated from an unfamiliar / foreign geography', 'New device AND new geography correlated in the same session', '2 failed login attempt(s) just before the transaction', 'Funds sent to a new/unrecognized beneficiary', 'Transaction amount is unusually large for this profile']"
TXN1d5f9ff2-a,CUST00591,2026-06-22 04:00:58,210022.83,mobile,100.0,100.0,100.0,Critical,"['Login from an unrecognized device shortly before the transaction', 'Login originated from an unfamiliar / foreign geography', 'New device AND new geography correlated in the same session', '2 failed login attempt(s) just before the transaction', 'Funds sent to a new/unrecognized beneficiary', 'Transaction amount is unusually large for this profile']"
TXN13d69792-1,CUST00593,2026-06-29 15:29:56,188253.2,web,100.0,100.0,100.0,Critical,"['Login from an unrecognized device shortly before the transaction', 'Login originated from an unfamiliar / foreign geography', 'New device AND new geography correlated in the same session', '4 failed login attempt(s) just before the transaction', 'Funds sent to a new/unrecognized beneficiary', 'Transaction amount is unusually large for this profile']"
TXN32167340-b,CUST00004,2026-07-14 20:47:21,68395.94,mobile,100.0,100.0,100.0,Critical,"['Login from an unrecognized device shortly before the transaction', 'Login originated from an unfamiliar / foreign geography', 'New device AND new geography correlated in the same session', '4 failed login attempt(s) just before the transaction', 'Funds sent to a new/unrecognized beneficiary', 'Transaction amount is unusually large for this profile']"
TXN18e9ef77-6,CUST00003,2026-06-20 13:47:06,55425.59,web,100.0,100.0,100.0,Critical,"['Login from an unrecognized device shortly before the transaction', 'Login originated from an unfamiliar / foreign geography', 'New device AND new geography correlated in the same session', '3 failed login attempt(s) just before the transaction', 'Funds sent to a new/unrecognized beneficiary', 'Transaction amount is unusually large for this profile']"
TXN676e34be-7,CUST00469,2026-06-20 11:28:40,10493.51,web,93.0,100.0,96.8,Critical,"['Login from an unrecognized device shortly before the transaction', 'Login originated from an unfamiliar / foreign geography', 'New device AND new geography correlated in the same session', '3 failed login attempt(s) just before the transaction']"
TXNd498736f-6,CUST00317,2026-07-12 00:37:36,27850.95,mobile,43.0,0.0,19.4,Low,"['Login from an unrecognized device shortly before the transaction', 'Funds sent to a new/unrecognized beneficiary', 'Transaction amount is unusually large for this profile']"
TXN506a8dd3-0,CUST00125,2026-07-06 13:31:20,35645.02,web,35.0,0.0,15.8,Low,"['Login from an unrecognized device shortly before the transaction', 'Transaction amount is unusually large for this profile']"
TXN227763f8-f,CUST00483,2026-06-16 19:19:36,26853.4,web,35.0,0.0,15.8,Low,"['Login from an unrecognized device shortly before the transaction', 'Transaction amount is unusually large for this profile']"
TXN2310c9fb-0,CUST00168,2026-07-13 10:23:50,2280.74,atm,33.0,0.0,14.9,Low,"['Login from an unrecognized device shortly before the transaction', 'Funds sent to a new/unrecognized beneficiary']"
TXN24f384ef-d,CUST00234,2026-07-04 13:09:34,1431.58,atm,33.0,0.0,14.9,Low,"['Login from an unrecognized device shortly before the transaction', 'Funds sent to a new/unrecognized beneficiary']"
TXN5fed5cb7-a,CUST00135,2026-07-08 20:11:45,2155.17,atm,33.0,0.0,14.9,Low,"['Login from an unrecognized device shortly before the transaction', 'Funds sent to a new/unrecognized beneficiary']"
TXN96fdad96-2,CUST00222,2026-06-28 13:45:27,2550.65,mobile,33.0,0.0,14.9,Low,"['Login from an unrecognized device shortly before the transaction', 'Funds sent to a new/unrecognized beneficiary']"
TXNe39f95a1-6,CUST00510,2026-06-25 22:02:51,5780.98,mobile,33.0,0.0,14.9,Low,"['Login from an unrecognized device shortly before the transaction', 'Funds sent to a new/unrecognized beneficiary']"
TXN635b729c-e,CUST00142,2026-07-12 03:46:53,1974.18,atm,33.0,0.0,14.9,Low,"['Login from an unrecognized device shortly before the transaction', 'Funds sent to a new/unrecognized beneficiary']"
TXN11e12ee9-f,CUST00204,2026-07-12 14:41:38,435.88,mobile,33.0,0.0,14.9,Low,"['Login from an unrecognized device shortly before the transaction', 'Funds sent to a new/unrecognized beneficiary']"
TXN4bde7d88-3,CUST00036,2026-06-30 13:00:00,2072.67,web,33.0,0.0,14.9,Low,"['Login from an unrecognized device shortly before the transaction', 'Funds sent to a new/unrecognized beneficiary']"
TXNfd28750f-5,CUST00525,2026-06-26 02:57:05,9585.26,web,33.0,0.0,14.9,Low,"['Login from an unrecognized device shortly before the transaction', 'Funds sent to a new/unrecognized beneficiary']"
TXNd9da5f47-e,CUST00154,2026-06-30 14:53:28,246.26,branch,33.0,0.0,14.9,Low,"['Login from an unrecognized device shortly before the transaction', 'Funds sent to a new/unrecognized beneficiary']"
TXNe756b705-a,CUST00581,2026-07-09 11:07:06,2172.15,web,33.0,0.0,14.9,Low,"['Login from an unrecognized device shortly before the transaction', 'Funds sent to a new/unrecognized beneficiary']"
TXN25b3cc2e-1,CUST00519,2026-06-23 06:36:55,1617.57,mobile,33.0,0.0,14.9,Low,"['Login from an unrecognized device shortly before the transaction', 'Funds sent to a new/unrecognized beneficiary']"
TXN21ce7ad0-7,CUST00583,2026-07-10 03:27:41,2689.51,mobile,33.0,0.0,14.9,Low,"['Login from an unrecognized device shortly before the transaction', 'Funds sent to a new/unrecognized beneficiary']"
TXN23baa2ca-a,CUST00497,2026-07-10 21:40:35,2165.18,atm,33.0,0.0,14.9,Low,"['Login from an unrecognized device shortly before the transaction', 'Funds sent to a new/unrecognized beneficiary']"
TXN307fc576-4,CUST00094,2026-07-14 06:18:33,546.76,mobile,33.0,0.0,14.9,Low,"['Login from an unrecognized device shortly before the transaction', 'Funds sent to a new/unrecognized beneficiary']"
TXN96b93974-f,CUST00111,2026-06-29 02:16:40,2721.37,mobile,33.0,0.0,14.9,Low,"['Login from an unrecognized device shortly before the transaction', 'Funds sent to a new/unrecognized beneficiary']"
TXNc92c2f78-3,CUST00574,2026-06-24 16:06:05,869.9,branch,33.0,0.0,14.9,Low,"['Login from an unrecognized device shortly before the transaction', 'Funds sent to a new/unrecognized beneficiary']"
TXN8abefd88-6,CUST00454,2026-07-06 00:56:07,2154.54,mobile,33.0,0.0,14.9,Low,"['Login from an unrecognized device shortly before the transaction', 'Funds sent to a new/unrecognized beneficiary']"
TXN849ebfa5-6,CUST00276,2026-06-29 14:15:26,2188.88,atm,33.0,0.0,14.9,Low,"['Login from an unrecognized device shortly before the transaction', 'Funds sent to a new/unrecognized beneficiary']"
TXN6ad5401e-0,CUST00337,2026-07-15 02:13:36,3306.25,web,33.0,0.0,14.9,Low,"['Login from an unrecognized device shortly before the transaction', 'Funds sent to a new/unrecognized beneficiary']"
TXN9e9a1e40-b,CUST00455,2026-07-09 04:11:52,5086.81,web,33.0,0.0,14.9,Low,"['Login from an unrecognized device shortly before the transaction', 'Funds sent to a new/unrecognized beneficiary']"
TXNa4d6c76c-a,CUST00324,2026-06-19 07:30:39,1291.23,mobile,33.0,0.0,14.9,Low,"['Login from an unrecognized device shortly before the transaction', 'Funds sent to a new/unrecognized beneficiary']"
TXN5fa9a39e-e,CUST00337,2026-06-24 16:32:32,2430.09,atm,33.0,0.0,14.9,Low,"['Login from an unrecognized device shortly before the transaction', 'Funds sent to a new/unrecognized beneficiary']"
TXN6680c5e3-3,CUST00055,2026-06-21 13:32:01,4238.81,web,33.0,0.0,14.9,Low,"['Login from an unrecognized device shortly before the transaction', 'Funds sent to a new/unrecognized beneficiary']"
TXN7400c7a1-0,CUST00439,2026-06-23 22:37:42,5063.28,web,33.0,0.0,14.9,Low,"['Login from an unrecognized device shortly before the transaction', 'Funds sent to a new/unrecognized beneficiary']"
TXN5b182716-b,CUST00057,2026-07-13 08:05:11,8486.94,mobile,33.0,0.0,14.9,Low,"['Login from an unrecognized device shortly before the transaction', 'Funds sent to a new/unrecognized beneficiary']"
TXNf644404d-d,CUST00552,2026-06-23 04:18:00,632.11,atm,33.0,0.0,14.9,Low,"['Login from an unrecognized device shortly before the transaction', 'Funds sent to a new/unrecognized beneficiary']"
TXN671cae75-6,CUST00448,2026-06-30 21:37:57,1062.28,web,33.0,0.0,14.9,Low,"['Login from an unrecognized device shortly before the transaction', 'Funds sent to a new/unrecognized beneficiary']"
TXN9b0dfaab-0,CUST00428,2026-07-01 11:44:24,4155.49,mobile,33.0,0.0,14.9,Low,"['Login from an unrecognized device shortly before the transaction', 'Funds sent to a new/unrecognized beneficiary']"
TXNde823285-0,CUST00372,2026-06-17 01:31:57,1345.41,mobile,33.0,0.0,14.9,Low,"['Login from an unrecognized device shortly before the transaction', 'Funds sent to a new/unrecognized beneficiary']"
TXNbe66de49-c,CUST00425,2026-07-09 17:49:44,1087.98,atm,33.0,0.0,14.9,Low,"['Login from an unrecognized device shortly before the transaction', 'Funds sent to a new/unrecognized beneficiary']"
TXN86451dda-f,CUST00427,2026-07-07 14:20:31,484.85,branch,33.0,0.0,14.9,Low,"['Login from an unrecognized device shortly before the transaction', 'Funds sent to a new/unrecognized beneficiary']"
TXN5401e034-4,CUST00363,2026-07-07 01:46:08,5060.61,web,33.0,0.0,14.9,Low,"['Login from an unrecognized device shortly before the transaction', 'Funds sent to a new/unrecognized beneficiary']"
TXN4fca946a-6,CUST00563,2026-07-14 02:13:37,781.42,web,33.0,0.0,14.9,Low,"['Login from an unrecognized device shortly before the transaction', 'Funds sent to a new/unrecognized beneficiary']"
TXN13a5893a-6,CUST00423,2026-06-24 08:01:41,3701.45,atm,33.0,0.0,14.9,Low,"['Login from an unrecognized device shortly before the transaction', 'Funds sent to a new/unrecognized beneficiary']"
TXN137ba9ec-f,CUST00376,2026-07-01 17:19:07,2817.48,atm,33.0,0.0,14.9,Low,"['Login from an unrecognized device shortly before the transaction', 'Funds sent to a new/unrecognized beneficiary']"
TXNe26e750f-c,CUST00519,2026-06-23 06:42:46,2515.98,mobile,25.0,0.0,11.3,Low,['Login from an unrecognized device shortly before the transaction']
TXNf4c621ef-e,CUST00507,2026-06-26 12:37:17,1036.46,branch,25.0,0.0,11.3,Low,['Login from an unrecognized device shortly before the transaction']
TXNe8f66646-0,CUST00507,2026-06-23 11:33:31,2340.31,web,25.0,0.0,11.3,Low,['Login from an unrecognized device shortly before the transaction']
TXNc79e46ae-5,CUST00507,2026-06-16 23:59:00,596.67,mobile,25.0,0.0,11.3,Low,['Login from an unrecognized device shortly before the transaction']
TXN3b8ee0e0-1,CUST00506,2026-07-02 05:51:26,689.04,web,25.0,0.0,11.3,Low,['Login from an unrecognized device shortly before the transaction']
TXNc7efd8e2-5,CUST00190,2026-06-28 21:54:12,1949.16,mobile,25.0,0.0,11.3,Low,['Login from an unrecognized device shortly before the transaction']
TXNe85fda55-2,CUST00131,2026-06-17 12:08:56,4451.34,mobile,25.0,0.0,11.3,Low,['Login from an unrecognized device shortly before the transaction']
TXN6c8073b7-7,CUST00130,2026-06-28 23:49:20,1017.34,web,25.0,0.0,11.3,Low,['Login from an unrecognized device shortly before the transaction']
TXN656e5170-b,CUST00193,2026-07-05 02:38:20,1587.23,web,25.0,0.0,11.3,Low,['Login from an unrecognized device shortly before the transaction']
TXN091e11df-a,CUST00193,2026-06-30 12:01:10,2293.8,mobile,25.0,0.0,11.3,Low,['Login from an unrecognized device shortly before the transaction']
TXNdf48d6fa-b,CUST00191,2026-06-22 21:26:18,3581.47,mobile,25.0,0.0,11.3,Low,['Login from an unrecognized device shortly before the transaction']
TXN56784633-1,CUST00194,2026-06-28 05:48:53,3372.0,web,25.0,0.0,11.3,Low,['Login from an unrecognized device shortly before the transaction']
TXNb8ba61b8-4,CUST00194,2026-06-16 20:01:10,3215.24,web,25.0,0.0,11.3,Low,['Login from an unrecognized device shortly before the transaction']
TXNedd24200-f,CUST00182,2026-07-09 10:16:34,271.92,web,25.0,0.0,11.3,Low,['Login from an unrecognized device shortly before the transaction']
TXN1b3ac54c-e,CUST00032,2026-07-08 21:01:46,1209.25,web,25.0,0.0,11.3,Low,['Login from an unrecognized device shortly before the transaction']
TXNd141b9e4-a,CUST00032,2026-06-18 17:23:01,7868.84,branch,25.0,0.0,11.3,Low,['Login from an unrecognized device shortly before the transaction']
TXNb04dee79-4,CUST00510,2026-07-04 16:40:12,698.19,mobile,25.0,0.0,11.3,Low,['Login from an unrecognized device shortly before the transaction']
TXN4a2e25a0-f,CUST00498,2026-07-13 10:21:38,2340.46,mobile,25.0,0.0,11.3,Low,['Login from an unrecognized device shortly before the transaction']
TXN17c50a7c-6,CUST00188,2026-07-01 03:50:20,6381.36,mobile,25.0,0.0,11.3,Low,['Login from an unrecognized device shortly before the transaction']
TXN5415668e-4,CUST00171,2026-06-20 06:15:58,5470.1,web,25.0,0.0,11.3,Low,['Login from an unrecognized device shortly before the transaction']
TXNbdcaf089-3,CUST00212,2026-06-24 23:28:02,1108.27,branch,25.0,0.0,11.3,Low,['Login from an unrecognized device shortly before the transaction']
TXNf3b81fe4-1,CUST00212,2026-06-17 22:55:45,4822.39,web,25.0,0.0,11.3,Low,['Login from an unrecognized device shortly before the transaction']
TXNa5fc00b5-7,CUST00211,2026-07-09 16:53:09,1212.4,mobile,25.0,0.0,11.3,Low,['Login from an unrecognized device shortly before the transaction']
TXN899fad03-e,CUST00200,2026-06-27 14:02:07,7718.41,web,25.0,0.0,11.3,Low,['Login from an unrecognized device shortly before the transaction']
TXN3eaf5f08-2,CUST00204,2026-06-19 09:06:32,1991.33,mobile,25.0,0.0,11.3,Low,['Login from an unrecognized device shortly before the transaction']
TXNca359116-e,CUST00203,2026-07-04 12:00:10,767.75,mobile,25.0,0.0,11.3,Low,['Login from an unrecognized device shortly before the transaction']
TXN0803ad31-4,CUST00128,2026-06-16 15:37:11,4138.01,mobile,25.0,0.0,11.3,Low,['Login from an unrecognized device shortly before the transaction']
TXN4c6f9a45-8,CUST00009,2026-06-17 00:01:26,1580.42,web,25.0,0.0,11.3,Low,['Login from an unrecognized device shortly before the transaction']
TXNb1f9ab31-9,CUST00008,2026-06-29 10:08:55,877.49,mobile,25.0,0.0,11.3,Low,['Login from an unrecognized device shortly before the transaction']
TXNb993c041-5,CUST00127,2026-07-13 05:09:03,4435.21,mobile,25.0,0.0,11.3,Low,['Login from an unrecognized device shortly before the transaction']
TXNc03832d0-4,CUST00199,2026-07-14 03:24:30,6646.89,atm,25.0,0.0,11.3,Low,['Login from an unrecognized device shortly before the transaction']
TXN87935334-f,CUST00199,2026-06-22 07:20:02,5174.66,web,25.0,0.0,11.3,Low,['Login from an unrecognized device shortly before the transaction']
TXNafd50018-e,CUST00201,2026-07-07 23:42:54,2151.79,web,25.0,0.0,11.3,Low,['Login from an unrecognized device shortly before the transaction']
TXN6ccb9163-4,CUST00190,2026-07-13 13:43:03,496.89,mobile,25.0,0.0,11.3,Low,['Login from an unrecognized device shortly before the transaction']
TXNce31ce5c-2,CUST00235,2026-06-25 10:55:58,8562.49,mobile,25.0,0.0,11.3,Low,['Login from an unrecognized device shortly before the transaction']
TXNf8b03457-a,CUST00223,2026-07-13 17:00:45,584.47,mobile,25.0,0.0,11.3,Low,['Login from an unrecognized device shortly before the transaction']
TXN4feeea91-8,CUST00120,2026-06-28 15:22:46,853.6,mobile,25.0,0.0,11.3,Low,['Login from an unrecognized device shortly before the transaction']
TXN5b9facde-b,CUST00120,2026-06-27 04:02:24,343.04,mobile,25.0,0.0,11.3,Low,['Login from an unrecognized device shortly before the transaction']
TXN9faa2180-0,CUST00226,2026-06-19 07:02:44,227.19,atm,25.0,0.0,11.3,Low,['Login from an unrecognized device shortly before the transaction']
TXN4e2da257-8,CUST00217,2026-06-26 07:34:32,1606.61,mobile,25.0,0.0,11.3,Low,['Login from an unrecognized device shortly before the transaction']
TXN1f8452fb-6,CUST00485,2026-07-11 10:29:53,641.07,web,25.0,0.0,11.3,Low,['Login from an unrecognized device shortly before the transaction']
TXN48f89e30-5,CUST00487,2026-07-14 01:55:02,367.99,branch,25.0,0.0,11.3,Low,['Login from an unrecognized device shortly before the transaction']
TXN1bb1ca48-b,CUST00489,2026-07-01 12:03:52,346.37,mobile,25.0,0.0,11.3,Low,['Login from an unrecognized device shortly before the transaction']
TXN1aa3c18e-0,CUST00121,2026-07-07 15:03:04,5624.12,mobile,25.0,0.0,11.3,Low,['Login from an unrecognized device shortly before the transaction']
TXNdf8db157-0,CUST00124,2026-07-16 05:54:22,3957.66,web,25.0,0.0,11.3,Low,['Login from an unrecognized device shortly before the transaction']
TXNc9a5c042-c,CUST00212,2026-07-16 11:30:13,9671.79,mobile,25.0,0.0,11.3,Low,['Login from an unrecognized device shortly before the transaction']
TXNbf0aabdf-d,CUST00212,2026-06-26 16:27:52,920.06,atm,25.0,0.0,11.3,Low,['Login from an unrecognized device shortly before the transaction']
TXN46a1c19b-d,CUST00572,2026-06-19 17:08:39,1936.03,atm,25.0,0.0,11.3,Low,['Login from an unrecognized device shortly before the transaction']
TXN4526ed62-1,CUST00013,2026-06-22 10:07:47,918.45,mobile,25.0,0.0,11.3,Low,['Login from an unrecognized device shortly before the transaction']
TXN1836a027-2,CUST00239,2026-06-27 00:46:33,3342.8,web,25.0,0.0,11.3,Low,['Login from an unrecognized device shortly before the transaction']
TXN58fde70b-d,CUST00239,2026-06-23 08:39:47,677.19,web,25.0,0.0,11.3,Low,['Login from an unrecognized device shortly before the transaction']
TXN43472a28-9,CUST00238,2026-07-08 14:05:42,2621.78,web,25.0,0.0,11.3,Low,['Login from an unrecognized device shortly before the transaction']
TXNff26cb58-5,CUST00238,2026-06-24 06:46:56,1443.42,mobile,25.0,0.0,11.3,Low,['Login from an unrecognized device shortly before the transaction']
TXN6a3098aa-6,CUST00492,2026-06-26 05:36:14,547.34,branch,25.0,0.0,11.3,Low,['Login from an unrecognized device shortly before the transaction']
TXN91a17855-a,CUST00483,2026-07-04 17:52:15,7488.13,web,25.0,0.0,11.3,Low,['Login from an unrecognized device shortly before the transaction']
TXN6bca4f86-6,CUST00025,2026-07-12 05:05:14,212.28,mobile,25.0,0.0,11.3,Low,['Login from an unrecognized device shortly before the transaction']
TXNf6295eb4-6,CUST00231,2026-07-05 09:02:17,1072.84,web,25.0,0.0,11.3,Low,['Login from an unrecognized device shortly before the transaction']
TXN7a5cd426-5,CUST00231,2026-06-25 06:12:02,596.71,web,25.0,0.0,11.3,Low,['Login from an unrecognized device shortly before the transaction']
TXN3b45d977-c,CUST00115,2026-07-05 17:09:01,8880.73,mobile,25.0,0.0,11.3,Low,['Login from an unrecognized device shortly before the transaction']
TXN8a1b0744-0,CUST00234,2026-06-23 09:03:24,1874.41,web,25.0,0.0,11.3,Low,['Login from an unrecognized device shortly before the transaction']
TXNcf35fdb9-b,CUST00233,2026-07-07 13:25:06,603.66,web,25.0,0.0,11.3,Low,['Login from an unrecognized device shortly before the transaction']
TXN7845a524-b,CUST00233,2026-07-01 08:23:47,4589.49,web,25.0,0.0,11.3,Low,['Login from an unrecognized device shortly before the transaction']
TXN4083dcf3-9,CUST00258,2026-07-15 17:09:46,2960.61,web,25.0,0.0,11.3,Low,['Login from an unrecognized device shortly before the transaction']
TXN6e4ae071-7,CUST00258,2026-06-28 13:32:41,2763.86,mobile,25.0,0.0,11.3,Low,['Login from an unrecognized device shortly before the transaction']
TXNd62c4be4-9,CUST00257,2026-06-18 12:32:15,2955.35,mobile,25.0,0.0,11.3,Low,['Login from an unrecognized device shortly before the transaction']
TXN7c4cec7d-c,CUST00246,2026-06-30 21:42:11,597.14,web,25.0,0.0,11.3,Low,['Login from an unrecognized device shortly before the transaction']
TXNcfc01fbc-a,CUST00254,2026-06-22 21:38:09,1864.13,web,25.0,0.0,11.3,Low,['Login from an unrecognized device shortly before the transaction']
TXN4bfaa29e-0,CUST00254,2026-06-21 11:08:01,1969.52,web,25.0,0.0,11.3,Low,['Login from an unrecognized device shortly before the transaction']
TXN30104525-5,CUST00237,2026-07-09 15:04:44,3943.52,branch,25.0,0.0,11.3,Low,['Login from an unrecognized device shortly before the transaction']
TXN662b7ae4-c,CUST00580,2026-06-25 18:32:29,7202.39,mobile,25.0,0.0,11.3,Low,['Login from an unrecognized device shortly before the transaction']
TXNf09d07f1-e,CUST00580,2026-07-10 07:51:29,1855.75,mobile,25.0,0.0,11.3,Low,['Login from an unrecognized device shortly before the transaction']
TXNef3cfc8f-5,CUST00539,2026-06-17 06:07:26,817.4,web,25.0,0.0,11.3,Low,['Login from an unrecognized device shortly before the transaction']
TXN2057111f-2,CUST00542,2026-07-05 22:06:37,687.67,mobile,25.0,0.0,11.3,Low,['Login from an unrecognized device shortly before the transaction']
TXN01910880-0,CUST00517,2026-06-21 05:55:56,460.97,web,25.0,0.0,11.3,Low,['Login from an unrecognized device shortly before the transaction']
TXN3a96c7f5-1,CUST00484,2026-07-09 02:29:06,1314.3,web,25.0,0.0,11.3,Low,['Login from an unrecognized device shortly before the transaction']
TXN37d9f94a-8,CUST00572,2026-07-12 10:56:25,416.06,mobile,25.0,0.0,11.3,Low,['Login from an unrecognized device shortly before the transaction']
TXN567a25f8-5,CUST00279,2026-06-25 00:59:22,1471.65,mobile,25.0,0.0,11.3,Low,['Login from an unrecognized device shortly before the transaction']
TXNefe739dd-6,CUST00281,2026-07-10 06:50:26,686.53,web,25.0,0.0,11.3,Low,['Login from an unrecognized device shortly before the transaction']
TXN029e435d-b,CUST00271,2026-06-24 03:15:01,272.92,mobile,25.0,0.0,11.3,Low,['Login from an unrecognized device shortly before the transaction']
TXN23fd6ade-c,CUST00106,2026-06-18 07:35:01,493.21,mobile,25.0,0.0,11.3,Low,['Login from an unrecognized device shortly before the transaction']
TXNf62162ab-6,CUST00105,2026-06-22 18:53:53,569.6,web,25.0,0.0,11.3,Low,['Login from an unrecognized device shortly before the transaction']
TXNe2b6a842-d,CUST00273,2026-06-25 15:26:48,3892.3,web,25.0,0.0,11.3,Low,['Login from an unrecognized device shortly before the transaction']
TXN90c0e607-4,CUST00108,2026-06-20 17:33:27,2652.95,web,25.0,0.0,11.3,Low,['Login from an unrecognized device shortly before the transaction']
TXN767a92b7-0,CUST00107,2026-06-22 20:51:22,1861.67,mobile,25.0,0.0,11.3,Low,['Login from an unrecognized device shortly before the transaction']
TXN379f0075-b,CUST00471,2026-07-09 01:23:26,2469.51,branch,25.0,0.0,11.3,Low,['Login from an unrecognized device shortly before the transaction']
TXNd7f64255-c,CUST00266,2026-06-28 09:53:58,1095.67,web,25.0,0.0,11.3,Low,['Login from an unrecognized device shortly before the transaction']
TXN74650ff9-f,CUST00264,2026-07-07 07:15:59,1561.49,web,25.0,0.0,11.3,Low,['Login from an unrecognized device shortly before the transaction']
TXN90208d23-8,CUST00267,2026-07-16 07:01:56,1164.29,mobile,25.0,0.0,11.3,Low,['Login from an unrecognized device shortly before the transaction']
TXN1a85fd69-3,CUST00109,2026-06-27 07:52:24,2266.52,mobile,25.0,0.0,11.3,Low,['Login from an unrecognized device shortly before the transaction']
TXN890d58e5-7,CUST00256,2026-06-30 03:52:29,227.86,mobile,25.0,0.0,11.3,Low,['Login from an unrecognized device shortly before the transaction']
TXNd387fcd8-c,CUST00256,2026-06-24 06:15:15,338.34,atm,25.0,0.0,11.3,Low,['Login from an unrecognized device shortly before the transaction']
TXN4830effe-d,CUST00015,2026-07-01 13:17:39,477.62,atm,25.0,0.0,11.3,Low,['Login from an unrecognized device shortly before the transaction']
TXNe7c5d314-a,CUST00297,2026-07-07 11:47:03,732.27,mobile,25.0,0.0,11.3,Low,['Login from an unrecognized device shortly before the transaction']
TXNc36db2ec-e,CUST00282,2026-06-23 06:55:52,2611.34,web,25.0,0.0,11.3,Low,['Login from an unrecognized device shortly before the transaction']
TXN9f325c4c-0,CUST00287,2026-06-23 22:33:31,873.71,branch,25.0,0.0,11.3,Low,['Login from an unrecognized device shortly before the transaction']
TXN8338b815-c,CUST00290,2026-07-01 12:54:18,3490.89,mobile,25.0,0.0,11.3,Low,['Login from an unrecognized device shortly before the transaction']
TXNe13ae6f4-b,CUST00278,2026-06-24 04:57:41,5418.99,mobile,25.0,0.0,11.3,Low,['Login from an unrecognized device shortly before the transaction']
TXN7447f8a1-2,CUST00277,2026-06-17 13:29:28,277.25,mobile,25.0,0.0,11.3,Low,['Login from an unrecognized device shortly before the transaction']
TXN760e36aa-a,CUST00104,2026-06-25 14:44:14,1366.59,web,25.0,0.0,11.3,Low,['Login from an unrecognized device shortly before the transaction']
TXN7508e10c-1,CUST00471,2026-06-20 20:11:37,206.15,web,25.0,0.0,11.3,Low,['Login from an unrecognized device shortly before the transaction']
TXN1cf85164-1,CUST00046,2026-06-17 12:27:34,605.11,atm,25.0,0.0,11.3,Low,['Login from an unrecognized device shortly before the transaction']
TXN295c1b59-3,CUST00474,2026-07-08 08:42:38,674.54,web,25.0,0.0,11.3,Low,['Login from an unrecognized device shortly before the transaction']
TXN23625303-2,CUST00463,2026-07-02 02:15:31,4526.82,web,25.0,0.0,11.3,Low,['Login from an unrecognized device shortly before the transaction']
TXNe4a6da33-b,CUST00463,2026-07-01 16:14:16,7104.71,mobile,25.0,0.0,11.3,Low,['Login from an unrecognized device shortly before the transaction']
TXN6c05df93-9,CUST00463,2026-06-19 17:32:53,2665.77,mobile,25.0,0.0,11.3,Low,['Login from an unrecognized device shortly before the transaction']
TXNba098484-f,CUST00047,2026-06-21 21:17:17,3827.31,mobile,25.0,0.0,11.3,Low,['Login from an unrecognized device shortly before the transaction']
TXNeb91d7bc-4,CUST00103,2026-07-13 15:37:30,6491.24,web,25.0,0.0,11.3,Low,['Login from an unrecognized device shortly before the transaction']
TXN4312153d-4,CUST00078,2026-06-20 20:24:16,4676.28,web,25.0,0.0,11.3,Low,['Login from an unrecognized device shortly before the transaction']
TXNe3e492f3-9,CUST00313,2026-07-11 15:27:38,2137.84,mobile,25.0,0.0,11.3,Low,['Login from an unrecognized device shortly before the transaction']
TXN36df253c-a,CUST00313,2026-06-27 15:39:50,765.94,web,25.0,0.0,11.3,Low,['Login from an unrecognized device shortly before the transaction']
TXNc89f884f-2,CUST00304,2026-06-22 17:21:12,1845.19,web,25.0,0.0,11.3,Low,['Login from an unrecognized device shortly before the transaction']
TXN794ceef2-f,CUST00098,2026-06-17 01:44:04,267.31,web,25.0,0.0,11.3,Low,['Login from an unrecognized device shortly before the transaction']
TXN0e77b689-3,CUST00309,2026-06-17 01:37:44,7129.77,atm,25.0,0.0,11.3,Low,['Login from an unrecognized device shortly before the transaction']
TXNc19bf990-5,CUST00294,2026-06-30 14:05:58,1176.79,web,25.0,0.0,11.3,Low,['Login from an unrecognized device shortly before the transaction']
TXN27165ab6-7,CUST00296,2026-06-20 23:13:22,652.22,mobile,25.0,0.0,11.3,Low,['Login from an unrecognized device shortly before the transaction']
TXN3429ce3b-8,CUST00012,2026-07-03 19:22:33,5173.91,branch,25.0,0.0,11.3,Low,['Login from an unrecognized device shortly before the transaction']
TXN65f69897-7,CUST00171,2026-07-16 09:33:38,2501.52,web,25.0,0.0,11.3,Low,['Login from an unrecognized device shortly before the transaction']
TXN9b48c6fb-3,CUST00468,2026-07-16 08:36:39,605.32,web,25.0,0.0,11.3,Low,['Login from an unrecognized device shortly before the transaction']
TXN23cecf1e-2,CUST00024,2026-06-26 07:13:09,650.64,mobile,25.0,0.0,11.3,Low,['Login from an unrecognized device shortly before the transaction']
TXN8772df4a-1,CUST00024,2026-06-23 20:08:08,8899.07,atm,25.0,0.0,11.3,Low,['Login from an unrecognized device shortly before the transaction']
TXN3881e713-2,CUST00397,2026-06-30 23:05:47,4794.19,mobile,25.0,0.0,11.3,Low,['Login from an unrecognized device shortly before the transaction']
TXNb575dd69-0,CUST00566,2026-06-18 04:03:27,147.08,web,25.0,0.0,11.3,Low,['Login from an unrecognized device shortly before the transaction']
TXN20a145c8-8,CUST00567,2026-07-05 19:20:39,512.7,web,25.0,0.0,11.3,Low,['Login from an unrecognized device shortly before the transaction']
TXN4dc4f59c-3,CUST00326,2026-07-15 23:42:15,224.97,mobile,25.0,0.0,11.3,Low,['Login from an unrecognized device shortly before the transaction']
TXN3464fd00-e,CUST00316,2026-07-07 14:27:01,1445.7,web,25.0,0.0,11.3,Low,['Login from an unrecognized device shortly before the transaction']
TXNe1b3b9d1-f,CUST00549,2026-06-22 17:54:44,1173.14,web,25.0,0.0,11.3,Low,['Login from an unrecognized device shortly before the transaction']
TXNd0f95340-7,CUST00550,2026-07-13 00:03:23,3855.59,mobile,25.0,0.0,11.3,Low,['Login from an unrecognized device shortly before the transaction']
TXNae57927f-7,CUST00528,2026-06-19 13:39:20,739.36,web,25.0,0.0,11.3,Low,['Login from an unrecognized device shortly before the transaction']
TXN07a1012a-e,CUST00531,2026-06-18 06:31:52,4691.48,mobile,25.0,0.0,11.3,Low,['Login from an unrecognized device shortly before the transaction']
TXNb21eafab-f,CUST00050,2026-06-20 12:01:28,3321.58,mobile,25.0,0.0,11.3,Low,['Login from an unrecognized device shortly before the transaction']
TXN9e8fa807-5,CUST00460,2026-06-18 04:41:02,5080.29,mobile,25.0,0.0,11.3,Low,['Login from an unrecognized device shortly before the transaction']
TXN6b6348f4-d,CUST00460,2026-07-07 06:20:16,864.08,mobile,25.0,0.0,11.3,Low,['Login from an unrecognized device shortly before the transaction']
TXN80851d53-2,CUST00463,2026-07-04 06:33:44,1846.97,web,25.0,0.0,11.3,Low,['Login from an unrecognized device shortly before the transaction']
TXN4849032c-4,CUST00002,2026-06-25 01:02:15,3345.16,web,25.0,0.0,11.3,Low,['Login from an unrecognized device shortly before the transaction']
TXNcd4c01b3-3,CUST00318,2026-06-28 14:07:26,851.06,web,25.0,0.0,11.3,Low,['Login from an unrecognized device shortly before the transaction']
TXN4814e14e-b,CUST00318,2026-06-25 02:44:18,1455.38,web,25.0,0.0,11.3,Low,['Login from an unrecognized device shortly before the transaction']
TXNdd2fb568-c,CUST00154,2026-06-23 10:41:58,1481.9,mobile,25.0,0.0,11.3,Low,['Login from an unrecognized device shortly before the transaction']
TXNd0713654-2,CUST00320,2026-07-12 05:54:29,306.25,web,25.0,0.0,11.3,Low,['Login from an unrecognized device shortly before the transaction']
TXN6334db06-5,CUST00310,2026-07-10 06:21:59,522.6,atm,25.0,0.0,11.3,Low,['Login from an unrecognized device shortly before the transaction']
TXN8861972e-5,CUST00339,2026-06-24 05:30:05,2024.26,mobile,25.0,0.0,11.3,Low,['Login from an unrecognized device shortly before the transaction']
TXN8914bc96-5,CUST00157,2026-07-06 06:54:31,7260.77,web,25.0,0.0,11.3,Low,['Login from an unrecognized device shortly before the transaction']
TXNf2b2d2f2-b,CUST00331,2026-07-07 13:49:09,1245.14,mobile,25.0,0.0,11.3,Low,['Login from an unrecognized device shortly before the transaction']
TXNa30c1e0e-6,CUST00089,2026-06-30 03:33:01,546.93,web,25.0,0.0,11.3,Low,['Login from an unrecognized device shortly before the transaction']
TXN3e447305-e,CUST00333,2026-07-11 10:44:06,1395.93,mobile,25.0,0.0,11.3,Low,['Login from an unrecognized device shortly before the transaction']
TXN031d45fc-c,CUST00334,2026-07-10 13:01:47,5401.09,mobile,25.0,0.0,11.3,Low,['Login from an unrecognized device shortly before the transaction']
TXN744cc6ae-e,CUST00054,2026-07-02 07:54:36,3970.68,web,25.0,0.0,11.3,Low,['Login from an unrecognized device shortly before the transaction']
TXN8706f724-b,CUST00052,2026-07-09 12:45:38,455.39,mobile,25.0,0.0,11.3,Low,['Login from an unrecognized device shortly before the transaction']
TXN785e02ee-4,CUST00052,2026-07-09 06:07:11,1427.31,web,25.0,0.0,11.3,Low,['Login from an unrecognized device shortly before the transaction']
TXN8ab171e0-e,CUST00455,2026-07-12 18:19:53,6718.14,web,25.0,0.0,11.3,Low,['Login from an unrecognized device shortly before the transaction']
TXNc4196c8a-c,CUST00156,2026-06-27 16:22:37,83.55,mobile,25.0,0.0,11.3,Low,['Login from an unrecognized device shortly before the transaction']
TXN64a70279-8,CUST00455,2026-07-05 21:09:51,1778.56,web,25.0,0.0,11.3,Low,['Login from an unrecognized device shortly before the transaction']
TXNd0f64c6d-f,CUST00322,2026-07-10 09:53:54,3207.79,mobile,25.0,0.0,11.3,Low,['Login from an unrecognized device shortly before the transaction']
TXNcc79eeca-d,CUST00322,2026-06-28 04:53:51,2926.09,web,25.0,0.0,11.3,Low,['Login from an unrecognized device shortly before the transaction']
TXNdc9eec0b-8,CUST00321,2026-07-03 17:40:44,1199.19,mobile,25.0,0.0,11.3,Low,['Login from an unrecognized device shortly before the transaction']
TXN7bf18cf4-a,CUST00140,2026-07-13 20:06:52,2843.3,mobile,25.0,0.0,11.3,Low,['Login from an unrecognized device shortly before the transaction']
TXN75863743-9,CUST00341,2026-07-08 21:34:36,3110.43,web,25.0,0.0,11.3,Low,['Login from an unrecognized device shortly before the transaction']
TXNaea03292-6,CUST00085,2026-07-13 09:38:34,118.33,branch,25.0,0.0,11.3,Low,['Login from an unrecognized device shortly before the transaction']
TXNc07126f3-9,CUST00346,2026-07-04 11:08:30,4185.81,mobile,25.0,0.0,11.3,Low,['Login from an unrecognized device shortly before the transaction']
TXN59259acd-4,CUST00350,2026-06-26 14:44:17,2967.13,mobile,25.0,0.0,11.3,Low,['Login from an unrecognized device shortly before the transaction']
TXN32b6f533-c,CUST00141,2026-06-27 23:40:44,1026.31,mobile,25.0,0.0,11.3,Low,['Login from an unrecognized device shortly before the transaction']
TXN520b7950-d,CUST00336,2026-07-04 18:02:59,4516.52,mobile,25.0,0.0,11.3,Low,['Login from an unrecognized device shortly before the transaction']
TXN1f9deccd-e,CUST00015,2026-06-28 21:17:14,423.04,mobile,25.0,0.0,11.3,Low,['Login from an unrecognized device shortly before the transaction']
TXN97c6eb3c-c,CUST00007,2026-06-22 19:34:09,4179.05,atm,25.0,0.0,11.3,Low,['Login from an unrecognized device shortly before the transaction']
TXN6ddd5c02-d,CUST00028,2026-07-04 14:33:06,1964.99,mobile,25.0,0.0,11.3,Low,['Login from an unrecognized device shortly before the transaction']
TXN293572d3-f,CUST00442,2026-06-24 10:22:56,1015.01,web,25.0,0.0,11.3,Low,['Login from an unrecognized device shortly before the transaction']
TXN6a5b54e4-f,CUST00581,2026-07-08 01:15:43,842.23,mobile,25.0,0.0,11.3,Low,['Login from an unrecognized device shortly before the transaction']
TXNf4e1048a-f,CUST00568,2026-07-14 09:52:13,4863.72,web,25.0,0.0,11.3,Low,['Login from an unrecognized device shortly before the transaction']
TXNac5200b5-0,CUST00568,2026-07-07 07:06:01,1402.55,web,25.0,0.0,11.3,Low,['Login from an unrecognized device shortly before the transaction']
TXN67e69ffe-5,CUST00573,2026-07-03 16:22:01,1365.5,web,25.0,0.0,11.3,Low,['Login from an unrecognized device shortly before the transaction']
TXN292254f9-3,CUST00559,2026-07-12 07:15:44,4621.25,mobile,25.0,0.0,11.3,Low,['Login from an unrecognized device shortly before the transaction']
TXNa0b3543a-0,CUST00559,2026-07-09 17:13:24,2104.88,atm,25.0,0.0,11.3,Low,['Login from an unrecognized device shortly before the transaction']
TXNd2333b12-5,CUST00358,2026-07-08 20:20:25,1321.2,mobile,25.0,0.0,11.3,Low,['Login from an unrecognized device shortly before the transaction']
TXNd1c06099-a,CUST00082,2026-06-21 06:06:58,2024.16,mobile,25.0,0.0,11.3,Low,['Login from an unrecognized device shortly before the transaction']
TXN32a807cc-2,CUST00081,2026-06-24 10:16:51,229.94,mobile,25.0,0.0,11.3,Low,['Login from an unrecognized device shortly before the transaction']
TXN24da0109-4,CUST00361,2026-06-22 06:14:15,1090.55,mobile,25.0,0.0,11.3,Low,['Login from an unrecognized device shortly before the transaction']
TXN8393a544-c,CUST00360,2026-06-17 07:56:25,2883.6,atm,25.0,0.0,11.3,Low,['Login from an unrecognized device shortly before the transaction']
TXNbb404bc8-7,CUST00360,2026-06-17 07:54:34,746.81,web,25.0,0.0,11.3,Low,['Login from an unrecognized device shortly before the transaction']
TXN3499a783-9,CUST00349,2026-07-13 13:25:32,4433.11,atm,25.0,0.0,11.3,Low,['Login from an unrecognized device shortly before the transaction']
TXN1391d18a-8,CUST00140,2026-07-11 09:44:27,2949.35,mobile,25.0,0.0,11.3,Low,['Login from an unrecognized device shortly before the transaction']
TXNc56dbe29-6,CUST00161,2026-06-22 07:44:27,236.73,mobile,25.0,0.0,11.3,Low,['Login from an unrecognized device shortly before the transaction']
TXN731bd233-c,CUST00448,2026-06-18 12:58:54,3350.41,mobile,25.0,0.0,11.3,Low,['Login from an unrecognized device shortly before the transaction']
TXN779d7db4-2,CUST00181,2026-07-05 21:15:26,1933.07,web,25.0,0.0,11.3,Low,['Login from an unrecognized device shortly before the transaction']
TXNe324f5db-6,CUST00433,2026-07-09 17:46:09,632.48,web,25.0,0.0,11.3,Low,['Login from an unrecognized device shortly before the transaction']
TXN9a980457-4,CUST00083,2026-07-12 04:16:59,636.75,mobile,25.0,0.0,11.3,Low,['Login from an unrecognized device shortly before the transaction']
TXNa5b8f158-f,CUST00354,2026-06-19 21:25:08,1384.37,mobile,25.0,0.0,11.3,Low,['Login from an unrecognized device shortly before the transaction']
TXN4cad3598-6,CUST00356,2026-07-07 18:44:16,2102.78,mobile,25.0,0.0,11.3,Low,['Login from an unrecognized device shortly before the transaction']
TXNcd5fe3f4-2,CUST00340,2026-07-12 19:48:16,5632.43,mobile,25.0,0.0,11.3,Low,['Login from an unrecognized device shortly before the transaction']
TXNeba332b1-f,CUST00020,2026-07-07 11:04:09,12628.7,branch,25.0,0.0,11.3,Low,['Login from an unrecognized device shortly before the transaction']
TXNda6b391d-6,CUST00366,2026-07-13 07:10:01,8584.72,mobile,25.0,0.0,11.3,Low,['Login from an unrecognized device shortly before the transaction']
TXN79004406-b,CUST00368,2026-06-20 13:17:07,1445.94,branch,25.0,0.0,11.3,Low,['Login from an unrecognized device shortly before the transaction']
TXNe0222432-7,CUST00372,2026-06-28 07:17:58,164.39,atm,25.0,0.0,11.3,Low,['Login from an unrecognized device shortly before the transaction']
TXNe15680e9-e,CUST00165,2026-07-08 05:32:02,20119.78,mobile,25.0,0.0,11.3,Low,['Login from an unrecognized device shortly before the transaction']
TXN6f242a0f-2,CUST00435,2026-07-16 03:47:41,769.28,mobile,25.0,0.0,11.3,Low,['Login from an unrecognized device shortly before the transaction']
TXNdce6ea64-2,CUST00439,2026-06-17 06:55:22,3907.51,mobile,25.0,0.0,11.3,Low,['Login from an unrecognized device shortly before the transaction']
TXN6d3026db-2,CUST00425,2026-07-10 08:57:39,6242.13,mobile,25.0,0.0,11.3,Low,['Login from an unrecognized device shortly before the transaction']
TXN54867db3-e,CUST00166,2026-07-05 16:49:17,2082.44,atm,25.0,0.0,11.3,Low,['Login from an unrecognized device shortly before the transaction']
TXN6dbd4921-6,CUST00425,2026-07-05 09:55:48,480.7,mobile,25.0,0.0,11.3,Low,['Login from an unrecognized device shortly before the transaction']
TXN5e4908c8-2,CUST00136,2026-07-13 22:47:21,3403.7,web,25.0,0.0,11.3,Low,['Login from an unrecognized device shortly before the transaction']
TXNe8c347d0-a,CUST00168,2026-07-14 00:10:57,12446.66,web,25.0,0.0,11.3,Low,['Login from an unrecognized device shortly before the transaction']
TXNa2307350-5,CUST00079,2026-06-19 13:58:51,221.41,web,25.0,0.0,11.3,Low,['Login from an unrecognized device shortly before the transaction']
TXN1f683d6f-9,CUST00078,2026-07-15 10:34:17,1383.84,branch,25.0,0.0,11.3,Low,['Login from an unrecognized device shortly before the transaction']
TXN26e21c56-a,CUST00366,2026-07-05 16:12:30,846.37,web,25.0,0.0,11.3,Low,['Login from an unrecognized device shortly before the transaction']
TXNcb28ac77-f,CUST00366,2026-06-30 22:45:45,1909.0,web,25.0,0.0,11.3,Low,['Login from an unrecognized device shortly before the transaction']
TXNe9a7f5e0-5,CUST00078,2026-06-17 01:31:04,217.22,mobile,25.0,0.0,11.3,Low,['Login from an unrecognized device shortly before the transaction']
TXNc7101f3d-a,CUST00077,2026-06-30 15:08:04,302.46,atm,25.0,0.0,11.3,Low,['Login from an unrecognized device shortly before the transaction']
TXN7d883d25-f,CUST00367,2026-06-24 12:24:18,978.91,atm,25.0,0.0,11.3,Low,['Login from an unrecognized device shortly before the transaction']
TXN8e47fb7d-8,CUST00560,2026-07-08 20:09:33,1370.67,mobile,25.0,0.0,11.3,Low,['Login from an unrecognized device shortly before the transaction']
TXN129b1e2d-7,CUST00426,2026-06-29 22:33:08,5686.82,web,25.0,0.0,11.3,Low,['Login from an unrecognized device shortly before the transaction']
TXNa03f137f-f,CUST00429,2026-06-23 07:26:18,980.65,mobile,25.0,0.0,11.3,Low,['Login from an unrecognized device shortly before the transaction']
TXNf840596b-3,CUST00418,2026-07-10 13:30:42,3180.75,branch,25.0,0.0,11.3,Low,['Login from an unrecognized device shortly before the transaction']
TXNfe3d81d8-0,CUST00418,2026-07-08 17:29:22,1611.62,mobile,25.0,0.0,11.3,Low,['Login from an unrecognized device shortly before the transaction']
TXN66ca0baf-3,CUST00063,2026-06-25 01:33:44,791.71,web,25.0,0.0,11.3,Low,['Login from an unrecognized device shortly before the transaction']
TXNda948cdf-6,CUST00062,2026-06-27 07:09:57,4122.48,web,25.0,0.0,11.3,Low,['Login from an unrecognized device shortly before the transaction']
TXN2b24ef63-f,CUST00021,2026-07-16 04:26:37,3664.81,branch,25.0,0.0,11.3,Low,['Login from an unrecognized device shortly before the transaction']
TXN95e2f91b-d,CUST00351,2026-07-11 17:37:17,2718.82,web,25.0,0.0,11.3,Low,['Login from an unrecognized device shortly before the transaction']
TXN81ec334f-c,CUST00551,2026-07-07 11:19:10,720.68,web,25.0,0.0,11.3,Low,['Login from an unrecognized device shortly before the transaction']
TXN306542ee-2,CUST00564,2026-06-18 07:47:58,1540.9,web,25.0,0.0,11.3,Low,['Login from an unrecognized device shortly before the transaction']
TXN46230245-d,CUST00512,2026-07-06 21:04:50,1846.67,web,25.0,0.0,11.3,Low,['Login from an unrecognized device shortly before the transaction']
TXNeb7fb03e-d,CUST00552,2026-06-25 13:15:14,1530.24,web,25.0,0.0,11.3,Low,['Login from an unrecognized device shortly before the transaction']
TXN6d0473e7-8,CUST00069,2026-07-16 03:38:38,3967.87,mobile,25.0,0.0,11.3,Low,['Login from an unrecognized device shortly before the transaction']
TXNe988a44d-b,CUST00401,2026-06-26 23:55:41,821.06,branch,25.0,0.0,11.3,Low,['Login from an unrecognized device shortly before the transaction']
TXN939d1b61-2,CUST00388,2026-07-14 01:08:53,3236.44,web,25.0,0.0,11.3,Low,['Login from an unrecognized device shortly before the transaction']
TXNf8e8e938-b,CUST00555,2026-07-02 02:47:06,1317.64,mobile,25.0,0.0,11.3,Low,['Login from an unrecognized device shortly before the transaction']
TXN0c5332b3-1,CUST00555,2026-06-28 00:25:30,3289.26,web,25.0,0.0,11.3,Low,['Login from an unrecognized device shortly before the transaction']
TXNb4666d99-4,CUST00550,2026-06-17 16:07:03,2627.43,web,25.0,0.0,11.3,Low,['Login from an unrecognized device shortly before the transaction']
TXNb4f7af31-1,CUST00388,2026-07-05 20:39:46,1217.99,web,25.0,0.0,11.3,Low,['Login from an unrecognized device shortly before the transaction']
TXN527c9dea-6,CUST00381,2026-06-20 05:21:59,234.74,mobile,25.0,0.0,11.3,Low,['Login from an unrecognized device shortly before the transaction']
TXN50aefe0d-f,CUST00382,2026-07-13 10:43:31,3057.48,web,25.0,0.0,11.3,Low,['Login from an unrecognized device shortly before the transaction']
TXN0043384a-f,CUST00545,2026-06-19 18:27:19,1909.52,branch,25.0,0.0,11.3,Low,['Login from an unrecognized device shortly before the transaction']
TXNd2b2cf4b-4,CUST00421,2026-07-07 23:46:32,1173.7,mobile,25.0,0.0,11.3,Low,['Login from an unrecognized device shortly before the transaction']
TXNfdcdd45c-5,CUST00420,2026-06-22 17:09:29,1122.5,mobile,25.0,0.0,11.3,Low,['Login from an unrecognized device shortly before the transaction']
TXN07789dae-e,CUST00513,2026-06-21 12:19:59,302.59,web,25.0,0.0,11.3,Low,['Login from an unrecognized device shortly before the transaction']
TXN87a6c63c-6,CUST00422,2026-06-24 01:43:09,828.87,mobile,25.0,0.0,11.3,Low,['Login from an unrecognized device shortly before the transaction']
TXN6cd6b9e1-0,CUST00514,2026-07-14 06:55:13,791.56,atm,25.0,0.0,11.3,Low,['Login from an unrecognized device shortly before the transaction']
TXN060556e8-d,CUST00599,2026-07-14 05:31:07,1056.08,mobile,25.0,0.0,11.3,Low,['Login from an unrecognized device shortly before the transaction']
TXN62524390-5,CUST00146,2026-06-18 05:11:59,807.37,mobile,25.0,0.0,11.3,Low,['Login from an unrecognized device shortly before the transaction']
TXN2b31b5e7-4,CUST00595,2026-07-02 05:27:57,1060.35,mobile,25.0,0.0,11.3,Low,['Login from an unrecognized device shortly before the transaction']
TXN47802d60-9,CUST00145,2026-06-18 01:36:10,1038.97,mobile,25.0,0.0,11.3,Low,['Login from an unrecognized device shortly before the transaction']
TXN6df5fa4a-4,CUST00160,2026-06-24 17:16:22,2964.24,mobile,25.0,0.0,11.3,Low,['Login from an unrecognized device shortly before the transaction']
TXN56d07ef3-f,CUST00597,2026-07-15 05:54:30,1182.02,web,25.0,0.0,11.3,Low,['Login from an unrecognized device shortly before the transaction']
TXNa19f304a-a,CUST00590,2026-07-06 00:07:31,1727.78,mobile,25.0,0.0,11.3,Low,['Login from an unrecognized device shortly before the transaction']
TXNfacc2e35-3,CUST00589,2026-07-04 13:44:47,1773.58,branch,25.0,0.0,11.3,Low,['Login from an unrecognized device shortly before the transaction']
TXNb64a46f5-e,CUST00589,2026-07-02 18:35:01,7414.05,branch,25.0,0.0,11.3,Low,['Login from an unrecognized device shortly before the transaction']
TXNd0116cb3-8,CUST00411,2026-06-21 19:49:01,12188.39,mobile,25.0,0.0,11.3,Low,['Login from an unrecognized device shortly before the transaction']
TXNe1656eaf-7,CUST00414,2026-07-13 10:23:41,1594.99,web,25.0,0.0,11.3,Low,['Login from an unrecognized device shortly before the transaction']
TXNf64f98b4-4,CUST00414,2026-06-22 04:51:49,3983.48,mobile,25.0,0.0,11.3,Low,['Login from an unrecognized device shortly before the transaction']
TXN300c0f07-c,CUST00414,2026-06-18 09:46:37,463.37,web,25.0,0.0,11.3,Low,['Login from an unrecognized device shortly before the transaction']
TXN8750be7b-d,CUST00413,2026-07-06 17:38:41,6334.62,mobile,25.0,0.0,11.3,Low,['Login from an unrecognized device shortly before the transaction']
TXN05c208e0-e,CUST00417,2026-06-17 03:46:57,10038.52,web,25.0,0.0,11.3,Low,['Login from an unrecognized device shortly before the transaction']
TXN284b2e1d-7,CUST00403,2026-07-14 04:25:10,2997.5,atm,25.0,0.0,11.3,Low,['Login from an unrecognized device shortly before the transaction']
TXN5cbad410-0,CUST00004,2026-06-27 22:53:16,2141.03,branch,25.0,0.0,11.3,Low,['Login from an unrecognized device shortly before the transaction']
TXN17caf26b-c,CUST00532,2026-07-14 09:29:58,47025.03,web,18.0,0.0,8.1,Low,"['Funds sent to a new/unrecognized beneficiary', 'Transaction amount is unusually large for this profile']"
TXN88baef4a-a,CUST00010,2026-07-15 12:59:27,23661.64,web,18.0,0.0,8.1,Low,"['Funds sent to a new/unrecognized beneficiary', 'Transaction amount is unusually large for this profile']"
TXN9dca71ef-1,CUST00314,2026-07-02 21:25:38,39399.57,mobile,18.0,0.0,8.1,Low,"['Funds sent to a new/unrecognized beneficiary', 'Transaction amount is unusually large for this profile']"
TXN26696e53-0,CUST00366,2026-06-19 16:38:16,23068.09,mobile,18.0,0.0,8.1,Low,"['Funds sent to a new/unrecognized beneficiary', 'Transaction amount is unusually large for this profile']"
TXN5a878212-7,CUST00523,2026-06-18 10:19:14,35067.76,mobile,18.0,0.0,8.1,Low,"['Funds sent to a new/unrecognized beneficiary', 'Transaction amount is unusually large for this profile']"
TXNa87d21ff-f,CUST00009,2026-07-07 01:10:10,29607.47,web,18.0,0.0,8.1,Low,"['Funds sent to a new/unrecognized beneficiary', 'Transaction amount is unusually large for this profile']"
TXN9d96bf5e-4,CUST00195,2026-07-07 18:54:50,58311.14,web,18.0,0.0,8.1,Low,"['Funds sent to a new/unrecognized beneficiary', 'Transaction amount is unusually large for this profile']"
TXNab86fc70-a,CUST00503,2026-07-12 19:16:36,34868.76,atm,18.0,0.0,8.1,Low,"['Funds sent to a new/unrecognized beneficiary', 'Transaction amount is unusually large for this profile']"
TXNdeef7995-1,CUST00422,2026-07-05 09:19:21,24469.14,web,10.0,0.0,4.5,Low,['Transaction amount is unusually large for this profile']
TXNfcc2ed18-9,CUST00006,2026-06-16 15:35:00,33064.42,mobile,10.0,0.0,4.5,Low,['Transaction amount is unusually large for this profile']
TXN2ba009ec-5,CUST00074,2026-07-07 01:38:40,24557.29,mobile,10.0,0.0,4.5,Low,['Transaction amount is unusually large for this profile']
TXN58f1a399-f,CUST00320,2026-06-30 01:58:34,31284.07,atm,10.0,0.0,4.5,Low,['Transaction amount is unusually large for this profile']
TXN7016e105-2,CUST00597,2026-06-29 20:30:46,84003.38,web,10.0,0.0,4.5,Low,['Transaction amount is unusually large for this profile']
TXN34b16488-c,CUST00082,2026-07-11 07:51:22,35663.17,web,10.0,0.0,4.5,Low,['Transaction amount is unusually large for this profile']
TXN2541f181-f,CUST00357,2026-06-25 20:41:16,28226.6,mobile,10.0,0.0,4.5,Low,['Transaction amount is unusually large for this profile']
TXNb7ed70cf-f,CUST00018,2026-06-30 22:47:04,22496.22,mobile,10.0,0.0,4.5,Low,['Transaction amount is unusually large for this profile']
TXN2ba4d656-6,CUST00021,2026-06-30 11:33:24,32914.54,web,10.0,0.0,4.5,Low,['Transaction amount is unusually large for this profile']
TXNef0d44d7-a,CUST00380,2026-06-28 20:28:22,23536.74,mobile,10.0,0.0,4.5,Low,['Transaction amount is unusually large for this profile']
TXN5a19d7ab-7,CUST00093,2026-07-11 22:13:40,26077.08,branch,10.0,0.0,4.5,Low,['Transaction amount is unusually large for this profile']
TXN2da5ba63-d,CUST00407,2026-07-08 22:12:12,29752.25,branch,10.0,0.0,4.5,Low,['Transaction amount is unusually large for this profile']
TXN054da197-5,CUST00348,2026-07-11 11:09:05,30406.93,web,10.0,0.0,4.5,Low,['Transaction amount is unusually large for this profile']
TXN7e984064-e,CUST00320,2026-06-21 18:57:13,26155.85,mobile,10.0,0.0,4.5,Low,['Transaction amount is unusually large for this profile']
TXNdb0f1685-9,CUST00473,2026-07-03 10:14:25,23824.25,web,10.0,0.0,4.5,Low,['Transaction amount is unusually large for this profile']
TXN50c49c2b-e,CUST00283,2026-06-19 18:56:27,28381.39,mobile,10.0,0.0,4.5,Low,['Transaction amount is unusually large for this profile']
TXNdcc8c801-8,CUST00279,2026-06-16 22:11:25,33240.71,mobile,10.0,0.0,4.5,Low,['Transaction amount is unusually large for this profile']
TXN62186d10-3,CUST00047,2026-07-12 11:51:57,24390.49,mobile,10.0,0.0,4.5,Low,['Transaction amount is unusually large for this profile']
TXNc768edb9-0,CUST00478,2026-07-06 20:19:23,36978.06,branch,10.0,0.0,4.5,Low,['Transaction amount is unusually large for this profile']
TXN65d77fc8-2,CUST00480,2026-06-23 12:17:17,39378.08,mobile,10.0,0.0,4.5,Low,['Transaction amount is unusually large for this profile']
TXNde590698-8,CUST00376,2026-07-04 00:57:49,22606.06,mobile,10.0,0.0,4.5,Low,['Transaction amount is unusually large for this profile']
TXNc7ed8888-5,CUST00251,2026-07-08 04:53:01,27087.52,mobile,10.0,0.0,4.5,Low,['Transaction amount is unusually large for this profile']
TXN2d17534a-4,CUST00482,2026-06-18 12:04:02,26503.08,web,10.0,0.0,4.5,Low,['Transaction amount is unusually large for this profile']
TXNfc16f82a-b,CUST00522,2026-07-04 02:14:28,26528.3,mobile,10.0,0.0,4.5,Low,['Transaction amount is unusually large for this profile']
TXN00c85e9a-4,CUST00391,2026-06-24 09:34:52,43658.47,mobile,10.0,0.0,4.5,Low,['Transaction amount is unusually large for this profile']
TXNb1d8ea69-8,CUST00520,2026-06-24 18:14:44,22890.04,web,10.0,0.0,4.5,Low,['Transaction amount is unusually large for this profile']
TXNd92d9519-9,CUST00023,2026-06-17 09:07:25,25112.27,mobile,10.0,0.0,4.5,Low,['Transaction amount is unusually large for this profile']
TXN3fa916f9-e,CUST00481,2026-06-19 21:38:50,51264.6,web,10.0,0.0,4.5,Low,['Transaction amount is unusually large for this profile']
TXN08825d14-3,CUST00117,2026-06-30 21:56:23,36101.99,mobile,10.0,0.0,4.5,Low,['Transaction amount is unusually large for this profile']
TXNf14dfb3e-f,CUST00535,2026-07-12 11:58:30,27686.94,web,10.0,0.0,4.5,Low,['Transaction amount is unusually large for this profile']
TXN7d338ca2-6,CUST00026,2026-07-11 14:45:17,23322.38,branch,10.0,0.0,4.5,Low,['Transaction amount is unusually large for this profile']
TXNc77ae3b1-2,CUST00484,2026-07-06 22:06:42,43110.96,web,10.0,0.0,4.5,Low,['Transaction amount is unusually large for this profile']
TXNe69cf4c8-7,CUST00498,2026-06-18 21:40:12,32176.79,mobile,10.0,0.0,4.5,Low,['Transaction amount is unusually large for this profile']
TXNa48339f7-c,CUST00214,2026-07-14 12:29:18,89185.3,mobile,10.0,0.0,4.5,Low,['Transaction amount is unusually large for this profile']
TXN035bd879-e,CUST00421,2026-06-28 10:45:49,22739.13,mobile,10.0,0.0,4.5,Low,['Transaction amount is unusually large for this profile']
TXN109792a4-4,CUST00204,2026-07-04 15:07:48,57792.41,mobile,10.0,0.0,4.5,Low,['Transaction amount is unusually large for this profile']
TXN19f620a2-2,CUST00575,2026-07-08 00:39:34,25853.24,mobile,10.0,0.0,4.5,Low,['Transaction amount is unusually large for this profile']
TXNf8e351ea-9,CUST00037,2026-07-03 02:01:39,42076.73,mobile,10.0,0.0,4.5,Low,['Transaction amount is unusually large for this profile']
TXN02aa1c76-d,CUST00038,2026-06-20 06:19:15,28233.76,web,10.0,0.0,4.5,Low,['Transaction amount is unusually large for this profile']
TXN8947494f-9,CUST00447,2026-07-16 07:11:12,47403.93,web,10.0,0.0,4.5,Low,['Transaction amount is unusually large for this profile']
TXN9c4cc0fd-f,CUST00496,2026-07-16 05:33:59,29623.31,web,10.0,0.0,4.5,Low,['Transaction amount is unusually large for this profile']
TXN487f70f0-e,CUST00186,2026-07-15 14:16:04,27171.19,web,10.0,0.0,4.5,Low,['Transaction amount is unusually large for this profile']
TXNa793eb81-1,CUST00133,2026-06-18 01:26:31,35774.18,web,10.0,0.0,4.5,Low,['Transaction amount is unusually large for this profile']
TXN99786dc1-5,CUST00511,2026-07-16 09:26:17,68259.31,web,10.0,0.0,4.5,Low,['Transaction amount is unusually large for this profile']
TXN513cd464-9,CUST00133,2026-07-01 03:52:54,48289.16,web,10.0,0.0,4.5,Low,['Transaction amount is unusually large for this profile']
TXNa18af1fd-6,CUST00152,2026-07-08 23:06:46,23285.68,mobile,10.0,0.0,4.5,Low,['Transaction amount is unusually large for this profile']
TXN33dcd09c-a,CUST00168,2026-07-05 01:32:16,29339.0,mobile,10.0,0.0,4.5,Low,['Transaction amount is unusually large for this profile']
TXNf12d0664-d,CUST00161,2026-06-20 02:19:09,74244.67,web,10.0,0.0,4.5,Low,['Transaction amount is unusually large for this profile']
TXN8ff01845-0,CUST00154,2026-07-16 01:34:51,32652.49,mobile,10.0,0.0,4.5,Low,['Transaction amount is unusually large for this profile']
TXN5502ec67-4,CUST00407,2026-07-04 11:07:57,4808.74,mobile,8.0,0.0,3.6,Low,['Funds sent to a new/unrecognized beneficiary']
TXN2a257ecc-7,CUST00408,2026-07-04 06:28:11,493.09,web,8.0,0.0,3.6,Low,['Funds sent to a new/unrecognized beneficiary']
TXNdce61522-0,CUST00409,2026-07-09 08:06:30,2205.14,mobile,8.0,0.0,3.6,Low,['Funds sent to a new/unrecognized beneficiary']
TXN15690641-0,CUST00409,2026-07-13 11:48:07,3538.59,web,8.0,0.0,3.6,Low,['Funds sent to a new/unrecognized beneficiary']
TXN7ab4d358-8,CUST00405,2026-07-06 14:21:00,2761.59,web,8.0,0.0,3.6,Low,['Funds sent to a new/unrecognized beneficiary']
TXNd9a9a834-7,CUST00407,2026-06-22 14:53:47,11890.98,mobile,8.0,0.0,3.6,Low,['Funds sent to a new/unrecognized beneficiary']
TXN275b7c2c-1,CUST00403,2026-07-04 00:59:54,4319.61,mobile,8.0,0.0,3.6,Low,['Funds sent to a new/unrecognized beneficiary']
TXN3ab09847-6,CUST00403,2026-07-10 03:16:16,963.82,web,8.0,0.0,3.6,Low,['Funds sent to a new/unrecognized beneficiary']
TXNdfedf5fa-1,CUST00404,2026-06-27 05:51:33,1843.86,mobile,8.0,0.0,3.6,Low,['Funds sent to a new/unrecognized beneficiary']
TXN4059d846-f,CUST00550,2026-06-20 08:06:15,2655.06,web,8.0,0.0,3.6,Low,['Funds sent to a new/unrecognized beneficiary']
TXNf81379f3-a,CUST00550,2026-06-28 10:24:45,1482.2,atm,8.0,0.0,3.6,Low,['Funds sent to a new/unrecognized beneficiary']
TXNea3dbc37-6,CUST00550,2026-07-01 14:54:11,264.92,mobile,8.0,0.0,3.6,Low,['Funds sent to a new/unrecognized beneficiary']
TXN634ee115-5,CUST00556,2026-06-22 11:42:38,4769.14,web,8.0,0.0,3.6,Low,['Funds sent to a new/unrecognized beneficiary']
TXN0cad2d63-8,CUST00554,2026-06-22 18:36:19,1511.41,web,8.0,0.0,3.6,Low,['Funds sent to a new/unrecognized beneficiary']
TXNaa9af6c4-3,CUST00555,2026-06-18 15:01:57,1974.09,web,8.0,0.0,3.6,Low,['Funds sent to a new/unrecognized beneficiary']
TXNc544a049-6,CUST00019,2026-07-15 19:46:21,10304.42,mobile,8.0,0.0,3.6,Low,['Funds sent to a new/unrecognized beneficiary']
TXNf2ca2002-f,CUST00020,2026-06-17 04:09:59,1285.31,mobile,8.0,0.0,3.6,Low,['Funds sent to a new/unrecognized beneficiary']
TXN9af20d53-a,CUST00388,2026-07-09 06:55:47,432.47,mobile,8.0,0.0,3.6,Low,['Funds sent to a new/unrecognized beneficiary']
TXNf08d5f51-9,CUST00386,2026-07-05 05:59:42,1854.54,mobile,8.0,0.0,3.6,Low,['Funds sent to a new/unrecognized beneficiary']
TXNe432f23e-1,CUST00386,2026-07-08 21:27:50,363.87,mobile,8.0,0.0,3.6,Low,['Funds sent to a new/unrecognized beneficiary']
TXN6e025590-0,CUST00387,2026-06-20 02:50:13,784.83,mobile,8.0,0.0,3.6,Low,['Funds sent to a new/unrecognized beneficiary']
TXN32239f5d-2,CUST00400,2026-06-22 18:27:12,1645.29,web,8.0,0.0,3.6,Low,['Funds sent to a new/unrecognized beneficiary']
TXN2c0ca9c0-3,CUST00400,2026-07-02 23:52:38,288.16,mobile,8.0,0.0,3.6,Low,['Funds sent to a new/unrecognized beneficiary']
TXNa08ba0ef-5,CUST00402,2026-06-26 08:49:08,3167.29,web,8.0,0.0,3.6,Low,['Funds sent to a new/unrecognized beneficiary']
TXNb062166c-7,CUST00398,2026-06-21 02:23:50,910.55,web,8.0,0.0,3.6,Low,['Funds sent to a new/unrecognized beneficiary']
TXN5550f4ea-a,CUST00385,2026-06-26 19:06:14,2593.23,mobile,8.0,0.0,3.6,Low,['Funds sent to a new/unrecognized beneficiary']
TXN85406adb-9,CUST00382,2026-07-12 20:31:35,1207.34,mobile,8.0,0.0,3.6,Low,['Funds sent to a new/unrecognized beneficiary']
TXNf08aba21-0,CUST00073,2026-07-14 11:03:22,3129.95,web,8.0,0.0,3.6,Low,['Funds sent to a new/unrecognized beneficiary']
TXN8db7c020-7,CUST00382,2026-07-02 11:15:21,1231.06,web,8.0,0.0,3.6,Low,['Funds sent to a new/unrecognized beneficiary']
TXN97c75839-1,CUST00382,2026-07-05 06:54:59,1871.97,branch,8.0,0.0,3.6,Low,['Funds sent to a new/unrecognized beneficiary']
TXN2d28746a-5,CUST00378,2026-07-11 14:25:46,16726.27,web,8.0,0.0,3.6,Low,['Funds sent to a new/unrecognized beneficiary']
TXN82c273a9-7,CUST00378,2026-07-16 06:30:53,2040.17,mobile,8.0,0.0,3.6,Low,['Funds sent to a new/unrecognized beneficiary']
TXNb8a35c0c-4,CUST00393,2026-07-04 14:44:29,350.66,mobile,8.0,0.0,3.6,Low,['Funds sent to a new/unrecognized beneficiary']
TXN87a8cadf-e,CUST00394,2026-07-15 07:39:02,8703.73,mobile,8.0,0.0,3.6,Low,['Funds sent to a new/unrecognized beneficiary']
TXN91312064-1,CUST00393,2026-06-21 19:14:08,1110.01,branch,8.0,0.0,3.6,Low,['Funds sent to a new/unrecognized beneficiary']
TXN63a35592-3,CUST00390,2026-07-05 04:40:12,2007.27,web,8.0,0.0,3.6,Low,['Funds sent to a new/unrecognized beneficiary']
TXN1966d047-d,CUST00071,2026-07-05 22:13:34,1127.91,web,8.0,0.0,3.6,Low,['Funds sent to a new/unrecognized beneficiary']
TXN1d4ff1c8-6,CUST00072,2026-06-21 14:52:51,6556.97,mobile,8.0,0.0,3.6,Low,['Funds sent to a new/unrecognized beneficiary']
TXNc002c7fc-e,CUST00420,2026-07-11 16:50:47,5216.49,web,8.0,0.0,3.6,Low,['Funds sent to a new/unrecognized beneficiary']
TXN88fd5890-a,CUST00062,2026-06-23 08:53:48,1783.75,branch,8.0,0.0,3.6,Low,['Funds sent to a new/unrecognized beneficiary']
TXNfb26699f-1,CUST00545,2026-07-13 21:08:03,983.77,mobile,8.0,0.0,3.6,Low,['Funds sent to a new/unrecognized beneficiary']
TXNd3c8acca-3,CUST00543,2026-07-06 10:32:02,10531.11,web,8.0,0.0,3.6,Low,['Funds sent to a new/unrecognized beneficiary']
TXN29a7f041-2,CUST00541,2026-07-06 03:56:22,550.75,atm,8.0,0.0,3.6,Low,['Funds sent to a new/unrecognized beneficiary']
TXN5dcf19aa-b,CUST00541,2026-07-07 03:03:39,8460.77,mobile,8.0,0.0,3.6,Low,['Funds sent to a new/unrecognized beneficiary']
TXN96944fa8-a,CUST00553,2026-06-17 03:51:22,9163.65,mobile,8.0,0.0,3.6,Low,['Funds sent to a new/unrecognized beneficiary']
TXN246f5c1d-0,CUST00551,2026-06-18 11:47:56,5128.68,branch,8.0,0.0,3.6,Low,['Funds sent to a new/unrecognized beneficiary']
TXNf543c14d-5,CUST00372,2026-06-29 08:33:03,1652.32,branch,8.0,0.0,3.6,Low,['Funds sent to a new/unrecognized beneficiary']
TXNde3e0557-9,CUST00372,2026-07-08 11:51:10,3361.16,web,8.0,0.0,3.6,Low,['Funds sent to a new/unrecognized beneficiary']
TXN57cc6c2a-b,CUST00373,2026-06-17 13:41:44,5204.1,web,8.0,0.0,3.6,Low,['Funds sent to a new/unrecognized beneficiary']
TXN56516ab6-5,CUST00373,2026-06-20 02:02:42,287.04,mobile,8.0,0.0,3.6,Low,['Funds sent to a new/unrecognized beneficiary']
TXN025c9425-c,CUST00373,2026-07-12 02:14:36,4483.29,mobile,8.0,0.0,3.6,Low,['Funds sent to a new/unrecognized beneficiary']
TXN640b1814-2,CUST00370,2026-06-20 19:02:11,201.9,web,8.0,0.0,3.6,Low,['Funds sent to a new/unrecognized beneficiary']
TXNcfef7fd7-a,CUST00387,2026-06-20 15:05:35,2897.76,web,8.0,0.0,3.6,Low,['Funds sent to a new/unrecognized beneficiary']
TXN0d08367e-f,CUST00021,2026-07-03 08:00:34,1219.74,mobile,8.0,0.0,3.6,Low,['Funds sent to a new/unrecognized beneficiary']
TXNdfc8e060-6,CUST00062,2026-06-25 09:50:45,937.08,mobile,8.0,0.0,3.6,Low,['Funds sent to a new/unrecognized beneficiary']
TXN5953ff90-1,CUST00062,2026-07-10 08:48:17,348.94,mobile,8.0,0.0,3.6,Low,['Funds sent to a new/unrecognized beneficiary']
TXNb4c70241-9,CUST00429,2026-06-30 06:59:29,1903.84,web,8.0,0.0,3.6,Low,['Funds sent to a new/unrecognized beneficiary']
TXN01a9abd0-e,CUST00561,2026-06-21 01:25:32,2466.85,mobile,8.0,0.0,3.6,Low,['Funds sent to a new/unrecognized beneficiary']
TXNcb697bf9-3,CUST00561,2026-06-23 03:13:16,827.94,mobile,8.0,0.0,3.6,Low,['Funds sent to a new/unrecognized beneficiary']
TXNf3dea9dc-4,CUST00017,2026-06-25 08:17:16,540.85,atm,8.0,0.0,3.6,Low,['Funds sent to a new/unrecognized beneficiary']
TXN7a8b737a-3,CUST00379,2026-07-07 03:08:49,1851.75,mobile,8.0,0.0,3.6,Low,['Funds sent to a new/unrecognized beneficiary']
TXN9d47172c-a,CUST00378,2026-06-25 02:04:38,505.9,mobile,8.0,0.0,3.6,Low,['Funds sent to a new/unrecognized beneficiary']
TXNefe5f873-d,CUST00378,2026-07-02 20:03:34,4997.03,web,8.0,0.0,3.6,Low,['Funds sent to a new/unrecognized beneficiary']
TXN76aac248-e,CUST00375,2026-06-18 12:44:11,1715.6,web,8.0,0.0,3.6,Low,['Funds sent to a new/unrecognized beneficiary']
TXNf5dab6fe-1,CUST00421,2026-07-11 20:25:17,547.14,web,8.0,0.0,3.6,Low,['Funds sent to a new/unrecognized beneficiary']
TXN3cd68ac3-5,CUST00424,2026-07-02 21:15:19,2442.17,mobile,8.0,0.0,3.6,Low,['Funds sent to a new/unrecognized beneficiary']
TXNe28b40c6-8,CUST00425,2026-06-23 17:00:42,7314.27,mobile,8.0,0.0,3.6,Low,['Funds sent to a new/unrecognized beneficiary']
TXN65d8350a-6,CUST00425,2026-07-05 04:59:05,1237.57,mobile,8.0,0.0,3.6,Low,['Funds sent to a new/unrecognized beneficiary']
TXN386bf5fc-9,CUST00433,2026-07-13 18:01:42,3861.98,mobile,8.0,0.0,3.6,Low,['Funds sent to a new/unrecognized beneficiary']
TXNe5b23a6d-0,CUST00433,2026-06-22 18:23:57,1499.38,mobile,8.0,0.0,3.6,Low,['Funds sent to a new/unrecognized beneficiary']
TXN1d3ea32c-7,CUST00362,2026-06-18 01:43:44,1830.8,mobile,8.0,0.0,3.6,Low,['Funds sent to a new/unrecognized beneficiary']
TXNa7fb859f-7,CUST00370,2026-07-15 02:03:01,971.13,mobile,8.0,0.0,3.6,Low,['Funds sent to a new/unrecognized beneficiary']
TXNdcd1ad00-b,CUST00371,2026-07-05 19:53:16,1468.22,mobile,8.0,0.0,3.6,Low,['Funds sent to a new/unrecognized beneficiary']
TXNcdf5a57f-9,CUST00366,2026-07-09 04:30:44,2865.29,mobile,8.0,0.0,3.6,Low,['Funds sent to a new/unrecognized beneficiary']
TXNadc1e2f7-5,CUST00366,2026-07-15 18:31:50,9063.16,web,8.0,0.0,3.6,Low,['Funds sent to a new/unrecognized beneficiary']
TXNc3828725-e,CUST00021,2026-06-27 18:11:23,280.43,web,8.0,0.0,3.6,Low,['Funds sent to a new/unrecognized beneficiary']
TXN2d598b9d-b,CUST00552,2026-06-23 13:14:22,2618.85,atm,8.0,0.0,3.6,Low,['Funds sent to a new/unrecognized beneficiary']
TXN929b4c7b-f,CUST00559,2026-07-12 19:32:48,2504.26,mobile,8.0,0.0,3.6,Low,['Funds sent to a new/unrecognized beneficiary']
TXN6399c513-a,CUST00551,2026-06-30 04:43:32,180.82,atm,8.0,0.0,3.6,Low,['Funds sent to a new/unrecognized beneficiary']
TXNdc247a02-2,CUST00552,2026-06-19 14:00:36,884.31,mobile,8.0,0.0,3.6,Low,['Funds sent to a new/unrecognized beneficiary']
TXN58d0202b-7,CUST00359,2026-06-25 01:12:52,426.29,mobile,8.0,0.0,3.6,Low,['Funds sent to a new/unrecognized beneficiary']
TXN826f081a-0,CUST00359,2026-07-04 23:03:45,1543.18,mobile,8.0,0.0,3.6,Low,['Funds sent to a new/unrecognized beneficiary']
TXN2ab9aa52-6,CUST00355,2026-07-11 16:36:52,1795.08,mobile,8.0,0.0,3.6,Low,['Funds sent to a new/unrecognized beneficiary']
TXN6b7f0864-a,CUST00078,2026-07-07 13:14:47,2919.44,mobile,8.0,0.0,3.6,Low,['Funds sent to a new/unrecognized beneficiary']
TXNfa75b5fc-7,CUST00366,2026-07-05 14:36:19,5859.43,mobile,8.0,0.0,3.6,Low,['Funds sent to a new/unrecognized beneficiary']
TXN293e16b3-c,CUST00079,2026-06-25 11:24:44,4215.49,mobile,8.0,0.0,3.6,Low,['Funds sent to a new/unrecognized beneficiary']
TXNc2ce56bd-8,CUST00080,2026-07-12 22:18:12,1563.68,mobile,8.0,0.0,3.6,Low,['Funds sent to a new/unrecognized beneficiary']
TXN476a3991-a,CUST00363,2026-07-11 11:03:59,2302.78,mobile,8.0,0.0,3.6,Low,['Funds sent to a new/unrecognized beneficiary']
TXN4ce33ed4-9,CUST00364,2026-06-21 18:02:26,759.73,branch,8.0,0.0,3.6,Low,['Funds sent to a new/unrecognized beneficiary']
TXN69a31ab6-5,CUST00365,2026-06-22 01:03:34,1574.35,web,8.0,0.0,3.6,Low,['Funds sent to a new/unrecognized beneficiary']
TXN6e06f176-d,CUST00426,2026-07-03 02:42:58,2936.99,mobile,8.0,0.0,3.6,Low,['Funds sent to a new/unrecognized beneficiary']
TXN62e38426-0,CUST00426,2026-07-09 11:41:54,3828.36,web,8.0,0.0,3.6,Low,['Funds sent to a new/unrecognized beneficiary']
TXN11730df2-2,CUST00060,2026-06-30 00:25:35,3966.58,web,8.0,0.0,3.6,Low,['Funds sent to a new/unrecognized beneficiary']
TXNcc214b4e-f,CUST00060,2026-07-07 06:31:00,1829.32,mobile,8.0,0.0,3.6,Low,['Funds sent to a new/unrecognized beneficiary']
TXN0e9b65bb-a,CUST00061,2026-07-01 21:57:33,11632.55,web,8.0,0.0,3.6,Low,['Funds sent to a new/unrecognized beneficiary']
TXN4f418193-e,CUST00430,2026-07-04 12:12:06,713.98,web,8.0,0.0,3.6,Low,['Funds sent to a new/unrecognized beneficiary']
TXN5e452956-8,CUST00428,2026-07-05 01:19:54,813.95,mobile,8.0,0.0,3.6,Low,['Funds sent to a new/unrecognized beneficiary']
TXNada3b63d-a,CUST00429,2026-06-18 03:21:01,1051.35,mobile,8.0,0.0,3.6,Low,['Funds sent to a new/unrecognized beneficiary']
TXNaad29f81-7,CUST00447,2026-06-30 19:01:59,514.82,mobile,8.0,0.0,3.6,Low,['Funds sent to a new/unrecognized beneficiary']
TXNfef44a33-a,CUST00448,2026-06-24 03:41:47,3096.07,mobile,8.0,0.0,3.6,Low,['Funds sent to a new/unrecognized beneficiary']
TXNc016215d-3,CUST00444,2026-06-25 13:03:47,3161.8,mobile,8.0,0.0,3.6,Low,['Funds sent to a new/unrecognized beneficiary']
TXN4bf66063-8,CUST00445,2026-06-27 10:46:03,1642.03,web,8.0,0.0,3.6,Low,['Funds sent to a new/unrecognized beneficiary']
TXNb166681c-b,CUST00598,2026-07-15 01:48:18,2789.28,web,8.0,0.0,3.6,Low,['Funds sent to a new/unrecognized beneficiary']
TXNa1ab975e-5,CUST00363,2026-06-28 10:43:27,1234.69,mobile,8.0,0.0,3.6,Low,['Funds sent to a new/unrecognized beneficiary']
TXN27d54ab0-8,CUST00363,2026-06-28 16:33:07,1916.67,web,8.0,0.0,3.6,Low,['Funds sent to a new/unrecognized beneficiary']
TXNe21734c6-d,CUST00361,2026-06-27 16:54:33,2560.35,web,8.0,0.0,3.6,Low,['Funds sent to a new/unrecognized beneficiary']
TXN5199839c-d,CUST00082,2026-06-21 20:08:52,384.6,web,8.0,0.0,3.6,Low,['Funds sent to a new/unrecognized beneficiary']
TXN13ffe66e-6,CUST00358,2026-06-23 20:50:42,3117.08,mobile,8.0,0.0,3.6,Low,['Funds sent to a new/unrecognized beneficiary']
TXNe35bba6d-b,CUST00348,2026-06-30 06:16:36,9122.02,branch,8.0,0.0,3.6,Low,['Funds sent to a new/unrecognized beneficiary']
TXN37abaed7-8,CUST00085,2026-06-27 14:31:46,7637.7,mobile,8.0,0.0,3.6,Low,['Funds sent to a new/unrecognized beneficiary']
TXN0a39561f-3,CUST00345,2026-07-03 00:20:43,1568.34,mobile,8.0,0.0,3.6,Low,['Funds sent to a new/unrecognized beneficiary']
TXN8aad970f-3,CUST00346,2026-06-30 10:44:03,380.5,atm,8.0,0.0,3.6,Low,['Funds sent to a new/unrecognized beneficiary']
TXN3457c8d7-5,CUST00341,2026-07-16 02:23:12,1499.3,web,8.0,0.0,3.6,Low,['Funds sent to a new/unrecognized beneficiary']
TXN474d3a1a-6,CUST00340,2026-06-30 12:28:52,382.61,web,8.0,0.0,3.6,Low,['Funds sent to a new/unrecognized beneficiary']
TXN97266a28-d,CUST00356,2026-06-27 23:17:40,1198.95,branch,8.0,0.0,3.6,Low,['Funds sent to a new/unrecognized beneficiary']
TXN19edcdbc-e,CUST00357,2026-06-16 17:43:24,2450.3,web,8.0,0.0,3.6,Low,['Funds sent to a new/unrecognized beneficiary']
TXN7d6dca57-c,CUST00354,2026-07-10 16:20:55,1123.46,web,8.0,0.0,3.6,Low,['Funds sent to a new/unrecognized beneficiary']
TXN12cb7604-3,CUST00355,2026-06-19 03:15:11,213.88,web,8.0,0.0,3.6,Low,['Funds sent to a new/unrecognized beneficiary']
TXNdde7110f-f,CUST00352,2026-07-09 09:31:28,319.28,mobile,8.0,0.0,3.6,Low,['Funds sent to a new/unrecognized beneficiary']
TXNdefa6d4a-4,CUST00351,2026-06-23 10:51:17,414.28,atm,8.0,0.0,3.6,Low,['Funds sent to a new/unrecognized beneficiary']
TXN8c9bcaa6-0,CUST00433,2026-06-22 21:41:17,4678.96,atm,8.0,0.0,3.6,Low,['Funds sent to a new/unrecognized beneficiary']
TXNc1cb8d69-8,CUST00433,2026-06-29 14:07:00,2187.19,mobile,8.0,0.0,3.6,Low,['Funds sent to a new/unrecognized beneficiary']
TXNb7f330ad-c,CUST00058,2026-06-24 16:15:44,778.25,mobile,8.0,0.0,3.6,Low,['Funds sent to a new/unrecognized beneficiary']
TXNaed0cbcf-c,CUST00059,2026-06-26 05:00:00,18942.16,mobile,8.0,0.0,3.6,Low,['Funds sent to a new/unrecognized beneficiary']
TXNa9e7bb4f-a,CUST00454,2026-07-09 23:29:44,1576.71,mobile,8.0,0.0,3.6,Low,['Funds sent to a new/unrecognized beneficiary']
TXN40328c40-b,CUST00452,2026-06-24 07:26:34,3686.26,web,8.0,0.0,3.6,Low,['Funds sent to a new/unrecognized beneficiary']
TXN9c174363-b,CUST00452,2026-06-24 15:50:26,2256.75,web,8.0,0.0,3.6,Low,['Funds sent to a new/unrecognized beneficiary']
TXNb81cc43b-f,CUST00452,2026-06-29 23:31:35,2676.12,web,8.0,0.0,3.6,Low,['Funds sent to a new/unrecognized beneficiary']
TXNf37985df-f,CUST00055,2026-07-08 10:04:36,653.32,web,8.0,0.0,3.6,Low,['Funds sent to a new/unrecognized beneficiary']
TXNdf9a7704-a,CUST00450,2026-07-05 23:44:19,1094.28,mobile,8.0,0.0,3.6,Low,['Funds sent to a new/unrecognized beneficiary']
TXNc88994e7-4,CUST00451,2026-06-25 09:14:08,898.89,mobile,8.0,0.0,3.6,Low,['Funds sent to a new/unrecognized beneficiary']
TXN46e95aec-0,CUST00569,2026-06-23 23:36:56,658.43,mobile,8.0,0.0,3.6,Low,['Funds sent to a new/unrecognized beneficiary']
TXNe604d38c-0,CUST00569,2026-07-03 21:39:08,1062.27,atm,8.0,0.0,3.6,Low,['Funds sent to a new/unrecognized beneficiary']
TXN216dfc70-2,CUST00569,2026-07-05 03:36:54,330.66,mobile,8.0,0.0,3.6,Low,['Funds sent to a new/unrecognized beneficiary']
TXN460db751-3,CUST00014,2026-07-14 03:07:03,286.14,mobile,8.0,0.0,3.6,Low,['Funds sent to a new/unrecognized beneficiary']
TXN68127855-e,CUST00337,2026-06-21 10:23:26,1197.72,mobile,8.0,0.0,3.6,Low,['Funds sent to a new/unrecognized beneficiary']
TXN85713253-9,CUST00337,2026-07-11 10:08:37,1005.36,mobile,8.0,0.0,3.6,Low,['Funds sent to a new/unrecognized beneficiary']
TXN5f321f6d-0,CUST00334,2026-06-27 04:54:49,425.39,web,8.0,0.0,3.6,Low,['Funds sent to a new/unrecognized beneficiary']
TXNe4529643-2,CUST00346,2026-07-04 04:21:04,5375.59,mobile,8.0,0.0,3.6,Low,['Funds sent to a new/unrecognized beneficiary']
TXN3df5516b-3,CUST00346,2026-07-14 18:03:08,288.75,mobile,8.0,0.0,3.6,Low,['Funds sent to a new/unrecognized beneficiary']
TXN3f3d2b89-a,CUST00341,2026-06-18 05:42:33,3537.79,web,8.0,0.0,3.6,Low,['Funds sent to a new/unrecognized beneficiary']
TXNb7900752-7,CUST00341,2026-07-04 23:15:15,13545.62,web,8.0,0.0,3.6,Low,['Funds sent to a new/unrecognized beneficiary']
TXNd6e9fa04-d,CUST00338,2026-06-22 06:38:21,10806.07,web,8.0,0.0,3.6,Low,['Funds sent to a new/unrecognized beneficiary']
TXN2323f3de-9,CUST00339,2026-06-16 14:37:23,13847.49,mobile,8.0,0.0,3.6,Low,['Funds sent to a new/unrecognized beneficiary']
TXNe914ae70-f,CUST00088,2026-06-23 23:05:09,649.3,mobile,8.0,0.0,3.6,Low,['Funds sent to a new/unrecognized beneficiary']
TXN4c66d04f-6,CUST00088,2026-06-25 12:53:22,1218.22,mobile,8.0,0.0,3.6,Low,['Funds sent to a new/unrecognized beneficiary']
TXN612a9cc6-c,CUST00089,2026-06-22 14:56:40,397.29,mobile,8.0,0.0,3.6,Low,['Funds sent to a new/unrecognized beneficiary']
TXNa27a2bda-1,CUST00019,2026-07-12 10:35:35,1038.75,mobile,8.0,0.0,3.6,Low,['Funds sent to a new/unrecognized beneficiary']
TXN8c28d4a4-d,CUST00557,2026-07-06 23:11:55,758.78,atm,8.0,0.0,3.6,Low,['Funds sent to a new/unrecognized beneficiary']
TXN38059440-2,CUST00559,2026-06-21 08:48:47,946.75,web,8.0,0.0,3.6,Low,['Funds sent to a new/unrecognized beneficiary']
TXNfd9c70c3-2,CUST00571,2026-07-01 22:49:12,1431.24,atm,8.0,0.0,3.6,Low,['Funds sent to a new/unrecognized beneficiary']
TXNdd53abe1-2,CUST00445,2026-07-01 22:53:32,1142.54,web,8.0,0.0,3.6,Low,['Funds sent to a new/unrecognized beneficiary']
TXN0ee503e3-2,CUST00440,2026-07-01 19:13:17,2469.64,mobile,8.0,0.0,3.6,Low,['Funds sent to a new/unrecognized beneficiary']
TXNbef0e0f1-1,CUST00441,2026-06-22 16:01:50,439.82,web,8.0,0.0,3.6,Low,['Funds sent to a new/unrecognized beneficiary']
TXNe2abe6e3-7,CUST00441,2026-06-29 23:53:11,1892.62,web,8.0,0.0,3.6,Low,['Funds sent to a new/unrecognized beneficiary']
TXN93188472-9,CUST00454,2026-07-07 13:42:32,1998.99,web,8.0,0.0,3.6,Low,['Funds sent to a new/unrecognized beneficiary']
TXN43d10cf2-a,CUST00450,2026-06-22 23:36:53,8065.28,atm,8.0,0.0,3.6,Low,['Funds sent to a new/unrecognized beneficiary']
TXN498ccdd7-a,CUST00458,2026-06-25 17:18:44,11509.32,atm,8.0,0.0,3.6,Low,['Funds sent to a new/unrecognized beneficiary']
TXN44f2a0db-b,CUST00455,2026-07-04 11:21:14,775.36,atm,8.0,0.0,3.6,Low,['Funds sent to a new/unrecognized beneficiary']
TXNf5e1ab65-8,CUST00456,2026-07-06 12:01:17,6212.85,mobile,8.0,0.0,3.6,Low,['Funds sent to a new/unrecognized beneficiary']
TXNee7385d8-6,CUST00054,2026-07-05 00:16:05,2116.75,mobile,8.0,0.0,3.6,Low,['Funds sent to a new/unrecognized beneficiary']
TXN58c68877-4,CUST00453,2026-07-12 21:46:23,2146.73,mobile,8.0,0.0,3.6,Low,['Funds sent to a new/unrecognized beneficiary']
TXN36d0bb41-7,CUST00335,2026-07-13 22:45:49,7544.41,web,8.0,0.0,3.6,Low,['Funds sent to a new/unrecognized beneficiary']
TXNcb59b151-5,CUST00332,2026-06-20 00:49:22,2462.62,branch,8.0,0.0,3.6,Low,['Funds sent to a new/unrecognized beneficiary']
TXN79810edf-5,CUST00332,2026-06-24 11:21:35,11046.74,web,8.0,0.0,3.6,Low,['Funds sent to a new/unrecognized beneficiary']
TXN7a5653b3-4,CUST00333,2026-06-19 05:13:43,7310.72,web,8.0,0.0,3.6,Low,['Funds sent to a new/unrecognized beneficiary']
TXN161cd674-2,CUST00333,2026-07-05 07:06:21,3465.9,web,8.0,0.0,3.6,Low,['Funds sent to a new/unrecognized beneficiary']
TXN2334fcc4-e,CUST00333,2026-07-05 09:33:05,726.14,mobile,8.0,0.0,3.6,Low,['Funds sent to a new/unrecognized beneficiary']
TXN6d3e4848-5,CUST00330,2026-06-19 03:48:52,2771.16,mobile,8.0,0.0,3.6,Low,['Funds sent to a new/unrecognized beneficiary']
TXNfa926f97-b,CUST00331,2026-06-23 14:48:56,2258.11,mobile,8.0,0.0,3.6,Low,['Funds sent to a new/unrecognized beneficiary']
TXN3503ae05-1,CUST00325,2026-06-18 13:55:40,1181.48,atm,8.0,0.0,3.6,Low,['Funds sent to a new/unrecognized beneficiary']
TXN73dd8d31-4,CUST00325,2026-06-18 18:00:41,1223.73,web,8.0,0.0,3.6,Low,['Funds sent to a new/unrecognized beneficiary']
TXN4ff02a31-c,CUST00547,2026-07-12 10:05:40,4747.5,mobile,8.0,0.0,3.6,Low,['Funds sent to a new/unrecognized beneficiary']
TXNc391a132-8,CUST00549,2026-06-20 04:47:54,1214.91,web,8.0,0.0,3.6,Low,['Funds sent to a new/unrecognized beneficiary']
TXN490c3442-9,CUST00314,2026-07-06 23:48:29,1345.49,web,8.0,0.0,3.6,Low,['Funds sent to a new/unrecognized beneficiary']
TXNe32a2749-e,CUST00316,2026-06-18 13:28:09,863.41,mobile,8.0,0.0,3.6,Low,['Funds sent to a new/unrecognized beneficiary']
TXNe60584a2-0,CUST00316,2026-06-30 10:35:36,1603.41,web,8.0,0.0,3.6,Low,['Funds sent to a new/unrecognized beneficiary']
TXNdc406c3b-2,CUST00313,2026-06-20 13:21:49,1447.64,mobile,8.0,0.0,3.6,Low,['Funds sent to a new/unrecognized beneficiary']
TXNf1e34d6c-6,CUST00325,2026-06-22 18:02:49,585.34,mobile,8.0,0.0,3.6,Low,['Funds sent to a new/unrecognized beneficiary']
TXNeb680076-9,CUST00326,2026-07-05 06:03:13,1516.19,mobile,8.0,0.0,3.6,Low,['Funds sent to a new/unrecognized beneficiary']
TXN5a5ed7eb-1,CUST00090,2026-07-16 10:14:11,11571.53,mobile,8.0,0.0,3.6,Low,['Funds sent to a new/unrecognized beneficiary']
TXNd06200e3-3,CUST00091,2026-06-30 08:25:06,2492.57,web,8.0,0.0,3.6,Low,['Funds sent to a new/unrecognized beneficiary']
TXNdc160e3d-e,CUST00321,2026-06-27 06:30:27,846.6,atm,8.0,0.0,3.6,Low,['Funds sent to a new/unrecognized beneficiary']
TXN6f72bca4-d,CUST00319,2026-07-01 10:15:34,4185.44,mobile,8.0,0.0,3.6,Low,['Funds sent to a new/unrecognized beneficiary']
TXN9f999133-6,CUST00451,2026-07-07 16:06:54,1207.98,atm,8.0,0.0,3.6,Low,['Funds sent to a new/unrecognized beneficiary']
TXN7f184a88-f,CUST00449,2026-06-21 05:07:30,1721.54,mobile,8.0,0.0,3.6,Low,['Funds sent to a new/unrecognized beneficiary']
TXNc3b8a22b-5,CUST00449,2026-06-24 02:57:28,1785.49,mobile,8.0,0.0,3.6,Low,['Funds sent to a new/unrecognized beneficiary']
TXN84add36e-6,CUST00449,2026-07-12 15:10:34,2492.82,web,8.0,0.0,3.6,Low,['Funds sent to a new/unrecognized beneficiary']
TXNed92b753-b,CUST00094,2026-07-15 23:27:38,637.67,mobile,8.0,0.0,3.6,Low,['Funds sent to a new/unrecognized beneficiary']
TXNb3133c8e-9,CUST00095,2026-07-15 21:03:43,822.98,branch,8.0,0.0,3.6,Low,['Funds sent to a new/unrecognized beneficiary']
TXNae7303c0-5,CUST00096,2026-07-07 13:32:03,9066.02,mobile,8.0,0.0,3.6,Low,['Funds sent to a new/unrecognized beneficiary']
TXNde60d544-e,CUST00309,2026-06-26 21:56:59,1990.07,mobile,8.0,0.0,3.6,Low,['Funds sent to a new/unrecognized beneficiary']
TXN16e7bff3-d,CUST00309,2026-07-09 04:11:27,1357.41,mobile,8.0,0.0,3.6,Low,['Funds sent to a new/unrecognized beneficiary']
TXN2449ea0f-5,CUST00307,2026-07-04 12:03:10,1346.56,web,8.0,0.0,3.6,Low,['Funds sent to a new/unrecognized beneficiary']
TXN58c714f2-a,CUST00320,2026-06-25 19:18:50,5932.25,branch,8.0,0.0,3.6,Low,['Funds sent to a new/unrecognized beneficiary']
TXN3649f585-6,CUST00093,2026-06-30 13:28:26,1327.4,mobile,8.0,0.0,3.6,Low,['Funds sent to a new/unrecognized beneficiary']
TXN4b2ca54d-5,CUST00460,2026-06-30 18:45:21,359.71,mobile,8.0,0.0,3.6,Low,['Funds sent to a new/unrecognized beneficiary']
TXN83a64431-d,CUST00461,2026-06-27 18:01:12,3984.84,web,8.0,0.0,3.6,Low,['Funds sent to a new/unrecognized beneficiary']
TXNe9f410c9-1,CUST00459,2026-06-17 02:49:34,1270.05,mobile,8.0,0.0,3.6,Low,['Funds sent to a new/unrecognized beneficiary']
TXN61208478-6,CUST00531,2026-07-04 03:19:22,1770.19,mobile,8.0,0.0,3.6,Low,['Funds sent to a new/unrecognized beneficiary']
TXN5397ff39-d,CUST00307,2026-07-13 06:49:52,713.19,web,8.0,0.0,3.6,Low,['Funds sent to a new/unrecognized beneficiary']
TXNb907e44b-0,CUST00308,2026-07-13 09:18:29,6426.62,mobile,8.0,0.0,3.6,Low,['Funds sent to a new/unrecognized beneficiary']
TXN17841919-3,CUST00308,2026-07-15 16:52:57,1379.62,web,8.0,0.0,3.6,Low,['Funds sent to a new/unrecognized beneficiary']
TXNb1d06d8a-6,CUST00309,2026-06-23 03:36:41,831.86,mobile,8.0,0.0,3.6,Low,['Funds sent to a new/unrecognized beneficiary']
TXNec78342e-f,CUST00305,2026-06-29 22:12:10,5158.18,branch,8.0,0.0,3.6,Low,['Funds sent to a new/unrecognized beneficiary']
TXN96239346-2,CUST00307,2026-06-27 04:58:39,608.74,mobile,8.0,0.0,3.6,Low,['Funds sent to a new/unrecognized beneficiary']
TXNf9705e4b-2,CUST00097,2026-07-05 15:16:23,1095.52,web,8.0,0.0,3.6,Low,['Funds sent to a new/unrecognized beneficiary']
TXN0b90b03d-1,CUST00098,2026-06-18 14:57:39,6848.21,mobile,8.0,0.0,3.6,Low,['Funds sent to a new/unrecognized beneficiary']
TXNae1782f6-9,CUST00098,2026-06-23 10:10:57,934.86,branch,8.0,0.0,3.6,Low,['Funds sent to a new/unrecognized beneficiary']
TXNba52dbf2-f,CUST00303,2026-06-25 14:30:41,3424.02,web,8.0,0.0,3.6,Low,['Funds sent to a new/unrecognized beneficiary']
TXN00c818ba-a,CUST00303,2026-06-28 21:05:44,167.75,web,8.0,0.0,3.6,Low,['Funds sent to a new/unrecognized beneficiary']
TXN877bfb50-1,CUST00303,2026-07-11 05:49:31,400.96,mobile,8.0,0.0,3.6,Low,['Funds sent to a new/unrecognized beneficiary']
TXNda495408-0,CUST00314,2026-06-17 19:49:55,1057.98,web,8.0,0.0,3.6,Low,['Funds sent to a new/unrecognized beneficiary']
TXN14a3ffe6-b,CUST00311,2026-06-26 02:16:21,1688.59,mobile,8.0,0.0,3.6,Low,['Funds sent to a new/unrecognized beneficiary']
TXN8257909d-5,CUST00311,2026-07-08 07:40:01,5687.2,mobile,8.0,0.0,3.6,Low,['Funds sent to a new/unrecognized beneficiary']
TXNbf3b1681-0,CUST00050,2026-07-07 22:36:15,13073.31,mobile,8.0,0.0,3.6,Low,['Funds sent to a new/unrecognized beneficiary']
TXN35f2e254-3,CUST00050,2026-07-10 15:40:46,616.38,mobile,8.0,0.0,3.6,Low,['Funds sent to a new/unrecognized beneficiary']
TXNbbab3b0e-6,CUST00051,2026-06-20 07:03:42,645.32,web,8.0,0.0,3.6,Low,['Funds sent to a new/unrecognized beneficiary']
TXNde4b2801-3,CUST00457,2026-07-14 17:31:32,548.02,web,8.0,0.0,3.6,Low,['Funds sent to a new/unrecognized beneficiary']
TXN8f57cd9e-1,CUST00458,2026-06-16 23:32:57,2248.15,mobile,8.0,0.0,3.6,Low,['Funds sent to a new/unrecognized beneficiary']
TXNf929eda0-b,CUST00469,2026-07-05 11:48:09,4314.58,branch,8.0,0.0,3.6,Low,['Funds sent to a new/unrecognized beneficiary']
TXNeb536282-2,CUST00467,2026-07-03 00:27:35,3996.16,web,8.0,0.0,3.6,Low,['Funds sent to a new/unrecognized beneficiary']
TXN69ccaeb0-a,CUST00467,2026-07-07 08:59:59,6292.15,mobile,8.0,0.0,3.6,Low,['Funds sent to a new/unrecognized beneficiary']
TXN21366a4d-0,CUST00467,2026-07-15 00:32:09,421.02,web,8.0,0.0,3.6,Low,['Funds sent to a new/unrecognized beneficiary']
TXN9ac1b7f0-a,CUST00574,2026-07-11 20:58:02,1007.32,web,8.0,0.0,3.6,Low,['Funds sent to a new/unrecognized beneficiary']
TXN29cf4c70-e,CUST00012,2026-07-07 20:37:30,5996.29,mobile,8.0,0.0,3.6,Low,['Funds sent to a new/unrecognized beneficiary']
TXNf0b0e729-6,CUST00012,2026-07-09 04:14:57,1897.35,mobile,8.0,0.0,3.6,Low,['Funds sent to a new/unrecognized beneficiary']
TXNaf194390-1,CUST00013,2026-06-21 15:34:49,821.28,atm,8.0,0.0,3.6,Low,['Funds sent to a new/unrecognized beneficiary']
TXN9b58e20a-7,CUST00297,2026-07-02 22:38:38,623.32,mobile,8.0,0.0,3.6,Low,['Funds sent to a new/unrecognized beneficiary']
TXNac8d8f32-1,CUST00295,2026-07-01 08:45:13,2025.21,web,8.0,0.0,3.6,Low,['Funds sent to a new/unrecognized beneficiary']
TXN9780fe9b-a,CUST00293,2026-06-25 06:18:46,1779.88,mobile,8.0,0.0,3.6,Low,['Funds sent to a new/unrecognized beneficiary']
TXN29a099de-a,CUST00101,2026-06-27 09:39:46,564.29,mobile,8.0,0.0,3.6,Low,['Funds sent to a new/unrecognized beneficiary']
TXNfb66bcaf-4,CUST00287,2026-07-09 20:36:28,3309.43,branch,8.0,0.0,3.6,Low,['Funds sent to a new/unrecognized beneficiary']
TXN995fa798-1,CUST00299,2026-07-01 11:17:40,12504.91,web,8.0,0.0,3.6,Low,['Funds sent to a new/unrecognized beneficiary']
TXNe950419d-f,CUST00302,2026-07-15 01:25:26,520.57,mobile,8.0,0.0,3.6,Low,['Funds sent to a new/unrecognized beneficiary']
TXN9e54b7bf-a,CUST00298,2026-06-20 02:40:44,520.93,branch,8.0,0.0,3.6,Low,['Funds sent to a new/unrecognized beneficiary']
TXNf3f48d53-1,CUST00298,2026-07-13 06:39:57,332.41,web,8.0,0.0,3.6,Low,['Funds sent to a new/unrecognized beneficiary']
TXN57522610-4,CUST00299,2026-06-30 08:13:47,3350.11,mobile,8.0,0.0,3.6,Low,['Funds sent to a new/unrecognized beneficiary']
TXN62b45550-c,CUST00296,2026-07-12 23:19:32,11471.27,branch,8.0,0.0,3.6,Low,['Funds sent to a new/unrecognized beneficiary']
TXNd46c5776-4,CUST00297,2026-06-18 12:53:32,199.96,mobile,8.0,0.0,3.6,Low,['Funds sent to a new/unrecognized beneficiary']
TXNf3a80aa0-6,CUST00015,2026-07-13 01:28:59,1188.4,branch,8.0,0.0,3.6,Low,['Funds sent to a new/unrecognized beneficiary']
TXNca3a7379-8,CUST00562,2026-07-11 23:59:07,743.16,mobile,8.0,0.0,3.6,Low,['Funds sent to a new/unrecognized beneficiary']
TXN75ffb57f-f,CUST00576,2026-07-12 19:39:13,7024.55,web,8.0,0.0,3.6,Low,['Funds sent to a new/unrecognized beneficiary']
TXNd5828d59-e,CUST00574,2026-07-11 11:12:22,3606.43,atm,8.0,0.0,3.6,Low,['Funds sent to a new/unrecognized beneficiary']
TXNae344b14-5,CUST00546,2026-07-07 06:46:51,574.18,web,8.0,0.0,3.6,Low,['Funds sent to a new/unrecognized beneficiary']
TXNecfa60c9-8,CUST00547,2026-07-03 11:19:38,3468.01,mobile,8.0,0.0,3.6,Low,['Funds sent to a new/unrecognized beneficiary']
TXN44fcc054-c,CUST00024,2026-07-11 01:24:44,487.84,web,8.0,0.0,3.6,Low,['Funds sent to a new/unrecognized beneficiary']
TXN537356f2-c,CUST00465,2026-06-24 23:59:09,1894.08,atm,8.0,0.0,3.6,Low,['Funds sent to a new/unrecognized beneficiary']
TXNdde630e0-c,CUST00463,2026-06-18 18:56:58,1889.23,mobile,8.0,0.0,3.6,Low,['Funds sent to a new/unrecognized beneficiary']
TXNa1d60cf1-8,CUST00463,2026-07-02 09:47:18,157.74,web,8.0,0.0,3.6,Low,['Funds sent to a new/unrecognized beneficiary']
TXNb53a2800-7,CUST00475,2026-07-01 01:04:28,389.05,mobile,8.0,0.0,3.6,Low,['Funds sent to a new/unrecognized beneficiary']
TXNda970edb-a,CUST00473,2026-06-22 11:19:30,1242.11,mobile,8.0,0.0,3.6,Low,['Funds sent to a new/unrecognized beneficiary']
TXN250d235f-1,CUST00599,2026-07-02 10:53:21,1885.4,mobile,8.0,0.0,3.6,Low,['Funds sent to a new/unrecognized beneficiary']
TXNe830257d-c,CUST00046,2026-06-20 01:54:10,1180.23,mobile,8.0,0.0,3.6,Low,['Funds sent to a new/unrecognized beneficiary']
TXNdad95c71-c,CUST00470,2026-07-02 20:07:12,4429.27,web,8.0,0.0,3.6,Low,['Funds sent to a new/unrecognized beneficiary']
TXN7aa83419-7,CUST00277,2026-07-13 20:18:09,1365.52,mobile,8.0,0.0,3.6,Low,['Funds sent to a new/unrecognized beneficiary']
TXNaa3961be-c,CUST00291,2026-06-26 16:24:07,1475.33,atm,8.0,0.0,3.6,Low,['Funds sent to a new/unrecognized beneficiary']
TXN57549c43-c,CUST00291,2026-07-08 07:01:47,536.77,mobile,8.0,0.0,3.6,Low,['Funds sent to a new/unrecognized beneficiary']
TXNb91d8c4c-0,CUST00291,2026-07-15 00:42:01,676.41,atm,8.0,0.0,3.6,Low,['Funds sent to a new/unrecognized beneficiary']
TXN0e60ec16-1,CUST00292,2026-06-24 02:22:18,1137.82,mobile,8.0,0.0,3.6,Low,['Funds sent to a new/unrecognized beneficiary']
TXN60094db3-b,CUST00289,2026-07-03 20:13:37,3299.67,web,8.0,0.0,3.6,Low,['Funds sent to a new/unrecognized beneficiary']
TXN6cacf6d9-c,CUST00290,2026-06-20 11:56:23,6014.27,branch,8.0,0.0,3.6,Low,['Funds sent to a new/unrecognized beneficiary']
TXN1c35730b-4,CUST00100,2026-07-09 12:09:51,6817.49,branch,8.0,0.0,3.6,Low,['Funds sent to a new/unrecognized beneficiary']
TXN8c1046bf-2,CUST00275,2026-07-05 02:32:39,868.45,mobile,8.0,0.0,3.6,Low,['Funds sent to a new/unrecognized beneficiary']
TXN52581086-e,CUST00276,2026-06-24 22:11:32,1536.22,atm,8.0,0.0,3.6,Low,['Funds sent to a new/unrecognized beneficiary']
TXN3313f36c-8,CUST00104,2026-06-28 03:04:21,1061.75,mobile,8.0,0.0,3.6,Low,['Funds sent to a new/unrecognized beneficiary']
TXNb1b2b9c6-7,CUST00104,2026-07-01 18:30:45,561.33,mobile,8.0,0.0,3.6,Low,['Funds sent to a new/unrecognized beneficiary']
TXN23a10fdd-9,CUST00104,2026-07-07 02:15:15,609.35,mobile,8.0,0.0,3.6,Low,['Funds sent to a new/unrecognized beneficiary']
TXN18963a6e-6,CUST00104,2026-07-13 20:48:14,3049.91,branch,8.0,0.0,3.6,Low,['Funds sent to a new/unrecognized beneficiary']
TXNca8b6e4c-e,CUST00272,2026-07-14 08:44:40,784.98,mobile,8.0,0.0,3.6,Low,['Funds sent to a new/unrecognized beneficiary']
TXNe7867bbf-0,CUST00270,2026-07-09 13:08:05,1343.06,web,8.0,0.0,3.6,Low,['Funds sent to a new/unrecognized beneficiary']
TXN858c5992-8,CUST00267,2026-07-15 07:23:41,3148.14,atm,8.0,0.0,3.6,Low,['Funds sent to a new/unrecognized beneficiary']
TXN358fb73f-b,CUST00161,2026-07-16 04:07:10,2326.23,mobile,8.0,0.0,3.6,Low,['Funds sent to a new/unrecognized beneficiary']
TXN64907a63-3,CUST00280,2026-06-19 06:14:06,1431.12,mobile,8.0,0.0,3.6,Low,['Funds sent to a new/unrecognized beneficiary']
TXN330c8461-0,CUST00281,2026-06-24 08:50:41,1285.06,web,8.0,0.0,3.6,Low,['Funds sent to a new/unrecognized beneficiary']
TXNf32de530-5,CUST00143,2026-07-13 14:55:46,717.05,atm,8.0,0.0,3.6,Low,['Funds sent to a new/unrecognized beneficiary']
TXN74300ccc-0,CUST00101,2026-07-07 02:49:17,1393.49,mobile,8.0,0.0,3.6,Low,['Funds sent to a new/unrecognized beneficiary']
TXN8f8d4107-c,CUST00102,2026-06-17 03:23:24,1768.86,mobile,8.0,0.0,3.6,Low,['Funds sent to a new/unrecognized beneficiary']
TXNa17e34b0-6,CUST00144,2026-07-07 06:05:14,1213.53,web,8.0,0.0,3.6,Low,['Funds sent to a new/unrecognized beneficiary']
TXNdf2ff029-d,CUST00478,2026-06-28 16:30:59,1733.57,mobile,8.0,0.0,3.6,Low,['Funds sent to a new/unrecognized beneficiary']
TXN75d0a2af-1,CUST00478,2026-06-30 06:50:34,951.4,web,8.0,0.0,3.6,Low,['Funds sent to a new/unrecognized beneficiary']
TXNd1f2789b-e,CUST00145,2026-06-28 16:52:51,2590.73,mobile,8.0,0.0,3.6,Low,['Funds sent to a new/unrecognized beneficiary']
TXNe9622f9d-3,CUST00479,2026-07-15 05:13:24,1761.67,atm,8.0,0.0,3.6,Low,['Funds sent to a new/unrecognized beneficiary']
TXNddebaa54-9,CUST00595,2026-07-14 13:07:43,948.17,mobile,8.0,0.0,3.6,Low,['Funds sent to a new/unrecognized beneficiary']
TXNafd063d6-3,CUST00480,2026-06-28 03:51:03,1694.35,atm,8.0,0.0,3.6,Low,['Funds sent to a new/unrecognized beneficiary']
TXN23a49571-3,CUST00043,2026-07-01 03:14:21,10129.02,web,8.0,0.0,3.6,Low,['Funds sent to a new/unrecognized beneficiary']
TXN3e6a41f1-2,CUST00043,2026-07-15 14:33:23,3561.95,web,8.0,0.0,3.6,Low,['Funds sent to a new/unrecognized beneficiary']
TXNe2eed64b-8,CUST00044,2026-06-21 11:38:31,11257.73,mobile,8.0,0.0,3.6,Low,['Funds sent to a new/unrecognized beneficiary']
TXNfc75de3d-d,CUST00107,2026-06-23 21:33:37,167.3,web,8.0,0.0,3.6,Low,['Funds sent to a new/unrecognized beneficiary']
TXNce0ed735-6,CUST00261,2026-07-08 05:56:42,4234.05,atm,8.0,0.0,3.6,Low,['Funds sent to a new/unrecognized beneficiary']
TXN5ff540ca-9,CUST00262,2026-06-26 11:47:21,2131.02,atm,8.0,0.0,3.6,Low,['Funds sent to a new/unrecognized beneficiary']
TXNb27c1721-8,CUST00259,2026-07-14 01:53:49,9019.36,branch,8.0,0.0,3.6,Low,['Funds sent to a new/unrecognized beneficiary']
TXN181af69a-1,CUST00260,2026-07-09 18:16:29,9654.98,mobile,8.0,0.0,3.6,Low,['Funds sent to a new/unrecognized beneficiary']
TXNc4e57a92-9,CUST00274,2026-07-13 05:35:33,662.59,branch,8.0,0.0,3.6,Low,['Funds sent to a new/unrecognized beneficiary']
TXNd7ea8625-1,CUST00275,2026-07-03 15:55:02,1843.94,atm,8.0,0.0,3.6,Low,['Funds sent to a new/unrecognized beneficiary']
TXNdb872c8f-0,CUST00254,2026-07-03 23:47:58,3878.2,branch,8.0,0.0,3.6,Low,['Funds sent to a new/unrecognized beneficiary']
TXNe008e8ed-3,CUST00254,2026-07-14 02:23:06,1419.33,mobile,8.0,0.0,3.6,Low,['Funds sent to a new/unrecognized beneficiary']
TXNd3d39ff9-d,CUST00255,2026-06-19 19:10:51,1346.77,mobile,8.0,0.0,3.6,Low,['Funds sent to a new/unrecognized beneficiary']
TXNce3ce7ce-0,CUST00109,2026-07-08 08:23:43,4141.28,mobile,8.0,0.0,3.6,Low,['Funds sent to a new/unrecognized beneficiary']
TXN272c7482-0,CUST00109,2026-07-13 17:22:47,867.78,mobile,8.0,0.0,3.6,Low,['Funds sent to a new/unrecognized beneficiary']
TXN334a34a8-8,CUST00110,2026-06-23 09:08:11,1622.67,mobile,8.0,0.0,3.6,Low,['Funds sent to a new/unrecognized beneficiary']
TXN42a1279b-8,CUST00110,2026-07-09 14:50:09,632.67,mobile,8.0,0.0,3.6,Low,['Funds sent to a new/unrecognized beneficiary']
TXNd96688c9-8,CUST00269,2026-06-23 04:13:51,1485.55,mobile,8.0,0.0,3.6,Low,['Funds sent to a new/unrecognized beneficiary']
TXNfb7b00c7-e,CUST00266,2026-06-20 17:09:45,737.93,web,8.0,0.0,3.6,Low,['Funds sent to a new/unrecognized beneficiary']
TXN7d8f2305-1,CUST00267,2026-07-08 10:17:55,3466.46,mobile,8.0,0.0,3.6,Low,['Funds sent to a new/unrecognized beneficiary']
TXN8503e3b7-1,CUST00468,2026-07-15 06:07:16,446.57,mobile,8.0,0.0,3.6,Low,['Funds sent to a new/unrecognized beneficiary']
TXN9bd39476-1,CUST00480,2026-07-09 22:24:39,1342.26,web,8.0,0.0,3.6,Low,['Funds sent to a new/unrecognized beneficiary']
TXN910813b5-8,CUST00596,2026-06-26 01:12:43,2529.28,web,8.0,0.0,3.6,Low,['Funds sent to a new/unrecognized beneficiary']
TXNc578f4f4-9,CUST00481,2026-06-26 21:18:37,2217.06,mobile,8.0,0.0,3.6,Low,['Funds sent to a new/unrecognized beneficiary']
TXN4b2a2bb4-0,CUST00481,2026-07-09 14:20:33,6390.6,web,8.0,0.0,3.6,Low,['Funds sent to a new/unrecognized beneficiary']
TXNec2c1148-d,CUST00477,2026-07-13 16:23:23,6067.66,branch,8.0,0.0,3.6,Low,['Funds sent to a new/unrecognized beneficiary']
TXN24444f64-3,CUST00011,2026-06-23 09:12:14,3006.37,mobile,8.0,0.0,3.6,Low,['Funds sent to a new/unrecognized beneficiary']
TXNccbdd15e-e,CUST00236,2026-06-19 15:53:00,2149.22,mobile,8.0,0.0,3.6,Low,['Funds sent to a new/unrecognized beneficiary']
TXNd9caa609-e,CUST00236,2026-06-23 11:01:49,1164.74,web,8.0,0.0,3.6,Low,['Funds sent to a new/unrecognized beneficiary']
TXN764f6842-f,CUST00236,2026-07-03 11:54:58,2602.28,web,8.0,0.0,3.6,Low,['Funds sent to a new/unrecognized beneficiary']
TXN53f42383-2,CUST00236,2026-07-07 19:19:20,186.54,mobile,8.0,0.0,3.6,Low,['Funds sent to a new/unrecognized beneficiary']
TXN7b142917-9,CUST00237,2026-06-18 05:00:19,4237.46,web,8.0,0.0,3.6,Low,['Funds sent to a new/unrecognized beneficiary']
TXN5bcc7bfb-4,CUST00250,2026-06-19 09:37:33,323.47,mobile,8.0,0.0,3.6,Low,['Funds sent to a new/unrecognized beneficiary']
TXNbd9ed3fc-5,CUST00251,2026-06-22 17:17:10,1223.61,mobile,8.0,0.0,3.6,Low,['Funds sent to a new/unrecognized beneficiary']
TXN19dad534-b,CUST00142,2026-06-17 22:19:21,10479.09,branch,8.0,0.0,3.6,Low,['Funds sent to a new/unrecognized beneficiary']
TXNd385d453-c,CUST00246,2026-06-28 17:12:52,5224.64,mobile,8.0,0.0,3.6,Low,['Funds sent to a new/unrecognized beneficiary']
TXN9b4cccb0-8,CUST00247,2026-06-19 13:08:50,1708.41,web,8.0,0.0,3.6,Low,['Funds sent to a new/unrecognized beneficiary']
TXN23a9654d-f,CUST00112,2026-07-06 05:28:29,6435.28,mobile,8.0,0.0,3.6,Low,['Funds sent to a new/unrecognized beneficiary']
TXN28874d02-f,CUST00112,2026-07-08 07:30:20,1788.86,web,8.0,0.0,3.6,Low,['Funds sent to a new/unrecognized beneficiary']
TXNd685b08b-6,CUST00245,2026-06-28 00:03:40,130.3,web,8.0,0.0,3.6,Low,['Funds sent to a new/unrecognized beneficiary']
TXNac1cfcfc-f,CUST00244,2026-06-22 20:13:05,208.62,atm,8.0,0.0,3.6,Low,['Funds sent to a new/unrecognized beneficiary']
TXN2223ab94-f,CUST00258,2026-06-18 00:21:02,3652.03,web,8.0,0.0,3.6,Low,['Funds sent to a new/unrecognized beneficiary']
TXNd8a9e06f-3,CUST00484,2026-07-12 13:40:42,810.89,web,8.0,0.0,3.6,Low,['Funds sent to a new/unrecognized beneficiary']
TXN698f3072-0,CUST00485,2026-06-20 15:54:38,255.6,mobile,8.0,0.0,3.6,Low,['Funds sent to a new/unrecognized beneficiary']
TXN36d5187b-b,CUST00151,2026-06-30 20:39:39,2377.3,mobile,8.0,0.0,3.6,Low,['Funds sent to a new/unrecognized beneficiary']
TXNec0389c1-2,CUST00482,2026-07-06 06:47:12,4638.31,web,8.0,0.0,3.6,Low,['Funds sent to a new/unrecognized beneficiary']
TXNd8ccacd5-b,CUST00483,2026-06-22 21:29:37,2709.36,mobile,8.0,0.0,3.6,Low,['Funds sent to a new/unrecognized beneficiary']
TXN4269f091-e,CUST00147,2026-07-13 04:15:58,9434.69,mobile,8.0,0.0,3.6,Low,['Funds sent to a new/unrecognized beneficiary']
TXN0a2cbb1b-e,CUST00148,2026-06-28 15:10:50,5158.98,atm,8.0,0.0,3.6,Low,['Funds sent to a new/unrecognized beneficiary']
TXN507a61a9-9,CUST00146,2026-06-27 13:21:14,970.89,mobile,8.0,0.0,3.6,Low,['Funds sent to a new/unrecognized beneficiary']
TXN44b2e5aa-f,CUST00521,2026-06-30 13:41:00,1308.32,branch,8.0,0.0,3.6,Low,['Funds sent to a new/unrecognized beneficiary']
TXN4d7f6dfb-0,CUST00539,2026-07-07 00:48:36,19251.45,branch,8.0,0.0,3.6,Low,['Funds sent to a new/unrecognized beneficiary']
TXN7ee50afd-1,CUST00581,2026-07-07 05:48:32,138.44,branch,8.0,0.0,3.6,Low,['Funds sent to a new/unrecognized beneficiary']
TXNce908ee8-f,CUST00579,2026-07-15 10:22:45,81.44,mobile,8.0,0.0,3.6,Low,['Funds sent to a new/unrecognized beneficiary']
TXNdebfe7d3-7,CUST00580,2026-06-18 02:08:18,3299.35,mobile,8.0,0.0,3.6,Low,['Funds sent to a new/unrecognized beneficiary']
TXNd6b9bf52-e,CUST00580,2026-06-18 17:51:01,507.7,mobile,8.0,0.0,3.6,Low,['Funds sent to a new/unrecognized beneficiary']
TXN3aa74acf-5,CUST00591,2026-07-16 02:00:58,10990.95,mobile,8.0,0.0,3.6,Low,['Funds sent to a new/unrecognized beneficiary']
TXN0c9f82ad-a,CUST00590,2026-07-16 07:18:09,1519.06,web,8.0,0.0,3.6,Low,['Funds sent to a new/unrecognized beneficiary']
TXN21d67c73-0,CUST00042,2026-06-28 01:42:30,3315.84,branch,8.0,0.0,3.6,Low,['Funds sent to a new/unrecognized beneficiary']
TXN9981d28f-a,CUST00042,2026-07-15 15:00:34,592.4,web,8.0,0.0,3.6,Low,['Funds sent to a new/unrecognized beneficiary']
TXNda8f55c4-b,CUST00491,2026-06-28 06:18:12,484.54,web,8.0,0.0,3.6,Low,['Funds sent to a new/unrecognized beneficiary']
TXNfff03027-3,CUST00491,2026-06-30 19:18:10,4637.2,mobile,8.0,0.0,3.6,Low,['Funds sent to a new/unrecognized beneficiary']
TXN6fd2b471-6,CUST00491,2026-07-05 19:13:02,1137.28,mobile,8.0,0.0,3.6,Low,['Funds sent to a new/unrecognized beneficiary']
TXNe9f746e7-1,CUST00492,2026-06-29 01:13:52,620.36,mobile,8.0,0.0,3.6,Low,['Funds sent to a new/unrecognized beneficiary']
TXN10b7de33-d,CUST00231,2026-07-10 07:47:10,8258.67,mobile,8.0,0.0,3.6,Low,['Funds sent to a new/unrecognized beneficiary']
TXNe1568c60-1,CUST00244,2026-07-01 23:12:43,417.94,atm,8.0,0.0,3.6,Low,['Funds sent to a new/unrecognized beneficiary']
TXN3fa27ffd-3,CUST00243,2026-06-17 15:18:52,2869.77,web,8.0,0.0,3.6,Low,['Funds sent to a new/unrecognized beneficiary']
TXN887cedb9-c,CUST00240,2026-06-21 05:05:18,379.23,web,8.0,0.0,3.6,Low,['Funds sent to a new/unrecognized beneficiary']
TXNf4f7bfdc-5,CUST00235,2026-07-14 04:13:27,4114.62,mobile,8.0,0.0,3.6,Low,['Funds sent to a new/unrecognized beneficiary']
TXNf6c9dd38-0,CUST00013,2026-07-10 16:20:28,1055.86,web,8.0,0.0,3.6,Low,['Funds sent to a new/unrecognized beneficiary']
TXN64dd4384-b,CUST00573,2026-06-18 16:36:43,1896.04,mobile,8.0,0.0,3.6,Low,['Funds sent to a new/unrecognized beneficiary']
TXNf43c67ba-7,CUST00573,2026-06-27 07:32:53,2075.48,web,8.0,0.0,3.6,Low,['Funds sent to a new/unrecognized beneficiary']
TXNc959dbb9-5,CUST00580,2026-07-10 03:12:28,3838.61,mobile,8.0,0.0,3.6,Low,['Funds sent to a new/unrecognized beneficiary']
TXN09a3e57e-2,CUST00476,2026-07-14 10:19:29,3187.54,mobile,8.0,0.0,3.6,Low,['Funds sent to a new/unrecognized beneficiary']
TXNd0d0d99d-b,CUST00590,2026-07-15 02:01:44,443.95,web,8.0,0.0,3.6,Low,['Funds sent to a new/unrecognized beneficiary']
TXN01572a56-e,CUST00117,2026-07-04 20:31:35,4577.47,web,8.0,0.0,3.6,Low,['Funds sent to a new/unrecognized beneficiary']
TXN8037b969-7,CUST00118,2026-07-06 14:02:52,622.69,mobile,8.0,0.0,3.6,Low,['Funds sent to a new/unrecognized beneficiary']
TXN9f35ba40-4,CUST00234,2026-07-05 00:27:59,3166.76,mobile,8.0,0.0,3.6,Low,['Funds sent to a new/unrecognized beneficiary']
TXNb79ee140-1,CUST00235,2026-06-23 10:19:33,2107.49,mobile,8.0,0.0,3.6,Low,['Funds sent to a new/unrecognized beneficiary']
TXNdb5ed35a-2,CUST00235,2026-06-27 07:47:03,1513.31,mobile,8.0,0.0,3.6,Low,['Funds sent to a new/unrecognized beneficiary']
TXN84c2f2c4-e,CUST00233,2026-07-05 04:26:33,1321.78,mobile,8.0,0.0,3.6,Low,['Funds sent to a new/unrecognized beneficiary']
TXN5d7518d4-2,CUST00233,2026-07-11 04:43:53,1085.46,mobile,8.0,0.0,3.6,Low,['Funds sent to a new/unrecognized beneficiary']
TXN5f88fe99-a,CUST00233,2026-07-14 05:25:57,1156.64,web,8.0,0.0,3.6,Low,['Funds sent to a new/unrecognized beneficiary']
TXN9089bcfd-9,CUST00536,2026-06-20 03:46:58,1272.87,web,8.0,0.0,3.6,Low,['Funds sent to a new/unrecognized beneficiary']
TXN8868b644-9,CUST00404,2026-07-04 16:52:12,1161.49,atm,8.0,0.0,3.6,Low,['Funds sent to a new/unrecognized beneficiary']
TXN44d44eca-9,CUST00535,2026-07-16 03:16:44,742.09,branch,8.0,0.0,3.6,Low,['Funds sent to a new/unrecognized beneficiary']
TXN227c27df-3,CUST00419,2026-07-06 05:53:01,480.81,mobile,8.0,0.0,3.6,Low,['Funds sent to a new/unrecognized beneficiary']
TXN98daae8c-f,CUST00027,2026-07-06 03:16:59,1161.92,web,8.0,0.0,3.6,Low,['Funds sent to a new/unrecognized beneficiary']
TXN3016cecc-9,CUST00041,2026-07-10 13:23:11,833.74,mobile,8.0,0.0,3.6,Low,['Funds sent to a new/unrecognized beneficiary']
TXN1c2b498f-0,CUST00042,2026-06-17 20:28:26,1830.24,web,8.0,0.0,3.6,Low,['Funds sent to a new/unrecognized beneficiary']
TXN0843280a-0,CUST00120,2026-06-29 16:31:23,3599.56,atm,8.0,0.0,3.6,Low,['Funds sent to a new/unrecognized beneficiary']
TXNc1e158aa-e,CUST00120,2026-07-12 06:04:30,1796.05,mobile,8.0,0.0,3.6,Low,['Funds sent to a new/unrecognized beneficiary']
TXNfee33607-6,CUST00224,2026-06-24 00:36:06,1565.37,web,8.0,0.0,3.6,Low,['Funds sent to a new/unrecognized beneficiary']
TXN0e5d8626-1,CUST00220,2026-07-08 20:48:16,7758.13,web,8.0,0.0,3.6,Low,['Funds sent to a new/unrecognized beneficiary']
TXNe17f5e53-2,CUST00221,2026-06-25 06:34:28,5063.57,mobile,8.0,0.0,3.6,Low,['Funds sent to a new/unrecognized beneficiary']
TXNb382c1ae-f,CUST00231,2026-07-15 04:43:12,15295.69,mobile,8.0,0.0,3.6,Low,['Funds sent to a new/unrecognized beneficiary']
TXN2d675be3-3,CUST00232,2026-07-07 14:58:24,561.53,mobile,8.0,0.0,3.6,Low,['Funds sent to a new/unrecognized beneficiary']
TXNc5b86c82-3,CUST00228,2026-07-07 09:24:24,5792.52,atm,8.0,0.0,3.6,Low,['Funds sent to a new/unrecognized beneficiary']
TXNdedcc2ff-5,CUST00228,2026-07-10 12:41:15,642.42,web,8.0,0.0,3.6,Low,['Funds sent to a new/unrecognized beneficiary']
TXN0c994ec1-6,CUST00229,2026-06-16 14:00:51,1211.79,branch,8.0,0.0,3.6,Low,['Funds sent to a new/unrecognized beneficiary']
TXN1f8424bd-7,CUST00229,2026-06-20 11:02:02,559.68,mobile,8.0,0.0,3.6,Low,['Funds sent to a new/unrecognized beneficiary']
TXN06822e13-6,CUST00229,2026-06-29 00:19:16,4567.57,mobile,8.0,0.0,3.6,Low,['Funds sent to a new/unrecognized beneficiary']
TXNdaac1277-b,CUST00229,2026-07-13 13:06:05,809.19,mobile,8.0,0.0,3.6,Low,['Funds sent to a new/unrecognized beneficiary']
TXN5bbf785b-9,CUST00230,2026-06-23 17:25:21,12912.67,atm,8.0,0.0,3.6,Low,['Funds sent to a new/unrecognized beneficiary']
TXN940bb34d-e,CUST00230,2026-07-12 11:34:10,3792.65,mobile,8.0,0.0,3.6,Low,['Funds sent to a new/unrecognized beneficiary']
TXN97187943-6,CUST00230,2026-07-14 01:51:34,6219.81,web,8.0,0.0,3.6,Low,['Funds sent to a new/unrecognized beneficiary']
TXN9c2f3381-7,CUST00417,2026-06-24 03:23:58,1975.06,branch,8.0,0.0,3.6,Low,['Funds sent to a new/unrecognized beneficiary']
TXNd980a784-1,CUST00497,2026-06-17 22:08:44,4913.94,mobile,8.0,0.0,3.6,Low,['Funds sent to a new/unrecognized beneficiary']
TXN835108d8-9,CUST00497,2026-06-19 12:47:48,1755.62,branch,8.0,0.0,3.6,Low,['Funds sent to a new/unrecognized beneficiary']
TXN31bf8a3c-5,CUST00418,2026-06-24 14:34:59,14979.64,mobile,8.0,0.0,3.6,Low,['Funds sent to a new/unrecognized beneficiary']
TXN706370c4-9,CUST00495,2026-06-20 09:48:43,232.91,web,8.0,0.0,3.6,Low,['Funds sent to a new/unrecognized beneficiary']
TXNb05ab6bf-b,CUST00495,2026-06-28 23:10:04,1562.29,web,8.0,0.0,3.6,Low,['Funds sent to a new/unrecognized beneficiary']
TXNaf001605-a,CUST00123,2026-06-18 09:34:42,688.57,mobile,8.0,0.0,3.6,Low,['Funds sent to a new/unrecognized beneficiary']
TXNed7403c6-4,CUST00217,2026-06-23 02:35:28,1547.15,web,8.0,0.0,3.6,Low,['Funds sent to a new/unrecognized beneficiary']
TXN31209ff4-2,CUST00217,2026-07-16 06:20:00,8210.4,web,8.0,0.0,3.6,Low,['Funds sent to a new/unrecognized beneficiary']
TXN362465c1-0,CUST00065,2026-07-09 06:43:32,3580.94,mobile,8.0,0.0,3.6,Low,['Funds sent to a new/unrecognized beneficiary']
TXN79dd7b95-1,CUST00214,2026-07-14 15:00:47,2184.85,web,8.0,0.0,3.6,Low,['Funds sent to a new/unrecognized beneficiary']
TXN7bb8373c-8,CUST00215,2026-07-03 02:53:44,1344.18,web,8.0,0.0,3.6,Low,['Funds sent to a new/unrecognized beneficiary']
TXN022f8a47-0,CUST00226,2026-06-23 16:17:34,835.88,mobile,8.0,0.0,3.6,Low,['Funds sent to a new/unrecognized beneficiary']
TXN2686d5c6-6,CUST00226,2026-06-29 21:40:06,581.02,web,8.0,0.0,3.6,Low,['Funds sent to a new/unrecognized beneficiary']
TXNcc5015cf-7,CUST00224,2026-07-05 18:15:18,2156.52,mobile,8.0,0.0,3.6,Low,['Funds sent to a new/unrecognized beneficiary']
TXN8a60b332-9,CUST00119,2026-06-25 20:40:51,259.31,web,8.0,0.0,3.6,Low,['Funds sent to a new/unrecognized beneficiary']
TXN4cca3dda-7,CUST00214,2026-06-25 08:14:46,7810.1,mobile,8.0,0.0,3.6,Low,['Funds sent to a new/unrecognized beneficiary']
TXN6e047758-9,CUST00214,2026-06-28 01:05:28,1534.49,mobile,8.0,0.0,3.6,Low,['Funds sent to a new/unrecognized beneficiary']
TXN3ea426b8-3,CUST00212,2026-07-11 23:54:27,6528.55,mobile,8.0,0.0,3.6,Low,['Funds sent to a new/unrecognized beneficiary']
TXNcec7b903-e,CUST00124,2026-06-19 01:09:23,699.38,mobile,8.0,0.0,3.6,Low,['Funds sent to a new/unrecognized beneficiary']
TXN9d9b72b9-e,CUST00124,2026-06-22 09:27:22,20364.12,atm,8.0,0.0,3.6,Low,['Funds sent to a new/unrecognized beneficiary']
TXN734bda19-c,CUST00208,2026-06-16 19:24:10,528.28,web,8.0,0.0,3.6,Low,['Funds sent to a new/unrecognized beneficiary']
TXNd13b3a4d-8,CUST00222,2026-06-24 20:27:43,996.63,atm,8.0,0.0,3.6,Low,['Funds sent to a new/unrecognized beneficiary']
TXNdee7dad7-1,CUST00222,2026-06-27 13:08:21,3782.42,mobile,8.0,0.0,3.6,Low,['Funds sent to a new/unrecognized beneficiary']
TXN418495a4-b,CUST00219,2026-07-07 11:52:21,1266.65,mobile,8.0,0.0,3.6,Low,['Funds sent to a new/unrecognized beneficiary']
TXNbd303739-8,CUST00220,2026-06-28 16:43:34,5188.66,branch,8.0,0.0,3.6,Low,['Funds sent to a new/unrecognized beneficiary']
TXN39a9a8a9-8,CUST00121,2026-06-18 21:51:28,383.83,atm,8.0,0.0,3.6,Low,['Funds sent to a new/unrecognized beneficiary']
TXN18f1101e-8,CUST00488,2026-07-11 21:47:42,3372.59,atm,8.0,0.0,3.6,Low,['Funds sent to a new/unrecognized beneficiary']
TXN0f90bfaa-b,CUST00489,2026-06-29 02:39:32,993.96,atm,8.0,0.0,3.6,Low,['Funds sent to a new/unrecognized beneficiary']
TXNf0636972-c,CUST00039,2026-07-08 01:58:13,7731.79,mobile,8.0,0.0,3.6,Low,['Funds sent to a new/unrecognized beneficiary']
TXN5ef28433-1,CUST00487,2026-07-06 01:53:08,2001.52,web,8.0,0.0,3.6,Low,['Funds sent to a new/unrecognized beneficiary']
TXN472678ac-7,CUST00485,2026-06-29 13:40:50,783.5,mobile,8.0,0.0,3.6,Low,['Funds sent to a new/unrecognized beneficiary']
TXN9696e833-4,CUST00127,2026-07-15 23:43:42,642.9,web,8.0,0.0,3.6,Low,['Funds sent to a new/unrecognized beneficiary']
TXNc125798e-9,CUST00128,2026-06-28 02:00:42,3524.57,mobile,8.0,0.0,3.6,Low,['Funds sent to a new/unrecognized beneficiary']
TXN2448ef43-1,CUST00065,2026-07-10 06:22:06,5136.18,mobile,8.0,0.0,3.6,Low,['Funds sent to a new/unrecognized beneficiary']
TXN3717f44b-7,CUST00196,2026-07-07 20:41:25,1166.75,mobile,8.0,0.0,3.6,Low,['Funds sent to a new/unrecognized beneficiary']
TXNeb34d8de-3,CUST00193,2026-07-09 09:49:08,2369.75,web,8.0,0.0,3.6,Low,['Funds sent to a new/unrecognized beneficiary']
TXN9b62d6d2-c,CUST00205,2026-06-17 13:27:33,4753.36,mobile,8.0,0.0,3.6,Low,['Funds sent to a new/unrecognized beneficiary']
TXN62a40afe-d,CUST00205,2026-07-01 00:11:31,1362.34,web,8.0,0.0,3.6,Low,['Funds sent to a new/unrecognized beneficiary']
TXNb8d49cf2-1,CUST00206,2026-06-19 18:11:17,3365.24,web,8.0,0.0,3.6,Low,['Funds sent to a new/unrecognized beneficiary']
TXNe97c0ea5-3,CUST00126,2026-06-21 16:51:57,378.57,web,8.0,0.0,3.6,Low,['Funds sent to a new/unrecognized beneficiary']
TXNe9c7eb29-d,CUST00203,2026-07-06 17:59:03,819.7,mobile,8.0,0.0,3.6,Low,['Funds sent to a new/unrecognized beneficiary']
TXN66534f79-1,CUST00414,2026-07-15 08:11:53,1179.04,branch,8.0,0.0,3.6,Low,['Funds sent to a new/unrecognized beneficiary']
TXN4764a956-9,CUST00201,2026-07-15 13:03:45,2005.9,web,8.0,0.0,3.6,Low,['Funds sent to a new/unrecognized beneficiary']
TXNc3d31e5c-f,CUST00200,2026-07-12 14:29:59,4874.89,atm,8.0,0.0,3.6,Low,['Funds sent to a new/unrecognized beneficiary']
TXNf2e5cecf-9,CUST00200,2026-07-16 01:41:48,6708.46,mobile,8.0,0.0,3.6,Low,['Funds sent to a new/unrecognized beneficiary']
TXN2ec46bfe-b,CUST00213,2026-06-27 07:27:50,10376.43,mobile,8.0,0.0,3.6,Low,['Funds sent to a new/unrecognized beneficiary']
TXN3e72e402-3,CUST00213,2026-07-06 02:30:21,805.76,mobile,8.0,0.0,3.6,Low,['Funds sent to a new/unrecognized beneficiary']
TXN8ec29e07-e,CUST00198,2026-07-14 19:30:45,5525.84,mobile,8.0,0.0,3.6,Low,['Funds sent to a new/unrecognized beneficiary']
TXN92419671-d,CUST00199,2026-06-25 00:20:27,6457.32,web,8.0,0.0,3.6,Low,['Funds sent to a new/unrecognized beneficiary']
TXN70b6052f-b,CUST00127,2026-07-07 22:11:56,5676.35,mobile,8.0,0.0,3.6,Low,['Funds sent to a new/unrecognized beneficiary']
TXN8d8f2868-b,CUST00127,2026-07-12 06:31:34,2947.05,web,8.0,0.0,3.6,Low,['Funds sent to a new/unrecognized beneficiary']
TXNb084aab8-c,CUST00577,2026-07-12 22:33:31,6553.45,web,8.0,0.0,3.6,Low,['Funds sent to a new/unrecognized beneficiary']
TXN5d5b0bd9-0,CUST00577,2026-07-14 16:49:35,14471.33,mobile,8.0,0.0,3.6,Low,['Funds sent to a new/unrecognized beneficiary']
TXN62fc194b-6,CUST00579,2026-06-17 18:56:10,8299.76,web,8.0,0.0,3.6,Low,['Funds sent to a new/unrecognized beneficiary']
TXN52105009-b,CUST00575,2026-06-30 16:49:43,655.97,branch,8.0,0.0,3.6,Low,['Funds sent to a new/unrecognized beneficiary']
TXN0c8b2089-a,CUST00412,2026-07-12 06:31:36,3120.89,mobile,8.0,0.0,3.6,Low,['Funds sent to a new/unrecognized beneficiary']
TXN5aae363d-1,CUST00588,2026-07-04 15:42:48,12405.87,web,8.0,0.0,3.6,Low,['Funds sent to a new/unrecognized beneficiary']
TXNd2d93182-f,CUST00588,2026-07-12 12:23:04,465.35,web,8.0,0.0,3.6,Low,['Funds sent to a new/unrecognized beneficiary']
TXNfb6e5531-3,CUST00589,2026-06-26 00:33:41,1255.23,mobile,8.0,0.0,3.6,Low,['Funds sent to a new/unrecognized beneficiary']
TXN640933ec-c,CUST00585,2026-07-06 02:14:03,1780.84,mobile,8.0,0.0,3.6,Low,['Funds sent to a new/unrecognized beneficiary']
TXN82ee6e08-0,CUST00586,2026-06-26 02:39:19,846.09,mobile,8.0,0.0,3.6,Low,['Funds sent to a new/unrecognized beneficiary']
TXN6ce87f51-1,CUST00584,2026-07-06 16:04:42,391.82,mobile,8.0,0.0,3.6,Low,['Funds sent to a new/unrecognized beneficiary']
TXN351c586a-c,CUST00008,2026-07-08 12:36:28,10270.17,atm,8.0,0.0,3.6,Low,['Funds sent to a new/unrecognized beneficiary']
TXNa3bdd4d6-0,CUST00036,2026-07-14 21:45:35,1502.48,atm,8.0,0.0,3.6,Low,['Funds sent to a new/unrecognized beneficiary']
TXNf1efa963-2,CUST00004,2026-07-01 11:02:44,1029.14,mobile,8.0,0.0,3.6,Low,['Funds sent to a new/unrecognized beneficiary']
TXN922731e9-3,CUST00592,2026-07-03 19:00:58,374.31,mobile,8.0,0.0,3.6,Low,['Funds sent to a new/unrecognized beneficiary']
TXN5111044c-1,CUST00493,2026-06-24 10:07:14,1895.67,branch,8.0,0.0,3.6,Low,['Funds sent to a new/unrecognized beneficiary']
TXN8d522457-f,CUST00493,2026-07-05 02:01:00,5076.76,atm,8.0,0.0,3.6,Low,['Funds sent to a new/unrecognized beneficiary']
TXN8fae987e-1,CUST00491,2026-06-27 06:57:44,3237.25,mobile,8.0,0.0,3.6,Low,['Funds sent to a new/unrecognized beneficiary']
TXN6f97aebd-e,CUST00504,2026-06-24 00:18:49,4312.98,mobile,8.0,0.0,3.6,Low,['Funds sent to a new/unrecognized beneficiary']
TXN71a67925-1,CUST00504,2026-07-02 12:28:18,60.9,mobile,8.0,0.0,3.6,Low,['Funds sent to a new/unrecognized beneficiary']
TXN16d49f2d-1,CUST00505,2026-06-21 10:32:32,833.79,mobile,8.0,0.0,3.6,Low,['Funds sent to a new/unrecognized beneficiary']
TXN05a562a9-6,CUST00505,2026-07-09 05:54:59,257.71,mobile,8.0,0.0,3.6,Low,['Funds sent to a new/unrecognized beneficiary']
TXNc76e8e04-1,CUST00503,2026-06-26 18:51:34,2976.79,web,8.0,0.0,3.6,Low,['Funds sent to a new/unrecognized beneficiary']
TXN56689e24-f,CUST00590,2026-07-04 13:55:19,4144.32,mobile,8.0,0.0,3.6,Low,['Funds sent to a new/unrecognized beneficiary']
TXN56885791-8,CUST00504,2026-06-16 15:39:31,2811.78,mobile,8.0,0.0,3.6,Low,['Funds sent to a new/unrecognized beneficiary']
TXNf7b8a5e4-8,CUST00504,2026-06-21 21:31:08,548.97,mobile,8.0,0.0,3.6,Low,['Funds sent to a new/unrecognized beneficiary']
TXN4a26eb59-2,CUST00034,2026-07-02 06:59:28,411.63,mobile,8.0,0.0,3.6,Low,['Funds sent to a new/unrecognized beneficiary']
TXNfc00814b-c,CUST00201,2026-06-21 06:29:35,1671.44,web,8.0,0.0,3.6,Low,['Funds sent to a new/unrecognized beneficiary']
TXN6b35a9b9-0,CUST00500,2026-06-17 20:01:42,20159.33,web,8.0,0.0,3.6,Low,['Funds sent to a new/unrecognized beneficiary']
TXN0693d01a-c,CUST00500,2026-07-09 05:11:57,10916.93,mobile,8.0,0.0,3.6,Low,['Funds sent to a new/unrecognized beneficiary']
TXN1e69d7ef-0,CUST00005,2026-06-27 23:24:17,4028.62,atm,8.0,0.0,3.6,Low,['Funds sent to a new/unrecognized beneficiary']
TXN0c9ef5aa-a,CUST00510,2026-07-14 02:30:44,975.32,web,8.0,0.0,3.6,Low,['Funds sent to a new/unrecognized beneficiary']
TXNa6792090-5,CUST00507,2026-07-10 23:08:38,2557.7,atm,8.0,0.0,3.6,Low,['Funds sent to a new/unrecognized beneficiary']
TXN4580ee86-1,CUST00508,2026-06-20 05:40:54,1874.36,web,8.0,0.0,3.6,Low,['Funds sent to a new/unrecognized beneficiary']
TXN53921935-d,CUST00508,2026-07-08 14:37:40,3239.98,web,8.0,0.0,3.6,Low,['Funds sent to a new/unrecognized beneficiary']
TXN721df83c-b,CUST00032,2026-06-20 19:08:41,1651.63,atm,8.0,0.0,3.6,Low,['Funds sent to a new/unrecognized beneficiary']
TXN6fa5f03f-e,CUST00033,2026-07-12 03:03:00,986.69,mobile,8.0,0.0,3.6,Low,['Funds sent to a new/unrecognized beneficiary']
TXN97d3d50e-6,CUST00182,2026-07-07 02:41:09,6878.35,web,8.0,0.0,3.6,Low,['Funds sent to a new/unrecognized beneficiary']
TXN2a983090-8,CUST00182,2026-07-10 04:55:17,1541.71,web,8.0,0.0,3.6,Low,['Funds sent to a new/unrecognized beneficiary']
TXNc8594dfb-6,CUST00129,2026-07-10 04:55:09,855.87,atm,8.0,0.0,3.6,Low,['Funds sent to a new/unrecognized beneficiary']
TXNffb1c192-1,CUST00131,2026-07-07 09:49:32,5970.47,mobile,8.0,0.0,3.6,Low,['Funds sent to a new/unrecognized beneficiary']
TXN1b3f0866-d,CUST00189,2026-06-25 12:22:18,774.74,mobile,8.0,0.0,3.6,Low,['Funds sent to a new/unrecognized beneficiary']
TXN20f5128d-5,CUST00189,2026-07-01 22:40:57,206.99,mobile,8.0,0.0,3.6,Low,['Funds sent to a new/unrecognized beneficiary']
TXN471b0cc7-e,CUST00036,2026-07-12 10:15:32,3494.74,web,8.0,0.0,3.6,Low,['Funds sent to a new/unrecognized beneficiary']
TXN343c1752-3,CUST00134,2026-07-06 09:59:09,7563.71,web,8.0,0.0,3.6,Low,['Funds sent to a new/unrecognized beneficiary']
TXNbcc9c2e6-9,CUST00174,2026-06-16 18:32:29,20548.97,web,8.0,0.0,3.6,Low,['Funds sent to a new/unrecognized beneficiary']
TXN2c2e8ba0-1,CUST00175,2026-06-25 02:06:44,303.79,atm,8.0,0.0,3.6,Low,['Funds sent to a new/unrecognized beneficiary']
TXNb44aad77-b,CUST00171,2026-06-16 15:06:42,1683.7,web,8.0,0.0,3.6,Low,['Funds sent to a new/unrecognized beneficiary']
TXNea725584-5,CUST00171,2026-06-30 02:12:24,564.75,mobile,8.0,0.0,3.6,Low,['Funds sent to a new/unrecognized beneficiary']
TXN71f34593-a,CUST00006,2026-06-24 06:48:48,2631.57,web,8.0,0.0,3.6,Low,['Funds sent to a new/unrecognized beneficiary']
TXN2d9be542-9,CUST00187,2026-06-28 13:40:16,2280.91,mobile,8.0,0.0,3.6,Low,['Funds sent to a new/unrecognized beneficiary']
TXN65ef2c84-c,CUST00187,2026-07-11 21:59:24,3683.41,web,8.0,0.0,3.6,Low,['Funds sent to a new/unrecognized beneficiary']
TXN0b53d4e6-3,CUST00188,2026-06-21 09:48:59,9575.42,mobile,8.0,0.0,3.6,Low,['Funds sent to a new/unrecognized beneficiary']
TXN8d2bb00b-9,CUST00132,2026-06-22 11:48:47,492.21,mobile,8.0,0.0,3.6,Low,['Funds sent to a new/unrecognized beneficiary']
TXN61d15db2-a,CUST00006,2026-07-02 15:38:58,4627.82,web,8.0,0.0,3.6,Low,['Funds sent to a new/unrecognized beneficiary']
TXN75e913d8-2,CUST00183,2026-07-05 19:57:19,1074.58,web,8.0,0.0,3.6,Low,['Funds sent to a new/unrecognized beneficiary']
TXN334dd7aa-2,CUST00184,2026-06-20 12:16:59,238.08,mobile,8.0,0.0,3.6,Low,['Funds sent to a new/unrecognized beneficiary']
TXN88bbc5bb-6,CUST00186,2026-06-25 04:14:00,5147.3,mobile,8.0,0.0,3.6,Low,['Funds sent to a new/unrecognized beneficiary']
TXN6624f8ed-e,CUST00498,2026-06-18 23:20:09,1919.67,web,8.0,0.0,3.6,Low,['Funds sent to a new/unrecognized beneficiary']
TXNbcc93b94-8,CUST00499,2026-07-02 21:26:44,1687.42,web,8.0,0.0,3.6,Low,['Funds sent to a new/unrecognized beneficiary']
TXN47b885fa-7,CUST00031,2026-06-22 06:22:20,2931.88,web,8.0,0.0,3.6,Low,['Funds sent to a new/unrecognized beneficiary']
TXNee6fc3f3-c,CUST00513,2026-07-13 00:17:21,5395.76,mobile,8.0,0.0,3.6,Low,['Funds sent to a new/unrecognized beneficiary']
TXNc53a8da2-2,CUST00514,2026-07-02 14:05:28,2662.86,mobile,8.0,0.0,3.6,Low,['Funds sent to a new/unrecognized beneficiary']
TXNce972144-4,CUST00511,2026-07-10 10:41:06,12889.2,mobile,8.0,0.0,3.6,Low,['Funds sent to a new/unrecognized beneficiary']
TXN6d56ccd8-0,CUST00399,2026-07-13 23:18:35,662.52,mobile,8.0,0.0,3.6,Low,['Funds sent to a new/unrecognized beneficiary']
TXNc7f2a172-a,CUST00510,2026-06-19 23:14:55,306.95,web,8.0,0.0,3.6,Low,['Funds sent to a new/unrecognized beneficiary']
TXN2a0b83f4-2,CUST00166,2026-07-13 08:14:05,239.11,web,8.0,0.0,3.6,Low,['Funds sent to a new/unrecognized beneficiary']
TXN183f36db-5,CUST00167,2026-06-29 14:34:16,13205.57,atm,8.0,0.0,3.6,Low,['Funds sent to a new/unrecognized beneficiary']
TXN3150e60d-e,CUST00167,2026-07-02 05:10:08,1516.13,mobile,8.0,0.0,3.6,Low,['Funds sent to a new/unrecognized beneficiary']
TXNfee91972-6,CUST00165,2026-06-27 03:05:35,4382.73,mobile,8.0,0.0,3.6,Low,['Funds sent to a new/unrecognized beneficiary']
TXN5287e5f4-8,CUST00165,2026-07-12 12:30:01,4772.55,mobile,8.0,0.0,3.6,Low,['Funds sent to a new/unrecognized beneficiary']
TXNec02e881-0,CUST00180,2026-07-09 03:54:34,3065.82,web,8.0,0.0,3.6,Low,['Funds sent to a new/unrecognized beneficiary']
TXNa3506764-3,CUST00177,2026-07-13 23:39:29,1596.43,branch,8.0,0.0,3.6,Low,['Funds sent to a new/unrecognized beneficiary']
TXNd79570be-b,CUST00176,2026-06-25 22:14:19,940.16,web,8.0,0.0,3.6,Low,['Funds sent to a new/unrecognized beneficiary']
TXNeb02c661-1,CUST00176,2026-06-29 10:39:12,20656.04,mobile,8.0,0.0,3.6,Low,['Funds sent to a new/unrecognized beneficiary']
TXNc63e0e47-8,CUST00068,2026-06-20 15:51:21,827.69,mobile,8.0,0.0,3.6,Low,['Funds sent to a new/unrecognized beneficiary']
TXN1a950f3e-b,CUST00524,2026-07-12 00:30:36,6592.05,web,8.0,0.0,3.6,Low,['Funds sent to a new/unrecognized beneficiary']
TXNb33d9c7c-4,CUST00029,2026-06-22 19:32:05,6230.76,web,8.0,0.0,3.6,Low,['Funds sent to a new/unrecognized beneficiary']
TXN7e34edc3-d,CUST00588,2026-06-17 05:13:20,7696.86,web,8.0,0.0,3.6,Low,['Funds sent to a new/unrecognized beneficiary']
TXNe498446d-3,CUST00588,2026-06-26 12:09:33,5167.3,web,8.0,0.0,3.6,Low,['Funds sent to a new/unrecognized beneficiary']
TXN2b39e995-c,CUST00147,2026-07-12 12:44:19,16057.29,web,8.0,0.0,3.6,Low,['Funds sent to a new/unrecognized beneficiary']
TXN5639117a-1,CUST00143,2026-07-06 07:23:10,4005.17,web,8.0,0.0,3.6,Low,['Funds sent to a new/unrecognized beneficiary']
TXN300a491a-f,CUST00068,2026-06-21 19:13:18,1011.27,atm,8.0,0.0,3.6,Low,['Funds sent to a new/unrecognized beneficiary']
TXN8b1d2284-5,CUST00153,2026-07-16 11:57:47,592.54,web,8.0,0.0,3.6,Low,['Funds sent to a new/unrecognized beneficiary']
TXN6b2b0c27-1,CUST00141,2026-06-19 12:08:59,9465.76,web,8.0,0.0,3.6,Low,['Funds sent to a new/unrecognized beneficiary']
TXN20a0c244-5,CUST00142,2026-06-17 16:14:42,2573.5,web,8.0,0.0,3.6,Low,['Funds sent to a new/unrecognized beneficiary']
TXN08a5ad03-3,CUST00158,2026-07-02 20:12:52,895.74,web,8.0,0.0,3.6,Low,['Funds sent to a new/unrecognized beneficiary']
TXNa91decb2-5,CUST00154,2026-06-21 19:11:04,3025.91,mobile,8.0,0.0,3.6,Low,['Funds sent to a new/unrecognized beneficiary']
TXN3da34aca-1,CUST00169,2026-06-26 01:56:59,501.84,mobile,8.0,0.0,3.6,Low,['Funds sent to a new/unrecognized beneficiary']
TXN1a5ca752-2,CUST00168,2026-07-04 14:16:15,1013.04,web,8.0,0.0,3.6,Low,['Funds sent to a new/unrecognized beneficiary']
TXN5d21a235-d,CUST00069,2026-06-21 04:49:44,14698.86,mobile,8.0,0.0,3.6,Low,['Funds sent to a new/unrecognized beneficiary']
TXN071a8d53-6,CUST00516,2026-07-16 08:16:48,1707.68,mobile,8.0,0.0,3.6,Low,['Funds sent to a new/unrecognized beneficiary']
TXNfe3f5662-0,CUST00160,2026-07-12 16:56:50,20016.33,web,8.0,0.0,3.6,Low,['Funds sent to a new/unrecognized beneficiary']
TXNd6f34d9b-b,CUST00161,2026-06-18 05:31:08,565.82,branch,8.0,0.0,3.6,Low,['Funds sent to a new/unrecognized beneficiary']
TXN1899598d-5,CUST00395,2026-06-19 22:23:54,1630.12,mobile,8.0,0.0,3.6,Low,['Funds sent to a new/unrecognized beneficiary']
TXN4f842010-a,CUST00161,2026-06-22 03:41:19,409.7,branch,8.0,0.0,3.6,Low,['Funds sent to a new/unrecognized beneficiary']
TXNae957e1c-6,CUST00583,2026-06-19 14:08:53,1058.71,mobile,8.0,0.0,3.6,Low,['Funds sent to a new/unrecognized beneficiary']
TXN47561669-1,CUST00583,2026-06-21 01:34:06,843.25,mobile,8.0,0.0,3.6,Low,['Funds sent to a new/unrecognized beneficiary']
TXNc6d93097-4,CUST00581,2026-07-12 09:56:22,2917.21,web,8.0,0.0,3.6,Low,['Funds sent to a new/unrecognized beneficiary']
TXNcf1ca021-6,CUST00154,2026-06-26 22:20:24,615.69,mobile,8.0,0.0,3.6,Low,['Funds sent to a new/unrecognized beneficiary']
TXN1d7af727-a,CUST00411,2026-06-27 14:22:59,824.98,mobile,8.0,0.0,3.6,Low,['Funds sent to a new/unrecognized beneficiary']
TXN42bd31c4-6,CUST00155,2026-06-23 18:50:58,1049.82,mobile,8.0,0.0,3.6,Low,['Funds sent to a new/unrecognized beneficiary']
TXN2e3a9584-a,CUST00510,2026-06-20 06:12:54,457.1,mobile,8.0,0.0,3.6,Low,['Funds sent to a new/unrecognized beneficiary']
TXN112458e5-e,CUST00525,2026-06-23 14:49:00,3795.89,atm,8.0,0.0,3.6,Low,['Funds sent to a new/unrecognized beneficiary']
TXN411feb55-4,CUST00525,2026-07-16 11:06:40,3985.19,mobile,8.0,0.0,3.6,Low,['Funds sent to a new/unrecognized beneficiary']
TXNe90c961c-c,CUST00526,2026-07-09 11:31:45,1825.78,mobile,8.0,0.0,3.6,Low,['Funds sent to a new/unrecognized beneficiary']
TXN3ac1b782-d,CUST00524,2026-07-02 01:15:32,6480.47,mobile,8.0,0.0,3.6,Low,['Funds sent to a new/unrecognized beneficiary']
TXN1138b544-d,CUST00524,2026-07-04 00:57:09,2516.44,mobile,8.0,0.0,3.6,Low,['Funds sent to a new/unrecognized beneficiary']
TXN0f0e5767-6,CUST00000,2026-07-09 04:26:18,3588.16,mobile,0.0,0.0,0.0,Low,['No individually suspicious telemetry signals correlated with this transaction']
TXNb99eec19-a,CUST00599,2026-07-14 00:47:08,1411.75,web,0.0,0.0,0.0,Low,['No individually suspicious telemetry signals correlated with this transaction']
TXN960a3974-1,CUST00599,2026-07-05 09:57:04,3365.56,mobile,0.0,0.0,0.0,Low,['No individually suspicious telemetry signals correlated with this transaction']
TXNcebbdf91-7,CUST00599,2026-06-28 11:39:27,2272.7,web,0.0,0.0,0.0,Low,['No individually suspicious telemetry signals correlated with this transaction']
TXN55ba1dfe-a,CUST00599,2026-06-17 17:47:48,10349.83,mobile,0.0,0.0,0.0,Low,['No individually suspicious telemetry signals correlated with this transaction']
TXNca9128fb-c,CUST00003,2026-07-06 06:11:50,6059.82,atm,0.0,0.0,0.0,Low,['No individually suspicious telemetry signals correlated with this transaction']
TXNb37bdb99-3,CUST00003,2026-07-10 02:02:48,221.77,web,0.0,0.0,0.0,Low,['No individually suspicious telemetry signals correlated with this transaction']
TXN7b814ce1-b,CUST00003,2026-07-11 23:58:20,2104.19,mobile,0.0,0.0,0.0,Low,['No individually suspicious telemetry signals correlated with this transaction']
TXN83f38f4e-f,CUST00004,2026-06-19 03:41:52,2135.28,web,0.0,0.0,0.0,Low,['No individually suspicious telemetry signals correlated with this transaction']
TXN35b33f54-2,CUST00004,2026-06-22 10:27:46,15557.08,web,0.0,0.0,0.0,Low,['No individually suspicious telemetry signals correlated with this transaction']
TXN5b078b11-1,CUST00004,2026-06-23 12:50:03,815.51,mobile,0.0,0.0,0.0,Low,['No individually suspicious telemetry signals correlated with this transaction']
TXN1a1940e4-9,CUST00004,2026-06-25 00:04:10,1723.51,mobile,0.0,0.0,0.0,Low,['No individually suspicious telemetry signals correlated with this transaction']
TXN6f0eebef-9,CUST00004,2026-06-28 18:44:47,15668.29,web,0.0,0.0,0.0,Low,['No individually suspicious telemetry signals correlated with this transaction']
TXNdbc21e42-f,CUST00004,2026-06-28 20:17:16,1145.76,atm,0.0,0.0,0.0,Low,['No individually suspicious telemetry signals correlated with this transaction']
TXNfb924354-f,CUST00004,2026-07-04 16:33:46,834.7,web,0.0,0.0,0.0,Low,['No individually suspicious telemetry signals correlated with this transaction']
TXN2b10a823-d,CUST00004,2026-07-07 01:44:27,222.32,web,0.0,0.0,0.0,Low,['No individually suspicious telemetry signals correlated with this transaction']
TXNc6573806-3,CUST00592,2026-07-08 12:44:06,3259.09,web,0.0,0.0,0.0,Low,['No individually suspicious telemetry signals correlated with this transaction']
TXN405d861c-5,CUST00592,2026-07-11 07:14:17,6359.05,mobile,0.0,0.0,0.0,Low,['No individually suspicious telemetry signals correlated with this transaction']
TXNe37355f3-0,CUST00592,2026-07-14 19:38:38,536.39,branch,0.0,0.0,0.0,Low,['No individually suspicious telemetry signals correlated with this transaction']
TXN2c9d9b63-c,CUST00593,2026-06-21 14:35:51,5653.47,mobile,0.0,0.0,0.0,Low,['No individually suspicious telemetry signals correlated with this transaction']
TXN113a19a0-a,CUST00593,2026-06-27 03:21:28,2283.65,mobile,0.0,0.0,0.0,Low,['No individually suspicious telemetry signals correlated with this transaction']
TXN7c9428af-4,CUST00147,2026-06-17 09:04:55,635.39,web,0.0,0.0,0.0,Low,['No individually suspicious telemetry signals correlated with this transaction']
TXN8d5a9549-3,CUST00147,2026-06-20 23:10:37,1262.34,web,0.0,0.0,0.0,Low,['No individually suspicious telemetry signals correlated with this transaction']
TXN47543604-a,CUST00147,2026-07-03 03:46:13,4289.31,mobile,0.0,0.0,0.0,Low,['No individually suspicious telemetry signals correlated with this transaction']
TXN2b589b3f-e,CUST00147,2026-07-04 19:30:08,1145.49,web,0.0,0.0,0.0,Low,['No individually suspicious telemetry signals correlated with this transaction']
TXN562e121f-e,CUST00143,2026-06-25 11:53:42,1668.79,web,0.0,0.0,0.0,Low,['No individually suspicious telemetry signals correlated with this transaction']
TXN12e1725b-0,CUST00143,2026-07-09 11:56:19,2349.57,web,0.0,0.0,0.0,Low,['No individually suspicious telemetry signals correlated with this transaction']
TXN1b96ee81-9,CUST00143,2026-07-10 14:05:10,14446.49,mobile,0.0,0.0,0.0,Low,['No individually suspicious telemetry signals correlated with this transaction']
TXN6f8963b3-d,CUST00144,2026-06-20 07:02:38,2217.29,mobile,0.0,0.0,0.0,Low,['No individually suspicious telemetry signals correlated with this transaction']
TXNb33aa6b9-7,CUST00144,2026-06-22 05:23:43,1751.57,web,0.0,0.0,0.0,Low,['No individually suspicious telemetry signals correlated with this transaction']
TXNb944e469-2,CUST00144,2026-07-02 13:32:58,7810.12,mobile,0.0,0.0,0.0,Low,['No individually suspicious telemetry signals correlated with this transaction']
TXN3b759faa-1,CUST00145,2026-06-19 09:11:47,1495.76,mobile,0.0,0.0,0.0,Low,['No individually suspicious telemetry signals correlated with this transaction']
TXN2d3dab8a-7,CUST00145,2026-06-21 21:10:41,1743.54,web,0.0,0.0,0.0,Low,['No individually suspicious telemetry signals correlated with this transaction']
TXN26fa466b-1,CUST00145,2026-06-24 03:55:25,721.52,branch,0.0,0.0,0.0,Low,['No individually suspicious telemetry signals correlated with this transaction']
TXN97d20300-9,CUST00145,2026-06-28 05:14:58,11138.96,atm,0.0,0.0,0.0,Low,['No individually suspicious telemetry signals correlated with this transaction']
TXN22cdf6a0-1,CUST00595,2026-07-12 15:16:52,751.87,mobile,0.0,0.0,0.0,Low,['No individually suspicious telemetry signals correlated with this transaction']
TXN33a83451-f,CUST00595,2026-07-13 00:34:39,1122.95,web,0.0,0.0,0.0,Low,['No individually suspicious telemetry signals correlated with this transaction']
TXN1eb46d3b-d,CUST00148,2026-07-12 18:47:56,1134.49,web,0.0,0.0,0.0,Low,['No individually suspicious telemetry signals correlated with this transaction']
TXN7d058c07-0,CUST00148,2026-07-15 17:51:55,904.93,web,0.0,0.0,0.0,Low,['No individually suspicious telemetry signals correlated with this transaction']
TXN38f1f1ab-c,CUST00149,2026-06-18 05:47:19,7330.11,branch,0.0,0.0,0.0,Low,['No individually suspicious telemetry signals correlated with this transaction']
TXN230681aa-d,CUST00149,2026-06-20 07:23:46,4681.31,mobile,0.0,0.0,0.0,Low,['No individually suspicious telemetry signals correlated with this transaction']
TXNcdbb6c1f-5,CUST00149,2026-06-22 11:00:42,3306.72,mobile,0.0,0.0,0.0,Low,['No individually suspicious telemetry signals correlated with this transaction']
TXN7e45fee4-6,CUST00149,2026-07-06 10:39:22,1055.67,web,0.0,0.0,0.0,Low,['No individually suspicious telemetry signals correlated with this transaction']
TXN281f45ff-5,CUST00149,2026-07-08 12:40:19,2917.35,branch,0.0,0.0,0.0,Low,['No individually suspicious telemetry signals correlated with this transaction']
TXN0c5c9940-5,CUST00145,2026-07-02 12:01:21,3968.74,branch,0.0,0.0,0.0,Low,['No individually suspicious telemetry signals correlated with this transaction']
TXN741a5b09-a,CUST00145,2026-07-05 21:07:28,17775.13,web,0.0,0.0,0.0,Low,['No individually suspicious telemetry signals correlated with this transaction']
TXN8673173a-e,CUST00146,2026-06-19 12:37:04,1193.77,mobile,0.0,0.0,0.0,Low,['No individually suspicious telemetry signals correlated with this transaction']
TXNbb21d347-f,CUST00146,2026-06-21 13:14:24,5300.9,mobile,0.0,0.0,0.0,Low,['No individually suspicious telemetry signals correlated with this transaction']
TXN2a6445d3-4,CUST00146,2026-06-26 00:33:34,246.36,web,0.0,0.0,0.0,Low,['No individually suspicious telemetry signals correlated with this transaction']
TXN473bccd4-8,CUST00146,2026-07-03 12:04:47,131.15,mobile,0.0,0.0,0.0,Low,['No individually suspicious telemetry signals correlated with this transaction']
TXNf1eef895-d,CUST00146,2026-07-09 17:48:33,18640.52,branch,0.0,0.0,0.0,Low,['No individually suspicious telemetry signals correlated with this transaction']
TXNed944378-d,CUST00146,2026-07-13 20:56:24,7937.39,atm,0.0,0.0,0.0,Low,['No individually suspicious telemetry signals correlated with this transaction']
TXNf41978cd-2,CUST00146,2026-07-15 12:53:32,800.91,web,0.0,0.0,0.0,Low,['No individually suspicious telemetry signals correlated with this transaction']
TXNdf42eabd-6,CUST00151,2026-06-19 06:32:52,3738.59,atm,0.0,0.0,0.0,Low,['No individually suspicious telemetry signals correlated with this transaction']
TXN7f297630-b,CUST00151,2026-06-24 09:22:59,1492.12,branch,0.0,0.0,0.0,Low,['No individually suspicious telemetry signals correlated with this transaction']
TXNa2807710-3,CUST00151,2026-06-28 01:33:16,5936.01,mobile,0.0,0.0,0.0,Low,['No individually suspicious telemetry signals correlated with this transaction']
TXN842ca512-f,CUST00151,2026-06-29 19:41:26,1816.1,mobile,0.0,0.0,0.0,Low,['No individually suspicious telemetry signals correlated with this transaction']
TXN3217f93c-a,CUST00151,2026-06-30 10:52:00,1537.49,atm,0.0,0.0,0.0,Low,['No individually suspicious telemetry signals correlated with this transaction']
TXNd66f3fff-a,CUST00151,2026-07-02 19:43:21,353.19,branch,0.0,0.0,0.0,Low,['No individually suspicious telemetry signals correlated with this transaction']
TXN3ef433df-0,CUST00151,2026-07-07 13:44:06,678.66,atm,0.0,0.0,0.0,Low,['No individually suspicious telemetry signals correlated with this transaction']
TXN30bdf7be-5,CUST00151,2026-07-12 18:57:01,1572.24,web,0.0,0.0,0.0,Low,['No individually suspicious telemetry signals correlated with this transaction']
TXN7c08a960-2,CUST00151,2026-07-14 07:07:49,1871.64,web,0.0,0.0,0.0,Low,['No individually suspicious telemetry signals correlated with this transaction']
TXN1b2aa4e4-c,CUST00147,2026-07-16 09:17:16,8539.8,branch,0.0,0.0,0.0,Low,['No individually suspicious telemetry signals correlated with this transaction']
TXNf2a83faa-f,CUST00148,2026-06-20 05:28:58,435.97,mobile,0.0,0.0,0.0,Low,['No individually suspicious telemetry signals correlated with this transaction']
TXN5e9a35cf-0,CUST00148,2026-06-22 19:07:49,830.99,web,0.0,0.0,0.0,Low,['No individually suspicious telemetry signals correlated with this transaction']
TXNb75c3825-1,CUST00148,2026-06-28 08:31:13,495.14,web,0.0,0.0,0.0,Low,['No individually suspicious telemetry signals correlated with this transaction']
TXN742f790e-d,CUST00148,2026-07-01 04:41:35,550.9,branch,0.0,0.0,0.0,Low,['No individually suspicious telemetry signals correlated with this transaction']
TXN71e007b0-b,CUST00148,2026-07-03 19:53:11,1982.79,atm,0.0,0.0,0.0,Low,['No individually suspicious telemetry signals correlated with this transaction']
TXN89b4db80-8,CUST00148,2026-07-07 18:57:16,4306.94,mobile,0.0,0.0,0.0,Low,['No individually suspicious telemetry signals correlated with this transaction']
TXN1e32e3e1-5,CUST00141,2026-06-19 18:43:29,2582.71,mobile,0.0,0.0,0.0,Low,['No individually suspicious telemetry signals correlated with this transaction']
TXN81496136-6,CUST00141,2026-06-27 17:57:18,15841.93,mobile,0.0,0.0,0.0,Low,['No individually suspicious telemetry signals correlated with this transaction']
TXN743de03a-e,CUST00141,2026-07-05 03:29:22,1801.54,web,0.0,0.0,0.0,Low,['No individually suspicious telemetry signals correlated with this transaction']
TXNaa7898aa-9,CUST00141,2026-07-12 00:10:29,1825.75,mobile,0.0,0.0,0.0,Low,['No individually suspicious telemetry signals correlated with this transaction']
TXNcbbd3732-4,CUST00141,2026-07-14 16:35:36,1931.21,mobile,0.0,0.0,0.0,Low,['No individually suspicious telemetry signals correlated with this transaction']
TXN3dcead91-8,CUST00142,2026-06-18 02:43:35,609.93,atm,0.0,0.0,0.0,Low,['No individually suspicious telemetry signals correlated with this transaction']
TXNb61d1f43-8,CUST00142,2026-06-20 00:54:47,4272.98,mobile,0.0,0.0,0.0,Low,['No individually suspicious telemetry signals correlated with this transaction']
TXN2abc4b2f-b,CUST00142,2026-06-26 04:42:26,879.85,mobile,0.0,0.0,0.0,Low,['No individually suspicious telemetry signals correlated with this transaction']
TXN83d04bac-2,CUST00142,2026-06-30 09:19:05,1031.05,mobile,0.0,0.0,0.0,Low,['No individually suspicious telemetry signals correlated with this transaction']
TXNd577c131-0,CUST00142,2026-07-08 07:43:00,3674.45,mobile,0.0,0.0,0.0,Low,['No individually suspicious telemetry signals correlated with this transaction']
TXNab30f1b1-b,CUST00149,2026-07-11 19:00:11,2131.94,mobile,0.0,0.0,0.0,Low,['No individually suspicious telemetry signals correlated with this transaction']
TXN7416386b-4,CUST00150,2026-06-18 03:19:43,218.6,mobile,0.0,0.0,0.0,Low,['No individually suspicious telemetry signals correlated with this transaction']
TXN09d1c11f-e,CUST00150,2026-06-18 15:44:52,937.13,mobile,0.0,0.0,0.0,Low,['No individually suspicious telemetry signals correlated with this transaction']
TXNac0d8818-8,CUST00150,2026-06-20 14:26:30,13244.44,mobile,0.0,0.0,0.0,Low,['No individually suspicious telemetry signals correlated with this transaction']
TXNb481acde-e,CUST00150,2026-07-07 10:15:01,3371.67,web,0.0,0.0,0.0,Low,['No individually suspicious telemetry signals correlated with this transaction']
TXNb01cad4e-b,CUST00150,2026-07-10 13:07:59,2805.11,mobile,0.0,0.0,0.0,Low,['No individually suspicious telemetry signals correlated with this transaction']
TXN55525e11-b,CUST00156,2026-06-20 05:03:48,1032.9,atm,0.0,0.0,0.0,Low,['No individually suspicious telemetry signals correlated with this transaction']
TXNf2fda085-0,CUST00151,2026-07-15 04:31:00,514.26,mobile,0.0,0.0,0.0,Low,['No individually suspicious telemetry signals correlated with this transaction']
TXNab00764e-4,CUST00152,2026-06-29 00:35:59,217.1,web,0.0,0.0,0.0,Low,['No individually suspicious telemetry signals correlated with this transaction']
TXN7d9def75-1,CUST00152,2026-06-29 19:32:51,965.57,mobile,0.0,0.0,0.0,Low,['No individually suspicious telemetry signals correlated with this transaction']
TXNb01f90e7-6,CUST00152,2026-07-02 01:58:47,1710.53,atm,0.0,0.0,0.0,Low,['No individually suspicious telemetry signals correlated with this transaction']
TXN5944a69c-a,CUST00152,2026-07-03 21:56:36,1202.11,web,0.0,0.0,0.0,Low,['No individually suspicious telemetry signals correlated with this transaction']
TXNf44f5031-a,CUST00152,2026-07-06 08:03:58,1103.18,mobile,0.0,0.0,0.0,Low,['No individually suspicious telemetry signals correlated with this transaction']
TXNa1497b65-c,CUST00152,2026-07-10 12:38:02,354.27,mobile,0.0,0.0,0.0,Low,['No individually suspicious telemetry signals correlated with this transaction']
TXNb5c1f027-3,CUST00152,2026-07-16 00:22:13,2677.58,mobile,0.0,0.0,0.0,Low,['No individually suspicious telemetry signals correlated with this transaction']
TXNd73794d5-4,CUST00152,2026-07-16 03:05:03,5819.95,web,0.0,0.0,0.0,Low,['No individually suspicious telemetry signals correlated with this transaction']
TXN3f555c7d-5,CUST00153,2026-06-17 06:46:44,6337.73,web,0.0,0.0,0.0,Low,['No individually suspicious telemetry signals correlated with this transaction']
TXN380bd4cb-1,CUST00153,2026-06-18 08:51:28,2625.1,mobile,0.0,0.0,0.0,Low,['No individually suspicious telemetry signals correlated with this transaction']
TXN6b6a838e-4,CUST00153,2026-06-19 10:51:07,1829.14,branch,0.0,0.0,0.0,Low,['No individually suspicious telemetry signals correlated with this transaction']
TXN2d1b143e-1,CUST00153,2026-07-12 17:39:35,493.61,web,0.0,0.0,0.0,Low,['No individually suspicious telemetry signals correlated with this transaction']
TXNe595e3fa-e,CUST00153,2026-07-14 15:37:17,1400.38,mobile,0.0,0.0,0.0,Low,['No individually suspicious telemetry signals correlated with this transaction']
TXNe8c5a3b0-c,CUST00140,2026-07-14 11:08:02,5289.11,web,0.0,0.0,0.0,Low,['No individually suspicious telemetry signals correlated with this transaction']
TXN69d445f3-5,CUST00157,2026-06-25 05:37:01,6206.22,atm,0.0,0.0,0.0,Low,['No individually suspicious telemetry signals correlated with this transaction']
TXNd690efa9-2,CUST00157,2026-06-29 03:14:49,2413.31,web,0.0,0.0,0.0,Low,['No individually suspicious telemetry signals correlated with this transaction']
TXN3fab0c74-b,CUST00157,2026-07-06 19:44:03,10510.26,mobile,0.0,0.0,0.0,Low,['No individually suspicious telemetry signals correlated with this transaction']
TXNd8718196-0,CUST00157,2026-07-09 07:25:36,9712.46,web,0.0,0.0,0.0,Low,['No individually suspicious telemetry signals correlated with this transaction']
TXN2951c8a7-c,CUST00157,2026-07-14 11:06:08,1077.25,web,0.0,0.0,0.0,Low,['No individually suspicious telemetry signals correlated with this transaction']
TXNd0207ede-1,CUST00158,2026-06-18 16:42:20,1941.06,mobile,0.0,0.0,0.0,Low,['No individually suspicious telemetry signals correlated with this transaction']
TXNca957c2e-6,CUST00158,2026-06-22 22:13:52,1358.83,web,0.0,0.0,0.0,Low,['No individually suspicious telemetry signals correlated with this transaction']
TXN65e92e49-b,CUST00154,2026-06-20 06:14:09,2399.37,mobile,0.0,0.0,0.0,Low,['No individually suspicious telemetry signals correlated with this transaction']
TXN4496a883-4,CUST00154,2026-06-30 18:36:29,1428.88,web,0.0,0.0,0.0,Low,['No individually suspicious telemetry signals correlated with this transaction']
TXNafedc6c3-6,CUST00154,2026-07-02 18:17:12,2018.92,branch,0.0,0.0,0.0,Low,['No individually suspicious telemetry signals correlated with this transaction']
TXNe1d5fcea-c,CUST00154,2026-07-06 16:38:23,2458.35,mobile,0.0,0.0,0.0,Low,['No individually suspicious telemetry signals correlated with this transaction']
TXNaccc1507-4,CUST00154,2026-07-11 04:04:30,4027.86,web,0.0,0.0,0.0,Low,['No individually suspicious telemetry signals correlated with this transaction']
TXN7c4a14cf-4,CUST00155,2026-06-20 06:04:27,354.18,branch,0.0,0.0,0.0,Low,['No individually suspicious telemetry signals correlated with this transaction']
TXN72984bb6-4,CUST00155,2026-06-22 09:15:27,317.51,atm,0.0,0.0,0.0,Low,['No individually suspicious telemetry signals correlated with this transaction']
TXNa2e25753-5,CUST00155,2026-07-14 09:16:12,1709.06,web,0.0,0.0,0.0,Low,['No individually suspicious telemetry signals correlated with this transaction']
TXNe028c315-9,CUST00155,2026-07-15 23:19:30,2771.84,web,0.0,0.0,0.0,Low,['No individually suspicious telemetry signals correlated with this transaction']
TXN86cc556b-f,CUST00158,2026-07-07 10:38:26,1280.36,mobile,0.0,0.0,0.0,Low,['No individually suspicious telemetry signals correlated with this transaction']
TXN8aacb783-d,CUST00158,2026-07-07 18:59:27,1744.83,mobile,0.0,0.0,0.0,Low,['No individually suspicious telemetry signals correlated with this transaction']
TXNb417dee1-b,CUST00158,2026-07-11 05:27:49,20512.68,mobile,0.0,0.0,0.0,Low,['No individually suspicious telemetry signals correlated with this transaction']
TXN187666ec-2,CUST00159,2026-06-21 04:53:42,552.53,mobile,0.0,0.0,0.0,Low,['No individually suspicious telemetry signals correlated with this transaction']
TXN6cd6cedf-5,CUST00159,2026-06-25 03:52:10,3661.75,branch,0.0,0.0,0.0,Low,['No individually suspicious telemetry signals correlated with this transaction']
TXN4d59f68e-0,CUST00159,2026-06-26 17:27:38,760.72,mobile,0.0,0.0,0.0,Low,['No individually suspicious telemetry signals correlated with this transaction']
TXNdbfb491a-9,CUST00159,2026-07-07 05:07:45,3587.6,mobile,0.0,0.0,0.0,Low,['No individually suspicious telemetry signals correlated with this transaction']
TXN6420b22a-c,CUST00159,2026-07-13 21:15:38,2637.2,web,0.0,0.0,0.0,Low,['No individually suspicious telemetry signals correlated with this transaction']
TXN198493ce-3,CUST00159,2026-07-16 09:04:59,616.41,mobile,0.0,0.0,0.0,Low,['No individually suspicious telemetry signals correlated with this transaction']
TXNf34574ae-0,CUST00156,2026-06-22 02:28:13,3329.57,web,0.0,0.0,0.0,Low,['No individually suspicious telemetry signals correlated with this transaction']
TXNf7df9baf-f,CUST00156,2026-06-28 08:18:51,533.95,mobile,0.0,0.0,0.0,Low,['No individually suspicious telemetry signals correlated with this transaction']
TXNc790b84c-3,CUST00156,2026-07-01 21:15:40,3829.32,mobile,0.0,0.0,0.0,Low,['No individually suspicious telemetry signals correlated with this transaction']
TXN21144198-5,CUST00156,2026-07-04 01:43:11,2261.29,mobile,0.0,0.0,0.0,Low,['No individually suspicious telemetry signals correlated with this transaction']
TXN61127927-c,CUST00156,2026-07-06 09:35:53,2461.93,mobile,0.0,0.0,0.0,Low,['No individually suspicious telemetry signals correlated with this transaction']
TXNb7c315a2-d,CUST00157,2026-06-20 10:57:40,763.12,mobile,0.0,0.0,0.0,Low,['No individually suspicious telemetry signals correlated with this transaction']
TXN0c995e2d-a,CUST00157,2026-06-22 13:57:47,994.5,branch,0.0,0.0,0.0,Low,['No individually suspicious telemetry signals correlated with this transaction']
TXNb16d3da7-1,CUST00139,2026-07-09 05:09:04,4918.51,atm,0.0,0.0,0.0,Low,['No individually suspicious telemetry signals correlated with this transaction']
TXNa8c12f22-7,CUST00139,2026-07-09 14:45:53,1184.7,web,0.0,0.0,0.0,Low,['No individually suspicious telemetry signals correlated with this transaction']
TXNfa3bc921-c,CUST00139,2026-07-13 21:21:04,416.59,mobile,0.0,0.0,0.0,Low,['No individually suspicious telemetry signals correlated with this transaction']
TXN5122f001-7,CUST00139,2026-07-15 01:57:34,1041.03,web,0.0,0.0,0.0,Low,['No individually suspicious telemetry signals correlated with this transaction']
TXNbbe43aa7-8,CUST00139,2026-07-16 11:02:30,3024.37,mobile,0.0,0.0,0.0,Low,['No individually suspicious telemetry signals correlated with this transaction']
TXNc94b3a6f-7,CUST00140,2026-06-23 07:09:27,641.92,mobile,0.0,0.0,0.0,Low,['No individually suspicious telemetry signals correlated with this transaction']
TXNf525d556-b,CUST00140,2026-06-24 04:26:59,1638.23,mobile,0.0,0.0,0.0,Low,['No individually suspicious telemetry signals correlated with this transaction']
TXN14669189-5,CUST00140,2026-06-26 17:34:35,369.33,mobile,0.0,0.0,0.0,Low,['No individually suspicious telemetry signals correlated with this transaction']
TXNecfbc936-2,CUST00140,2026-07-04 18:40:50,4385.82,branch,0.0,0.0,0.0,Low,['No individually suspicious telemetry signals correlated with this transaction']
TXNd3ec1562-9,CUST00140,2026-07-05 14:57:36,6204.71,mobile,0.0,0.0,0.0,Low,['No individually suspicious telemetry signals correlated with this transaction']
TXN13974770-1,CUST00158,2026-06-25 09:44:08,1888.25,web,0.0,0.0,0.0,Low,['No individually suspicious telemetry signals correlated with this transaction']
TXNa1ad9f14-3,CUST00158,2026-06-28 05:17:31,3487.83,web,0.0,0.0,0.0,Low,['No individually suspicious telemetry signals correlated with this transaction']
TXNe06a46b2-b,CUST00158,2026-06-30 13:02:54,11553.02,web,0.0,0.0,0.0,Low,['No individually suspicious telemetry signals correlated with this transaction']
TXN0528d309-6,CUST00158,2026-07-04 10:56:03,434.24,web,0.0,0.0,0.0,Low,['No individually suspicious telemetry signals correlated with this transaction']
TXN66979d0f-a,CUST00158,2026-07-06 08:22:24,1882.36,web,0.0,0.0,0.0,Low,['No individually suspicious telemetry signals correlated with this transaction']
TXN4878917a-2,CUST00158,2026-07-07 00:05:00,18168.87,mobile,0.0,0.0,0.0,Low,['No individually suspicious telemetry signals correlated with this transaction']
TXN209595a4-6,CUST00162,2026-07-07 03:00:14,520.54,mobile,0.0,0.0,0.0,Low,['No individually suspicious telemetry signals correlated with this transaction']
TXN8e07d8fc-8,CUST00162,2026-07-10 07:08:59,4117.56,web,0.0,0.0,0.0,Low,['No individually suspicious telemetry signals correlated with this transaction']
TXNbbaa6e4a-f,CUST00162,2026-07-12 21:07:20,2183.21,web,0.0,0.0,0.0,Low,['No individually suspicious telemetry signals correlated with this transaction']
TXNf392b60b-6,CUST00160,2026-06-17 18:01:57,1378.53,mobile,0.0,0.0,0.0,Low,['No individually suspicious telemetry signals correlated with this transaction']
TXN48cff1da-7,CUST00160,2026-06-21 03:49:12,1066.68,mobile,0.0,0.0,0.0,Low,['No individually suspicious telemetry signals correlated with this transaction']
TXN68054a24-f,CUST00160,2026-06-21 15:38:17,4979.72,branch,0.0,0.0,0.0,Low,['No individually suspicious telemetry signals correlated with this transaction']
TXN9381ebb3-a,CUST00160,2026-06-22 06:07:19,3291.46,mobile,0.0,0.0,0.0,Low,['No individually suspicious telemetry signals correlated with this transaction']
TXN81b01ca4-8,CUST00160,2026-06-24 16:43:38,1123.38,mobile,0.0,0.0,0.0,Low,['No individually suspicious telemetry signals correlated with this transaction']
TXN93efe8f0-3,CUST00160,2026-07-08 12:46:22,1820.78,mobile,0.0,0.0,0.0,Low,['No individually suspicious telemetry signals correlated with this transaction']
TXNb6eea1cf-8,CUST00160,2026-07-14 05:27:20,4058.81,mobile,0.0,0.0,0.0,Low,['No individually suspicious telemetry signals correlated with this transaction']
TXN1579bc24-3,CUST00161,2026-06-18 08:41:20,3805.33,mobile,0.0,0.0,0.0,Low,['No individually suspicious telemetry signals correlated with this transaction']
TXNb062259e-5,CUST00161,2026-06-20 19:21:23,8691.16,branch,0.0,0.0,0.0,Low,['No individually suspicious telemetry signals correlated with this transaction']
TXN1f09bd6b-b,CUST00139,2026-06-25 11:19:00,3222.26,mobile,0.0,0.0,0.0,Low,['No individually suspicious telemetry signals correlated with this transaction']
TXN93432c76-d,CUST00139,2026-07-05 05:30:49,9744.51,web,0.0,0.0,0.0,Low,['No individually suspicious telemetry signals correlated with this transaction']
TXN5424aae4-3,CUST00139,2026-07-07 02:57:58,2619.65,mobile,0.0,0.0,0.0,Low,['No individually suspicious telemetry signals correlated with this transaction']
TXN5097ce46-7,CUST00139,2026-07-08 01:51:21,3477.41,mobile,0.0,0.0,0.0,Low,['No individually suspicious telemetry signals correlated with this transaction']
TXN78dc340b-4,CUST00165,2026-07-04 01:52:28,5630.33,web,0.0,0.0,0.0,Low,['No individually suspicious telemetry signals correlated with this transaction']
TXN5f0a74fb-b,CUST00165,2026-07-13 08:10:06,1471.52,mobile,0.0,0.0,0.0,Low,['No individually suspicious telemetry signals correlated with this transaction']
TXN9055e085-5,CUST00165,2026-07-16 06:33:03,5598.35,web,0.0,0.0,0.0,Low,['No individually suspicious telemetry signals correlated with this transaction']
TXNff0614bb-b,CUST00166,2026-06-24 08:02:58,943.47,atm,0.0,0.0,0.0,Low,['No individually suspicious telemetry signals correlated with this transaction']
TXN0f163af8-3,CUST00161,2026-06-23 03:28:13,228.53,web,0.0,0.0,0.0,Low,['No individually suspicious telemetry signals correlated with this transaction']
TXNd5963842-5,CUST00161,2026-06-25 13:59:34,2051.72,web,0.0,0.0,0.0,Low,['No individually suspicious telemetry signals correlated with this transaction']
TXN696f9074-4,CUST00161,2026-06-25 23:58:54,585.38,mobile,0.0,0.0,0.0,Low,['No individually suspicious telemetry signals correlated with this transaction']
TXNdf15e667-6,CUST00161,2026-06-26 21:32:54,6209.64,mobile,0.0,0.0,0.0,Low,['No individually suspicious telemetry signals correlated with this transaction']
TXNa1420851-c,CUST00161,2026-06-27 07:09:48,1848.25,web,0.0,0.0,0.0,Low,['No individually suspicious telemetry signals correlated with this transaction']
TXN7d1d3494-c,CUST00161,2026-06-29 06:30:11,1267.14,web,0.0,0.0,0.0,Low,['No individually suspicious telemetry signals correlated with this transaction']
TXNd68bc80f-9,CUST00161,2026-07-01 21:56:45,1152.54,mobile,0.0,0.0,0.0,Low,['No individually suspicious telemetry signals correlated with this transaction']
TXN8f962ff2-1,CUST00161,2026-07-02 18:41:46,1164.67,mobile,0.0,0.0,0.0,Low,['No individually suspicious telemetry signals correlated with this transaction']
TXNf5a02c0a-5,CUST00161,2026-07-03 10:16:09,2430.11,web,0.0,0.0,0.0,Low,['No individually suspicious telemetry signals correlated with this transaction']
TXN851ab93f-2,CUST00162,2026-06-22 00:16:45,753.73,mobile,0.0,0.0,0.0,Low,['No individually suspicious telemetry signals correlated with this transaction']
TXN6cfacecc-1,CUST00162,2026-06-30 10:41:43,3448.89,mobile,0.0,0.0,0.0,Low,['No individually suspicious telemetry signals correlated with this transaction']
TXN761c7a2b-5,CUST00162,2026-07-01 01:38:33,5649.41,atm,0.0,0.0,0.0,Low,['No individually suspicious telemetry signals correlated with this transaction']
TXNe958c430-d,CUST00167,2026-06-29 19:17:27,1383.33,web,0.0,0.0,0.0,Low,['No individually suspicious telemetry signals correlated with this transaction']
TXN1806699f-b,CUST00167,2026-07-04 20:14:06,421.43,web,0.0,0.0,0.0,Low,['No individually suspicious telemetry signals correlated with this transaction']
TXN584f218a-3,CUST00167,2026-07-05 11:41:32,11262.4,mobile,0.0,0.0,0.0,Low,['No individually suspicious telemetry signals correlated with this transaction']
TXN982e2afd-7,CUST00167,2026-07-06 15:57:10,10999.13,mobile,0.0,0.0,0.0,Low,['No individually suspicious telemetry signals correlated with this transaction']
TXNbab4eb77-9,CUST00167,2026-07-14 11:19:22,1924.0,web,0.0,0.0,0.0,Low,['No individually suspicious telemetry signals correlated with this transaction']
TXNa2e768d7-5,CUST00167,2026-07-15 20:43:36,1943.74,atm,0.0,0.0,0.0,Low,['No individually suspicious telemetry signals correlated with this transaction']
TXN935e2c27-5,CUST00168,2026-06-20 13:26:28,2735.28,mobile,0.0,0.0,0.0,Low,['No individually suspicious telemetry signals correlated with this transaction']
TXN3768d6aa-f,CUST00168,2026-06-23 19:28:32,1140.94,mobile,0.0,0.0,0.0,Low,['No individually suspicious telemetry signals correlated with this transaction']
TXN1d191f64-f,CUST00163,2026-07-06 12:01:05,2740.38,web,0.0,0.0,0.0,Low,['No individually suspicious telemetry signals correlated with this transaction']
TXN3286af00-2,CUST00163,2026-07-09 23:35:47,525.18,atm,0.0,0.0,0.0,Low,['No individually suspicious telemetry signals correlated with this transaction']
TXN864b789a-c,CUST00164,2026-06-19 10:50:27,903.34,web,0.0,0.0,0.0,Low,['No individually suspicious telemetry signals correlated with this transaction']
TXNdfcc8eb4-b,CUST00164,2026-07-01 22:03:07,339.51,mobile,0.0,0.0,0.0,Low,['No individually suspicious telemetry signals correlated with this transaction']
TXN025ec446-6,CUST00164,2026-07-05 20:29:43,159.3,mobile,0.0,0.0,0.0,Low,['No individually suspicious telemetry signals correlated with this transaction']
TXN7ec469d8-6,CUST00164,2026-07-11 03:15:56,5595.68,mobile,0.0,0.0,0.0,Low,['No individually suspicious telemetry signals correlated with this transaction']
TXN4a4a5612-2,CUST00165,2026-06-17 11:12:30,15858.91,branch,0.0,0.0,0.0,Low,['No individually suspicious telemetry signals correlated with this transaction']
TXNcd853347-3,CUST00165,2026-06-20 21:09:07,2738.02,web,0.0,0.0,0.0,Low,['No individually suspicious telemetry signals correlated with this transaction']
TXNd44260d2-5,CUST00135,2026-07-06 22:24:20,1438.93,mobile,0.0,0.0,0.0,Low,['No individually suspicious telemetry signals correlated with this transaction']
TXNb67cb2ac-9,CUST00136,2026-06-16 19:30:56,2528.8,atm,0.0,0.0,0.0,Low,['No individually suspicious telemetry signals correlated with this transaction']
TXN1b3206f0-0,CUST00136,2026-06-19 01:46:23,3848.27,web,0.0,0.0,0.0,Low,['No individually suspicious telemetry signals correlated with this transaction']
TXN60fba34c-3,CUST00136,2026-06-22 01:38:43,2163.79,mobile,0.0,0.0,0.0,Low,['No individually suspicious telemetry signals correlated with this transaction']
TXN266a8b90-e,CUST00136,2026-06-22 09:29:27,7191.22,web,0.0,0.0,0.0,Low,['No individually suspicious telemetry signals correlated with this transaction']
TXNbdf68eb0-c,CUST00136,2026-06-24 00:19:35,2514.3,mobile,0.0,0.0,0.0,Low,['No individually suspicious telemetry signals correlated with this transaction']
TXN5027b309-c,CUST00136,2026-07-10 13:04:18,2953.11,mobile,0.0,0.0,0.0,Low,['No individually suspicious telemetry signals correlated with this transaction']
TXNf486a251-1,CUST00137,2026-06-19 04:50:26,793.24,branch,0.0,0.0,0.0,Low,['No individually suspicious telemetry signals correlated with this transaction']
TXNa8350a40-0,CUST00137,2026-06-22 09:00:55,1204.67,web,0.0,0.0,0.0,Low,['No individually suspicious telemetry signals correlated with this transaction']
TXNc33a8761-6,CUST00137,2026-07-09 11:56:59,1388.07,mobile,0.0,0.0,0.0,Low,['No individually suspicious telemetry signals correlated with this transaction']
TXNfe08a540-e,CUST00138,2026-06-25 10:25:36,980.73,atm,0.0,0.0,0.0,Low,['No individually suspicious telemetry signals correlated with this transaction']
TXNff70abaa-8,CUST00138,2026-06-29 03:14:17,847.23,atm,0.0,0.0,0.0,Low,['No individually suspicious telemetry signals correlated with this transaction']
TXNcc5732f2-8,CUST00139,2026-06-24 18:58:04,264.8,web,0.0,0.0,0.0,Low,['No individually suspicious telemetry signals correlated with this transaction']
TXNfe4995a4-1,CUST00166,2026-07-01 03:14:01,704.79,mobile,0.0,0.0,0.0,Low,['No individually suspicious telemetry signals correlated with this transaction']
TXN2de1bda4-6,CUST00166,2026-07-05 19:37:50,2088.24,web,0.0,0.0,0.0,Low,['No individually suspicious telemetry signals correlated with this transaction']
TXNc4596172-9,CUST00167,2026-06-27 06:56:36,1575.91,branch,0.0,0.0,0.0,Low,['No individually suspicious telemetry signals correlated with this transaction']
TXNc54f87ad-7,CUST00170,2026-06-25 14:39:23,3115.75,mobile,0.0,0.0,0.0,Low,['No individually suspicious telemetry signals correlated with this transaction']
TXN30e4541b-f,CUST00170,2026-06-27 11:20:36,5247.73,mobile,0.0,0.0,0.0,Low,['No individually suspicious telemetry signals correlated with this transaction']
TXNeee5b33e-2,CUST00170,2026-06-29 19:54:34,2944.28,mobile,0.0,0.0,0.0,Low,['No individually suspicious telemetry signals correlated with this transaction']
TXN2da6b974-4,CUST00168,2026-06-27 09:02:59,1418.01,web,0.0,0.0,0.0,Low,['No individually suspicious telemetry signals correlated with this transaction']
TXN206faddb-1,CUST00168,2026-06-27 18:26:03,1961.38,mobile,0.0,0.0,0.0,Low,['No individually suspicious telemetry signals correlated with this transaction']
TXN13e9e070-5,CUST00168,2026-06-27 22:39:22,759.89,mobile,0.0,0.0,0.0,Low,['No individually suspicious telemetry signals correlated with this transaction']
TXN00af085d-2,CUST00168,2026-06-28 17:37:44,3544.99,mobile,0.0,0.0,0.0,Low,['No individually suspicious telemetry signals correlated with this transaction']
TXN8fa50e32-4,CUST00168,2026-06-30 07:22:36,8444.03,atm,0.0,0.0,0.0,Low,['No individually suspicious telemetry signals correlated with this transaction']
TXNa513964e-9,CUST00168,2026-07-01 13:53:12,2011.05,mobile,0.0,0.0,0.0,Low,['No individually suspicious telemetry signals correlated with this transaction']
TXN9d6ba3b5-c,CUST00168,2026-07-06 05:38:48,2924.34,atm,0.0,0.0,0.0,Low,['No individually suspicious telemetry signals correlated with this transaction']
TXN9ad28c4a-9,CUST00168,2026-07-10 06:40:18,1054.48,web,0.0,0.0,0.0,Low,['No individually suspicious telemetry signals correlated with this transaction']
TXN79b8023d-2,CUST00168,2026-07-13 19:15:16,13578.54,web,0.0,0.0,0.0,Low,['No individually suspicious telemetry signals correlated with this transaction']
TXNbcbd6eeb-c,CUST00168,2026-07-16 10:15:40,449.07,atm,0.0,0.0,0.0,Low,['No individually suspicious telemetry signals correlated with this transaction']
TXN4d747649-5,CUST00169,2026-06-17 03:52:25,2846.18,mobile,0.0,0.0,0.0,Low,['No individually suspicious telemetry signals correlated with this transaction']
TXN6ce763e1-7,CUST00169,2026-06-21 14:23:05,945.4,mobile,0.0,0.0,0.0,Low,['No individually suspicious telemetry signals correlated with this transaction']
TXN1246d2a5-6,CUST00135,2026-07-01 04:18:35,7734.51,web,0.0,0.0,0.0,Low,['No individually suspicious telemetry signals correlated with this transaction']
TXNb69b8391-e,CUST00172,2026-06-29 23:35:12,255.35,web,0.0,0.0,0.0,Low,['No individually suspicious telemetry signals correlated with this transaction']
TXN8bab9c9c-c,CUST00172,2026-07-01 15:13:43,4507.73,atm,0.0,0.0,0.0,Low,['No individually suspicious telemetry signals correlated with this transaction']
TXNbffbce28-7,CUST00172,2026-07-04 19:35:50,1744.54,web,0.0,0.0,0.0,Low,['No individually suspicious telemetry signals correlated with this transaction']
TXN7458d92c-a,CUST00172,2026-07-10 18:58:45,3550.37,web,0.0,0.0,0.0,Low,['No individually suspicious telemetry signals correlated with this transaction']
TXN4719c1a8-d,CUST00169,2026-06-24 13:20:26,4490.92,mobile,0.0,0.0,0.0,Low,['No individually suspicious telemetry signals correlated with this transaction']
TXNb1f20ebf-7,CUST00169,2026-06-28 16:42:54,5389.27,web,0.0,0.0,0.0,Low,['No individually suspicious telemetry signals correlated with this transaction']
TXN9afa3fb4-e,CUST00169,2026-06-30 18:47:43,1085.98,web,0.0,0.0,0.0,Low,['No individually suspicious telemetry signals correlated with this transaction']
TXN2a869922-f,CUST00169,2026-07-02 03:36:25,560.22,web,0.0,0.0,0.0,Low,['No individually suspicious telemetry signals correlated with this transaction']
TXN51251262-8,CUST00169,2026-07-05 21:20:28,1849.4,mobile,0.0,0.0,0.0,Low,['No individually suspicious telemetry signals correlated with this transaction']
TXNc61f98b1-6,CUST00169,2026-07-07 02:12:29,310.85,web,0.0,0.0,0.0,Low,['No individually suspicious telemetry signals correlated with this transaction']
TXN5ae0bb5a-7,CUST00169,2026-07-10 03:37:17,4269.22,mobile,0.0,0.0,0.0,Low,['No individually suspicious telemetry signals correlated with this transaction']
TXN6fef2c5d-d,CUST00169,2026-07-16 07:21:41,344.19,branch,0.0,0.0,0.0,Low,['No individually suspicious telemetry signals correlated with this transaction']
TXNa6ef8273-6,CUST00170,2026-06-16 23:26:33,4413.68,mobile,0.0,0.0,0.0,Low,['No individually suspicious telemetry signals correlated with this transaction']
TXNddbb3fa4-0,CUST00170,2026-06-19 18:06:59,4481.45,branch,0.0,0.0,0.0,Low,['No individually suspicious telemetry signals correlated with this transaction']
TXN1ec80917-a,CUST00170,2026-06-23 01:40:53,2969.35,mobile,0.0,0.0,0.0,Low,['No individually suspicious telemetry signals correlated with this transaction']
TXNe054dba1-8,CUST00170,2026-06-24 02:16:51,1690.83,mobile,0.0,0.0,0.0,Low,['No individually suspicious telemetry signals correlated with this transaction']
TXNda42698b-f,CUST00174,2026-06-17 00:26:03,3758.85,mobile,0.0,0.0,0.0,Low,['No individually suspicious telemetry signals correlated with this transaction']
TXN5dc2fd9b-f,CUST00174,2026-06-29 19:26:08,2978.86,web,0.0,0.0,0.0,Low,['No individually suspicious telemetry signals correlated with this transaction']
TXNac0798c7-d,CUST00174,2026-07-04 09:45:42,761.1,atm,0.0,0.0,0.0,Low,['No individually suspicious telemetry signals correlated with this transaction']
TXNaa1c5dca-f,CUST00174,2026-07-09 08:31:57,682.47,branch,0.0,0.0,0.0,Low,['No individually suspicious telemetry signals correlated with this transaction']
TXNfc7c356d-e,CUST00174,2026-07-09 17:45:59,262.16,mobile,0.0,0.0,0.0,Low,['No individually suspicious telemetry signals correlated with this transaction']
TXNe5d20eae-5,CUST00174,2026-07-15 22:56:36,2606.1,mobile,0.0,0.0,0.0,Low,['No individually suspicious telemetry signals correlated with this transaction']
TXNaaefdbe1-d,CUST00175,2026-06-24 22:27:28,909.31,web,0.0,0.0,0.0,Low,['No individually suspicious telemetry signals correlated with this transaction']
TXN316482fe-1,CUST00175,2026-07-12 23:39:19,2621.16,atm,0.0,0.0,0.0,Low,['No individually suspicious telemetry signals correlated with this transaction']
TXN3222504f-0,CUST00170,2026-07-01 08:13:29,2209.05,mobile,0.0,0.0,0.0,Low,['No individually suspicious telemetry signals correlated with this transaction']
TXN6c905f13-b,CUST00170,2026-07-02 13:41:01,306.31,mobile,0.0,0.0,0.0,Low,['No individually suspicious telemetry signals correlated with this transaction']
TXN07ca07d8-d,CUST00171,2026-06-16 12:17:15,987.41,mobile,0.0,0.0,0.0,Low,['No individually suspicious telemetry signals correlated with this transaction']
TXN31e43850-8,CUST00171,2026-06-28 20:48:16,1538.97,web,0.0,0.0,0.0,Low,['No individually suspicious telemetry signals correlated with this transaction']
TXN7886f504-e,CUST00171,2026-07-07 20:16:29,1031.67,mobile,0.0,0.0,0.0,Low,['No individually suspicious telemetry signals correlated with this transaction']
TXN03539b9a-e,CUST00171,2026-07-11 20:32:39,2408.7,web,0.0,0.0,0.0,Low,['No individually suspicious telemetry signals correlated with this transaction']
TXNa5b01639-0,CUST00171,2026-07-14 10:41:15,957.16,web,0.0,0.0,0.0,Low,['No individually suspicious telemetry signals correlated with this transaction']
TXN0ea66dbf-a,CUST00171,2026-07-16 08:26:16,2002.66,mobile,0.0,0.0,0.0,Low,['No individually suspicious telemetry signals correlated with this transaction']
TXN3a5b171c-b,CUST00133,2026-07-02 03:42:58,11847.36,atm,0.0,0.0,0.0,Low,['No individually suspicious telemetry signals correlated with this transaction']
TXN81b85934-a,CUST00133,2026-07-05 06:00:11,1054.08,mobile,0.0,0.0,0.0,Low,['No individually suspicious telemetry signals correlated with this transaction']
TXN7eb3a98f-d,CUST00133,2026-07-10 20:51:52,3060.65,web,0.0,0.0,0.0,Low,['No individually suspicious telemetry signals correlated with this transaction']
TXN1bf2235c-5,CUST00134,2026-07-01 16:58:29,404.07,web,0.0,0.0,0.0,Low,['No individually suspicious telemetry signals correlated with this transaction']
TXN0b73a040-b,CUST00134,2026-07-07 17:01:01,1685.83,mobile,0.0,0.0,0.0,Low,['No individually suspicious telemetry signals correlated with this transaction']
TXNd972c236-d,CUST00134,2026-07-08 21:17:01,1084.3,web,0.0,0.0,0.0,Low,['No individually suspicious telemetry signals correlated with this transaction']
TXN1cf98855-7,CUST00134,2026-07-09 05:42:03,380.94,mobile,0.0,0.0,0.0,Low,['No individually suspicious telemetry signals correlated with this transaction']
TXNf9a013be-5,CUST00135,2026-06-16 18:56:08,1470.21,web,0.0,0.0,0.0,Low,['No individually suspicious telemetry signals correlated with this transaction']
TXN9b622c0a-5,CUST00135,2026-06-19 02:22:26,198.25,web,0.0,0.0,0.0,Low,['No individually suspicious telemetry signals correlated with this transaction']
TXN4b47b715-f,CUST00135,2026-06-21 16:43:15,1563.72,mobile,0.0,0.0,0.0,Low,['No individually suspicious telemetry signals correlated with this transaction']
TXN4878383a-e,CUST00135,2026-06-22 16:17:09,1254.89,web,0.0,0.0,0.0,Low,['No individually suspicious telemetry signals correlated with this transaction']
TXN5e99c568-0,CUST00172,2026-07-15 21:19:11,667.56,atm,0.0,0.0,0.0,Low,['No individually suspicious telemetry signals correlated with this transaction']
TXN1e92c0ae-d,CUST00173,2026-06-25 03:23:58,2240.49,mobile,0.0,0.0,0.0,Low,['No individually suspicious telemetry signals correlated with this transaction']
TXNdb9eb2e6-1,CUST00173,2026-06-25 18:30:45,3170.55,mobile,0.0,0.0,0.0,Low,['No individually suspicious telemetry signals correlated with this transaction']
TXNb5e9489c-a,CUST00173,2026-07-03 07:06:33,1760.68,web,0.0,0.0,0.0,Low,['No individually suspicious telemetry signals correlated with this transaction']
TXN2d49d235-b,CUST00173,2026-07-07 22:33:21,1005.96,web,0.0,0.0,0.0,Low,['No individually suspicious telemetry signals correlated with this transaction']
TXNbe3de265-d,CUST00180,2026-06-18 03:26:16,1107.29,mobile,0.0,0.0,0.0,Low,['No individually suspicious telemetry signals correlated with this transaction']
TXN25c37945-8,CUST00175,2026-07-16 06:06:14,3802.17,atm,0.0,0.0,0.0,Low,['No individually suspicious telemetry signals correlated with this transaction']
TXNa06a7de4-9,CUST00176,2026-06-16 15:45:24,1269.11,mobile,0.0,0.0,0.0,Low,['No individually suspicious telemetry signals correlated with this transaction']
TXN9bc88efe-4,CUST00176,2026-06-22 07:08:32,414.17,mobile,0.0,0.0,0.0,Low,['No individually suspicious telemetry signals correlated with this transaction']
TXN68c4b51a-8,CUST00176,2026-07-01 18:06:43,876.36,mobile,0.0,0.0,0.0,Low,['No individually suspicious telemetry signals correlated with this transaction']
TXNd60b04a9-9,CUST00176,2026-07-06 01:43:50,2138.33,mobile,0.0,0.0,0.0,Low,['No individually suspicious telemetry signals correlated with this transaction']
TXN1e228ade-5,CUST00176,2026-07-14 23:43:36,958.19,web,0.0,0.0,0.0,Low,['No individually suspicious telemetry signals correlated with this transaction']
TXN161f77a1-b,CUST00176,2026-07-16 00:59:15,410.56,mobile,0.0,0.0,0.0,Low,['No individually suspicious telemetry signals correlated with this transaction']
TXNf151ff15-a,CUST00177,2026-06-17 00:09:43,4086.53,mobile,0.0,0.0,0.0,Low,['No individually suspicious telemetry signals correlated with this transaction']
TXN497dd968-b,CUST00177,2026-06-19 02:08:24,255.22,mobile,0.0,0.0,0.0,Low,['No individually suspicious telemetry signals correlated with this transaction']
TXNe09012d7-1,CUST00177,2026-06-20 21:30:43,981.62,mobile,0.0,0.0,0.0,Low,['No individually suspicious telemetry signals correlated with this transaction']
TXN90a67567-2,CUST00177,2026-06-23 07:36:29,5828.92,web,0.0,0.0,0.0,Low,['No individually suspicious telemetry signals correlated with this transaction']
TXN4f7c1491-2,CUST00177,2026-06-25 18:37:53,6835.68,web,0.0,0.0,0.0,Low,['No individually suspicious telemetry signals correlated with this transaction']
TXNa7ee2f23-9,CUST00133,2026-06-26 01:12:14,930.4,mobile,0.0,0.0,0.0,Low,['No individually suspicious telemetry signals correlated with this transaction']
TXNfdf1d205-b,CUST00133,2026-06-26 04:26:31,3200.23,mobile,0.0,0.0,0.0,Low,['No individually suspicious telemetry signals correlated with this transaction']
TXN0420521e-4,CUST00133,2026-07-01 02:45:46,2507.29,mobile,0.0,0.0,0.0,Low,['No individually suspicious telemetry signals correlated with this transaction']
TXNe6a98352-d,CUST00181,2026-07-14 12:49:20,1120.37,mobile,0.0,0.0,0.0,Low,['No individually suspicious telemetry signals correlated with this transaction']
TXNa190aa44-a,CUST00181,2026-07-16 10:24:19,8279.3,web,0.0,0.0,0.0,Low,['No individually suspicious telemetry signals correlated with this transaction']
TXNbf5628b9-3,CUST00177,2026-06-28 11:27:49,3258.44,mobile,0.0,0.0,0.0,Low,['No individually suspicious telemetry signals correlated with this transaction']
TXN2b5997f2-c,CUST00177,2026-07-03 01:49:15,1744.58,web,0.0,0.0,0.0,Low,['No individually suspicious telemetry signals correlated with this transaction']
TXN4ecad266-3,CUST00177,2026-07-15 04:44:16,610.16,web,0.0,0.0,0.0,Low,['No individually suspicious telemetry signals correlated with this transaction']
TXN85e620fe-a,CUST00178,2026-06-24 01:24:30,3439.51,web,0.0,0.0,0.0,Low,['No individually suspicious telemetry signals correlated with this transaction']
TXN5d15c129-9,CUST00178,2026-06-24 18:37:02,1814.14,mobile,0.0,0.0,0.0,Low,['No individually suspicious telemetry signals correlated with this transaction']
TXNd5d4999b-3,CUST00178,2026-06-25 15:19:17,5727.44,mobile,0.0,0.0,0.0,Low,['No individually suspicious telemetry signals correlated with this transaction']
TXN330062f1-e,CUST00178,2026-06-30 19:37:15,719.1,mobile,0.0,0.0,0.0,Low,['No individually suspicious telemetry signals correlated with this transaction']
TXNafe1d845-a,CUST00178,2026-07-07 13:28:33,2348.69,mobile,0.0,0.0,0.0,Low,['No individually suspicious telemetry signals correlated with this transaction']
TXN42650798-4,CUST00178,2026-07-10 06:45:29,934.14,mobile,0.0,0.0,0.0,Low,['No individually suspicious telemetry signals correlated with this transaction']
TXN17a85108-4,CUST00178,2026-07-11 21:23:20,3473.41,mobile,0.0,0.0,0.0,Low,['No individually suspicious telemetry signals correlated with this transaction']
TXNf31d40e2-0,CUST00179,2026-06-30 12:20:49,3064.34,mobile,0.0,0.0,0.0,Low,['No individually suspicious telemetry signals correlated with this transaction']
TXNfe66c4fa-3,CUST00179,2026-07-11 10:00:20,7459.75,web,0.0,0.0,0.0,Low,['No individually suspicious telemetry signals correlated with this transaction']
TXN27dc3b65-6,CUST00179,2026-07-13 06:40:25,651.9,atm,0.0,0.0,0.0,Low,['No individually suspicious telemetry signals correlated with this transaction']
TXN8365d2cf-1,CUST00180,2026-06-16 21:12:07,685.29,mobile,0.0,0.0,0.0,Low,['No individually suspicious telemetry signals correlated with this transaction']
TXN66b1f859-a,CUST00182,2026-07-09 08:31:21,2952.54,web,0.0,0.0,0.0,Low,['No individually suspicious telemetry signals correlated with this transaction']
TXN98cb3cb4-e,CUST00182,2026-07-16 00:58:47,2825.4,mobile,0.0,0.0,0.0,Low,['No individually suspicious telemetry signals correlated with this transaction']
TXN0dc5d7d9-f,CUST00183,2026-06-21 00:10:42,13168.7,mobile,0.0,0.0,0.0,Low,['No individually suspicious telemetry signals correlated with this transaction']
TXNcaf91924-4,CUST00183,2026-06-23 19:38:01,3047.82,mobile,0.0,0.0,0.0,Low,['No individually suspicious telemetry signals correlated with this transaction']
TXN9167adea-f,CUST00183,2026-07-05 19:54:51,610.55,atm,0.0,0.0,0.0,Low,['No individually suspicious telemetry signals correlated with this transaction']
TXN37df8dfb-4,CUST00180,2026-06-21 08:45:01,369.82,mobile,0.0,0.0,0.0,Low,['No individually suspicious telemetry signals correlated with this transaction']
TXN49e785c7-c,CUST00180,2026-06-25 13:12:05,2282.59,web,0.0,0.0,0.0,Low,['No individually suspicious telemetry signals correlated with this transaction']
TXNa560c775-5,CUST00180,2026-06-29 03:54:27,1266.1,mobile,0.0,0.0,0.0,Low,['No individually suspicious telemetry signals correlated with this transaction']
TXNf7eefd84-b,CUST00180,2026-07-04 13:44:27,5494.03,web,0.0,0.0,0.0,Low,['No individually suspicious telemetry signals correlated with this transaction']
TXN8bf9a66d-7,CUST00181,2026-06-20 21:19:19,3228.2,mobile,0.0,0.0,0.0,Low,['No individually suspicious telemetry signals correlated with this transaction']
TXN79ba19db-6,CUST00181,2026-06-24 13:51:08,1283.26,branch,0.0,0.0,0.0,Low,['No individually suspicious telemetry signals correlated with this transaction']
TXNe6b9f3a3-9,CUST00181,2026-07-01 01:43:38,1977.14,mobile,0.0,0.0,0.0,Low,['No individually suspicious telemetry signals correlated with this transaction']
TXN7062dff6-0,CUST00181,2026-07-03 07:14:18,1823.14,web,0.0,0.0,0.0,Low,['No individually suspicious telemetry signals correlated with this transaction']
TXN9053317b-5,CUST00181,2026-07-04 14:49:36,15046.71,web,0.0,0.0,0.0,Low,['No individually suspicious telemetry signals correlated with this transaction']
TXN1ac7ea5b-b,CUST00181,2026-07-11 02:39:07,6612.57,mobile,0.0,0.0,0.0,Low,['No individually suspicious telemetry signals correlated with this transaction']
TXNe729b06f-a,CUST00181,2026-07-11 22:36:13,419.09,mobile,0.0,0.0,0.0,Low,['No individually suspicious telemetry signals correlated with this transaction']
TXNdb964db1-3,CUST00184,2026-06-22 17:59:32,2106.49,web,0.0,0.0,0.0,Low,['No individually suspicious telemetry signals correlated with this transaction']
TXN4eba12da-4,CUST00184,2026-07-06 03:14:45,1275.27,atm,0.0,0.0,0.0,Low,['No individually suspicious telemetry signals correlated with this transaction']
TXN1993edfe-5,CUST00184,2026-07-10 20:56:38,318.32,mobile,0.0,0.0,0.0,Low,['No individually suspicious telemetry signals correlated with this transaction']
TXN76a6e2e6-d,CUST00185,2026-06-20 09:13:02,8006.54,mobile,0.0,0.0,0.0,Low,['No individually suspicious telemetry signals correlated with this transaction']
TXN78e90ae9-e,CUST00185,2026-07-07 02:04:18,206.72,web,0.0,0.0,0.0,Low,['No individually suspicious telemetry signals correlated with this transaction']
TXN64e04880-a,CUST00185,2026-07-12 11:20:53,2135.11,branch,0.0,0.0,0.0,Low,['No individually suspicious telemetry signals correlated with this transaction']
TXN665ec4dd-2,CUST00186,2026-06-22 09:37:03,3408.17,atm,0.0,0.0,0.0,Low,['No individually suspicious telemetry signals correlated with this transaction']
TXNdf683491-b,CUST00186,2026-06-30 21:01:59,1603.92,web,0.0,0.0,0.0,Low,['No individually suspicious telemetry signals correlated with this transaction']
TXNbb1fdb98-6,CUST00182,2026-06-20 09:38:38,1844.71,mobile,0.0,0.0,0.0,Low,['No individually suspicious telemetry signals correlated with this transaction']
TXN3e5bd4af-d,CUST00182,2026-06-20 21:03:07,6998.88,web,0.0,0.0,0.0,Low,['No individually suspicious telemetry signals correlated with this transaction']
TXN97f483d6-7,CUST00182,2026-06-23 15:50:22,135.65,mobile,0.0,0.0,0.0,Low,['No individually suspicious telemetry signals correlated with this transaction']
TXNef4c113d-c,CUST00182,2026-06-28 06:48:53,818.52,web,0.0,0.0,0.0,Low,['No individually suspicious telemetry signals correlated with this transaction']
TXN1b9c67e0-8,CUST00182,2026-07-01 22:54:44,2842.65,web,0.0,0.0,0.0,Low,['No individually suspicious telemetry signals correlated with this transaction']
TXN44f4d74f-c,CUST00182,2026-07-02 09:06:46,2839.61,atm,0.0,0.0,0.0,Low,['No individually suspicious telemetry signals correlated with this transaction']
TXN862a76f2-f,CUST00182,2026-07-02 23:57:18,1840.9,web,0.0,0.0,0.0,Low,['No individually suspicious telemetry signals correlated with this transaction']
TXN99d75477-5,CUST00182,2026-07-04 16:02:31,3229.97,mobile,0.0,0.0,0.0,Low,['No individually suspicious telemetry signals correlated with this transaction']
TXNfe1be3e9-b,CUST00131,2026-07-15 10:05:29,1207.02,web,0.0,0.0,0.0,Low,['No individually suspicious telemetry signals correlated with this transaction']
TXNc96782fb-c,CUST00132,2026-06-23 04:27:14,261.48,mobile,0.0,0.0,0.0,Low,['No individually suspicious telemetry signals correlated with this transaction']
TXN09791408-7,CUST00132,2026-06-23 15:25:12,2718.71,web,0.0,0.0,0.0,Low,['No individually suspicious telemetry signals correlated with this transaction']
TXN0328a80d-9,CUST00132,2026-06-29 21:51:04,1043.33,mobile,0.0,0.0,0.0,Low,['No individually suspicious telemetry signals correlated with this transaction']
TXN046b96f9-7,CUST00132,2026-06-30 12:01:13,4283.23,mobile,0.0,0.0,0.0,Low,['No individually suspicious telemetry signals correlated with this transaction']
TXNa34321bf-7,CUST00132,2026-06-30 13:37:12,450.22,web,0.0,0.0,0.0,Low,['No individually suspicious telemetry signals correlated with this transaction']
TXNa928a5b2-9,CUST00132,2026-07-03 03:56:37,1677.19,atm,0.0,0.0,0.0,Low,['No individually suspicious telemetry signals correlated with this transaction']
TXN145d2f7e-f,CUST00132,2026-07-08 12:46:59,740.53,mobile,0.0,0.0,0.0,Low,['No individually suspicious telemetry signals correlated with this transaction']
TXNd8fbd542-4,CUST00132,2026-07-08 14:08:44,613.55,web,0.0,0.0,0.0,Low,['No individually suspicious telemetry signals correlated with this transaction']
TXN689ab92d-3,CUST00132,2026-07-10 03:11:31,5243.94,mobile,0.0,0.0,0.0,Low,['No individually suspicious telemetry signals correlated with this transaction']
TXN2cabb9ad-a,CUST00133,2026-06-20 16:12:04,368.93,web,0.0,0.0,0.0,Low,['No individually suspicious telemetry signals correlated with this transaction']
TXN589a2b88-c,CUST00183,2026-07-09 20:00:00,1367.97,mobile,0.0,0.0,0.0,Low,['No individually suspicious telemetry signals correlated with this transaction']
TXNa9d500dd-2,CUST00183,2026-07-10 18:29:00,7223.53,mobile,0.0,0.0,0.0,Low,['No individually suspicious telemetry signals correlated with this transaction']
TXNb960df1f-1,CUST00184,2026-06-17 01:30:06,4589.92,web,0.0,0.0,0.0,Low,['No individually suspicious telemetry signals correlated with this transaction']
TXN8e2b4d2c-a,CUST00184,2026-06-19 03:30:36,964.12,mobile,0.0,0.0,0.0,Low,['No individually suspicious telemetry signals correlated with this transaction']
TXN01440fa3-5,CUST00184,2026-06-22 03:06:04,7332.22,web,0.0,0.0,0.0,Low,['No individually suspicious telemetry signals correlated with this transaction']
TXN6c262577-6,CUST00190,2026-07-15 09:29:38,4265.1,mobile,0.0,0.0,0.0,Low,['No individually suspicious telemetry signals correlated with this transaction']
TXNa76090e7-7,CUST00190,2026-07-16 01:54:17,1553.84,atm,0.0,0.0,0.0,Low,['No individually suspicious telemetry signals correlated with this transaction']
TXNb522f610-e,CUST00191,2026-06-17 15:16:21,6005.49,web,0.0,0.0,0.0,Low,['No individually suspicious telemetry signals correlated with this transaction']
TXNd81b6bb7-5,CUST00191,2026-06-20 07:35:08,2077.55,web,0.0,0.0,0.0,Low,['No individually suspicious telemetry signals correlated with this transaction']
TXNab7d09b2-7,CUST00186,2026-07-02 06:13:27,610.18,mobile,0.0,0.0,0.0,Low,['No individually suspicious telemetry signals correlated with this transaction']
TXNeabd37da-c,CUST00186,2026-07-15 03:34:41,2851.61,mobile,0.0,0.0,0.0,Low,['No individually suspicious telemetry signals correlated with this transaction']
TXN5cbe693e-5,CUST00187,2026-06-23 12:31:22,1244.53,web,0.0,0.0,0.0,Low,['No individually suspicious telemetry signals correlated with this transaction']
TXN00684d9c-d,CUST00187,2026-07-03 06:24:15,5203.18,branch,0.0,0.0,0.0,Low,['No individually suspicious telemetry signals correlated with this transaction']
TXN06e2ac94-9,CUST00187,2026-07-03 20:13:11,5564.48,web,0.0,0.0,0.0,Low,['No individually suspicious telemetry signals correlated with this transaction']
TXN3ae61863-a,CUST00187,2026-07-04 14:20:16,851.6,mobile,0.0,0.0,0.0,Low,['No individually suspicious telemetry signals correlated with this transaction']
TXN2e0c5488-a,CUST00188,2026-06-28 23:15:40,531.89,web,0.0,0.0,0.0,Low,['No individually suspicious telemetry signals correlated with this transaction']
TXN7b0c036b-d,CUST00188,2026-06-29 04:03:31,7347.77,branch,0.0,0.0,0.0,Low,['No individually suspicious telemetry signals correlated with this transaction']
TXN4fa3baf6-4,CUST00188,2026-07-07 12:59:19,500.43,branch,0.0,0.0,0.0,Low,['No individually suspicious telemetry signals correlated with this transaction']
TXNa7e70139-1,CUST00189,2026-06-16 17:53:05,2215.75,mobile,0.0,0.0,0.0,Low,['No individually suspicious telemetry signals correlated with this transaction']
TXN44cca057-5,CUST00131,2026-07-12 01:53:27,20190.41,mobile,0.0,0.0,0.0,Low,['No individually suspicious telemetry signals correlated with this transaction']
TXN09e218a7-6,CUST00131,2026-07-12 22:52:25,601.91,atm,0.0,0.0,0.0,Low,['No individually suspicious telemetry signals correlated with this transaction']
TXNc0d978e7-c,CUST00129,2026-06-17 02:50:13,2119.09,web,0.0,0.0,0.0,Low,['No individually suspicious telemetry signals correlated with this transaction']
TXN07001750-c,CUST00129,2026-06-25 02:49:12,240.55,branch,0.0,0.0,0.0,Low,['No individually suspicious telemetry signals correlated with this transaction']
TXNc4ddfe54-9,CUST00130,2026-06-17 03:47:59,3143.45,atm,0.0,0.0,0.0,Low,['No individually suspicious telemetry signals correlated with this transaction']
TXNc09d557f-b,CUST00130,2026-06-17 08:15:42,206.37,web,0.0,0.0,0.0,Low,['No individually suspicious telemetry signals correlated with this transaction']
TXNeeb687c3-b,CUST00130,2026-06-21 01:24:47,3996.73,mobile,0.0,0.0,0.0,Low,['No individually suspicious telemetry signals correlated with this transaction']
TXNfdab0afa-d,CUST00130,2026-07-08 11:20:10,2569.61,web,0.0,0.0,0.0,Low,['No individually suspicious telemetry signals correlated with this transaction']
TXN8da4afbe-1,CUST00130,2026-07-11 23:58:58,5221.8,web,0.0,0.0,0.0,Low,['No individually suspicious telemetry signals correlated with this transaction']
TXNaebeca58-c,CUST00131,2026-06-23 09:00:52,2050.91,mobile,0.0,0.0,0.0,Low,['No individually suspicious telemetry signals correlated with this transaction']
TXNa72d0bf4-c,CUST00131,2026-07-02 13:52:15,284.58,mobile,0.0,0.0,0.0,Low,['No individually suspicious telemetry signals correlated with this transaction']
TXNf5d68c8f-2,CUST00131,2026-07-11 15:19:00,591.37,web,0.0,0.0,0.0,Low,['No individually suspicious telemetry signals correlated with this transaction']
TXNce9205ae-c,CUST00189,2026-06-22 19:11:22,2386.1,mobile,0.0,0.0,0.0,Low,['No individually suspicious telemetry signals correlated with this transaction']
TXNf47bffba-f,CUST00189,2026-06-28 07:59:31,518.43,web,0.0,0.0,0.0,Low,['No individually suspicious telemetry signals correlated with this transaction']
TXN58a64190-1,CUST00189,2026-07-05 20:29:05,6359.45,atm,0.0,0.0,0.0,Low,['No individually suspicious telemetry signals correlated with this transaction']
TXN65f17e33-2,CUST00189,2026-07-09 10:59:23,10708.03,mobile,0.0,0.0,0.0,Low,['No individually suspicious telemetry signals correlated with this transaction']
TXNe88081f9-c,CUST00190,2026-06-26 17:24:37,11077.43,web,0.0,0.0,0.0,Low,['No individually suspicious telemetry signals correlated with this transaction']
TXN1daf7374-a,CUST00190,2026-07-08 01:44:37,1222.28,mobile,0.0,0.0,0.0,Low,['No individually suspicious telemetry signals correlated with this transaction']
TXNcffe7547-a,CUST00194,2026-06-30 17:20:55,2297.94,mobile,0.0,0.0,0.0,Low,['No individually suspicious telemetry signals correlated with this transaction']
TXN833bde78-6,CUST00194,2026-07-08 21:18:47,6114.96,web,0.0,0.0,0.0,Low,['No individually suspicious telemetry signals correlated with this transaction']
TXNcb317618-d,CUST00195,2026-07-05 20:09:57,4902.33,atm,0.0,0.0,0.0,Low,['No individually suspicious telemetry signals correlated with this transaction']
TXN1c968b9b-5,CUST00191,2026-06-20 12:48:33,6379.21,mobile,0.0,0.0,0.0,Low,['No individually suspicious telemetry signals correlated with this transaction']
TXN01c7ea8b-2,CUST00191,2026-07-03 13:40:27,2645.61,web,0.0,0.0,0.0,Low,['No individually suspicious telemetry signals correlated with this transaction']
TXN83d03e33-3,CUST00191,2026-07-10 07:46:23,1696.04,branch,0.0,0.0,0.0,Low,['No individually suspicious telemetry signals correlated with this transaction']
TXNde2e7abc-1,CUST00192,2026-06-25 04:06:36,2128.87,atm,0.0,0.0,0.0,Low,['No individually suspicious telemetry signals correlated with this transaction']
TXN060615bf-d,CUST00192,2026-07-01 22:14:05,2246.58,web,0.0,0.0,0.0,Low,['No individually suspicious telemetry signals correlated with this transaction']
TXNaccc8e70-5,CUST00192,2026-07-04 03:07:45,4250.49,web,0.0,0.0,0.0,Low,['No individually suspicious telemetry signals correlated with this transaction']
TXN76fab828-0,CUST00192,2026-07-05 17:04:54,1443.53,mobile,0.0,0.0,0.0,Low,['No individually suspicious telemetry signals correlated with this transaction']
TXN0cd19e0c-5,CUST00192,2026-07-05 23:20:04,3034.99,web,0.0,0.0,0.0,Low,['No individually suspicious telemetry signals correlated with this transaction']
TXN4b11c181-2,CUST00192,2026-07-06 02:39:16,156.36,web,0.0,0.0,0.0,Low,['No individually suspicious telemetry signals correlated with this transaction']
TXN5e8a35cb-a,CUST00192,2026-07-06 19:12:54,2695.3,atm,0.0,0.0,0.0,Low,['No individually suspicious telemetry signals correlated with this transaction']
TXN250768f2-b,CUST00193,2026-06-23 05:26:53,3688.88,web,0.0,0.0,0.0,Low,['No individually suspicious telemetry signals correlated with this transaction']
TXN754182e8-f,CUST00193,2026-07-02 06:40:33,3399.47,web,0.0,0.0,0.0,Low,['No individually suspicious telemetry signals correlated with this transaction']
TXN9f1c9fd4-d,CUST00129,2026-06-16 23:20:26,722.73,web,0.0,0.0,0.0,Low,['No individually suspicious telemetry signals correlated with this transaction']
TXN014b069c-4,CUST00197,2026-06-20 02:17:50,6346.85,web,0.0,0.0,0.0,Low,['No individually suspicious telemetry signals correlated with this transaction']
TXN6bb73dac-9,CUST00197,2026-06-22 17:46:30,2166.68,mobile,0.0,0.0,0.0,Low,['No individually suspicious telemetry signals correlated with this transaction']
TXN18deabfe-5,CUST00197,2026-06-23 16:27:37,2611.22,web,0.0,0.0,0.0,Low,['No individually suspicious telemetry signals correlated with this transaction']
TXN9c83cfae-1,CUST00197,2026-06-24 04:26:08,7948.45,web,0.0,0.0,0.0,Low,['No individually suspicious telemetry signals correlated with this transaction']
TXNc8347776-0,CUST00197,2026-06-28 09:07:45,564.83,web,0.0,0.0,0.0,Low,['No individually suspicious telemetry signals correlated with this transaction']
TXNb58194e0-0,CUST00197,2026-07-04 12:04:22,3031.98,web,0.0,0.0,0.0,Low,['No individually suspicious telemetry signals correlated with this transaction']
TXN88f4ca54-1,CUST00193,2026-07-06 10:01:36,4596.86,mobile,0.0,0.0,0.0,Low,['No individually suspicious telemetry signals correlated with this transaction']
TXN725f875a-0,CUST00193,2026-07-08 07:39:14,515.28,mobile,0.0,0.0,0.0,Low,['No individually suspicious telemetry signals correlated with this transaction']
TXN539b4d73-1,CUST00193,2026-07-08 17:20:21,8877.67,mobile,0.0,0.0,0.0,Low,['No individually suspicious telemetry signals correlated with this transaction']
TXNbb5e14d6-5,CUST00193,2026-07-09 00:37:27,7323.41,web,0.0,0.0,0.0,Low,['No individually suspicious telemetry signals correlated with this transaction']
TXN9bfe970a-2,CUST00193,2026-07-09 10:06:59,3041.25,branch,0.0,0.0,0.0,Low,['No individually suspicious telemetry signals correlated with this transaction']
TXN91ae757c-8,CUST00193,2026-07-11 07:44:56,2779.95,atm,0.0,0.0,0.0,Low,['No individually suspicious telemetry signals correlated with this transaction']
TXNe489149f-6,CUST00193,2026-07-15 14:32:51,2108.82,web,0.0,0.0,0.0,Low,['No individually suspicious telemetry signals correlated with this transaction']
TXNeea90156-d,CUST00193,2026-07-15 16:36:53,1546.1,atm,0.0,0.0,0.0,Low,['No individually suspicious telemetry signals correlated with this transaction']
TXN4d4ef3fa-b,CUST00194,2026-06-21 21:30:27,3672.92,atm,0.0,0.0,0.0,Low,['No individually suspicious telemetry signals correlated with this transaction']
TXN2f160f3d-0,CUST00194,2026-06-24 05:33:32,2124.14,mobile,0.0,0.0,0.0,Low,['No individually suspicious telemetry signals correlated with this transaction']
TXN092e9fab-2,CUST00127,2026-07-05 18:27:16,3507.72,web,0.0,0.0,0.0,Low,['No individually suspicious telemetry signals correlated with this transaction']
TXN855fecc6-f,CUST00127,2026-07-08 20:55:31,1313.58,mobile,0.0,0.0,0.0,Low,['No individually suspicious telemetry signals correlated with this transaction']
TXN04d340e8-7,CUST00128,2026-06-19 16:43:03,221.31,web,0.0,0.0,0.0,Low,['No individually suspicious telemetry signals correlated with this transaction']
TXNd4022243-e,CUST00128,2026-06-25 14:16:19,5211.11,mobile,0.0,0.0,0.0,Low,['No individually suspicious telemetry signals correlated with this transaction']
TXN611b92ab-3,CUST00128,2026-06-29 12:33:13,2237.56,web,0.0,0.0,0.0,Low,['No individually suspicious telemetry signals correlated with this transaction']
TXN88516447-6,CUST00128,2026-07-03 09:01:18,1464.53,web,0.0,0.0,0.0,Low,['No individually suspicious telemetry signals correlated with this transaction']
TXN71ab4711-6,CUST00128,2026-07-06 03:20:45,3855.38,mobile,0.0,0.0,0.0,Low,['No individually suspicious telemetry signals correlated with this transaction']
TXNefede7bb-5,CUST00128,2026-07-09 15:27:49,1884.23,web,0.0,0.0,0.0,Low,['No individually suspicious telemetry signals correlated with this transaction']
TXNf714bab7-6,CUST00195,2026-07-06 17:56:40,1552.83,branch,0.0,0.0,0.0,Low,['No individually suspicious telemetry signals correlated with this transaction']
TXN144be8bc-e,CUST00195,2026-07-11 17:34:22,749.46,branch,0.0,0.0,0.0,Low,['No individually suspicious telemetry signals correlated with this transaction']
TXN92262ecf-3,CUST00195,2026-07-15 23:10:45,1193.73,web,0.0,0.0,0.0,Low,['No individually suspicious telemetry signals correlated with this transaction']
TXN2f8aeb01-c,CUST00196,2026-06-21 22:14:14,332.14,web,0.0,0.0,0.0,Low,['No individually suspicious telemetry signals correlated with this transaction']
TXN2e671517-e,CUST00196,2026-06-26 16:46:00,4337.43,mobile,0.0,0.0,0.0,Low,['No individually suspicious telemetry signals correlated with this transaction']
TXN46586cb2-6,CUST00196,2026-06-29 05:50:01,557.38,web,0.0,0.0,0.0,Low,['No individually suspicious telemetry signals correlated with this transaction']
TXN0bb5c276-a,CUST00196,2026-07-02 23:56:09,9130.28,mobile,0.0,0.0,0.0,Low,['No individually suspicious telemetry signals correlated with this transaction']
TXN0c8033f0-c,CUST00196,2026-07-04 03:21:37,885.31,mobile,0.0,0.0,0.0,Low,['No individually suspicious telemetry signals correlated with this transaction']
TXN676a504c-d,CUST00201,2026-07-02 10:53:33,1886.9,web,0.0,0.0,0.0,Low,['No individually suspicious telemetry signals correlated with this transaction']
TXN8852787c-8,CUST00201,2026-07-06 06:23:10,6488.89,web,0.0,0.0,0.0,Low,['No individually suspicious telemetry signals correlated with this transaction']
TXN9bfc24bd-b,CUST00197,2026-07-07 20:28:36,756.23,web,0.0,0.0,0.0,Low,['No individually suspicious telemetry signals correlated with this transaction']
TXN46573d38-2,CUST00197,2026-07-08 02:04:49,3298.51,mobile,0.0,0.0,0.0,Low,['No individually suspicious telemetry signals correlated with this transaction']
TXNca4e5cc5-9,CUST00197,2026-07-14 02:02:14,4221.38,mobile,0.0,0.0,0.0,Low,['No individually suspicious telemetry signals correlated with this transaction']
TXN8a9cfc8d-5,CUST00198,2026-06-28 23:46:58,1411.47,web,0.0,0.0,0.0,Low,['No individually suspicious telemetry signals correlated with this transaction']
TXN2b85ffb7-b,CUST00198,2026-07-01 18:10:53,1196.77,web,0.0,0.0,0.0,Low,['No individually suspicious telemetry signals correlated with this transaction']
TXN7fbccd75-b,CUST00198,2026-07-03 05:02:16,4263.35,web,0.0,0.0,0.0,Low,['No individually suspicious telemetry signals correlated with this transaction']
TXN51d41c6a-5,CUST00198,2026-07-04 04:16:45,2222.09,web,0.0,0.0,0.0,Low,['No individually suspicious telemetry signals correlated with this transaction']
TXN26daf6d1-7,CUST00198,2026-07-11 14:08:11,1915.44,mobile,0.0,0.0,0.0,Low,['No individually suspicious telemetry signals correlated with this transaction']
TXN7c8dc9d0-a,CUST00199,2026-06-19 15:26:32,1497.2,mobile,0.0,0.0,0.0,Low,['No individually suspicious telemetry signals correlated with this transaction']
TXN15458478-5,CUST00199,2026-06-23 18:51:56,805.82,mobile,0.0,0.0,0.0,Low,['No individually suspicious telemetry signals correlated with this transaction']
TXN6726f5b4-4,CUST00199,2026-07-10 01:21:08,10151.44,web,0.0,0.0,0.0,Low,['No individually suspicious telemetry signals correlated with this transaction']
TXN77a63918-a,CUST00199,2026-07-11 22:38:31,502.14,atm,0.0,0.0,0.0,Low,['No individually suspicious telemetry signals correlated with this transaction']
TXNd61968aa-7,CUST00127,2026-06-25 16:43:29,1407.33,mobile,0.0,0.0,0.0,Low,['No individually suspicious telemetry signals correlated with this transaction']
TXNf3fac150-7,CUST00127,2026-07-05 01:40:15,589.48,web,0.0,0.0,0.0,Low,['No individually suspicious telemetry signals correlated with this transaction']
TXN6669f679-2,CUST00202,2026-07-07 20:41:17,10715.95,mobile,0.0,0.0,0.0,Low,['No individually suspicious telemetry signals correlated with this transaction']
TXNd4721e33-8,CUST00202,2026-07-10 04:04:20,1162.54,mobile,0.0,0.0,0.0,Low,['No individually suspicious telemetry signals correlated with this transaction']
TXN3964afe6-9,CUST00202,2026-07-12 05:57:36,1027.97,web,0.0,0.0,0.0,Low,['No individually suspicious telemetry signals correlated with this transaction']
TXN6b08984b-a,CUST00202,2026-07-12 15:30:10,2537.51,atm,0.0,0.0,0.0,Low,['No individually suspicious telemetry signals correlated with this transaction']
TXN9211d6cc-9,CUST00203,2026-06-24 02:12:17,1260.33,mobile,0.0,0.0,0.0,Low,['No individually suspicious telemetry signals correlated with this transaction']
TXN05d86c95-f,CUST00203,2026-06-24 04:01:01,5249.28,web,0.0,0.0,0.0,Low,['No individually suspicious telemetry signals correlated with this transaction']
TXN05d0f23a-5,CUST00203,2026-06-29 06:14:55,324.91,web,0.0,0.0,0.0,Low,['No individually suspicious telemetry signals correlated with this transaction']
TXN82e6e14d-8,CUST00203,2026-07-01 19:24:19,13876.7,mobile,0.0,0.0,0.0,Low,['No individually suspicious telemetry signals correlated with this transaction']
TXN95be6c8a-9,CUST00200,2026-06-18 02:15:43,1211.1,mobile,0.0,0.0,0.0,Low,['No individually suspicious telemetry signals correlated with this transaction']
TXN1c526dd1-f,CUST00200,2026-06-22 22:25:50,2658.81,web,0.0,0.0,0.0,Low,['No individually suspicious telemetry signals correlated with this transaction']
TXNfd5baf20-7,CUST00200,2026-06-25 08:50:34,313.65,web,0.0,0.0,0.0,Low,['No individually suspicious telemetry signals correlated with this transaction']
TXN654fda31-1,CUST00200,2026-06-25 17:22:57,1295.91,web,0.0,0.0,0.0,Low,['No individually suspicious telemetry signals correlated with this transaction']
TXNdd69a596-2,CUST00200,2026-06-28 08:12:41,1532.24,web,0.0,0.0,0.0,Low,['No individually suspicious telemetry signals correlated with this transaction']
TXN909cca67-5,CUST00200,2026-07-11 03:10:59,16774.25,mobile,0.0,0.0,0.0,Low,['No individually suspicious telemetry signals correlated with this transaction']
TXN48acdcf8-f,CUST00200,2026-07-14 00:15:21,1188.68,web,0.0,0.0,0.0,Low,['No individually suspicious telemetry signals correlated with this transaction']
TXN8cd1692d-6,CUST00201,2026-06-20 01:06:52,360.11,mobile,0.0,0.0,0.0,Low,['No individually suspicious telemetry signals correlated with this transaction']
TXN2a9d0c6a-3,CUST00203,2026-07-11 13:43:36,7271.16,branch,0.0,0.0,0.0,Low,['No individually suspicious telemetry signals correlated with this transaction']
TXN80dc4873-9,CUST00203,2026-07-16 02:09:00,594.1,mobile,0.0,0.0,0.0,Low,['No individually suspicious telemetry signals correlated with this transaction']
TXNcdbe6de6-1,CUST00204,2026-06-18 17:35:37,780.52,web,0.0,0.0,0.0,Low,['No individually suspicious telemetry signals correlated with this transaction']
TXN3dec163c-f,CUST00204,2026-06-21 16:28:16,5752.69,mobile,0.0,0.0,0.0,Low,['No individually suspicious telemetry signals correlated with this transaction']
TXNae991937-0,CUST00204,2026-06-23 00:27:10,1290.62,atm,0.0,0.0,0.0,Low,['No individually suspicious telemetry signals correlated with this transaction']
TXN33252134-e,CUST00204,2026-06-26 07:35:43,1012.74,mobile,0.0,0.0,0.0,Low,['No individually suspicious telemetry signals correlated with this transaction']
TXNaf051197-3,CUST00204,2026-06-26 22:28:10,1611.0,web,0.0,0.0,0.0,Low,['No individually suspicious telemetry signals correlated with this transaction']
TXN93ddbda1-3,CUST00204,2026-07-02 07:27:02,6100.71,web,0.0,0.0,0.0,Low,['No individually suspicious telemetry signals correlated with this transaction']
TXN761eb7e3-f,CUST00204,2026-07-09 18:52:15,648.93,branch,0.0,0.0,0.0,Low,['No individually suspicious telemetry signals correlated with this transaction']
TXN37bea260-c,CUST00201,2026-07-09 14:37:18,2233.5,mobile,0.0,0.0,0.0,Low,['No individually suspicious telemetry signals correlated with this transaction']
TXNa2ded1de-c,CUST00201,2026-07-16 07:50:36,18944.26,web,0.0,0.0,0.0,Low,['No individually suspicious telemetry signals correlated with this transaction']
TXNa7fc1bad-7,CUST00202,2026-06-24 10:03:40,1072.88,mobile,0.0,0.0,0.0,Low,['No individually suspicious telemetry signals correlated with this transaction']
TXN305a1bef-6,CUST00202,2026-06-27 18:04:11,4048.71,mobile,0.0,0.0,0.0,Low,['No individually suspicious telemetry signals correlated with this transaction']
TXN282f0aa6-7,CUST00202,2026-06-29 20:44:03,7094.54,web,0.0,0.0,0.0,Low,['No individually suspicious telemetry signals correlated with this transaction']
TXN4949ded7-7,CUST00202,2026-07-01 01:06:09,2086.54,mobile,0.0,0.0,0.0,Low,['No individually suspicious telemetry signals correlated with this transaction']
TXN192bb3bc-e,CUST00202,2026-07-01 06:55:56,641.62,mobile,0.0,0.0,0.0,Low,['No individually suspicious telemetry signals correlated with this transaction']
TXNd03c9c2c-b,CUST00126,2026-06-19 10:12:57,4344.48,mobile,0.0,0.0,0.0,Low,['No individually suspicious telemetry signals correlated with this transaction']
TXN34b34dcb-8,CUST00126,2026-06-26 11:52:50,3922.73,web,0.0,0.0,0.0,Low,['No individually suspicious telemetry signals correlated with this transaction']
TXN692c6843-e,CUST00126,2026-06-29 23:42:18,6294.31,mobile,0.0,0.0,0.0,Low,['No individually suspicious telemetry signals correlated with this transaction']
TXN8d28eef5-c,CUST00126,2026-07-01 15:18:10,903.58,web,0.0,0.0,0.0,Low,['No individually suspicious telemetry signals correlated with this transaction']
TXN138d8006-1,CUST00126,2026-07-03 15:17:09,1006.78,web,0.0,0.0,0.0,Low,['No individually suspicious telemetry signals correlated with this transaction']
TXN51a0bd7c-4,CUST00126,2026-07-04 03:40:32,386.96,mobile,0.0,0.0,0.0,Low,['No individually suspicious telemetry signals correlated with this transaction']
TXNdbd7b4b4-e,CUST00126,2026-07-05 04:37:39,10900.37,mobile,0.0,0.0,0.0,Low,['No individually suspicious telemetry signals correlated with this transaction']
TXN3e84455f-a,CUST00126,2026-07-10 23:47:54,7557.33,mobile,0.0,0.0,0.0,Low,['No individually suspicious telemetry signals correlated with this transaction']
TXN1ab88733-8,CUST00126,2026-07-11 10:13:44,4386.19,mobile,0.0,0.0,0.0,Low,['No individually suspicious telemetry signals correlated with this transaction']
TXN7c781b98-9,CUST00126,2026-07-14 12:32:09,1752.55,web,0.0,0.0,0.0,Low,['No individually suspicious telemetry signals correlated with this transaction']
TXN4d7efc8e-b,CUST00126,2026-07-15 04:00:33,168.31,web,0.0,0.0,0.0,Low,['No individually suspicious telemetry signals correlated with this transaction']
TXNf710900b-d,CUST00127,2026-06-18 22:06:16,1182.37,web,0.0,0.0,0.0,Low,['No individually suspicious telemetry signals correlated with this transaction']
TXNdac5609e-4,CUST00127,2026-06-19 01:54:35,5523.37,atm,0.0,0.0,0.0,Low,['No individually suspicious telemetry signals correlated with this transaction']
TXNb91a7793-5,CUST00203,2026-07-06 08:16:20,1624.7,mobile,0.0,0.0,0.0,Low,['No individually suspicious telemetry signals correlated with this transaction']
TXNaf326af5-7,CUST00203,2026-07-06 17:44:03,1137.98,web,0.0,0.0,0.0,Low,['No individually suspicious telemetry signals correlated with this transaction']
TXN78e00f78-2,CUST00203,2026-07-08 16:18:54,8582.7,web,0.0,0.0,0.0,Low,['No individually suspicious telemetry signals correlated with this transaction']
TXN4e8172da-4,CUST00209,2026-06-23 21:47:50,2196.1,mobile,0.0,0.0,0.0,Low,['No individually suspicious telemetry signals correlated with this transaction']
TXN3a58d606-a,CUST00210,2026-06-17 19:48:09,3643.71,mobile,0.0,0.0,0.0,Low,['No individually suspicious telemetry signals correlated with this transaction']
TXNb68c55b2-7,CUST00210,2026-06-18 09:57:56,234.96,web,0.0,0.0,0.0,Low,['No individually suspicious telemetry signals correlated with this transaction']
TXNdf40fe04-5,CUST00204,2026-07-10 03:26:39,1660.91,mobile,0.0,0.0,0.0,Low,['No individually suspicious telemetry signals correlated with this transaction']
TXN664101fa-5,CUST00205,2026-06-23 07:25:34,3912.3,mobile,0.0,0.0,0.0,Low,['No individually suspicious telemetry signals correlated with this transaction']
TXNf5239f95-6,CUST00205,2026-06-28 09:42:35,636.84,mobile,0.0,0.0,0.0,Low,['No individually suspicious telemetry signals correlated with this transaction']
TXNb9a3773d-d,CUST00205,2026-06-29 01:47:13,2541.44,mobile,0.0,0.0,0.0,Low,['No individually suspicious telemetry signals correlated with this transaction']
TXN898f3586-b,CUST00205,2026-06-29 03:45:35,641.41,web,0.0,0.0,0.0,Low,['No individually suspicious telemetry signals correlated with this transaction']
TXNb6fac9b9-8,CUST00205,2026-07-01 17:47:28,330.73,branch,0.0,0.0,0.0,Low,['No individually suspicious telemetry signals correlated with this transaction']
TXN850f7bdc-d,CUST00205,2026-07-06 14:05:08,4489.87,atm,0.0,0.0,0.0,Low,['No individually suspicious telemetry signals correlated with this transaction']
TXNd3e7acd9-7,CUST00205,2026-07-08 03:26:30,11438.79,web,0.0,0.0,0.0,Low,['No individually suspicious telemetry signals correlated with this transaction']
TXNcfc91b52-4,CUST00205,2026-07-09 05:38:23,1094.73,mobile,0.0,0.0,0.0,Low,['No individually suspicious telemetry signals correlated with this transaction']
TXNa117b864-8,CUST00205,2026-07-10 02:38:51,852.31,web,0.0,0.0,0.0,Low,['No individually suspicious telemetry signals correlated with this transaction']
TXNd8d99ad8-2,CUST00206,2026-06-18 01:22:50,4054.23,branch,0.0,0.0,0.0,Low,['No individually suspicious telemetry signals correlated with this transaction']
TXNc99496ab-6,CUST00206,2026-07-11 08:49:41,1090.2,mobile,0.0,0.0,0.0,Low,['No individually suspicious telemetry signals correlated with this transaction']
TXNe3f2df80-a,CUST00125,2026-07-12 02:41:08,3203.05,mobile,0.0,0.0,0.0,Low,['No individually suspicious telemetry signals correlated with this transaction']
TXN7b67caba-8,CUST00211,2026-06-17 06:48:38,2505.47,mobile,0.0,0.0,0.0,Low,['No individually suspicious telemetry signals correlated with this transaction']
TXN34d88c51-4,CUST00211,2026-06-20 14:23:35,1176.0,web,0.0,0.0,0.0,Low,['No individually suspicious telemetry signals correlated with this transaction']
TXN613f50db-e,CUST00211,2026-06-21 08:35:07,3252.13,mobile,0.0,0.0,0.0,Low,['No individually suspicious telemetry signals correlated with this transaction']
TXN60c336eb-5,CUST00211,2026-06-26 17:02:57,330.44,branch,0.0,0.0,0.0,Low,['No individually suspicious telemetry signals correlated with this transaction']
TXN8047c7e1-d,CUST00211,2026-07-03 21:33:18,3766.01,web,0.0,0.0,0.0,Low,['No individually suspicious telemetry signals correlated with this transaction']
TXN1093a05b-f,CUST00211,2026-07-07 13:49:12,9341.74,branch,0.0,0.0,0.0,Low,['No individually suspicious telemetry signals correlated with this transaction']
TXN946e8ec2-d,CUST00206,2026-07-12 15:45:30,333.13,web,0.0,0.0,0.0,Low,['No individually suspicious telemetry signals correlated with this transaction']
TXNb58674b5-e,CUST00207,2026-06-23 21:19:55,1034.33,web,0.0,0.0,0.0,Low,['No individually suspicious telemetry signals correlated with this transaction']
TXNb197603c-a,CUST00207,2026-07-07 10:05:21,12572.63,atm,0.0,0.0,0.0,Low,['No individually suspicious telemetry signals correlated with this transaction']
TXN43b6c6ef-3,CUST00207,2026-07-09 05:46:48,2912.94,web,0.0,0.0,0.0,Low,['No individually suspicious telemetry signals correlated with this transaction']
TXN3e39bf9b-e,CUST00207,2026-07-11 10:16:16,1528.22,atm,0.0,0.0,0.0,Low,['No individually suspicious telemetry signals correlated with this transaction']
TXNa812cf1b-6,CUST00207,2026-07-13 14:27:20,3838.88,web,0.0,0.0,0.0,Low,['No individually suspicious telemetry signals correlated with this transaction']
TXN23d86a4f-c,CUST00208,2026-06-27 07:41:08,408.94,web,0.0,0.0,0.0,Low,['No individually suspicious telemetry signals correlated with this transaction']
TXN4679fe6e-9,CUST00208,2026-06-27 10:24:42,3667.04,mobile,0.0,0.0,0.0,Low,['No individually suspicious telemetry signals correlated with this transaction']
TXNb06f0681-4,CUST00208,2026-07-07 11:46:45,1577.69,atm,0.0,0.0,0.0,Low,['No individually suspicious telemetry signals correlated with this transaction']
TXNc1c97ab6-3,CUST00208,2026-07-14 10:11:03,546.47,mobile,0.0,0.0,0.0,Low,['No individually suspicious telemetry signals correlated with this transaction']
TXNeb068b1e-6,CUST00124,2026-07-02 04:09:28,330.0,atm,0.0,0.0,0.0,Low,['No individually suspicious telemetry signals correlated with this transaction']
TXN69bea8c9-3,CUST00124,2026-07-04 09:46:32,10230.87,atm,0.0,0.0,0.0,Low,['No individually suspicious telemetry signals correlated with this transaction']
TXN1d96dc53-2,CUST00124,2026-07-05 14:15:35,1210.88,mobile,0.0,0.0,0.0,Low,['No individually suspicious telemetry signals correlated with this transaction']
TXNb38adf82-6,CUST00124,2026-07-13 12:18:41,8089.09,web,0.0,0.0,0.0,Low,['No individually suspicious telemetry signals correlated with this transaction']
TXNa8575900-7,CUST00125,2026-06-20 22:57:14,3557.03,mobile,0.0,0.0,0.0,Low,['No individually suspicious telemetry signals correlated with this transaction']
TXN21351574-4,CUST00125,2026-06-30 02:51:16,2277.9,mobile,0.0,0.0,0.0,Low,['No individually suspicious telemetry signals correlated with this transaction']
TXN278976c9-4,CUST00210,2026-06-19 20:42:06,791.75,mobile,0.0,0.0,0.0,Low,['No individually suspicious telemetry signals correlated with this transaction']
TXN844e2e8b-f,CUST00210,2026-06-22 13:13:37,326.87,mobile,0.0,0.0,0.0,Low,['No individually suspicious telemetry signals correlated with this transaction']
TXN9150d9b2-2,CUST00210,2026-06-25 07:33:49,963.96,mobile,0.0,0.0,0.0,Low,['No individually suspicious telemetry signals correlated with this transaction']
TXN82330e6e-b,CUST00210,2026-06-26 03:25:47,299.25,mobile,0.0,0.0,0.0,Low,['No individually suspicious telemetry signals correlated with this transaction']
TXN0316cde5-9,CUST00210,2026-06-26 15:01:06,1367.52,mobile,0.0,0.0,0.0,Low,['No individually suspicious telemetry signals correlated with this transaction']
TXN20e8dae1-b,CUST00210,2026-06-26 15:16:41,3183.75,mobile,0.0,0.0,0.0,Low,['No individually suspicious telemetry signals correlated with this transaction']
TXNa4d37418-5,CUST00210,2026-06-26 16:14:45,524.56,mobile,0.0,0.0,0.0,Low,['No individually suspicious telemetry signals correlated with this transaction']
TXNdbf11941-4,CUST00210,2026-06-29 15:49:43,246.01,mobile,0.0,0.0,0.0,Low,['No individually suspicious telemetry signals correlated with this transaction']
TXN954e95fb-3,CUST00210,2026-07-04 17:02:21,2469.36,mobile,0.0,0.0,0.0,Low,['No individually suspicious telemetry signals correlated with this transaction']
TXNe666a9b4-9,CUST00210,2026-07-14 13:46:20,1166.39,web,0.0,0.0,0.0,Low,['No individually suspicious telemetry signals correlated with this transaction']
TXNb850b440-1,CUST00214,2026-07-09 20:08:42,225.11,web,0.0,0.0,0.0,Low,['No individually suspicious telemetry signals correlated with this transaction']
TXN9bcfe969-4,CUST00211,2026-07-09 09:10:33,9204.34,mobile,0.0,0.0,0.0,Low,['No individually suspicious telemetry signals correlated with this transaction']
TXN08683cbf-a,CUST00212,2026-06-25 07:35:47,10521.56,mobile,0.0,0.0,0.0,Low,['No individually suspicious telemetry signals correlated with this transaction']
TXN1e9d8b00-c,CUST00212,2026-07-02 04:38:16,1411.08,mobile,0.0,0.0,0.0,Low,['No individually suspicious telemetry signals correlated with this transaction']
TXN457f4a84-1,CUST00212,2026-07-04 14:47:27,1525.21,atm,0.0,0.0,0.0,Low,['No individually suspicious telemetry signals correlated with this transaction']
TXNa37dafca-e,CUST00212,2026-07-09 07:22:17,857.34,web,0.0,0.0,0.0,Low,['No individually suspicious telemetry signals correlated with this transaction']
TXN1456a858-d,CUST00212,2026-07-09 08:10:29,1770.03,mobile,0.0,0.0,0.0,Low,['No individually suspicious telemetry signals correlated with this transaction']
TXN7fb0b7b6-5,CUST00212,2026-07-13 21:46:57,11308.72,mobile,0.0,0.0,0.0,Low,['No individually suspicious telemetry signals correlated with this transaction']
TXNfab87bb6-0,CUST00213,2026-06-16 12:50:26,112.96,mobile,0.0,0.0,0.0,Low,['No individually suspicious telemetry signals correlated with this transaction']
TXNc82585fa-c,CUST00123,2026-07-14 10:48:27,1715.43,branch,0.0,0.0,0.0,Low,['No individually suspicious telemetry signals correlated with this transaction']
TXNe05f039c-d,CUST00123,2026-07-15 16:43:03,4609.12,mobile,0.0,0.0,0.0,Low,['No individually suspicious telemetry signals correlated with this transaction']
TXN0bb8382f-9,CUST00124,2026-06-18 19:55:40,1950.39,branch,0.0,0.0,0.0,Low,['No individually suspicious telemetry signals correlated with this transaction']
TXN704532d5-2,CUST00124,2026-06-22 15:08:13,2132.08,mobile,0.0,0.0,0.0,Low,['No individually suspicious telemetry signals correlated with this transaction']
TXN178cb5a0-3,CUST00124,2026-06-24 18:17:14,7758.96,mobile,0.0,0.0,0.0,Low,['No individually suspicious telemetry signals correlated with this transaction']
TXN0e8fed60-d,CUST00124,2026-06-24 18:27:31,1404.85,branch,0.0,0.0,0.0,Low,['No individually suspicious telemetry signals correlated with this transaction']
TXN5a0ed9b7-5,CUST00124,2026-06-27 08:59:44,187.09,mobile,0.0,0.0,0.0,Low,['No individually suspicious telemetry signals correlated with this transaction']
TXN8271bbba-f,CUST00216,2026-06-17 07:28:45,759.85,mobile,0.0,0.0,0.0,Low,['No individually suspicious telemetry signals correlated with this transaction']
TXNc1b156bd-f,CUST00216,2026-06-20 12:39:49,676.53,branch,0.0,0.0,0.0,Low,['No individually suspicious telemetry signals correlated with this transaction']
TXNafdc8a51-a,CUST00216,2026-06-24 04:57:24,3397.49,mobile,0.0,0.0,0.0,Low,['No individually suspicious telemetry signals correlated with this transaction']
TXN318f7980-2,CUST00216,2026-06-27 11:36:32,9328.61,atm,0.0,0.0,0.0,Low,['No individually suspicious telemetry signals correlated with this transaction']
TXNdcadfda8-e,CUST00216,2026-06-27 16:27:46,674.35,web,0.0,0.0,0.0,Low,['No individually suspicious telemetry signals correlated with this transaction']
TXN4d81bc5e-8,CUST00213,2026-06-23 10:08:09,278.47,mobile,0.0,0.0,0.0,Low,['No individually suspicious telemetry signals correlated with this transaction']
TXN7a2f2c57-9,CUST00213,2026-06-27 11:34:09,1459.81,mobile,0.0,0.0,0.0,Low,['No individually suspicious telemetry signals correlated with this transaction']
TXN4708b42e-8,CUST00213,2026-06-28 23:15:55,2129.6,mobile,0.0,0.0,0.0,Low,['No individually suspicious telemetry signals correlated with this transaction']
TXNe1b33498-8,CUST00213,2026-07-02 10:52:36,3761.1,web,0.0,0.0,0.0,Low,['No individually suspicious telemetry signals correlated with this transaction']
TXNdb869a02-a,CUST00213,2026-07-09 14:13:05,2633.13,web,0.0,0.0,0.0,Low,['No individually suspicious telemetry signals correlated with this transaction']
TXNb7a63ca5-b,CUST00213,2026-07-12 13:19:57,433.48,mobile,0.0,0.0,0.0,Low,['No individually suspicious telemetry signals correlated with this transaction']
TXNe7f8daa8-1,CUST00213,2026-07-14 05:32:32,617.3,mobile,0.0,0.0,0.0,Low,['No individually suspicious telemetry signals correlated with this transaction']
TXNbbbbfd67-3,CUST00213,2026-07-16 06:54:25,1428.93,web,0.0,0.0,0.0,Low,['No individually suspicious telemetry signals correlated with this transaction']
TXN7a71ce7b-3,CUST00214,2026-06-22 21:26:59,1599.29,mobile,0.0,0.0,0.0,Low,['No individually suspicious telemetry signals correlated with this transaction']
TXNa28af08d-c,CUST00214,2026-06-29 06:11:22,845.84,web,0.0,0.0,0.0,Low,['No individually suspicious telemetry signals correlated with this transaction']
TXN96e15645-8,CUST00214,2026-07-05 04:35:32,1901.3,web,0.0,0.0,0.0,Low,['No individually suspicious telemetry signals correlated with this transaction']
TXNac00cd5e-9,CUST00217,2026-06-28 16:49:11,2521.36,web,0.0,0.0,0.0,Low,['No individually suspicious telemetry signals correlated with this transaction']
TXN84372286-f,CUST00217,2026-07-05 11:32:51,16176.32,web,0.0,0.0,0.0,Low,['No individually suspicious telemetry signals correlated with this transaction']
TXN2bf998ad-c,CUST00217,2026-07-06 10:07:19,1159.21,mobile,0.0,0.0,0.0,Low,['No individually suspicious telemetry signals correlated with this transaction']
TXN3b576da7-c,CUST00217,2026-07-12 18:06:10,4013.07,branch,0.0,0.0,0.0,Low,['No individually suspicious telemetry signals correlated with this transaction']
TXN9860f848-a,CUST00218,2026-06-19 22:10:31,1093.75,mobile,0.0,0.0,0.0,Low,['No individually suspicious telemetry signals correlated with this transaction']
TXN434a7e17-e,CUST00218,2026-06-23 20:54:49,1287.0,mobile,0.0,0.0,0.0,Low,['No individually suspicious telemetry signals correlated with this transaction']
TXNd4488069-5,CUST00218,2026-06-27 18:30:38,2501.79,web,0.0,0.0,0.0,Low,['No individually suspicious telemetry signals correlated with this transaction']
TXNd59dcbfa-d,CUST00218,2026-07-02 09:31:46,1599.89,mobile,0.0,0.0,0.0,Low,['No individually suspicious telemetry signals correlated with this transaction']
TXNfe034a0e-7,CUST00214,2026-07-11 11:25:31,5248.09,branch,0.0,0.0,0.0,Low,['No individually suspicious telemetry signals correlated with this transaction']
TXNca3e7f3a-5,CUST00214,2026-07-11 17:44:49,393.29,web,0.0,0.0,0.0,Low,['No individually suspicious telemetry signals correlated with this transaction']
TXNad8716e1-4,CUST00215,2026-06-22 08:08:01,1739.41,web,0.0,0.0,0.0,Low,['No individually suspicious telemetry signals correlated with this transaction']
TXN883d9b03-d,CUST00215,2026-06-22 15:03:59,2180.09,mobile,0.0,0.0,0.0,Low,['No individually suspicious telemetry signals correlated with this transaction']
TXN683c3806-c,CUST00215,2026-06-25 13:04:40,1421.16,mobile,0.0,0.0,0.0,Low,['No individually suspicious telemetry signals correlated with this transaction']
TXNa03c67ff-4,CUST00215,2026-07-03 09:00:41,1498.39,mobile,0.0,0.0,0.0,Low,['No individually suspicious telemetry signals correlated with this transaction']
TXNa5310be0-f,CUST00215,2026-07-04 05:44:51,1950.94,mobile,0.0,0.0,0.0,Low,['No individually suspicious telemetry signals correlated with this transaction']
TXNa1919e12-7,CUST00215,2026-07-13 03:30:56,2362.38,web,0.0,0.0,0.0,Low,['No individually suspicious telemetry signals correlated with this transaction']
TXN21249735-f,CUST00121,2026-06-20 03:10:35,8965.69,web,0.0,0.0,0.0,Low,['No individually suspicious telemetry signals correlated with this transaction']
TXNbd4211d1-9,CUST00121,2026-06-26 19:12:07,1516.04,web,0.0,0.0,0.0,Low,['No individually suspicious telemetry signals correlated with this transaction']
TXN121d87ac-f,CUST00121,2026-06-27 19:03:19,9342.26,web,0.0,0.0,0.0,Low,['No individually suspicious telemetry signals correlated with this transaction']
TXN9c291269-e,CUST00121,2026-07-01 18:21:51,2837.43,mobile,0.0,0.0,0.0,Low,['No individually suspicious telemetry signals correlated with this transaction']
TXN0ff4c2d6-e,CUST00121,2026-07-02 03:57:02,1397.88,mobile,0.0,0.0,0.0,Low,['No individually suspicious telemetry signals correlated with this transaction']
TXNceb7803e-c,CUST00121,2026-07-02 11:09:38,937.58,mobile,0.0,0.0,0.0,Low,['No individually suspicious telemetry signals correlated with this transaction']
TXNe3346bd8-1,CUST00121,2026-07-16 00:15:35,3569.56,branch,0.0,0.0,0.0,Low,['No individually suspicious telemetry signals correlated with this transaction']
TXN7a438217-6,CUST00122,2026-06-29 19:43:01,2949.48,mobile,0.0,0.0,0.0,Low,['No individually suspicious telemetry signals correlated with this transaction']
TXNee662c46-0,CUST00123,2026-06-17 12:46:47,10233.92,mobile,0.0,0.0,0.0,Low,['No individually suspicious telemetry signals correlated with this transaction']
TXN7b6fb65b-8,CUST00123,2026-06-21 02:49:21,2607.09,atm,0.0,0.0,0.0,Low,['No individually suspicious telemetry signals correlated with this transaction']
TXN60920068-c,CUST00123,2026-06-29 20:01:04,417.19,mobile,0.0,0.0,0.0,Low,['No individually suspicious telemetry signals correlated with this transaction']
TXN9baefd9e-8,CUST00123,2026-07-06 01:18:30,812.85,mobile,0.0,0.0,0.0,Low,['No individually suspicious telemetry signals correlated with this transaction']
TXN01ab1df1-7,CUST00216,2026-07-11 07:14:49,2809.34,mobile,0.0,0.0,0.0,Low,['No individually suspicious telemetry signals correlated with this transaction']
TXNac482af2-6,CUST00216,2026-07-11 23:43:19,1207.39,mobile,0.0,0.0,0.0,Low,['No individually suspicious telemetry signals correlated with this transaction']
TXN2dc58521-2,CUST00216,2026-07-15 16:08:29,2986.9,web,0.0,0.0,0.0,Low,['No individually suspicious telemetry signals correlated with this transaction']
TXNa99f8c03-9,CUST00217,2026-06-28 06:29:23,16968.0,mobile,0.0,0.0,0.0,Low,['No individually suspicious telemetry signals correlated with this transaction']
TXN53ed75f6-3,CUST00222,2026-06-24 07:06:12,8413.8,mobile,0.0,0.0,0.0,Low,['No individually suspicious telemetry signals correlated with this transaction']
TXNd30606ae-6,CUST00222,2026-06-28 19:21:55,1592.55,mobile,0.0,0.0,0.0,Low,['No individually suspicious telemetry signals correlated with this transaction']
TXNc33ffef7-6,CUST00218,2026-07-03 01:43:59,837.6,atm,0.0,0.0,0.0,Low,['No individually suspicious telemetry signals correlated with this transaction']
TXNb9f9d376-c,CUST00218,2026-07-05 23:42:43,623.9,mobile,0.0,0.0,0.0,Low,['No individually suspicious telemetry signals correlated with this transaction']
TXN4e653eee-2,CUST00218,2026-07-11 22:47:05,5842.93,mobile,0.0,0.0,0.0,Low,['No individually suspicious telemetry signals correlated with this transaction']
TXN4eda31cc-7,CUST00218,2026-07-12 18:36:46,8600.84,web,0.0,0.0,0.0,Low,['No individually suspicious telemetry signals correlated with this transaction']
TXN46327360-c,CUST00219,2026-06-20 19:11:41,3274.82,branch,0.0,0.0,0.0,Low,['No individually suspicious telemetry signals correlated with this transaction']
TXN68a650ce-f,CUST00219,2026-06-24 16:15:55,2871.5,atm,0.0,0.0,0.0,Low,['No individually suspicious telemetry signals correlated with this transaction']
TXN33c43cd1-b,CUST00219,2026-07-04 02:24:02,5816.09,mobile,0.0,0.0,0.0,Low,['No individually suspicious telemetry signals correlated with this transaction']
TXN23d2789d-c,CUST00219,2026-07-10 03:45:01,13806.85,web,0.0,0.0,0.0,Low,['No individually suspicious telemetry signals correlated with this transaction']
TXN960b9746-9,CUST00220,2026-06-18 10:26:45,1188.94,mobile,0.0,0.0,0.0,Low,['No individually suspicious telemetry signals correlated with this transaction']
TXNc7fe8dee-0,CUST00220,2026-06-21 06:51:00,1335.35,web,0.0,0.0,0.0,Low,['No individually suspicious telemetry signals correlated with this transaction']
TXNf5b0fa1c-b,CUST00220,2026-06-28 02:00:20,6181.64,mobile,0.0,0.0,0.0,Low,['No individually suspicious telemetry signals correlated with this transaction']
TXN61e561bb-c,CUST00220,2026-06-28 17:13:03,3491.1,web,0.0,0.0,0.0,Low,['No individually suspicious telemetry signals correlated with this transaction']
TXN060fd3b6-5,CUST00220,2026-06-30 02:27:38,4521.53,atm,0.0,0.0,0.0,Low,['No individually suspicious telemetry signals correlated with this transaction']
TXNce3fde9a-1,CUST00121,2026-06-20 00:37:55,1457.24,mobile,0.0,0.0,0.0,Low,['No individually suspicious telemetry signals correlated with this transaction']
TXN5c798b20-d,CUST00223,2026-06-25 12:55:46,6096.66,web,0.0,0.0,0.0,Low,['No individually suspicious telemetry signals correlated with this transaction']
TXN6d658f44-6,CUST00223,2026-06-29 06:50:54,1179.3,mobile,0.0,0.0,0.0,Low,['No individually suspicious telemetry signals correlated with this transaction']
TXN523e901f-2,CUST00223,2026-07-04 01:08:06,7211.08,web,0.0,0.0,0.0,Low,['No individually suspicious telemetry signals correlated with this transaction']
TXN9a86a2f5-4,CUST00223,2026-07-05 19:40:12,1092.31,web,0.0,0.0,0.0,Low,['No individually suspicious telemetry signals correlated with this transaction']
TXNbf4d4bd8-7,CUST00223,2026-07-10 01:34:45,1193.58,mobile,0.0,0.0,0.0,Low,['No individually suspicious telemetry signals correlated with this transaction']
TXNdf823a94-8,CUST00224,2026-06-27 09:31:29,171.93,atm,0.0,0.0,0.0,Low,['No individually suspicious telemetry signals correlated with this transaction']
TXN5f9c041d-8,CUST00224,2026-06-27 09:56:23,1370.12,mobile,0.0,0.0,0.0,Low,['No individually suspicious telemetry signals correlated with this transaction']
TXN89ef698a-c,CUST00224,2026-06-27 11:06:50,1456.56,mobile,0.0,0.0,0.0,Low,['No individually suspicious telemetry signals correlated with this transaction']
TXN462270cb-d,CUST00220,2026-07-07 13:22:30,6037.41,web,0.0,0.0,0.0,Low,['No individually suspicious telemetry signals correlated with this transaction']
TXN9e1823a2-3,CUST00220,2026-07-10 01:42:19,10574.2,mobile,0.0,0.0,0.0,Low,['No individually suspicious telemetry signals correlated with this transaction']
TXN2911268f-3,CUST00220,2026-07-10 04:24:01,2245.12,web,0.0,0.0,0.0,Low,['No individually suspicious telemetry signals correlated with this transaction']
TXNf3b93ebe-7,CUST00220,2026-07-15 16:59:14,2051.04,mobile,0.0,0.0,0.0,Low,['No individually suspicious telemetry signals correlated with this transaction']
TXN3ff5ea79-7,CUST00220,2026-07-15 19:29:04,3392.46,mobile,0.0,0.0,0.0,Low,['No individually suspicious telemetry signals correlated with this transaction']
TXNf105c2d8-7,CUST00220,2026-07-15 22:46:21,1559.18,web,0.0,0.0,0.0,Low,['No individually suspicious telemetry signals correlated with this transaction']
TXNfa286316-5,CUST00221,2026-07-06 12:10:56,713.39,atm,0.0,0.0,0.0,Low,['No individually suspicious telemetry signals correlated with this transaction']
TXN48c3a59d-e,CUST00221,2026-07-07 11:04:49,730.3,web,0.0,0.0,0.0,Low,['No individually suspicious telemetry signals correlated with this transaction']
TXNd24289ea-3,CUST00119,2026-07-11 08:13:32,1155.8,web,0.0,0.0,0.0,Low,['No individually suspicious telemetry signals correlated with this transaction']
TXN0f344fe1-c,CUST00120,2026-06-19 14:52:32,330.07,mobile,0.0,0.0,0.0,Low,['No individually suspicious telemetry signals correlated with this transaction']
TXNd11756d5-8,CUST00120,2026-06-28 18:50:25,347.28,web,0.0,0.0,0.0,Low,['No individually suspicious telemetry signals correlated with this transaction']
TXN2869b5ee-d,CUST00120,2026-06-29 11:45:56,962.85,mobile,0.0,0.0,0.0,Low,['No individually suspicious telemetry signals correlated with this transaction']
TXN8bc2d46d-0,CUST00120,2026-06-30 03:29:06,418.26,branch,0.0,0.0,0.0,Low,['No individually suspicious telemetry signals correlated with this transaction']
TXN88cfffa2-1,CUST00120,2026-07-03 10:05:38,6176.8,web,0.0,0.0,0.0,Low,['No individually suspicious telemetry signals correlated with this transaction']
TXN3354b4be-4,CUST00120,2026-07-05 02:16:50,1603.76,mobile,0.0,0.0,0.0,Low,['No individually suspicious telemetry signals correlated with this transaction']
TXNfc24a159-e,CUST00120,2026-07-10 04:21:54,1137.09,mobile,0.0,0.0,0.0,Low,['No individually suspicious telemetry signals correlated with this transaction']
TXN848be725-d,CUST00120,2026-07-10 13:39:03,189.45,mobile,0.0,0.0,0.0,Low,['No individually suspicious telemetry signals correlated with this transaction']
TXN95309450-1,CUST00120,2026-07-15 00:34:44,2339.44,mobile,0.0,0.0,0.0,Low,['No individually suspicious telemetry signals correlated with this transaction']
TXNa9230810-c,CUST00222,2026-07-02 03:01:07,6702.87,web,0.0,0.0,0.0,Low,['No individually suspicious telemetry signals correlated with this transaction']
TXN23f5aea6-0,CUST00222,2026-07-03 13:52:55,1616.14,web,0.0,0.0,0.0,Low,['No individually suspicious telemetry signals correlated with this transaction']
TXN8fd48278-3,CUST00222,2026-07-08 17:50:49,3398.68,web,0.0,0.0,0.0,Low,['No individually suspicious telemetry signals correlated with this transaction']
TXNbd32ebda-b,CUST00223,2026-06-20 21:21:41,5853.51,web,0.0,0.0,0.0,Low,['No individually suspicious telemetry signals correlated with this transaction']
TXN23e8bb05-0,CUST00223,2026-06-20 21:29:21,1628.37,web,0.0,0.0,0.0,Low,['No individually suspicious telemetry signals correlated with this transaction']
TXN5cb9635c-7,CUST00223,2026-06-21 21:53:03,1005.46,mobile,0.0,0.0,0.0,Low,['No individually suspicious telemetry signals correlated with this transaction']
TXN0f6eed31-8,CUST00224,2026-06-30 18:25:57,530.26,web,0.0,0.0,0.0,Low,['No individually suspicious telemetry signals correlated with this transaction']
TXN5570cefc-9,CUST00225,2026-06-17 02:28:06,1333.52,mobile,0.0,0.0,0.0,Low,['No individually suspicious telemetry signals correlated with this transaction']
TXN66c67afa-0,CUST00225,2026-06-24 19:37:37,5244.48,mobile,0.0,0.0,0.0,Low,['No individually suspicious telemetry signals correlated with this transaction']
TXN77391bee-4,CUST00225,2026-06-28 11:39:14,3265.53,web,0.0,0.0,0.0,Low,['No individually suspicious telemetry signals correlated with this transaction']
TXNaf178dbb-c,CUST00225,2026-07-03 20:01:17,2109.24,mobile,0.0,0.0,0.0,Low,['No individually suspicious telemetry signals correlated with this transaction']
TXN77ec2100-e,CUST00225,2026-07-04 04:03:16,6149.03,atm,0.0,0.0,0.0,Low,['No individually suspicious telemetry signals correlated with this transaction']
TXN30de0010-f,CUST00225,2026-07-04 04:41:24,799.28,atm,0.0,0.0,0.0,Low,['No individually suspicious telemetry signals correlated with this transaction']
TXNd9fafbb9-d,CUST00225,2026-07-05 07:00:30,1045.74,web,0.0,0.0,0.0,Low,['No individually suspicious telemetry signals correlated with this transaction']
TXN135769cb-b,CUST00225,2026-07-09 23:03:15,792.48,atm,0.0,0.0,0.0,Low,['No individually suspicious telemetry signals correlated with this transaction']
TXNf2d1235d-d,CUST00225,2026-07-10 15:12:06,3705.05,web,0.0,0.0,0.0,Low,['No individually suspicious telemetry signals correlated with this transaction']
TXNfe8db353-e,CUST00225,2026-07-11 03:13:35,2085.36,web,0.0,0.0,0.0,Low,['No individually suspicious telemetry signals correlated with this transaction']
TXN9341dd73-a,CUST00225,2026-07-13 09:32:29,1122.24,atm,0.0,0.0,0.0,Low,['No individually suspicious telemetry signals correlated with this transaction']
TXN8eec22a4-f,CUST00225,2026-07-14 01:52:04,1402.19,mobile,0.0,0.0,0.0,Low,['No individually suspicious telemetry signals correlated with this transaction']
TXNc7f7040b-8,CUST00225,2026-07-14 09:03:37,3586.35,atm,0.0,0.0,0.0,Low,['No individually suspicious telemetry signals correlated with this transaction']
TXN28815cd9-8,CUST00225,2026-07-14 16:47:32,1718.11,mobile,0.0,0.0,0.0,Low,['No individually suspicious telemetry signals correlated with this transaction']
TXN846a4a71-c,CUST00119,2026-07-09 23:47:49,2299.95,branch,0.0,0.0,0.0,Low,['No individually suspicious telemetry signals correlated with this transaction']
TXNcd35637c-2,CUST00118,2026-07-08 09:18:41,9166.46,atm,0.0,0.0,0.0,Low,['No individually suspicious telemetry signals correlated with this transaction']
TXN91b3f921-1,CUST00119,2026-06-18 00:38:32,185.97,mobile,0.0,0.0,0.0,Low,['No individually suspicious telemetry signals correlated with this transaction']
TXNd4018a45-e,CUST00119,2026-06-22 01:44:17,690.83,atm,0.0,0.0,0.0,Low,['No individually suspicious telemetry signals correlated with this transaction']
TXN7fab9b07-1,CUST00119,2026-06-24 04:32:08,7532.44,web,0.0,0.0,0.0,Low,['No individually suspicious telemetry signals correlated with this transaction']
TXNa01ed90e-6,CUST00119,2026-06-25 04:10:25,2019.28,web,0.0,0.0,0.0,Low,['No individually suspicious telemetry signals correlated with this transaction']
TXN5497062b-a,CUST00225,2026-07-15 19:49:03,4227.87,mobile,0.0,0.0,0.0,Low,['No individually suspicious telemetry signals correlated with this transaction']
TXN9599b267-3,CUST00226,2026-07-15 12:24:57,3760.61,web,0.0,0.0,0.0,Low,['No individually suspicious telemetry signals correlated with this transaction']
TXN30584d20-2,CUST00227,2026-06-16 19:53:37,4871.25,branch,0.0,0.0,0.0,Low,['No individually suspicious telemetry signals correlated with this transaction']
TXNb703fa9f-e,CUST00227,2026-06-23 12:02:37,435.63,web,0.0,0.0,0.0,Low,['No individually suspicious telemetry signals correlated with this transaction']
TXN0a199083-d,CUST00227,2026-06-25 22:44:51,1554.34,mobile,0.0,0.0,0.0,Low,['No individually suspicious telemetry signals correlated with this transaction']
TXNece42aa5-9,CUST00227,2026-06-27 18:57:25,6749.24,web,0.0,0.0,0.0,Low,['No individually suspicious telemetry signals correlated with this transaction']
TXN3348eda0-a,CUST00227,2026-07-01 12:58:21,676.33,web,0.0,0.0,0.0,Low,['No individually suspicious telemetry signals correlated with this transaction']
TXN4ef8a787-3,CUST00227,2026-07-03 21:30:26,9093.84,web,0.0,0.0,0.0,Low,['No individually suspicious telemetry signals correlated with this transaction']
TXN5938949e-8,CUST00228,2026-06-25 04:56:49,2370.63,atm,0.0,0.0,0.0,Low,['No individually suspicious telemetry signals correlated with this transaction']
TXNe0acdb75-2,CUST00228,2026-06-29 03:30:39,2498.85,mobile,0.0,0.0,0.0,Low,['No individually suspicious telemetry signals correlated with this transaction']
TXN3ba4807e-4,CUST00228,2026-07-03 03:58:05,2120.75,mobile,0.0,0.0,0.0,Low,['No individually suspicious telemetry signals correlated with this transaction']
TXNcf674365-a,CUST00232,2026-07-02 01:28:16,2001.43,atm,0.0,0.0,0.0,Low,['No individually suspicious telemetry signals correlated with this transaction']
TXN040ebf47-7,CUST00232,2026-07-12 07:44:18,783.85,web,0.0,0.0,0.0,Low,['No individually suspicious telemetry signals correlated with this transaction']
TXN6b5341c0-2,CUST00233,2026-06-18 19:52:22,333.56,web,0.0,0.0,0.0,Low,['No individually suspicious telemetry signals correlated with this transaction']
TXN29cd4d5c-4,CUST00228,2026-07-06 06:51:30,3062.84,mobile,0.0,0.0,0.0,Low,['No individually suspicious telemetry signals correlated with this transaction']
TXN32d9ec3e-6,CUST00229,2026-07-02 08:49:08,1768.33,mobile,0.0,0.0,0.0,Low,['No individually suspicious telemetry signals correlated with this transaction']
TXN29b2b32c-1,CUST00230,2026-06-24 00:12:17,1378.0,web,0.0,0.0,0.0,Low,['No individually suspicious telemetry signals correlated with this transaction']
TXNf8205c5f-1,CUST00230,2026-06-24 20:51:08,647.79,mobile,0.0,0.0,0.0,Low,['No individually suspicious telemetry signals correlated with this transaction']
TXNf0d1701b-1,CUST00230,2026-07-07 21:26:59,217.33,web,0.0,0.0,0.0,Low,['No individually suspicious telemetry signals correlated with this transaction']
TXN6a45d1e9-5,CUST00231,2026-06-18 09:10:31,1121.71,branch,0.0,0.0,0.0,Low,['No individually suspicious telemetry signals correlated with this transaction']
TXNbdfdcc7b-3,CUST00116,2026-07-15 07:13:51,743.66,mobile,0.0,0.0,0.0,Low,['No individually suspicious telemetry signals correlated with this transaction']
TXN87352231-a,CUST00117,2026-06-25 06:26:47,2791.83,mobile,0.0,0.0,0.0,Low,['No individually suspicious telemetry signals correlated with this transaction']
TXNf5b79271-a,CUST00117,2026-07-03 21:14:29,551.14,mobile,0.0,0.0,0.0,Low,['No individually suspicious telemetry signals correlated with this transaction']
TXN5738db52-1,CUST00117,2026-07-14 14:59:49,3106.32,atm,0.0,0.0,0.0,Low,['No individually suspicious telemetry signals correlated with this transaction']
TXNf52eaf63-b,CUST00117,2026-07-15 10:16:02,308.93,mobile,0.0,0.0,0.0,Low,['No individually suspicious telemetry signals correlated with this transaction']
TXN351d1137-d,CUST00118,2026-06-26 14:18:19,3956.65,mobile,0.0,0.0,0.0,Low,['No individually suspicious telemetry signals correlated with this transaction']
TXNe65664ac-9,CUST00118,2026-07-06 21:13:38,1398.82,mobile,0.0,0.0,0.0,Low,['No individually suspicious telemetry signals correlated with this transaction']
TXN73131038-b,CUST00115,2026-07-07 17:36:35,2530.65,mobile,0.0,0.0,0.0,Low,['No individually suspicious telemetry signals correlated with this transaction']
TXNa32c5e99-f,CUST00115,2026-07-10 23:30:07,808.86,mobile,0.0,0.0,0.0,Low,['No individually suspicious telemetry signals correlated with this transaction']
TXNead217d1-c,CUST00115,2026-07-11 03:21:04,874.0,mobile,0.0,0.0,0.0,Low,['No individually suspicious telemetry signals correlated with this transaction']
TXN0fda6ca4-1,CUST00115,2026-07-15 14:59:14,2392.76,mobile,0.0,0.0,0.0,Low,['No individually suspicious telemetry signals correlated with this transaction']
TXN874db4a6-d,CUST00116,2026-06-20 07:46:35,1175.29,web,0.0,0.0,0.0,Low,['No individually suspicious telemetry signals correlated with this transaction']
TXN16054b9e-3,CUST00116,2026-06-22 20:05:58,9467.01,branch,0.0,0.0,0.0,Low,['No individually suspicious telemetry signals correlated with this transaction']
TXNadc90caa-7,CUST00116,2026-06-26 09:24:02,31.27,mobile,0.0,0.0,0.0,Low,['No individually suspicious telemetry signals correlated with this transaction']
TXN321a9240-3,CUST00116,2026-06-29 03:11:24,2342.56,atm,0.0,0.0,0.0,Low,['No individually suspicious telemetry signals correlated with this transaction']
TXNa6e997ae-d,CUST00231,2026-06-19 08:18:07,1879.3,atm,0.0,0.0,0.0,Low,['No individually suspicious telemetry signals correlated with this transaction']
TXN5c42adcf-5,CUST00231,2026-06-19 16:16:14,414.05,mobile,0.0,0.0,0.0,Low,['No individually suspicious telemetry signals correlated with this transaction']
TXN173e13d9-f,CUST00231,2026-07-01 15:06:59,1989.85,branch,0.0,0.0,0.0,Low,['No individually suspicious telemetry signals correlated with this transaction']
TXN614996d1-0,CUST00231,2026-07-02 21:05:44,3703.54,branch,0.0,0.0,0.0,Low,['No individually suspicious telemetry signals correlated with this transaction']
TXNf1e4c27a-1,CUST00231,2026-07-10 15:48:19,2905.02,mobile,0.0,0.0,0.0,Low,['No individually suspicious telemetry signals correlated with this transaction']
TXN84c469b1-2,CUST00232,2026-06-21 13:32:23,2873.75,mobile,0.0,0.0,0.0,Low,['No individually suspicious telemetry signals correlated with this transaction']
TXN0b9d55cd-5,CUST00232,2026-06-26 02:44:06,2085.99,mobile,0.0,0.0,0.0,Low,['No individually suspicious telemetry signals correlated with this transaction']
TXNbac8f92f-4,CUST00232,2026-06-26 06:06:10,827.98,mobile,0.0,0.0,0.0,Low,['No individually suspicious telemetry signals correlated with this transaction']
TXN98a0db61-0,CUST00233,2026-06-19 04:12:51,5919.09,web,0.0,0.0,0.0,Low,['No individually suspicious telemetry signals correlated with this transaction']
TXNbd66c203-d,CUST00233,2026-06-20 19:54:39,1644.45,mobile,0.0,0.0,0.0,Low,['No individually suspicious telemetry signals correlated with this transaction']
TXNc95bc917-1,CUST00233,2026-06-26 21:54:09,540.23,mobile,0.0,0.0,0.0,Low,['No individually suspicious telemetry signals correlated with this transaction']
TXN343e623f-7,CUST00233,2026-07-02 01:11:19,1103.45,mobile,0.0,0.0,0.0,Low,['No individually suspicious telemetry signals correlated with this transaction']
TXN9e181620-5,CUST00233,2026-07-14 05:35:00,1567.69,web,0.0,0.0,0.0,Low,['No individually suspicious telemetry signals correlated with this transaction']
TXN3902d8a7-e,CUST00234,2026-06-29 17:37:09,1969.12,mobile,0.0,0.0,0.0,Low,['No individually suspicious telemetry signals correlated with this transaction']
TXN069ccc0a-c,CUST00234,2026-06-30 14:23:20,1471.35,mobile,0.0,0.0,0.0,Low,['No individually suspicious telemetry signals correlated with this transaction']
TXN19a12723-2,CUST00234,2026-07-01 12:52:20,646.74,mobile,0.0,0.0,0.0,Low,['No individually suspicious telemetry signals correlated with this transaction']
TXN7872d73f-e,CUST00234,2026-07-02 13:21:08,8354.9,branch,0.0,0.0,0.0,Low,['No individually suspicious telemetry signals correlated with this transaction']
TXN2c8fabbc-e,CUST00115,2026-06-24 22:23:43,710.51,mobile,0.0,0.0,0.0,Low,['No individually suspicious telemetry signals correlated with this transaction']
TXNf92b7b46-c,CUST00115,2026-07-04 16:12:51,5397.7,atm,0.0,0.0,0.0,Low,['No individually suspicious telemetry signals correlated with this transaction']
TXN7108022a-1,CUST00115,2026-07-05 14:14:54,1032.77,atm,0.0,0.0,0.0,Low,['No individually suspicious telemetry signals correlated with this transaction']
TXNba68e69f-2,CUST00115,2026-07-06 14:59:36,568.04,mobile,0.0,0.0,0.0,Low,['No individually suspicious telemetry signals correlated with this transaction']
TXN1afd943c-3,CUST00115,2026-07-06 15:10:47,320.45,web,0.0,0.0,0.0,Low,['No individually suspicious telemetry signals correlated with this transaction']
TXNa19c7caf-9,CUST00115,2026-07-07 07:56:26,3083.73,mobile,0.0,0.0,0.0,Low,['No individually suspicious telemetry signals correlated with this transaction']
TXN09943e76-1,CUST00115,2026-07-07 09:00:33,1569.06,mobile,0.0,0.0,0.0,Low,['No individually suspicious telemetry signals correlated with this transaction']
TXN4d156c62-a,CUST00236,2026-07-03 01:41:55,944.91,atm,0.0,0.0,0.0,Low,['No individually suspicious telemetry signals correlated with this transaction']
TXN8453d803-8,CUST00236,2026-07-04 22:46:19,742.27,mobile,0.0,0.0,0.0,Low,['No individually suspicious telemetry signals correlated with this transaction']
TXN03aa96d2-2,CUST00237,2026-06-23 11:10:25,558.82,atm,0.0,0.0,0.0,Low,['No individually suspicious telemetry signals correlated with this transaction']
TXNd5db677f-0,CUST00237,2026-07-05 00:08:44,11560.12,mobile,0.0,0.0,0.0,Low,['No individually suspicious telemetry signals correlated with this transaction']
TXN65924c9f-2,CUST00237,2026-07-14 00:33:00,846.28,mobile,0.0,0.0,0.0,Low,['No individually suspicious telemetry signals correlated with this transaction']
TXN10fab909-f,CUST00234,2026-07-06 13:55:31,8403.77,mobile,0.0,0.0,0.0,Low,['No individually suspicious telemetry signals correlated with this transaction']
TXNb8f73fad-9,CUST00234,2026-07-07 00:38:42,1850.75,web,0.0,0.0,0.0,Low,['No individually suspicious telemetry signals correlated with this transaction']
TXN76e51a12-7,CUST00234,2026-07-10 04:48:48,2949.72,mobile,0.0,0.0,0.0,Low,['No individually suspicious telemetry signals correlated with this transaction']
TXN2036971a-3,CUST00235,2026-06-21 19:23:41,8658.95,mobile,0.0,0.0,0.0,Low,['No individually suspicious telemetry signals correlated with this transaction']
TXNd4c2459b-b,CUST00235,2026-06-26 05:56:06,2540.08,mobile,0.0,0.0,0.0,Low,['No individually suspicious telemetry signals correlated with this transaction']
TXN18ad8eeb-b,CUST00235,2026-06-26 07:29:38,1170.81,branch,0.0,0.0,0.0,Low,['No individually suspicious telemetry signals correlated with this transaction']
TXNa8c1fb64-3,CUST00235,2026-06-28 05:39:40,1750.94,mobile,0.0,0.0,0.0,Low,['No individually suspicious telemetry signals correlated with this transaction']
TXNe648d7ae-7,CUST00235,2026-06-28 22:50:35,3074.16,branch,0.0,0.0,0.0,Low,['No individually suspicious telemetry signals correlated with this transaction']
TXN402bf495-3,CUST00235,2026-07-01 22:24:18,346.93,mobile,0.0,0.0,0.0,Low,['No individually suspicious telemetry signals correlated with this transaction']
TXN52a80809-2,CUST00235,2026-07-05 19:56:30,3738.27,mobile,0.0,0.0,0.0,Low,['No individually suspicious telemetry signals correlated with this transaction']
TXN002f4aee-a,CUST00235,2026-07-10 05:11:11,167.77,mobile,0.0,0.0,0.0,Low,['No individually suspicious telemetry signals correlated with this transaction']
TXNc8f3332a-4,CUST00113,2026-07-06 14:24:27,469.89,mobile,0.0,0.0,0.0,Low,['No individually suspicious telemetry signals correlated with this transaction']
TXNec68fc07-4,CUST00113,2026-07-07 04:09:00,6595.79,web,0.0,0.0,0.0,Low,['No individually suspicious telemetry signals correlated with this transaction']
TXN2e2d0681-a,CUST00113,2026-07-07 17:43:01,1868.28,web,0.0,0.0,0.0,Low,['No individually suspicious telemetry signals correlated with this transaction']
TXNf66a015b-6,CUST00113,2026-07-15 09:05:57,547.67,mobile,0.0,0.0,0.0,Low,['No individually suspicious telemetry signals correlated with this transaction']
TXN114c440d-6,CUST00114,2026-06-18 02:01:23,3670.76,web,0.0,0.0,0.0,Low,['No individually suspicious telemetry signals correlated with this transaction']
TXN425ca2e3-8,CUST00114,2026-06-20 20:26:08,3154.11,web,0.0,0.0,0.0,Low,['No individually suspicious telemetry signals correlated with this transaction']
TXN81c974a0-e,CUST00114,2026-06-21 07:36:20,923.38,branch,0.0,0.0,0.0,Low,['No individually suspicious telemetry signals correlated with this transaction']
TXN96bf02dd-5,CUST00114,2026-06-21 12:47:25,2073.88,web,0.0,0.0,0.0,Low,['No individually suspicious telemetry signals correlated with this transaction']
TXNaa4e8b03-1,CUST00114,2026-06-25 23:50:39,365.34,atm,0.0,0.0,0.0,Low,['No individually suspicious telemetry signals correlated with this transaction']
TXNbb9ddc31-d,CUST00114,2026-06-27 07:40:23,3354.76,web,0.0,0.0,0.0,Low,['No individually suspicious telemetry signals correlated with this transaction']
TXNade81084-e,CUST00114,2026-07-09 00:32:15,1745.45,mobile,0.0,0.0,0.0,Low,['No individually suspicious telemetry signals correlated with this transaction']
TXN95a15905-5,CUST00114,2026-07-12 22:39:38,1203.43,mobile,0.0,0.0,0.0,Low,['No individually suspicious telemetry signals correlated with this transaction']
TXN9d719800-e,CUST00235,2026-07-10 22:45:32,6136.45,web,0.0,0.0,0.0,Low,['No individually suspicious telemetry signals correlated with this transaction']
TXNcb505aa3-0,CUST00236,2026-06-24 17:57:56,1803.6,web,0.0,0.0,0.0,Low,['No individually suspicious telemetry signals correlated with this transaction']
TXN44482593-e,CUST00236,2026-06-27 10:25:06,585.05,mobile,0.0,0.0,0.0,Low,['No individually suspicious telemetry signals correlated with this transaction']
TXN252d3404-a,CUST00236,2026-06-28 10:20:59,6932.56,web,0.0,0.0,0.0,Low,['No individually suspicious telemetry signals correlated with this transaction']
TXN8a73483e-2,CUST00241,2026-07-13 18:38:47,1973.45,mobile,0.0,0.0,0.0,Low,['No individually suspicious telemetry signals correlated with this transaction']
TXNf88505f9-d,CUST00237,2026-07-16 09:44:57,99.0,mobile,0.0,0.0,0.0,Low,['No individually suspicious telemetry signals correlated with this transaction']
TXN83b5ad03-c,CUST00238,2026-06-24 23:08:10,1291.87,branch,0.0,0.0,0.0,Low,['No individually suspicious telemetry signals correlated with this transaction']
TXN574aa942-4,CUST00238,2026-07-01 01:21:34,1752.08,mobile,0.0,0.0,0.0,Low,['No individually suspicious telemetry signals correlated with this transaction']
TXN18b47298-a,CUST00238,2026-07-03 15:12:23,4250.96,mobile,0.0,0.0,0.0,Low,['No individually suspicious telemetry signals correlated with this transaction']
TXNc3659e51-5,CUST00238,2026-07-06 18:41:08,557.45,web,0.0,0.0,0.0,Low,['No individually suspicious telemetry signals correlated with this transaction']
TXNfe2181fd-7,CUST00238,2026-07-10 07:32:47,723.06,web,0.0,0.0,0.0,Low,['No individually suspicious telemetry signals correlated with this transaction']
TXNc5a24d77-7,CUST00238,2026-07-12 18:53:29,1163.02,atm,0.0,0.0,0.0,Low,['No individually suspicious telemetry signals correlated with this transaction']
TXNd47ffd35-7,CUST00239,2026-07-04 03:24:32,1158.52,atm,0.0,0.0,0.0,Low,['No individually suspicious telemetry signals correlated with this transaction']
TXNc82e27a3-1,CUST00239,2026-07-05 08:34:07,1739.87,web,0.0,0.0,0.0,Low,['No individually suspicious telemetry signals correlated with this transaction']
TXN068187e9-a,CUST00239,2026-07-05 20:43:56,666.43,mobile,0.0,0.0,0.0,Low,['No individually suspicious telemetry signals correlated with this transaction']
TXNb67333e0-8,CUST00239,2026-07-06 07:35:48,470.21,mobile,0.0,0.0,0.0,Low,['No individually suspicious telemetry signals correlated with this transaction']
TXNe70d8d07-5,CUST00112,2026-07-13 00:14:11,1217.5,web,0.0,0.0,0.0,Low,['No individually suspicious telemetry signals correlated with this transaction']
TXN26c25405-a,CUST00112,2026-07-14 12:03:47,1549.5,branch,0.0,0.0,0.0,Low,['No individually suspicious telemetry signals correlated with this transaction']
TXNdbd165a3-b,CUST00113,2026-06-22 13:20:19,1218.96,web,0.0,0.0,0.0,Low,['No individually suspicious telemetry signals correlated with this transaction']
TXNd6de0902-e,CUST00113,2026-06-25 00:50:16,951.37,web,0.0,0.0,0.0,Low,['No individually suspicious telemetry signals correlated with this transaction']
TXN23f3e5c5-4,CUST00243,2026-07-07 12:25:22,18019.38,mobile,0.0,0.0,0.0,Low,['No individually suspicious telemetry signals correlated with this transaction']
TXNab09ec62-8,CUST00243,2026-07-08 05:10:52,807.93,atm,0.0,0.0,0.0,Low,['No individually suspicious telemetry signals correlated with this transaction']
TXNb195fa9f-3,CUST00240,2026-06-19 01:27:40,2050.67,mobile,0.0,0.0,0.0,Low,['No individually suspicious telemetry signals correlated with this transaction']
TXNc7a9ff30-9,CUST00240,2026-06-22 20:06:27,897.34,web,0.0,0.0,0.0,Low,['No individually suspicious telemetry signals correlated with this transaction']
TXNc6a22085-3,CUST00240,2026-06-24 01:35:06,725.54,web,0.0,0.0,0.0,Low,['No individually suspicious telemetry signals correlated with this transaction']
TXN2ebfaf4c-8,CUST00240,2026-06-24 02:35:28,205.01,web,0.0,0.0,0.0,Low,['No individually suspicious telemetry signals correlated with this transaction']
TXN244700ca-3,CUST00240,2026-06-24 20:47:29,4670.54,mobile,0.0,0.0,0.0,Low,['No individually suspicious telemetry signals correlated with this transaction']
TXNbe9dd48c-b,CUST00240,2026-06-26 02:27:54,1326.06,mobile,0.0,0.0,0.0,Low,['No individually suspicious telemetry signals correlated with this transaction']
TXN8da4f916-6,CUST00240,2026-07-01 01:53:54,616.63,atm,0.0,0.0,0.0,Low,['No individually suspicious telemetry signals correlated with this transaction']
TXNae2e7dd2-1,CUST00240,2026-07-01 10:20:07,4489.62,atm,0.0,0.0,0.0,Low,['No individually suspicious telemetry signals correlated with this transaction']
TXN2ab05af8-8,CUST00240,2026-07-03 19:34:52,1604.58,mobile,0.0,0.0,0.0,Low,['No individually suspicious telemetry signals correlated with this transaction']
TXNf75ef2cf-1,CUST00240,2026-07-06 12:09:07,921.81,mobile,0.0,0.0,0.0,Low,['No individually suspicious telemetry signals correlated with this transaction']
TXNe2b845b7-f,CUST00240,2026-07-08 00:06:34,16806.13,mobile,0.0,0.0,0.0,Low,['No individually suspicious telemetry signals correlated with this transaction']
TXN87d2e18f-d,CUST00240,2026-07-16 05:24:36,9865.53,web,0.0,0.0,0.0,Low,['No individually suspicious telemetry signals correlated with this transaction']
TXNdbe38b89-a,CUST00241,2026-07-01 19:35:03,1612.58,web,0.0,0.0,0.0,Low,['No individually suspicious telemetry signals correlated with this transaction']
TXNee3f0127-d,CUST00241,2026-07-02 22:31:18,620.56,web,0.0,0.0,0.0,Low,['No individually suspicious telemetry signals correlated with this transaction']
TXNd27e5846-4,CUST00244,2026-07-13 07:34:20,781.15,mobile,0.0,0.0,0.0,Low,['No individually suspicious telemetry signals correlated with this transaction']
TXN2474e10f-7,CUST00244,2026-07-14 08:21:13,11995.56,mobile,0.0,0.0,0.0,Low,['No individually suspicious telemetry signals correlated with this transaction']
TXNa07c68c2-1,CUST00245,2026-06-17 03:40:01,588.88,web,0.0,0.0,0.0,Low,['No individually suspicious telemetry signals correlated with this transaction']
TXNf5b127e1-9,CUST00245,2026-06-20 22:42:19,13803.17,mobile,0.0,0.0,0.0,Low,['No individually suspicious telemetry signals correlated with this transaction']
TXN6c8c4bac-9,CUST00242,2026-06-22 05:59:35,1188.21,web,0.0,0.0,0.0,Low,['No individually suspicious telemetry signals correlated with this transaction']
TXN79fee842-e,CUST00242,2026-06-23 01:59:02,908.37,atm,0.0,0.0,0.0,Low,['No individually suspicious telemetry signals correlated with this transaction']
TXNb8b758b8-2,CUST00242,2026-06-24 18:35:52,2328.35,web,0.0,0.0,0.0,Low,['No individually suspicious telemetry signals correlated with this transaction']
TXN669f9a4a-f,CUST00242,2026-06-30 03:39:43,1493.83,web,0.0,0.0,0.0,Low,['No individually suspicious telemetry signals correlated with this transaction']
TXN132ab649-0,CUST00242,2026-07-04 02:12:29,4253.84,branch,0.0,0.0,0.0,Low,['No individually suspicious telemetry signals correlated with this transaction']
TXN0c858238-4,CUST00242,2026-07-13 18:23:09,4081.17,web,0.0,0.0,0.0,Low,['No individually suspicious telemetry signals correlated with this transaction']
TXNf9f8f5f4-c,CUST00243,2026-06-20 12:47:12,6098.74,mobile,0.0,0.0,0.0,Low,['No individually suspicious telemetry signals correlated with this transaction']
TXN2906567d-d,CUST00243,2026-06-26 01:40:30,844.01,branch,0.0,0.0,0.0,Low,['No individually suspicious telemetry signals correlated with this transaction']
TXN39ef20ea-1,CUST00243,2026-06-28 02:13:36,287.64,web,0.0,0.0,0.0,Low,['No individually suspicious telemetry signals correlated with this transaction']
TXN6b44312a-a,CUST00243,2026-06-28 18:26:06,1704.55,mobile,0.0,0.0,0.0,Low,['No individually suspicious telemetry signals correlated with this transaction']
TXN111ac671-f,CUST00243,2026-07-04 11:02:38,2710.57,mobile,0.0,0.0,0.0,Low,['No individually suspicious telemetry signals correlated with this transaction']
TXN23eaea4f-6,CUST00243,2026-07-05 14:35:44,1514.56,atm,0.0,0.0,0.0,Low,['No individually suspicious telemetry signals correlated with this transaction']
TXN1aedbcfd-a,CUST00245,2026-07-15 05:30:39,5611.45,atm,0.0,0.0,0.0,Low,['No individually suspicious telemetry signals correlated with this transaction']
TXN2b1feecd-9,CUST00245,2026-07-16 11:23:37,5309.14,mobile,0.0,0.0,0.0,Low,['No individually suspicious telemetry signals correlated with this transaction']
TXN4051dbda-d,CUST00246,2026-06-25 15:16:01,2722.71,mobile,0.0,0.0,0.0,Low,['No individually suspicious telemetry signals correlated with this transaction']
TXN38ace486-7,CUST00246,2026-06-27 02:17:21,12040.61,mobile,0.0,0.0,0.0,Low,['No individually suspicious telemetry signals correlated with this transaction']
TXN034f2029-1,CUST00246,2026-06-27 13:18:28,3391.92,mobile,0.0,0.0,0.0,Low,['No individually suspicious telemetry signals correlated with this transaction']
TXN44087701-a,CUST00246,2026-06-28 04:31:05,891.01,web,0.0,0.0,0.0,Low,['No individually suspicious telemetry signals correlated with this transaction']
TXNb9d9c1dc-1,CUST00243,2026-07-08 17:42:38,1857.82,web,0.0,0.0,0.0,Low,['No individually suspicious telemetry signals correlated with this transaction']
TXNbbc41107-e,CUST00243,2026-07-14 00:21:00,1222.46,mobile,0.0,0.0,0.0,Low,['No individually suspicious telemetry signals correlated with this transaction']
TXN642830f3-3,CUST00243,2026-07-15 03:46:33,2353.15,mobile,0.0,0.0,0.0,Low,['No individually suspicious telemetry signals correlated with this transaction']
TXNb8525de3-e,CUST00244,2026-06-22 17:44:36,4381.02,atm,0.0,0.0,0.0,Low,['No individually suspicious telemetry signals correlated with this transaction']
TXNf311a3a1-4,CUST00244,2026-06-25 02:20:41,4498.62,mobile,0.0,0.0,0.0,Low,['No individually suspicious telemetry signals correlated with this transaction']
TXN85475ee1-1,CUST00244,2026-06-29 14:54:11,1433.08,web,0.0,0.0,0.0,Low,['No individually suspicious telemetry signals correlated with this transaction']
TXN3b7039b0-7,CUST00244,2026-07-03 02:36:31,1044.76,mobile,0.0,0.0,0.0,Low,['No individually suspicious telemetry signals correlated with this transaction']
TXN9c2b4ca9-b,CUST00244,2026-07-08 08:08:29,6595.18,atm,0.0,0.0,0.0,Low,['No individually suspicious telemetry signals correlated with this transaction']
TXN53d509af-c,CUST00244,2026-07-09 07:43:50,1223.83,mobile,0.0,0.0,0.0,Low,['No individually suspicious telemetry signals correlated with this transaction']
TXNc58b6161-1,CUST00244,2026-07-11 09:12:14,732.08,atm,0.0,0.0,0.0,Low,['No individually suspicious telemetry signals correlated with this transaction']
TXN488e5bd8-0,CUST00111,2026-07-07 16:53:24,1187.4,mobile,0.0,0.0,0.0,Low,['No individually suspicious telemetry signals correlated with this transaction']
TXN4a1954ec-4,CUST00111,2026-07-08 09:56:36,457.13,atm,0.0,0.0,0.0,Low,['No individually suspicious telemetry signals correlated with this transaction']
TXNd0411dec-6,CUST00111,2026-07-12 11:54:36,189.78,web,0.0,0.0,0.0,Low,['No individually suspicious telemetry signals correlated with this transaction']
TXN08b9b2e9-4,CUST00111,2026-07-14 13:59:20,1023.42,web,0.0,0.0,0.0,Low,['No individually suspicious telemetry signals correlated with this transaction']
TXNdc6bf2c8-d,CUST00112,2026-06-27 02:42:50,5381.98,web,0.0,0.0,0.0,Low,['No individually suspicious telemetry signals correlated with this transaction']
TXN8356ed61-6,CUST00112,2026-07-03 09:32:56,6717.12,mobile,0.0,0.0,0.0,Low,['No individually suspicious telemetry signals correlated with this transaction']
TXNe879c9a6-0,CUST00112,2026-07-10 17:53:46,7688.46,atm,0.0,0.0,0.0,Low,['No individually suspicious telemetry signals correlated with this transaction']
TXN4a85fbd1-c,CUST00245,2026-06-21 15:18:14,2271.73,web,0.0,0.0,0.0,Low,['No individually suspicious telemetry signals correlated with this transaction']
TXN542e2e6a-8,CUST00245,2026-06-25 16:36:12,19712.0,web,0.0,0.0,0.0,Low,['No individually suspicious telemetry signals correlated with this transaction']
TXN16acb78e-1,CUST00245,2026-06-26 04:27:33,410.98,atm,0.0,0.0,0.0,Low,['No individually suspicious telemetry signals correlated with this transaction']
TXN3dc559fc-5,CUST00245,2026-06-26 16:55:22,6698.12,mobile,0.0,0.0,0.0,Low,['No individually suspicious telemetry signals correlated with this transaction']
TXNe79c797d-4,CUST00245,2026-06-29 06:43:19,5162.29,mobile,0.0,0.0,0.0,Low,['No individually suspicious telemetry signals correlated with this transaction']
TXNdd91cf6b-b,CUST00245,2026-07-08 20:49:40,1373.86,web,0.0,0.0,0.0,Low,['No individually suspicious telemetry signals correlated with this transaction']
TXN6eb6d54b-f,CUST00245,2026-07-10 13:04:00,1158.45,web,0.0,0.0,0.0,Low,['No individually suspicious telemetry signals correlated with this transaction']
TXNd7a29c6c-4,CUST00245,2026-07-11 03:22:43,16005.98,mobile,0.0,0.0,0.0,Low,['No individually suspicious telemetry signals correlated with this transaction']
TXN7e99a2c2-a,CUST00245,2026-07-12 04:43:05,1449.89,mobile,0.0,0.0,0.0,Low,['No individually suspicious telemetry signals correlated with this transaction']
TXN1b98a0e3-9,CUST00247,2026-07-01 22:57:38,3543.19,web,0.0,0.0,0.0,Low,['No individually suspicious telemetry signals correlated with this transaction']
TXN184c4178-9,CUST00247,2026-07-01 23:44:11,7021.49,web,0.0,0.0,0.0,Low,['No individually suspicious telemetry signals correlated with this transaction']
TXN3d15d3ee-c,CUST00247,2026-07-04 11:35:52,21323.57,web,0.0,0.0,0.0,Low,['No individually suspicious telemetry signals correlated with this transaction']
TXN9b4bf636-6,CUST00247,2026-07-07 09:05:48,742.5,mobile,0.0,0.0,0.0,Low,['No individually suspicious telemetry signals correlated with this transaction']
TXNaae50490-e,CUST00247,2026-07-08 03:32:54,3441.21,mobile,0.0,0.0,0.0,Low,['No individually suspicious telemetry signals correlated with this transaction']
TXNa48687d4-c,CUST00247,2026-07-15 21:27:59,822.23,web,0.0,0.0,0.0,Low,['No individually suspicious telemetry signals correlated with this transaction']
TXN2e44d349-9,CUST00248,2026-06-17 07:05:41,3192.33,mobile,0.0,0.0,0.0,Low,['No individually suspicious telemetry signals correlated with this transaction']
TXN6610ba20-f,CUST00248,2026-06-17 16:31:15,3032.11,atm,0.0,0.0,0.0,Low,['No individually suspicious telemetry signals correlated with this transaction']
TXNdd088545-9,CUST00248,2026-06-23 09:32:18,8347.42,web,0.0,0.0,0.0,Low,['No individually suspicious telemetry signals correlated with this transaction']
TXNbe901a64-a,CUST00248,2026-06-23 18:02:41,2025.8,mobile,0.0,0.0,0.0,Low,['No individually suspicious telemetry signals correlated with this transaction']
TXNd0b66c10-6,CUST00248,2026-06-24 18:42:30,1275.62,mobile,0.0,0.0,0.0,Low,['No individually suspicious telemetry signals correlated with this transaction']
TXNe8780458-a,CUST00248,2026-06-24 21:18:11,610.89,mobile,0.0,0.0,0.0,Low,['No individually suspicious telemetry signals correlated with this transaction']
TXN5436deb3-f,CUST00248,2026-06-26 02:24:10,19379.76,mobile,0.0,0.0,0.0,Low,['No individually suspicious telemetry signals correlated with this transaction']
TXNccc34f70-b,CUST00111,2026-06-26 03:23:31,431.46,mobile,0.0,0.0,0.0,Low,['No individually suspicious telemetry signals correlated with this transaction']
TXNa83db2df-e,CUST00111,2026-07-01 20:46:01,8344.57,mobile,0.0,0.0,0.0,Low,['No individually suspicious telemetry signals correlated with this transaction']
TXN467248f6-a,CUST00111,2026-07-07 07:16:43,439.64,mobile,0.0,0.0,0.0,Low,['No individually suspicious telemetry signals correlated with this transaction']
TXN0413d049-5,CUST00252,2026-07-02 09:13:56,886.55,mobile,0.0,0.0,0.0,Low,['No individually suspicious telemetry signals correlated with this transaction']
TXN17e6ae99-3,CUST00252,2026-07-11 21:55:27,468.85,web,0.0,0.0,0.0,Low,['No individually suspicious telemetry signals correlated with this transaction']
TXN5714fc0b-b,CUST00253,2026-06-17 21:34:45,1660.28,web,0.0,0.0,0.0,Low,['No individually suspicious telemetry signals correlated with this transaction']
TXN70b3e6df-c,CUST00248,2026-07-06 01:48:38,3389.19,web,0.0,0.0,0.0,Low,['No individually suspicious telemetry signals correlated with this transaction']
TXN0a349670-b,CUST00248,2026-07-08 21:50:59,747.12,mobile,0.0,0.0,0.0,Low,['No individually suspicious telemetry signals correlated with this transaction']
TXNb5950807-a,CUST00248,2026-07-13 00:02:21,545.1,branch,0.0,0.0,0.0,Low,['No individually suspicious telemetry signals correlated with this transaction']
TXN74e5418d-b,CUST00249,2026-07-10 17:32:11,1109.64,mobile,0.0,0.0,0.0,Low,['No individually suspicious telemetry signals correlated with this transaction']
TXN69824369-e,CUST00249,2026-07-13 04:00:51,1189.44,mobile,0.0,0.0,0.0,Low,['No individually suspicious telemetry signals correlated with this transaction']
TXN46d162d6-3,CUST00250,2026-06-27 21:58:20,821.75,web,0.0,0.0,0.0,Low,['No individually suspicious telemetry signals correlated with this transaction']
TXN5a357945-5,CUST00250,2026-07-02 04:39:05,1477.03,web,0.0,0.0,0.0,Low,['No individually suspicious telemetry signals correlated with this transaction']
TXNa282bbab-f,CUST00250,2026-07-02 22:28:29,571.89,web,0.0,0.0,0.0,Low,['No individually suspicious telemetry signals correlated with this transaction']
TXN53133ea1-0,CUST00250,2026-07-06 17:04:39,1200.2,web,0.0,0.0,0.0,Low,['No individually suspicious telemetry signals correlated with this transaction']
TXNa3b4a240-7,CUST00251,2026-06-21 03:21:42,5427.39,mobile,0.0,0.0,0.0,Low,['No individually suspicious telemetry signals correlated with this transaction']
TXN7ff5475c-d,CUST00251,2026-07-02 08:03:04,1285.28,web,0.0,0.0,0.0,Low,['No individually suspicious telemetry signals correlated with this transaction']
TXNce1eaeb5-b,CUST00251,2026-07-02 13:42:49,2073.05,web,0.0,0.0,0.0,Low,['No individually suspicious telemetry signals correlated with this transaction']
TXNdd0d3739-c,CUST00251,2026-07-03 01:24:25,1938.64,web,0.0,0.0,0.0,Low,['No individually suspicious telemetry signals correlated with this transaction']
TXN2fa17fe6-6,CUST00254,2026-06-24 00:34:10,2174.12,web,0.0,0.0,0.0,Low,['No individually suspicious telemetry signals correlated with this transaction']
TXN06bf79cf-4,CUST00254,2026-07-02 05:21:08,357.4,mobile,0.0,0.0,0.0,Low,['No individually suspicious telemetry signals correlated with this transaction']
TXN705f052b-d,CUST00254,2026-07-03 04:17:30,3904.16,web,0.0,0.0,0.0,Low,['No individually suspicious telemetry signals correlated with this transaction']
TXN5a0fdf61-5,CUST00251,2026-07-09 14:47:55,986.54,web,0.0,0.0,0.0,Low,['No individually suspicious telemetry signals correlated with this transaction']
TXN67f3e4bf-a,CUST00251,2026-07-13 20:17:23,1538.12,web,0.0,0.0,0.0,Low,['No individually suspicious telemetry signals correlated with this transaction']
TXN510861bb-3,CUST00251,2026-07-14 06:44:55,5260.47,branch,0.0,0.0,0.0,Low,['No individually suspicious telemetry signals correlated with this transaction']
TXNea072198-1,CUST00251,2026-07-16 01:59:14,814.06,mobile,0.0,0.0,0.0,Low,['No individually suspicious telemetry signals correlated with this transaction']
TXN291c9094-c,CUST00251,2026-07-16 04:35:48,1513.4,mobile,0.0,0.0,0.0,Low,['No individually suspicious telemetry signals correlated with this transaction']
TXN28c2783d-c,CUST00252,2026-06-19 08:45:53,5595.77,web,0.0,0.0,0.0,Low,['No individually suspicious telemetry signals correlated with this transaction']
TXN33c00b7d-6,CUST00252,2026-06-20 10:43:49,5769.19,web,0.0,0.0,0.0,Low,['No individually suspicious telemetry signals correlated with this transaction']
TXN4f7ebc54-9,CUST00252,2026-06-23 14:14:32,2693.76,web,0.0,0.0,0.0,Low,['No individually suspicious telemetry signals correlated with this transaction']
TXN8f56fffc-c,CUST00252,2026-06-25 15:15:47,2209.2,branch,0.0,0.0,0.0,Low,['No individually suspicious telemetry signals correlated with this transaction']
TXN7c45d65d-b,CUST00252,2026-06-29 09:55:15,5524.41,mobile,0.0,0.0,0.0,Low,['No individually suspicious telemetry signals correlated with this transaction']
TXN7011a2be-c,CUST00252,2026-06-29 21:48:30,498.19,web,0.0,0.0,0.0,Low,['No individually suspicious telemetry signals correlated with this transaction']
TXN9e541d3e-6,CUST00252,2026-06-30 20:25:18,4822.59,web,0.0,0.0,0.0,Low,['No individually suspicious telemetry signals correlated with this transaction']
TXNa46e47a2-b,CUST00252,2026-07-01 18:01:57,1031.86,web,0.0,0.0,0.0,Low,['No individually suspicious telemetry signals correlated with this transaction']
TXNed113faf-0,CUST00109,2026-07-09 01:35:34,749.67,mobile,0.0,0.0,0.0,Low,['No individually suspicious telemetry signals correlated with this transaction']
TXN058b5ee1-a,CUST00110,2026-06-19 12:42:05,992.75,branch,0.0,0.0,0.0,Low,['No individually suspicious telemetry signals correlated with this transaction']
TXN706ad042-a,CUST00110,2026-06-24 01:27:05,3540.63,branch,0.0,0.0,0.0,Low,['No individually suspicious telemetry signals correlated with this transaction']
TXN1f89cec2-9,CUST00110,2026-07-02 01:02:40,2140.85,web,0.0,0.0,0.0,Low,['No individually suspicious telemetry signals correlated with this transaction']
TXN82f2a59e-2,CUST00110,2026-07-07 00:44:16,5299.14,mobile,0.0,0.0,0.0,Low,['No individually suspicious telemetry signals correlated with this transaction']
TXNbe9e01a9-d,CUST00110,2026-07-09 11:33:43,2303.36,mobile,0.0,0.0,0.0,Low,['No individually suspicious telemetry signals correlated with this transaction']
TXN9d091856-4,CUST00253,2026-06-26 02:25:52,729.32,web,0.0,0.0,0.0,Low,['No individually suspicious telemetry signals correlated with this transaction']
TXNe05ff96e-d,CUST00253,2026-07-01 17:56:16,2016.93,mobile,0.0,0.0,0.0,Low,['No individually suspicious telemetry signals correlated with this transaction']
TXNd37d8533-7,CUST00253,2026-07-02 08:26:39,361.97,web,0.0,0.0,0.0,Low,['No individually suspicious telemetry signals correlated with this transaction']
TXN220e674e-6,CUST00253,2026-07-04 09:29:13,180.1,web,0.0,0.0,0.0,Low,['No individually suspicious telemetry signals correlated with this transaction']
TXN27aedaae-8,CUST00253,2026-07-04 16:56:25,1553.84,web,0.0,0.0,0.0,Low,['No individually suspicious telemetry signals correlated with this transaction']
TXNea299a22-9,CUST00253,2026-07-04 18:04:55,855.86,mobile,0.0,0.0,0.0,Low,['No individually suspicious telemetry signals correlated with this transaction']
TXNd8528abb-1,CUST00253,2026-07-05 01:05:05,1475.37,web,0.0,0.0,0.0,Low,['No individually suspicious telemetry signals correlated with this transaction']
TXN52e6ef74-1,CUST00253,2026-07-14 23:17:56,4057.1,mobile,0.0,0.0,0.0,Low,['No individually suspicious telemetry signals correlated with this transaction']
TXNb1f0b429-d,CUST00254,2026-06-18 04:14:06,1513.46,web,0.0,0.0,0.0,Low,['No individually suspicious telemetry signals correlated with this transaction']
TXNff9558a3-8,CUST00254,2026-06-19 12:24:37,8637.47,web,0.0,0.0,0.0,Low,['No individually suspicious telemetry signals correlated with this transaction']
TXN070f48c2-b,CUST00258,2026-07-15 11:15:10,423.05,mobile,0.0,0.0,0.0,Low,['No individually suspicious telemetry signals correlated with this transaction']
TXNb1757e7d-f,CUST00255,2026-06-17 15:23:41,5289.45,web,0.0,0.0,0.0,Low,['No individually suspicious telemetry signals correlated with this transaction']
TXN18bc2e3b-2,CUST00255,2026-06-20 09:56:15,288.64,web,0.0,0.0,0.0,Low,['No individually suspicious telemetry signals correlated with this transaction']
TXN5d2d113b-f,CUST00255,2026-06-27 10:44:58,6914.96,web,0.0,0.0,0.0,Low,['No individually suspicious telemetry signals correlated with this transaction']
TXNcba9a0f0-3,CUST00255,2026-06-27 15:23:37,124.11,web,0.0,0.0,0.0,Low,['No individually suspicious telemetry signals correlated with this transaction']
TXN6e6aa3ec-4,CUST00255,2026-06-27 19:04:30,8946.65,branch,0.0,0.0,0.0,Low,['No individually suspicious telemetry signals correlated with this transaction']
TXNe6ffee2a-e,CUST00255,2026-06-29 03:48:04,314.79,mobile,0.0,0.0,0.0,Low,['No individually suspicious telemetry signals correlated with this transaction']
TXNecedf328-e,CUST00255,2026-07-02 00:11:48,875.29,mobile,0.0,0.0,0.0,Low,['No individually suspicious telemetry signals correlated with this transaction']
TXN8a55a14b-5,CUST00255,2026-07-05 17:09:02,11112.47,mobile,0.0,0.0,0.0,Low,['No individually suspicious telemetry signals correlated with this transaction']
TXN664d49fa-9,CUST00255,2026-07-08 06:32:17,7437.7,mobile,0.0,0.0,0.0,Low,['No individually suspicious telemetry signals correlated with this transaction']
TXN42f1287b-b,CUST00255,2026-07-13 13:44:58,600.16,mobile,0.0,0.0,0.0,Low,['No individually suspicious telemetry signals correlated with this transaction']
TXNfc4a013f-c,CUST00256,2026-06-24 11:16:57,876.56,mobile,0.0,0.0,0.0,Low,['No individually suspicious telemetry signals correlated with this transaction']
TXNb819b15d-4,CUST00109,2026-07-01 17:25:24,1811.59,mobile,0.0,0.0,0.0,Low,['No individually suspicious telemetry signals correlated with this transaction']
TXN817c6779-d,CUST00109,2026-07-03 10:32:31,770.34,web,0.0,0.0,0.0,Low,['No individually suspicious telemetry signals correlated with this transaction']
TXN8513176c-1,CUST00109,2026-07-04 17:51:50,153.53,mobile,0.0,0.0,0.0,Low,['No individually suspicious telemetry signals correlated with this transaction']
TXN7bd50aeb-6,CUST00109,2026-07-05 18:28:27,1044.31,web,0.0,0.0,0.0,Low,['No individually suspicious telemetry signals correlated with this transaction']
TXNfd55c844-c,CUST00260,2026-06-18 07:17:45,986.25,web,0.0,0.0,0.0,Low,['No individually suspicious telemetry signals correlated with this transaction']
TXNba89eda3-7,CUST00260,2026-06-19 13:24:44,2822.43,branch,0.0,0.0,0.0,Low,['No individually suspicious telemetry signals correlated with this transaction']
TXN078c7f1d-2,CUST00260,2026-06-24 23:54:59,1015.06,branch,0.0,0.0,0.0,Low,['No individually suspicious telemetry signals correlated with this transaction']
TXNfad2fd69-3,CUST00260,2026-06-26 23:02:50,3476.74,mobile,0.0,0.0,0.0,Low,['No individually suspicious telemetry signals correlated with this transaction']
TXN2944e059-b,CUST00260,2026-07-13 20:12:40,2700.22,web,0.0,0.0,0.0,Low,['No individually suspicious telemetry signals correlated with this transaction']
TXN592cfe25-b,CUST00256,2026-07-02 17:42:14,1772.33,mobile,0.0,0.0,0.0,Low,['No individually suspicious telemetry signals correlated with this transaction']
TXN1053adba-2,CUST00257,2026-06-25 06:47:09,5387.79,atm,0.0,0.0,0.0,Low,['No individually suspicious telemetry signals correlated with this transaction']
TXN70184f95-9,CUST00257,2026-06-26 11:31:18,3448.74,mobile,0.0,0.0,0.0,Low,['No individually suspicious telemetry signals correlated with this transaction']
TXNa6789753-8,CUST00257,2026-06-27 15:44:53,742.59,web,0.0,0.0,0.0,Low,['No individually suspicious telemetry signals correlated with this transaction']
TXNf9fb722d-a,CUST00257,2026-06-30 08:29:37,2496.42,web,0.0,0.0,0.0,Low,['No individually suspicious telemetry signals correlated with this transaction']
TXN108d692f-6,CUST00257,2026-06-30 23:54:20,1821.11,atm,0.0,0.0,0.0,Low,['No individually suspicious telemetry signals correlated with this transaction']
TXN7a0430c4-5,CUST00257,2026-07-11 07:28:26,10033.61,mobile,0.0,0.0,0.0,Low,['No individually suspicious telemetry signals correlated with this transaction']
TXN3955b110-f,CUST00257,2026-07-11 08:17:46,1379.4,web,0.0,0.0,0.0,Low,['No individually suspicious telemetry signals correlated with this transaction']
TXN05a95733-2,CUST00257,2026-07-15 07:11:45,3283.5,atm,0.0,0.0,0.0,Low,['No individually suspicious telemetry signals correlated with this transaction']
TXNa96bc761-3,CUST00258,2026-06-29 19:30:09,3710.15,branch,0.0,0.0,0.0,Low,['No individually suspicious telemetry signals correlated with this transaction']
TXNf46976af-1,CUST00258,2026-07-05 08:43:07,1683.02,web,0.0,0.0,0.0,Low,['No individually suspicious telemetry signals correlated with this transaction']
TXN53ad132c-0,CUST00262,2026-06-23 12:59:45,3018.82,web,0.0,0.0,0.0,Low,['No individually suspicious telemetry signals correlated with this transaction']
TXNcccf4d37-0,CUST00262,2026-06-24 05:44:49,2090.1,atm,0.0,0.0,0.0,Low,['No individually suspicious telemetry signals correlated with this transaction']
TXN8e9ff74a-f,CUST00262,2026-07-02 15:44:41,4681.83,branch,0.0,0.0,0.0,Low,['No individually suspicious telemetry signals correlated with this transaction']
TXNfc31654d-f,CUST00262,2026-07-03 04:09:09,2186.65,web,0.0,0.0,0.0,Low,['No individually suspicious telemetry signals correlated with this transaction']
TXNe119e331-0,CUST00262,2026-07-07 10:58:48,1692.42,mobile,0.0,0.0,0.0,Low,['No individually suspicious telemetry signals correlated with this transaction']
TXN14e1aabd-a,CUST00262,2026-07-09 04:39:30,789.82,branch,0.0,0.0,0.0,Low,['No individually suspicious telemetry signals correlated with this transaction']
TXN1812362f-c,CUST00262,2026-07-10 12:08:48,3370.04,web,0.0,0.0,0.0,Low,['No individually suspicious telemetry signals correlated with this transaction']
TXN18720dc7-5,CUST00262,2026-07-12 16:13:38,520.43,atm,0.0,0.0,0.0,Low,['No individually suspicious telemetry signals correlated with this transaction']
TXNc124b471-b,CUST00259,2026-06-17 23:22:50,1138.77,atm,0.0,0.0,0.0,Low,['No individually suspicious telemetry signals correlated with this transaction']
TXNc64d8e70-1,CUST00259,2026-06-21 23:10:23,17470.28,mobile,0.0,0.0,0.0,Low,['No individually suspicious telemetry signals correlated with this transaction']
TXNf88c2664-0,CUST00259,2026-06-22 08:11:19,440.81,atm,0.0,0.0,0.0,Low,['No individually suspicious telemetry signals correlated with this transaction']
TXN3b895644-5,CUST00259,2026-06-26 22:51:09,1812.95,web,0.0,0.0,0.0,Low,['No individually suspicious telemetry signals correlated with this transaction']
TXN963d4606-a,CUST00259,2026-06-29 06:05:51,507.56,web,0.0,0.0,0.0,Low,['No individually suspicious telemetry signals correlated with this transaction']
TXNc42c40ce-2,CUST00259,2026-06-30 22:34:39,648.57,web,0.0,0.0,0.0,Low,['No individually suspicious telemetry signals correlated with this transaction']
TXN82095583-e,CUST00259,2026-07-04 14:22:04,2887.35,mobile,0.0,0.0,0.0,Low,['No individually suspicious telemetry signals correlated with this transaction']
TXN1049f904-9,CUST00259,2026-07-14 15:29:21,1161.79,web,0.0,0.0,0.0,Low,['No individually suspicious telemetry signals correlated with this transaction']
TXN2c21f1ed-f,CUST00263,2026-07-06 20:08:32,4469.14,atm,0.0,0.0,0.0,Low,['No individually suspicious telemetry signals correlated with this transaction']
TXN7f8a1fca-9,CUST00263,2026-07-11 17:20:29,2614.55,mobile,0.0,0.0,0.0,Low,['No individually suspicious telemetry signals correlated with this transaction']
TXNf9cc596e-3,CUST00263,2026-07-13 05:19:08,2204.68,web,0.0,0.0,0.0,Low,['No individually suspicious telemetry signals correlated with this transaction']
TXN2ad9c360-8,CUST00264,2026-06-19 18:05:10,835.35,mobile,0.0,0.0,0.0,Low,['No individually suspicious telemetry signals correlated with this transaction']
TXN9f40ce6a-0,CUST00264,2026-06-21 17:35:49,2149.69,web,0.0,0.0,0.0,Low,['No individually suspicious telemetry signals correlated with this transaction']
TXNef5e4a66-4,CUST00264,2026-06-25 18:32:19,1443.14,mobile,0.0,0.0,0.0,Low,['No individually suspicious telemetry signals correlated with this transaction']
TXNaedb3046-5,CUST00264,2026-06-26 13:16:27,973.08,mobile,0.0,0.0,0.0,Low,['No individually suspicious telemetry signals correlated with this transaction']
TXN1ecadf24-f,CUST00264,2026-06-26 15:47:13,185.05,web,0.0,0.0,0.0,Low,['No individually suspicious telemetry signals correlated with this transaction']
TXN9cfa2010-f,CUST00264,2026-07-01 01:46:34,6202.79,mobile,0.0,0.0,0.0,Low,['No individually suspicious telemetry signals correlated with this transaction']
TXNe36345fc-8,CUST00264,2026-07-01 09:09:48,5293.09,mobile,0.0,0.0,0.0,Low,['No individually suspicious telemetry signals correlated with this transaction']
TXN3172e9f8-7,CUST00264,2026-07-03 20:32:03,2762.07,web,0.0,0.0,0.0,Low,['No individually suspicious telemetry signals correlated with this transaction']
TXN2d6acdd4-5,CUST00261,2026-06-18 19:06:07,986.11,mobile,0.0,0.0,0.0,Low,['No individually suspicious telemetry signals correlated with this transaction']
TXN42b07e31-2,CUST00261,2026-07-04 12:33:48,704.02,web,0.0,0.0,0.0,Low,['No individually suspicious telemetry signals correlated with this transaction']
TXN4083ff8f-e,CUST00261,2026-07-08 15:34:42,379.41,atm,0.0,0.0,0.0,Low,['No individually suspicious telemetry signals correlated with this transaction']
TXN2ed86804-5,CUST00261,2026-07-10 05:10:33,1572.89,web,0.0,0.0,0.0,Low,['No individually suspicious telemetry signals correlated with this transaction']
TXN7972c629-b,CUST00261,2026-07-13 20:11:22,1048.09,atm,0.0,0.0,0.0,Low,['No individually suspicious telemetry signals correlated with this transaction']
TXN849c30c6-d,CUST00107,2026-07-07 10:02:11,4831.69,mobile,0.0,0.0,0.0,Low,['No individually suspicious telemetry signals correlated with this transaction']
TXN0db4897a-4,CUST00107,2026-07-10 20:25:46,8119.92,web,0.0,0.0,0.0,Low,['No individually suspicious telemetry signals correlated with this transaction']
TXN203d54c9-6,CUST00107,2026-07-11 21:40:25,1698.88,branch,0.0,0.0,0.0,Low,['No individually suspicious telemetry signals correlated with this transaction']
TXN279f5df0-d,CUST00108,2026-06-22 18:16:39,931.8,mobile,0.0,0.0,0.0,Low,['No individually suspicious telemetry signals correlated with this transaction']
TXNdd43b0cf-5,CUST00108,2026-06-30 20:24:30,6986.55,mobile,0.0,0.0,0.0,Low,['No individually suspicious telemetry signals correlated with this transaction']
TXN95a97dd7-b,CUST00108,2026-07-03 15:42:14,3002.46,mobile,0.0,0.0,0.0,Low,['No individually suspicious telemetry signals correlated with this transaction']
TXNe522266c-3,CUST00108,2026-07-05 23:07:40,771.53,mobile,0.0,0.0,0.0,Low,['No individually suspicious telemetry signals correlated with this transaction']
TXN8429e12c-3,CUST00108,2026-07-07 23:01:12,4400.3,web,0.0,0.0,0.0,Low,['No individually suspicious telemetry signals correlated with this transaction']
TXNb78a2037-b,CUST00108,2026-07-08 20:48:08,2381.99,mobile,0.0,0.0,0.0,Low,['No individually suspicious telemetry signals correlated with this transaction']
TXNf79f8fa9-b,CUST00108,2026-07-14 02:37:20,1351.82,web,0.0,0.0,0.0,Low,['No individually suspicious telemetry signals correlated with this transaction']
TXN33611134-b,CUST00109,2026-06-19 06:28:41,2017.89,web,0.0,0.0,0.0,Low,['No individually suspicious telemetry signals correlated with this transaction']
TXNc5a0b7c3-e,CUST00263,2026-06-21 15:59:45,1708.45,mobile,0.0,0.0,0.0,Low,['No individually suspicious telemetry signals correlated with this transaction']
TXNd079fe4e-2,CUST00263,2026-06-25 15:25:18,2732.29,web,0.0,0.0,0.0,Low,['No individually suspicious telemetry signals correlated with this transaction']
TXNaee4f488-d,CUST00263,2026-07-02 18:11:11,631.6,web,0.0,0.0,0.0,Low,['No individually suspicious telemetry signals correlated with this transaction']
TXN5fc97e64-9,CUST00263,2026-07-04 14:57:06,943.98,web,0.0,0.0,0.0,Low,['No individually suspicious telemetry signals correlated with this transaction']
TXN70d18e9e-e,CUST00263,2026-07-05 13:38:41,7112.05,mobile,0.0,0.0,0.0,Low,['No individually suspicious telemetry signals correlated with this transaction']
TXN2f8a637d-f,CUST00269,2026-06-25 12:08:06,1022.74,web,0.0,0.0,0.0,Low,['No individually suspicious telemetry signals correlated with this transaction']
TXNae5ec1fc-5,CUST00269,2026-06-25 13:37:37,1876.11,web,0.0,0.0,0.0,Low,['No individually suspicious telemetry signals correlated with this transaction']
TXN51ffdef6-b,CUST00269,2026-06-27 18:35:19,1096.06,mobile,0.0,0.0,0.0,Low,['No individually suspicious telemetry signals correlated with this transaction']
TXN243191eb-5,CUST00265,2026-06-21 06:11:10,962.63,mobile,0.0,0.0,0.0,Low,['No individually suspicious telemetry signals correlated with this transaction']
TXN10c238ba-8,CUST00265,2026-07-09 11:46:51,1201.82,atm,0.0,0.0,0.0,Low,['No individually suspicious telemetry signals correlated with this transaction']
TXNd4eee313-8,CUST00265,2026-07-15 07:17:12,2266.6,mobile,0.0,0.0,0.0,Low,['No individually suspicious telemetry signals correlated with this transaction']
TXN0aa5aaf2-6,CUST00266,2026-06-17 19:50:22,589.52,mobile,0.0,0.0,0.0,Low,['No individually suspicious telemetry signals correlated with this transaction']
TXNc12e3882-b,CUST00266,2026-06-21 01:31:28,1225.07,web,0.0,0.0,0.0,Low,['No individually suspicious telemetry signals correlated with this transaction']
TXN7da2fb48-d,CUST00266,2026-07-03 13:00:31,4921.05,branch,0.0,0.0,0.0,Low,['No individually suspicious telemetry signals correlated with this transaction']
TXNd907ba3f-1,CUST00266,2026-07-15 19:15:18,19576.27,branch,0.0,0.0,0.0,Low,['No individually suspicious telemetry signals correlated with this transaction']
TXN677c25b0-6,CUST00267,2026-06-22 05:05:37,428.91,web,0.0,0.0,0.0,Low,['No individually suspicious telemetry signals correlated with this transaction']
TXN22ae8888-5,CUST00267,2026-06-29 20:05:47,1536.37,web,0.0,0.0,0.0,Low,['No individually suspicious telemetry signals correlated with this transaction']
TXNa4a8a844-8,CUST00267,2026-07-11 01:52:33,1977.02,mobile,0.0,0.0,0.0,Low,['No individually suspicious telemetry signals correlated with this transaction']
TXN4aff5eee-3,CUST00267,2026-07-12 12:05:33,1062.64,web,0.0,0.0,0.0,Low,['No individually suspicious telemetry signals correlated with this transaction']
TXNe660a8e0-8,CUST00107,2026-06-23 08:07:00,701.61,web,0.0,0.0,0.0,Low,['No individually suspicious telemetry signals correlated with this transaction']
TXN15ac37f0-0,CUST00107,2026-07-05 07:37:35,997.2,mobile,0.0,0.0,0.0,Low,['No individually suspicious telemetry signals correlated with this transaction']
TXN61a93ecf-e,CUST00270,2026-07-12 06:05:59,768.05,mobile,0.0,0.0,0.0,Low,['No individually suspicious telemetry signals correlated with this transaction']
TXN40e07e0f-7,CUST00271,2026-06-18 10:32:36,1019.45,mobile,0.0,0.0,0.0,Low,['No individually suspicious telemetry signals correlated with this transaction']
TXN2d53a810-f,CUST00271,2026-06-19 22:37:33,5121.9,mobile,0.0,0.0,0.0,Low,['No individually suspicious telemetry signals correlated with this transaction']
TXN66e6c48a-d,CUST00271,2026-06-20 00:34:24,2487.17,web,0.0,0.0,0.0,Low,['No individually suspicious telemetry signals correlated with this transaction']
TXN608bb508-6,CUST00271,2026-06-20 03:26:45,5719.58,mobile,0.0,0.0,0.0,Low,['No individually suspicious telemetry signals correlated with this transaction']
TXN3a769378-d,CUST00271,2026-06-23 13:24:22,3713.86,atm,0.0,0.0,0.0,Low,['No individually suspicious telemetry signals correlated with this transaction']
TXNa7a13e62-a,CUST00267,2026-07-13 07:51:20,5768.01,web,0.0,0.0,0.0,Low,['No individually suspicious telemetry signals correlated with this transaction']
TXN6388f6dc-9,CUST00268,2026-06-20 05:30:09,3519.05,mobile,0.0,0.0,0.0,Low,['No individually suspicious telemetry signals correlated with this transaction']
TXNaf1e0ecd-c,CUST00268,2026-06-25 01:47:26,3241.79,web,0.0,0.0,0.0,Low,['No individually suspicious telemetry signals correlated with this transaction']
TXNd4cd45a9-8,CUST00268,2026-06-27 08:18:22,555.29,mobile,0.0,0.0,0.0,Low,['No individually suspicious telemetry signals correlated with this transaction']
TXNc94ee2f0-f,CUST00268,2026-07-05 07:14:29,3040.88,web,0.0,0.0,0.0,Low,['No individually suspicious telemetry signals correlated with this transaction']
TXN16d4fdff-f,CUST00268,2026-07-10 10:47:44,2053.2,mobile,0.0,0.0,0.0,Low,['No individually suspicious telemetry signals correlated with this transaction']
TXN524ec63c-1,CUST00268,2026-07-15 16:21:21,3382.3,mobile,0.0,0.0,0.0,Low,['No individually suspicious telemetry signals correlated with this transaction']
TXN5a0d4f8c-3,CUST00269,2026-06-18 03:04:23,5395.5,mobile,0.0,0.0,0.0,Low,['No individually suspicious telemetry signals correlated with this transaction']
TXNd2e106a4-0,CUST00269,2026-06-19 17:59:20,1406.1,mobile,0.0,0.0,0.0,Low,['No individually suspicious telemetry signals correlated with this transaction']
TXNbf733026-9,CUST00269,2026-06-22 03:15:14,1749.8,mobile,0.0,0.0,0.0,Low,['No individually suspicious telemetry signals correlated with this transaction']
TXNbd76bb2f-f,CUST00272,2026-06-19 13:19:25,12350.68,mobile,0.0,0.0,0.0,Low,['No individually suspicious telemetry signals correlated with this transaction']
TXNb70bc594-a,CUST00272,2026-06-30 12:38:51,187.59,web,0.0,0.0,0.0,Low,['No individually suspicious telemetry signals correlated with this transaction']
TXNc46268d6-b,CUST00272,2026-07-01 11:00:40,2678.14,atm,0.0,0.0,0.0,Low,['No individually suspicious telemetry signals correlated with this transaction']
TXNb149324b-a,CUST00272,2026-07-03 01:51:21,3608.92,mobile,0.0,0.0,0.0,Low,['No individually suspicious telemetry signals correlated with this transaction']
TXNb08307e1-a,CUST00272,2026-07-05 05:49:54,443.47,web,0.0,0.0,0.0,Low,['No individually suspicious telemetry signals correlated with this transaction']
TXN8974e16a-2,CUST00272,2026-07-10 06:30:48,1562.66,branch,0.0,0.0,0.0,Low,['No individually suspicious telemetry signals correlated with this transaction']
TXN1d480843-a,CUST00272,2026-07-13 16:39:57,10250.77,branch,0.0,0.0,0.0,Low,['No individually suspicious telemetry signals correlated with this transaction']
TXN6f0dc87b-d,CUST00269,2026-07-03 20:41:01,1720.08,web,0.0,0.0,0.0,Low,['No individually suspicious telemetry signals correlated with this transaction']
TXNf77e1ee6-0,CUST00269,2026-07-04 09:05:13,2902.65,web,0.0,0.0,0.0,Low,['No individually suspicious telemetry signals correlated with this transaction']
TXN0c46d8be-b,CUST00269,2026-07-07 08:57:19,2099.08,mobile,0.0,0.0,0.0,Low,['No individually suspicious telemetry signals correlated with this transaction']
TXN36e90637-e,CUST00269,2026-07-13 00:02:29,1028.13,mobile,0.0,0.0,0.0,Low,['No individually suspicious telemetry signals correlated with this transaction']
TXN2c613d5c-8,CUST00269,2026-07-15 21:06:57,954.46,web,0.0,0.0,0.0,Low,['No individually suspicious telemetry signals correlated with this transaction']
TXN9ceeaf74-a,CUST00270,2026-06-17 02:10:25,1556.1,mobile,0.0,0.0,0.0,Low,['No individually suspicious telemetry signals correlated with this transaction']
TXN1dc7deab-b,CUST00270,2026-06-28 07:54:11,1110.12,atm,0.0,0.0,0.0,Low,['No individually suspicious telemetry signals correlated with this transaction']
TXNea4d7ed8-d,CUST00270,2026-07-05 07:53:12,10658.95,web,0.0,0.0,0.0,Low,['No individually suspicious telemetry signals correlated with this transaction']
TXN7eca5b2d-3,CUST00270,2026-07-05 11:12:35,2147.14,mobile,0.0,0.0,0.0,Low,['No individually suspicious telemetry signals correlated with this transaction']
TXNc84bbdf5-6,CUST00104,2026-06-28 04:00:38,1092.44,mobile,0.0,0.0,0.0,Low,['No individually suspicious telemetry signals correlated with this transaction']
TXN5aac72b1-7,CUST00104,2026-07-01 18:23:13,565.9,web,0.0,0.0,0.0,Low,['No individually suspicious telemetry signals correlated with this transaction']
TXNaf66dc57-e,CUST00104,2026-07-03 19:31:34,5562.41,web,0.0,0.0,0.0,Low,['No individually suspicious telemetry signals correlated with this transaction']
TXN4001570a-3,CUST00104,2026-07-04 02:34:40,4246.5,web,0.0,0.0,0.0,Low,['No individually suspicious telemetry signals correlated with this transaction']
TXNe99d6b91-0,CUST00105,2026-07-10 22:42:40,732.69,mobile,0.0,0.0,0.0,Low,['No individually suspicious telemetry signals correlated with this transaction']
TXNc44b04e8-f,CUST00106,2026-06-17 15:35:43,3265.83,web,0.0,0.0,0.0,Low,['No individually suspicious telemetry signals correlated with this transaction']
TXNc960b851-4,CUST00106,2026-06-20 07:45:13,509.36,atm,0.0,0.0,0.0,Low,['No individually suspicious telemetry signals correlated with this transaction']
TXN5f843666-8,CUST00106,2026-06-27 17:47:55,18442.74,atm,0.0,0.0,0.0,Low,['No individually suspicious telemetry signals correlated with this transaction']
TXN9826a55f-5,CUST00107,2026-06-17 05:24:30,3925.89,mobile,0.0,0.0,0.0,Low,['No individually suspicious telemetry signals correlated with this transaction']
TXNf0b5b7b3-3,CUST00271,2026-06-27 09:49:08,582.56,web,0.0,0.0,0.0,Low,['No individually suspicious telemetry signals correlated with this transaction']
TXN42186e6d-a,CUST00271,2026-06-29 05:47:52,999.58,mobile,0.0,0.0,0.0,Low,['No individually suspicious telemetry signals correlated with this transaction']
TXNae2e69e2-6,CUST00271,2026-07-02 01:23:42,1471.79,web,0.0,0.0,0.0,Low,['No individually suspicious telemetry signals correlated with this transaction']
TXNe6ef3a0b-d,CUST00271,2026-07-04 15:22:16,2008.23,mobile,0.0,0.0,0.0,Low,['No individually suspicious telemetry signals correlated with this transaction']
TXN9947c98a-2,CUST00271,2026-07-06 13:46:20,7689.48,atm,0.0,0.0,0.0,Low,['No individually suspicious telemetry signals correlated with this transaction']
TXNe9ea9d49-b,CUST00271,2026-07-11 05:39:56,2320.7,atm,0.0,0.0,0.0,Low,['No individually suspicious telemetry signals correlated with this transaction']
TXN3082d7e6-e,CUST00271,2026-07-13 18:24:44,1903.22,mobile,0.0,0.0,0.0,Low,['No individually suspicious telemetry signals correlated with this transaction']
TXN1c852510-1,CUST00273,2026-06-30 15:34:36,2888.53,web,0.0,0.0,0.0,Low,['No individually suspicious telemetry signals correlated with this transaction']
TXN16251089-f,CUST00273,2026-06-30 19:43:03,2782.4,mobile,0.0,0.0,0.0,Low,['No individually suspicious telemetry signals correlated with this transaction']
TXNdb029414-4,CUST00273,2026-07-01 08:55:15,628.38,mobile,0.0,0.0,0.0,Low,['No individually suspicious telemetry signals correlated with this transaction']
TXN48e918f9-6,CUST00273,2026-07-02 05:40:43,679.37,atm,0.0,0.0,0.0,Low,['No individually suspicious telemetry signals correlated with this transaction']
TXN63582706-d,CUST00273,2026-07-02 21:04:01,556.83,mobile,0.0,0.0,0.0,Low,['No individually suspicious telemetry signals correlated with this transaction']
TXNb190dea4-c,CUST00273,2026-07-04 16:54:18,762.99,mobile,0.0,0.0,0.0,Low,['No individually suspicious telemetry signals correlated with this transaction']
TXNc2d031ad-1,CUST00273,2026-07-06 11:28:40,2391.18,mobile,0.0,0.0,0.0,Low,['No individually suspicious telemetry signals correlated with this transaction']
TXN3366da87-7,CUST00273,2026-07-12 20:22:47,579.37,web,0.0,0.0,0.0,Low,['No individually suspicious telemetry signals correlated with this transaction']
TXN6f9a544a-3,CUST00273,2026-07-14 01:59:19,3855.85,web,0.0,0.0,0.0,Low,['No individually suspicious telemetry signals correlated with this transaction']
TXN092351d9-f,CUST00273,2026-07-14 17:47:12,3698.69,web,0.0,0.0,0.0,Low,['No individually suspicious telemetry signals correlated with this transaction']
TXNbd0443f0-7,CUST00273,2026-07-15 22:01:20,1396.94,mobile,0.0,0.0,0.0,Low,['No individually suspicious telemetry signals correlated with this transaction']
TXN80ed319c-e,CUST00274,2026-06-28 20:52:34,3910.92,branch,0.0,0.0,0.0,Low,['No individually suspicious telemetry signals correlated with this transaction']
TXN0b33b7a0-5,CUST00274,2026-07-06 21:54:36,3512.77,mobile,0.0,0.0,0.0,Low,['No individually suspicious telemetry signals correlated with this transaction']
TXN27180985-f,CUST00274,2026-07-10 06:22:41,9574.42,web,0.0,0.0,0.0,Low,['No individually suspicious telemetry signals correlated with this transaction']
TXNc4bfa424-3,CUST00274,2026-07-13 05:32:49,4581.59,web,0.0,0.0,0.0,Low,['No individually suspicious telemetry signals correlated with this transaction']
TXN4c1e172a-1,CUST00104,2026-06-26 18:53:34,7050.82,web,0.0,0.0,0.0,Low,['No individually suspicious telemetry signals correlated with this transaction']
TXNaf8422cc-4,CUST00277,2026-06-20 06:07:38,1941.61,web,0.0,0.0,0.0,Low,['No individually suspicious telemetry signals correlated with this transaction']
TXNe9058f29-7,CUST00277,2026-06-24 16:10:43,4196.4,web,0.0,0.0,0.0,Low,['No individually suspicious telemetry signals correlated with this transaction']
TXNfae9df3f-5,CUST00277,2026-06-27 17:00:45,2368.59,mobile,0.0,0.0,0.0,Low,['No individually suspicious telemetry signals correlated with this transaction']
TXN8bab4c1b-9,CUST00277,2026-07-10 08:39:43,9890.46,mobile,0.0,0.0,0.0,Low,['No individually suspicious telemetry signals correlated with this transaction']
TXN290a8303-e,CUST00278,2026-06-24 16:21:54,580.89,mobile,0.0,0.0,0.0,Low,['No individually suspicious telemetry signals correlated with this transaction']
TXN39a90a45-1,CUST00275,2026-06-16 23:28:59,1181.69,mobile,0.0,0.0,0.0,Low,['No individually suspicious telemetry signals correlated with this transaction']
TXN7647f43f-5,CUST00275,2026-06-19 03:29:58,967.79,mobile,0.0,0.0,0.0,Low,['No individually suspicious telemetry signals correlated with this transaction']
TXN55fccc14-3,CUST00275,2026-06-30 07:06:11,4232.29,mobile,0.0,0.0,0.0,Low,['No individually suspicious telemetry signals correlated with this transaction']
TXN40349202-f,CUST00275,2026-07-01 16:50:12,996.3,mobile,0.0,0.0,0.0,Low,['No individually suspicious telemetry signals correlated with this transaction']
TXNf262e145-2,CUST00275,2026-07-07 01:08:17,249.42,mobile,0.0,0.0,0.0,Low,['No individually suspicious telemetry signals correlated with this transaction']
TXN0e721365-a,CUST00275,2026-07-13 03:02:16,712.59,web,0.0,0.0,0.0,Low,['No individually suspicious telemetry signals correlated with this transaction']
TXN49adb07b-8,CUST00275,2026-07-14 20:32:56,1412.86,mobile,0.0,0.0,0.0,Low,['No individually suspicious telemetry signals correlated with this transaction']
TXN067ab1d7-7,CUST00275,2026-07-15 19:18:58,692.15,web,0.0,0.0,0.0,Low,['No individually suspicious telemetry signals correlated with this transaction']
TXN0ef473a2-9,CUST00276,2026-06-21 08:56:08,5519.51,atm,0.0,0.0,0.0,Low,['No individually suspicious telemetry signals correlated with this transaction']
TXN1c82780f-0,CUST00276,2026-06-24 06:52:28,4543.61,mobile,0.0,0.0,0.0,Low,['No individually suspicious telemetry signals correlated with this transaction']
TXNe6c9fd54-2,CUST00276,2026-06-28 02:11:17,1155.26,web,0.0,0.0,0.0,Low,['No individually suspicious telemetry signals correlated with this transaction']
TXNbba95ec4-f,CUST00102,2026-06-17 00:39:41,1128.73,mobile,0.0,0.0,0.0,Low,['No individually suspicious telemetry signals correlated with this transaction']
TXNb69415c7-1,CUST00102,2026-06-18 01:25:17,1376.54,web,0.0,0.0,0.0,Low,['No individually suspicious telemetry signals correlated with this transaction']
TXNeb1313b7-9,CUST00102,2026-07-08 13:17:37,1787.35,web,0.0,0.0,0.0,Low,['No individually suspicious telemetry signals correlated with this transaction']
TXN8082a0ee-d,CUST00102,2026-07-09 07:48:16,276.97,mobile,0.0,0.0,0.0,Low,['No individually suspicious telemetry signals correlated with this transaction']
TXN083a1c27-3,CUST00102,2026-07-14 06:30:15,519.26,web,0.0,0.0,0.0,Low,['No individually suspicious telemetry signals correlated with this transaction']
TXN62e0adf7-a,CUST00103,2026-06-22 13:47:27,467.96,web,0.0,0.0,0.0,Low,['No individually suspicious telemetry signals correlated with this transaction']
TXN3facabcc-5,CUST00103,2026-06-24 02:41:09,5608.84,mobile,0.0,0.0,0.0,Low,['No individually suspicious telemetry signals correlated with this transaction']
TXNe7773701-f,CUST00103,2026-06-27 03:02:40,1869.0,mobile,0.0,0.0,0.0,Low,['No individually suspicious telemetry signals correlated with this transaction']
TXNe03d1b30-a,CUST00103,2026-07-04 23:16:47,1652.62,mobile,0.0,0.0,0.0,Low,['No individually suspicious telemetry signals correlated with this transaction']
TXN2c5d849c-4,CUST00103,2026-07-09 05:46:03,4275.3,web,0.0,0.0,0.0,Low,['No individually suspicious telemetry signals correlated with this transaction']
TXNc31dfb91-3,CUST00276,2026-07-04 22:55:17,4547.79,mobile,0.0,0.0,0.0,Low,['No individually suspicious telemetry signals correlated with this transaction']
TXNb87189e1-9,CUST00276,2026-07-06 05:29:34,709.21,mobile,0.0,0.0,0.0,Low,['No individually suspicious telemetry signals correlated with this transaction']
TXN9123f2c5-c,CUST00276,2026-07-07 23:34:55,4272.25,mobile,0.0,0.0,0.0,Low,['No individually suspicious telemetry signals correlated with this transaction']
TXN0182c481-3,CUST00276,2026-07-15 14:43:12,730.36,atm,0.0,0.0,0.0,Low,['No individually suspicious telemetry signals correlated with this transaction']
TXN394d9156-5,CUST00277,2026-06-17 11:52:38,1650.04,web,0.0,0.0,0.0,Low,['No individually suspicious telemetry signals correlated with this transaction']
TXNd2f18f28-a,CUST00277,2026-06-17 12:08:08,3513.99,web,0.0,0.0,0.0,Low,['No individually suspicious telemetry signals correlated with this transaction']
TXNbd0c1656-d,CUST00282,2026-06-17 06:41:23,1969.96,mobile,0.0,0.0,0.0,Low,['No individually suspicious telemetry signals correlated with this transaction']
TXNfccc1a7d-3,CUST00278,2026-06-28 15:43:36,2000.02,mobile,0.0,0.0,0.0,Low,['No individually suspicious telemetry signals correlated with this transaction']
TXN63719357-f,CUST00278,2026-06-29 13:32:57,609.9,mobile,0.0,0.0,0.0,Low,['No individually suspicious telemetry signals correlated with this transaction']
TXNa0624c48-d,CUST00278,2026-06-30 17:32:52,863.21,mobile,0.0,0.0,0.0,Low,['No individually suspicious telemetry signals correlated with this transaction']
TXNbb2168c4-a,CUST00278,2026-07-07 02:09:22,3069.56,mobile,0.0,0.0,0.0,Low,['No individually suspicious telemetry signals correlated with this transaction']
TXN6e8649f1-0,CUST00278,2026-07-15 14:00:29,2103.84,web,0.0,0.0,0.0,Low,['No individually suspicious telemetry signals correlated with this transaction']
TXN75e8abfe-6,CUST00279,2026-06-19 17:48:11,808.6,mobile,0.0,0.0,0.0,Low,['No individually suspicious telemetry signals correlated with this transaction']
TXN5d08c254-9,CUST00279,2026-06-23 21:55:48,1183.0,web,0.0,0.0,0.0,Low,['No individually suspicious telemetry signals correlated with this transaction']
TXN2213cdad-6,CUST00279,2026-06-24 15:38:53,4108.95,mobile,0.0,0.0,0.0,Low,['No individually suspicious telemetry signals correlated with this transaction']
TXN67e2020e-f,CUST00279,2026-06-25 12:43:44,998.92,mobile,0.0,0.0,0.0,Low,['No individually suspicious telemetry signals correlated with this transaction']
TXN9181c8a2-3,CUST00279,2026-06-29 13:27:32,4357.11,atm,0.0,0.0,0.0,Low,['No individually suspicious telemetry signals correlated with this transaction']
TXNbab3d9a3-d,CUST00279,2026-07-08 22:53:41,6708.64,web,0.0,0.0,0.0,Low,['No individually suspicious telemetry signals correlated with this transaction']
TXN5ff3fbbf-6,CUST00279,2026-07-11 09:58:29,1236.5,atm,0.0,0.0,0.0,Low,['No individually suspicious telemetry signals correlated with this transaction']
TXNf3cecaaf-7,CUST00279,2026-07-14 07:08:16,323.56,web,0.0,0.0,0.0,Low,['No individually suspicious telemetry signals correlated with this transaction']
TXN4a2f2373-f,CUST00101,2026-07-13 06:32:40,4437.49,branch,0.0,0.0,0.0,Low,['No individually suspicious telemetry signals correlated with this transaction']
TXNd3520a91-4,CUST00101,2026-07-14 17:37:16,3785.44,mobile,0.0,0.0,0.0,Low,['No individually suspicious telemetry signals correlated with this transaction']
TXNcd65e328-1,CUST00283,2026-07-11 19:06:54,308.46,mobile,0.0,0.0,0.0,Low,['No individually suspicious telemetry signals correlated with this transaction']
TXN2cdb1625-b,CUST00283,2026-07-13 18:17:59,3901.57,mobile,0.0,0.0,0.0,Low,['No individually suspicious telemetry signals correlated with this transaction']
TXNf53ca48b-2,CUST00283,2026-07-15 12:59:45,789.64,mobile,0.0,0.0,0.0,Low,['No individually suspicious telemetry signals correlated with this transaction']
TXNe16c77ac-e,CUST00283,2026-07-16 06:06:38,1329.32,web,0.0,0.0,0.0,Low,['No individually suspicious telemetry signals correlated with this transaction']
TXN3efa528c-3,CUST00279,2026-07-15 18:07:11,2147.29,web,0.0,0.0,0.0,Low,['No individually suspicious telemetry signals correlated with this transaction']
TXN8af6d268-1,CUST00280,2026-06-24 01:38:51,5359.62,atm,0.0,0.0,0.0,Low,['No individually suspicious telemetry signals correlated with this transaction']
TXNe798d9bf-4,CUST00280,2026-07-04 07:48:30,2996.27,web,0.0,0.0,0.0,Low,['No individually suspicious telemetry signals correlated with this transaction']
TXNdebf96d3-c,CUST00280,2026-07-08 14:02:54,4961.9,mobile,0.0,0.0,0.0,Low,['No individually suspicious telemetry signals correlated with this transaction']
TXNa4282ec4-2,CUST00281,2026-06-18 06:25:42,460.71,mobile,0.0,0.0,0.0,Low,['No individually suspicious telemetry signals correlated with this transaction']
TXNae3dc742-b,CUST00281,2026-06-24 14:26:50,150.52,web,0.0,0.0,0.0,Low,['No individually suspicious telemetry signals correlated with this transaction']
TXNcd03a402-c,CUST00281,2026-06-30 23:42:37,1283.61,mobile,0.0,0.0,0.0,Low,['No individually suspicious telemetry signals correlated with this transaction']
TXN510588a9-6,CUST00281,2026-07-01 00:57:49,1906.47,mobile,0.0,0.0,0.0,Low,['No individually suspicious telemetry signals correlated with this transaction']
TXNe3d21a33-8,CUST00281,2026-07-04 19:43:55,8077.72,mobile,0.0,0.0,0.0,Low,['No individually suspicious telemetry signals correlated with this transaction']
TXNf1758208-2,CUST00281,2026-07-06 02:34:32,497.65,atm,0.0,0.0,0.0,Low,['No individually suspicious telemetry signals correlated with this transaction']
TXN2c1e86bb-a,CUST00281,2026-07-06 04:05:26,948.11,web,0.0,0.0,0.0,Low,['No individually suspicious telemetry signals correlated with this transaction']
TXN34da1f50-b,CUST00281,2026-07-11 17:26:35,2826.2,mobile,0.0,0.0,0.0,Low,['No individually suspicious telemetry signals correlated with this transaction']
TXN960f96d9-0,CUST00286,2026-06-23 20:40:51,268.88,mobile,0.0,0.0,0.0,Low,['No individually suspicious telemetry signals correlated with this transaction']
TXN5cc53673-d,CUST00286,2026-06-26 17:23:07,1173.19,mobile,0.0,0.0,0.0,Low,['No individually suspicious telemetry signals correlated with this transaction']
TXN05155381-e,CUST00286,2026-06-27 03:15:48,706.21,web,0.0,0.0,0.0,Low,['No individually suspicious telemetry signals correlated with this transaction']
TXN5eb63bc5-e,CUST00286,2026-06-29 00:41:20,1968.03,web,0.0,0.0,0.0,Low,['No individually suspicious telemetry signals correlated with this transaction']
TXN9fc08086-2,CUST00286,2026-07-02 13:10:36,5774.83,web,0.0,0.0,0.0,Low,['No individually suspicious telemetry signals correlated with this transaction']
TXN56fb9a22-e,CUST00286,2026-07-03 03:19:03,384.12,web,0.0,0.0,0.0,Low,['No individually suspicious telemetry signals correlated with this transaction']
TXNabf89388-f,CUST00286,2026-07-10 10:56:54,1093.69,mobile,0.0,0.0,0.0,Low,['No individually suspicious telemetry signals correlated with this transaction']
TXNde952d1d-d,CUST00282,2026-06-18 23:49:21,991.32,mobile,0.0,0.0,0.0,Low,['No individually suspicious telemetry signals correlated with this transaction']
TXNa0ca381c-b,CUST00282,2026-06-23 09:48:33,398.3,mobile,0.0,0.0,0.0,Low,['No individually suspicious telemetry signals correlated with this transaction']
TXN7c976337-e,CUST00282,2026-06-23 15:27:56,1747.17,mobile,0.0,0.0,0.0,Low,['No individually suspicious telemetry signals correlated with this transaction']
TXN057eccfa-1,CUST00282,2026-07-04 12:54:25,3096.68,atm,0.0,0.0,0.0,Low,['No individually suspicious telemetry signals correlated with this transaction']
TXN1706c3cd-d,CUST00283,2026-06-21 10:00:19,2948.5,mobile,0.0,0.0,0.0,Low,['No individually suspicious telemetry signals correlated with this transaction']
TXN1e521d48-6,CUST00283,2026-07-04 08:42:47,1571.96,mobile,0.0,0.0,0.0,Low,['No individually suspicious telemetry signals correlated with this transaction']
TXN5b5073c7-e,CUST00283,2026-07-05 06:22:16,2913.82,atm,0.0,0.0,0.0,Low,['No individually suspicious telemetry signals correlated with this transaction']
TXN10e6e383-d,CUST00283,2026-07-09 15:52:16,525.73,mobile,0.0,0.0,0.0,Low,['No individually suspicious telemetry signals correlated with this transaction']
TXN72557e4e-d,CUST00283,2026-07-11 02:22:07,1061.69,mobile,0.0,0.0,0.0,Low,['No individually suspicious telemetry signals correlated with this transaction']
TXN40b1fb20-d,CUST00287,2026-07-02 13:53:28,1659.52,mobile,0.0,0.0,0.0,Low,['No individually suspicious telemetry signals correlated with this transaction']
TXNfde02b7a-6,CUST00287,2026-07-04 02:55:02,1450.08,mobile,0.0,0.0,0.0,Low,['No individually suspicious telemetry signals correlated with this transaction']
TXN4ad76a0d-5,CUST00287,2026-07-06 03:31:12,4919.48,mobile,0.0,0.0,0.0,Low,['No individually suspicious telemetry signals correlated with this transaction']
TXN2ab8c610-e,CUST00287,2026-07-07 11:30:42,6186.79,mobile,0.0,0.0,0.0,Low,['No individually suspicious telemetry signals correlated with this transaction']
TXN02bbc915-9,CUST00288,2026-06-16 21:53:29,5913.68,mobile,0.0,0.0,0.0,Low,['No individually suspicious telemetry signals correlated with this transaction']
TXNdf3e03c2-2,CUST00288,2026-06-20 12:33:37,1349.63,mobile,0.0,0.0,0.0,Low,['No individually suspicious telemetry signals correlated with this transaction']
TXNa81d0ecf-c,CUST00288,2026-06-27 21:55:28,18554.79,mobile,0.0,0.0,0.0,Low,['No individually suspicious telemetry signals correlated with this transaction']
TXNb354f19d-3,CUST00288,2026-07-02 16:53:19,443.73,branch,0.0,0.0,0.0,Low,['No individually suspicious telemetry signals correlated with this transaction']
TXN68e0c800-9,CUST00284,2026-07-07 18:46:13,3041.47,web,0.0,0.0,0.0,Low,['No individually suspicious telemetry signals correlated with this transaction']
TXNa0f155fb-8,CUST00285,2026-06-18 06:07:28,90.5,web,0.0,0.0,0.0,Low,['No individually suspicious telemetry signals correlated with this transaction']
TXNe156df17-2,CUST00285,2026-06-18 12:48:26,486.52,mobile,0.0,0.0,0.0,Low,['No individually suspicious telemetry signals correlated with this transaction']
TXN18d98279-7,CUST00285,2026-06-21 00:34:25,1071.6,web,0.0,0.0,0.0,Low,['No individually suspicious telemetry signals correlated with this transaction']
TXN7a14cf98-6,CUST00285,2026-06-25 22:36:04,240.69,mobile,0.0,0.0,0.0,Low,['No individually suspicious telemetry signals correlated with this transaction']
TXNf205da82-a,CUST00285,2026-06-29 11:12:03,568.18,mobile,0.0,0.0,0.0,Low,['No individually suspicious telemetry signals correlated with this transaction']
TXN3fd8027f-e,CUST00285,2026-07-04 20:18:52,1338.1,mobile,0.0,0.0,0.0,Low,['No individually suspicious telemetry signals correlated with this transaction']
TXN9268b5df-9,CUST00286,2026-06-18 07:38:42,1877.37,mobile,0.0,0.0,0.0,Low,['No individually suspicious telemetry signals correlated with this transaction']
TXN96d26487-6,CUST00100,2026-07-02 16:30:54,2987.7,mobile,0.0,0.0,0.0,Low,['No individually suspicious telemetry signals correlated with this transaction']
TXNed5f24c3-7,CUST00100,2026-07-03 11:01:09,914.52,mobile,0.0,0.0,0.0,Low,['No individually suspicious telemetry signals correlated with this transaction']
TXN46b821c7-f,CUST00100,2026-07-05 02:26:35,2286.82,mobile,0.0,0.0,0.0,Low,['No individually suspicious telemetry signals correlated with this transaction']
TXN594de8d7-a,CUST00100,2026-07-07 01:48:00,3244.88,web,0.0,0.0,0.0,Low,['No individually suspicious telemetry signals correlated with this transaction']
TXN945b3711-0,CUST00100,2026-07-10 09:55:20,1445.7,web,0.0,0.0,0.0,Low,['No individually suspicious telemetry signals correlated with this transaction']
TXNe0f3ee66-5,CUST00101,2026-06-23 07:14:33,1334.74,web,0.0,0.0,0.0,Low,['No individually suspicious telemetry signals correlated with this transaction']
TXN108ab4de-4,CUST00101,2026-06-23 10:41:46,5336.45,mobile,0.0,0.0,0.0,Low,['No individually suspicious telemetry signals correlated with this transaction']
TXN7d05955b-0,CUST00101,2026-06-24 04:17:06,274.07,mobile,0.0,0.0,0.0,Low,['No individually suspicious telemetry signals correlated with this transaction']
TXN5a2d6aee-6,CUST00101,2026-06-28 09:29:56,3616.27,mobile,0.0,0.0,0.0,Low,['No individually suspicious telemetry signals correlated with this transaction']
TXN0cc66163-0,CUST00101,2026-07-06 17:15:06,153.53,mobile,0.0,0.0,0.0,Low,['No individually suspicious telemetry signals correlated with this transaction']
TXNeab10bcf-6,CUST00286,2026-07-15 03:08:34,540.85,web,0.0,0.0,0.0,Low,['No individually suspicious telemetry signals correlated with this transaction']
TXNfbcb4db6-9,CUST00287,2026-06-27 03:05:53,2675.93,atm,0.0,0.0,0.0,Low,['No individually suspicious telemetry signals correlated with this transaction']
TXNef5e0d74-f,CUST00287,2026-06-28 09:47:28,911.47,mobile,0.0,0.0,0.0,Low,['No individually suspicious telemetry signals correlated with this transaction']
TXNc95d2093-f,CUST00287,2026-06-29 00:10:30,3655.65,mobile,0.0,0.0,0.0,Low,['No individually suspicious telemetry signals correlated with this transaction']
TXN32773b28-a,CUST00287,2026-06-29 17:07:21,12668.89,mobile,0.0,0.0,0.0,Low,['No individually suspicious telemetry signals correlated with this transaction']
TXN060072c3-e,CUST00287,2026-07-01 17:47:11,9507.26,branch,0.0,0.0,0.0,Low,['No individually suspicious telemetry signals correlated with this transaction']
TXN553a2bad-1,CUST00288,2026-07-02 19:35:52,720.67,mobile,0.0,0.0,0.0,Low,['No individually suspicious telemetry signals correlated with this transaction']
TXN45d89da6-0,CUST00288,2026-07-05 17:46:30,2337.77,web,0.0,0.0,0.0,Low,['No individually suspicious telemetry signals correlated with this transaction']
TXNff03f1a9-7,CUST00288,2026-07-10 02:50:12,549.22,atm,0.0,0.0,0.0,Low,['No individually suspicious telemetry signals correlated with this transaction']
TXNb1fe69b8-0,CUST00289,2026-06-18 02:04:49,14311.77,mobile,0.0,0.0,0.0,Low,['No individually suspicious telemetry signals correlated with this transaction']
TXN4d7e6eeb-0,CUST00289,2026-06-20 23:33:17,1772.86,branch,0.0,0.0,0.0,Low,['No individually suspicious telemetry signals correlated with this transaction']
TXN7859d906-e,CUST00289,2026-06-23 20:57:43,8957.3,branch,0.0,0.0,0.0,Low,['No individually suspicious telemetry signals correlated with this transaction']
TXN732af4e8-e,CUST00290,2026-06-19 15:39:48,1603.26,web,0.0,0.0,0.0,Low,['No individually suspicious telemetry signals correlated with this transaction']
TXN21e10ae8-5,CUST00290,2026-06-25 19:59:07,1846.3,web,0.0,0.0,0.0,Low,['No individually suspicious telemetry signals correlated with this transaction']
TXNdc89e59a-5,CUST00290,2026-06-30 06:31:51,716.8,mobile,0.0,0.0,0.0,Low,['No individually suspicious telemetry signals correlated with this transaction']
TXN42f76d43-b,CUST00290,2026-07-10 07:18:39,1216.17,mobile,0.0,0.0,0.0,Low,['No individually suspicious telemetry signals correlated with this transaction']
TXNce339ee0-1,CUST00290,2026-07-11 11:53:31,3787.67,mobile,0.0,0.0,0.0,Low,['No individually suspicious telemetry signals correlated with this transaction']
TXN4819a23a-7,CUST00290,2026-07-12 00:56:10,386.22,mobile,0.0,0.0,0.0,Low,['No individually suspicious telemetry signals correlated with this transaction']
TXN2cc9abb6-8,CUST00100,2026-06-25 07:53:47,1240.96,web,0.0,0.0,0.0,Low,['No individually suspicious telemetry signals correlated with this transaction']
TXNcae2f489-f,CUST00100,2026-06-26 08:50:16,1306.97,branch,0.0,0.0,0.0,Low,['No individually suspicious telemetry signals correlated with this transaction']
TXNcb9aefff-6,CUST00100,2026-06-27 03:32:33,15745.26,web,0.0,0.0,0.0,Low,['No individually suspicious telemetry signals correlated with this transaction']
TXNfcc1c48c-7,CUST00100,2026-06-30 00:26:53,4584.5,mobile,0.0,0.0,0.0,Low,['No individually suspicious telemetry signals correlated with this transaction']
TXN43651cb8-3,CUST00294,2026-07-10 19:47:48,1878.53,mobile,0.0,0.0,0.0,Low,['No individually suspicious telemetry signals correlated with this transaction']
TXN934fa5c8-8,CUST00294,2026-07-11 00:20:44,1536.03,mobile,0.0,0.0,0.0,Low,['No individually suspicious telemetry signals correlated with this transaction']
TXN1fbf23bb-b,CUST00294,2026-07-15 03:58:05,3151.98,web,0.0,0.0,0.0,Low,['No individually suspicious telemetry signals correlated with this transaction']
TXNa3fe085b-8,CUST00294,2026-07-16 01:15:26,783.16,web,0.0,0.0,0.0,Low,['No individually suspicious telemetry signals correlated with this transaction']
TXNc172494f-9,CUST00295,2026-06-17 07:02:29,1492.65,web,0.0,0.0,0.0,Low,['No individually suspicious telemetry signals correlated with this transaction']
TXN92689d81-2,CUST00291,2026-07-01 12:23:27,5171.55,web,0.0,0.0,0.0,Low,['No individually suspicious telemetry signals correlated with this transaction']
TXN12049b0a-9,CUST00291,2026-07-02 15:39:23,350.98,web,0.0,0.0,0.0,Low,['No individually suspicious telemetry signals correlated with this transaction']
TXN2d56e616-1,CUST00291,2026-07-05 23:18:30,734.22,mobile,0.0,0.0,0.0,Low,['No individually suspicious telemetry signals correlated with this transaction']
TXNf7347784-a,CUST00291,2026-07-09 21:06:03,2124.0,mobile,0.0,0.0,0.0,Low,['No individually suspicious telemetry signals correlated with this transaction']
TXNc316959c-c,CUST00291,2026-07-11 04:53:00,1006.14,mobile,0.0,0.0,0.0,Low,['No individually suspicious telemetry signals correlated with this transaction']
TXNa189682b-7,CUST00291,2026-07-13 07:16:00,6487.64,web,0.0,0.0,0.0,Low,['No individually suspicious telemetry signals correlated with this transaction']
TXNeb0230a0-3,CUST00292,2026-06-18 00:33:35,348.17,atm,0.0,0.0,0.0,Low,['No individually suspicious telemetry signals correlated with this transaction']
TXNaf838c06-c,CUST00292,2026-06-22 22:50:36,1848.29,atm,0.0,0.0,0.0,Low,['No individually suspicious telemetry signals correlated with this transaction']
TXNa01d9aeb-5,CUST00292,2026-06-25 10:19:52,1274.6,mobile,0.0,0.0,0.0,Low,['No individually suspicious telemetry signals correlated with this transaction']
TXN2f81d4b2-1,CUST00292,2026-06-25 13:21:39,4186.28,atm,0.0,0.0,0.0,Low,['No individually suspicious telemetry signals correlated with this transaction']
TXNd14b049b-7,CUST00292,2026-06-28 15:58:14,2136.01,mobile,0.0,0.0,0.0,Low,['No individually suspicious telemetry signals correlated with this transaction']
TXN0fc64cf0-1,CUST00295,2026-07-05 18:30:55,391.04,mobile,0.0,0.0,0.0,Low,['No individually suspicious telemetry signals correlated with this transaction']
TXN722899a2-b,CUST00295,2026-07-14 15:57:15,1341.54,mobile,0.0,0.0,0.0,Low,['No individually suspicious telemetry signals correlated with this transaction']
TXN2ba95b90-9,CUST00296,2026-06-16 15:52:39,2292.68,branch,0.0,0.0,0.0,Low,['No individually suspicious telemetry signals correlated with this transaction']
TXNbeb64fd8-f,CUST00296,2026-06-19 19:54:46,1686.95,mobile,0.0,0.0,0.0,Low,['No individually suspicious telemetry signals correlated with this transaction']
TXNdf94a2f8-0,CUST00296,2026-06-20 16:41:29,1376.91,branch,0.0,0.0,0.0,Low,['No individually suspicious telemetry signals correlated with this transaction']
TXN61a73056-5,CUST00296,2026-06-24 06:48:33,2463.93,web,0.0,0.0,0.0,Low,['No individually suspicious telemetry signals correlated with this transaction']
TXN5ed560c3-7,CUST00296,2026-06-24 10:57:57,675.89,mobile,0.0,0.0,0.0,Low,['No individually suspicious telemetry signals correlated with this transaction']
TXN17722cf0-f,CUST00292,2026-07-05 19:06:32,8577.37,web,0.0,0.0,0.0,Low,['No individually suspicious telemetry signals correlated with this transaction']
TXNb78bf29d-0,CUST00292,2026-07-07 00:04:17,309.09,web,0.0,0.0,0.0,Low,['No individually suspicious telemetry signals correlated with this transaction']
TXN7ecc0177-f,CUST00293,2026-07-02 17:47:10,1406.48,mobile,0.0,0.0,0.0,Low,['No individually suspicious telemetry signals correlated with this transaction']
TXN145deec7-0,CUST00293,2026-07-02 20:50:34,747.59,mobile,0.0,0.0,0.0,Low,['No individually suspicious telemetry signals correlated with this transaction']
TXN7148c007-0,CUST00293,2026-07-04 00:16:40,1456.6,web,0.0,0.0,0.0,Low,['No individually suspicious telemetry signals correlated with this transaction']
TXN781e2d35-2,CUST00293,2026-07-15 19:37:11,3559.73,web,0.0,0.0,0.0,Low,['No individually suspicious telemetry signals correlated with this transaction']
TXN302dc72b-1,CUST00294,2026-06-18 09:56:01,1207.46,web,0.0,0.0,0.0,Low,['No individually suspicious telemetry signals correlated with this transaction']
TXN4bf5cf0e-9,CUST00294,2026-06-19 13:09:55,5083.26,web,0.0,0.0,0.0,Low,['No individually suspicious telemetry signals correlated with this transaction']
TXN6508f5c4-2,CUST00294,2026-06-30 07:26:59,15766.35,mobile,0.0,0.0,0.0,Low,['No individually suspicious telemetry signals correlated with this transaction']
TXN5309c42a-7,CUST00296,2026-07-02 21:15:02,9302.14,mobile,0.0,0.0,0.0,Low,['No individually suspicious telemetry signals correlated with this transaction']
TXN5bad4331-7,CUST00296,2026-07-06 16:10:50,878.07,mobile,0.0,0.0,0.0,Low,['No individually suspicious telemetry signals correlated with this transaction']
TXNb2b51b60-5,CUST00296,2026-07-07 08:24:15,313.78,mobile,0.0,0.0,0.0,Low,['No individually suspicious telemetry signals correlated with this transaction']
TXNf5946de4-a,CUST00296,2026-07-09 19:04:57,3547.46,mobile,0.0,0.0,0.0,Low,['No individually suspicious telemetry signals correlated with this transaction']
TXNf1f97ce9-d,CUST00296,2026-07-12 10:50:40,4512.91,web,0.0,0.0,0.0,Low,['No individually suspicious telemetry signals correlated with this transaction']
TXNde61f70d-7,CUST00296,2026-07-16 07:47:17,2066.04,mobile,0.0,0.0,0.0,Low,['No individually suspicious telemetry signals correlated with this transaction']
TXN6f339c5e-0,CUST00297,2026-06-17 22:42:24,1679.56,mobile,0.0,0.0,0.0,Low,['No individually suspicious telemetry signals correlated with this transaction']
TXN7cc27448-2,CUST00297,2026-06-21 03:49:18,861.99,web,0.0,0.0,0.0,Low,['No individually suspicious telemetry signals correlated with this transaction']
TXN45590d60-2,CUST00297,2026-06-27 12:11:03,523.21,atm,0.0,0.0,0.0,Low,['No individually suspicious telemetry signals correlated with this transaction']
TXN6f6335bf-6,CUST00297,2026-07-01 19:11:59,3565.9,atm,0.0,0.0,0.0,Low,['No individually suspicious telemetry signals correlated with this transaction']
TXN3da325e2-b,CUST00295,2026-06-18 09:06:03,948.27,atm,0.0,0.0,0.0,Low,['No individually suspicious telemetry signals correlated with this transaction']
TXN480d0cf3-4,CUST00295,2026-06-18 11:14:14,602.79,mobile,0.0,0.0,0.0,Low,['No individually suspicious telemetry signals correlated with this transaction']
TXNacac1b18-b,CUST00295,2026-06-22 03:00:00,135.47,atm,0.0,0.0,0.0,Low,['No individually suspicious telemetry signals correlated with this transaction']
TXN403e3ee2-6,CUST00295,2026-06-27 07:41:48,3388.14,mobile,0.0,0.0,0.0,Low,['No individually suspicious telemetry signals correlated with this transaction']
TXNe3fb7b87-a,CUST00295,2026-06-28 20:05:48,791.33,mobile,0.0,0.0,0.0,Low,['No individually suspicious telemetry signals correlated with this transaction']
TXNe716eb38-5,CUST00295,2026-06-29 18:48:27,686.98,web,0.0,0.0,0.0,Low,['No individually suspicious telemetry signals correlated with this transaction']
TXN59ccc94a-b,CUST00098,2026-07-12 21:15:15,590.1,web,0.0,0.0,0.0,Low,['No individually suspicious telemetry signals correlated with this transaction']
TXN60b61367-f,CUST00099,2026-06-16 14:32:18,1036.87,atm,0.0,0.0,0.0,Low,['No individually suspicious telemetry signals correlated with this transaction']
TXN7bfeadd1-9,CUST00099,2026-06-21 22:57:56,2077.88,web,0.0,0.0,0.0,Low,['No individually suspicious telemetry signals correlated with this transaction']
TXN461fe028-f,CUST00099,2026-06-23 14:47:19,2275.01,mobile,0.0,0.0,0.0,Low,['No individually suspicious telemetry signals correlated with this transaction']
TXN16daa8f5-b,CUST00099,2026-06-29 09:12:52,439.46,atm,0.0,0.0,0.0,Low,['No individually suspicious telemetry signals correlated with this transaction']
TXN84f16d9d-a,CUST00099,2026-06-30 04:20:14,5799.47,mobile,0.0,0.0,0.0,Low,['No individually suspicious telemetry signals correlated with this transaction']
TXN93dc8eea-3,CUST00099,2026-07-01 03:20:50,12097.57,web,0.0,0.0,0.0,Low,['No individually suspicious telemetry signals correlated with this transaction']
TXN25dccca2-0,CUST00099,2026-07-04 00:00:19,981.61,branch,0.0,0.0,0.0,Low,['No individually suspicious telemetry signals correlated with this transaction']
TXN8b7fa47e-a,CUST00099,2026-07-09 17:24:49,1927.61,atm,0.0,0.0,0.0,Low,['No individually suspicious telemetry signals correlated with this transaction']
TXN5b7117bd-2,CUST00099,2026-07-15 14:35:52,4190.75,mobile,0.0,0.0,0.0,Low,['No individually suspicious telemetry signals correlated with this transaction']
TXN3862abcf-d,CUST00099,2026-07-15 20:18:03,5663.59,mobile,0.0,0.0,0.0,Low,['No individually suspicious telemetry signals correlated with this transaction']
TXNd58c449e-5,CUST00100,2026-06-20 13:25:18,2281.8,web,0.0,0.0,0.0,Low,['No individually suspicious telemetry signals correlated with this transaction']
TXNae50f96e-7,CUST00100,2026-06-23 06:21:13,685.78,mobile,0.0,0.0,0.0,Low,['No individually suspicious telemetry signals correlated with this transaction']
TXNba266e87-4,CUST00296,2026-06-29 00:49:00,4698.75,mobile,0.0,0.0,0.0,Low,['No individually suspicious telemetry signals correlated with this transaction']
TXN68e438e0-5,CUST00296,2026-06-29 14:37:56,10689.76,branch,0.0,0.0,0.0,Low,['No individually suspicious telemetry signals correlated with this transaction']
TXN7d34d5ec-c,CUST00296,2026-07-01 12:35:05,914.4,branch,0.0,0.0,0.0,Low,['No individually suspicious telemetry signals correlated with this transaction']
TXNe3fb8c1d-7,CUST00302,2026-07-02 17:12:41,2566.65,mobile,0.0,0.0,0.0,Low,['No individually suspicious telemetry signals correlated with this transaction']
TXN9c00cb52-9,CUST00302,2026-07-04 00:44:41,2411.26,mobile,0.0,0.0,0.0,Low,['No individually suspicious telemetry signals correlated with this transaction']
TXN3fc4f4d0-d,CUST00302,2026-07-15 04:23:40,422.15,branch,0.0,0.0,0.0,Low,['No individually suspicious telemetry signals correlated with this transaction']
TXN47155ad3-8,CUST00297,2026-07-03 18:05:45,883.23,mobile,0.0,0.0,0.0,Low,['No individually suspicious telemetry signals correlated with this transaction']
TXNf22fdeb8-9,CUST00297,2026-07-06 00:53:57,10784.68,mobile,0.0,0.0,0.0,Low,['No individually suspicious telemetry signals correlated with this transaction']
TXN7f5085e7-0,CUST00297,2026-07-08 17:26:15,1101.23,mobile,0.0,0.0,0.0,Low,['No individually suspicious telemetry signals correlated with this transaction']
TXN263e0670-a,CUST00297,2026-07-09 17:42:52,2253.04,branch,0.0,0.0,0.0,Low,['No individually suspicious telemetry signals correlated with this transaction']
TXN043217e4-1,CUST00297,2026-07-09 23:13:43,1011.84,web,0.0,0.0,0.0,Low,['No individually suspicious telemetry signals correlated with this transaction']
TXN9b99f012-7,CUST00298,2026-06-18 01:50:31,188.18,web,0.0,0.0,0.0,Low,['No individually suspicious telemetry signals correlated with this transaction']
TXN37663e35-c,CUST00298,2026-06-21 16:10:04,3382.17,mobile,0.0,0.0,0.0,Low,['No individually suspicious telemetry signals correlated with this transaction']
TXNf4f48fdc-0,CUST00298,2026-06-23 03:31:21,1915.89,web,0.0,0.0,0.0,Low,['No individually suspicious telemetry signals correlated with this transaction']
TXN56ad3649-2,CUST00298,2026-06-23 22:18:02,3482.06,mobile,0.0,0.0,0.0,Low,['No individually suspicious telemetry signals correlated with this transaction']
TXN84cda1d2-3,CUST00298,2026-07-01 15:34:26,2429.31,web,0.0,0.0,0.0,Low,['No individually suspicious telemetry signals correlated with this transaction']
TXN5a766ac4-0,CUST00298,2026-07-15 06:45:42,15989.78,mobile,0.0,0.0,0.0,Low,['No individually suspicious telemetry signals correlated with this transaction']
TXNb0427c62-c,CUST00299,2026-06-23 04:06:41,3526.02,branch,0.0,0.0,0.0,Low,['No individually suspicious telemetry signals correlated with this transaction']
TXN027deb45-d,CUST00098,2026-07-06 00:57:05,1736.73,mobile,0.0,0.0,0.0,Low,['No individually suspicious telemetry signals correlated with this transaction']
TXN7c152622-5,CUST00304,2026-06-22 07:47:00,7661.45,branch,0.0,0.0,0.0,Low,['No individually suspicious telemetry signals correlated with this transaction']
TXNe21a47b9-9,CUST00305,2026-06-18 10:50:37,216.97,mobile,0.0,0.0,0.0,Low,['No individually suspicious telemetry signals correlated with this transaction']
TXNcf8be8bd-d,CUST00305,2026-06-20 00:07:05,1181.02,web,0.0,0.0,0.0,Low,['No individually suspicious telemetry signals correlated with this transaction']
TXN34491318-4,CUST00305,2026-06-23 14:00:13,1067.65,mobile,0.0,0.0,0.0,Low,['No individually suspicious telemetry signals correlated with this transaction']
TXN810e9d40-c,CUST00305,2026-06-23 15:15:10,222.68,web,0.0,0.0,0.0,Low,['No individually suspicious telemetry signals correlated with this transaction']
TXN90b950bb-5,CUST00300,2026-06-21 08:39:04,554.99,mobile,0.0,0.0,0.0,Low,['No individually suspicious telemetry signals correlated with this transaction']
TXN3f010e25-6,CUST00300,2026-06-26 19:21:34,1413.7,web,0.0,0.0,0.0,Low,['No individually suspicious telemetry signals correlated with this transaction']
TXNb0333c0d-5,CUST00300,2026-06-29 22:09:47,2601.06,mobile,0.0,0.0,0.0,Low,['No individually suspicious telemetry signals correlated with this transaction']
TXN0488a0e8-1,CUST00300,2026-07-02 16:53:16,771.47,mobile,0.0,0.0,0.0,Low,['No individually suspicious telemetry signals correlated with this transaction']
TXNe70dc8b8-d,CUST00300,2026-07-12 18:40:03,970.79,atm,0.0,0.0,0.0,Low,['No individually suspicious telemetry signals correlated with this transaction']
TXNe6defc16-e,CUST00300,2026-07-13 03:33:26,2116.98,branch,0.0,0.0,0.0,Low,['No individually suspicious telemetry signals correlated with this transaction']
TXNc8169e32-5,CUST00301,2026-06-19 00:38:48,2059.68,mobile,0.0,0.0,0.0,Low,['No individually suspicious telemetry signals correlated with this transaction']
TXN47d0e6ee-c,CUST00301,2026-06-30 22:16:13,3404.63,atm,0.0,0.0,0.0,Low,['No individually suspicious telemetry signals correlated with this transaction']
TXNcb37a85d-9,CUST00301,2026-07-06 02:17:09,460.42,web,0.0,0.0,0.0,Low,['No individually suspicious telemetry signals correlated with this transaction']
TXNe6e005dd-3,CUST00301,2026-07-06 21:32:05,820.42,mobile,0.0,0.0,0.0,Low,['No individually suspicious telemetry signals correlated with this transaction']
TXNe17766b1-8,CUST00302,2026-06-21 13:01:18,14810.85,web,0.0,0.0,0.0,Low,['No individually suspicious telemetry signals correlated with this transaction']
TXN4d171ebc-5,CUST00098,2026-06-16 13:24:36,671.5,atm,0.0,0.0,0.0,Low,['No individually suspicious telemetry signals correlated with this transaction']
TXN3a710f9e-d,CUST00098,2026-06-16 22:56:50,2844.52,branch,0.0,0.0,0.0,Low,['No individually suspicious telemetry signals correlated with this transaction']
TXNa9d52401-4,CUST00098,2026-06-17 12:42:32,731.88,atm,0.0,0.0,0.0,Low,['No individually suspicious telemetry signals correlated with this transaction']
TXN7570b0ac-5,CUST00098,2026-06-21 11:29:53,438.62,web,0.0,0.0,0.0,Low,['No individually suspicious telemetry signals correlated with this transaction']
TXNdf8b4008-7,CUST00098,2026-06-21 20:12:02,1844.29,atm,0.0,0.0,0.0,Low,['No individually suspicious telemetry signals correlated with this transaction']
TXN55eef366-b,CUST00098,2026-07-01 10:07:46,1100.55,mobile,0.0,0.0,0.0,Low,['No individually suspicious telemetry signals correlated with this transaction']
TXNc1472ff2-2,CUST00098,2026-07-02 22:15:10,4613.54,atm,0.0,0.0,0.0,Low,['No individually suspicious telemetry signals correlated with this transaction']
TXNdd7902fc-d,CUST00098,2026-07-05 04:15:32,660.49,web,0.0,0.0,0.0,Low,['No individually suspicious telemetry signals correlated with this transaction']
TXN84909370-e,CUST00098,2026-07-05 05:00:13,8616.22,mobile,0.0,0.0,0.0,Low,['No individually suspicious telemetry signals correlated with this transaction']
TXN25fa9f8d-c,CUST00303,2026-06-22 15:34:16,1844.77,mobile,0.0,0.0,0.0,Low,['No individually suspicious telemetry signals correlated with this transaction']
TXN63bb48b6-7,CUST00303,2026-06-26 17:50:29,905.82,web,0.0,0.0,0.0,Low,['No individually suspicious telemetry signals correlated with this transaction']
TXN79477aa8-0,CUST00303,2026-06-28 14:08:30,16139.62,web,0.0,0.0,0.0,Low,['No individually suspicious telemetry signals correlated with this transaction']
TXNe6829d8f-9,CUST00303,2026-07-11 21:18:36,1114.87,atm,0.0,0.0,0.0,Low,['No individually suspicious telemetry signals correlated with this transaction']
TXNc51b2922-c,CUST00303,2026-07-12 02:54:34,1450.62,mobile,0.0,0.0,0.0,Low,['No individually suspicious telemetry signals correlated with this transaction']
TXN5d20d8de-2,CUST00303,2026-07-15 04:17:49,11691.05,mobile,0.0,0.0,0.0,Low,['No individually suspicious telemetry signals correlated with this transaction']
TXN9ee31563-d,CUST00304,2026-06-22 01:31:52,2049.37,mobile,0.0,0.0,0.0,Low,['No individually suspicious telemetry signals correlated with this transaction']
TXN4badb973-1,CUST00305,2026-06-26 16:54:23,3009.55,web,0.0,0.0,0.0,Low,['No individually suspicious telemetry signals correlated with this transaction']
TXN60421eb5-c,CUST00305,2026-07-04 09:37:58,1545.86,mobile,0.0,0.0,0.0,Low,['No individually suspicious telemetry signals correlated with this transaction']
TXNe28065d7-b,CUST00305,2026-07-06 13:35:40,604.0,mobile,0.0,0.0,0.0,Low,['No individually suspicious telemetry signals correlated with this transaction']
TXNda4a9d0b-d,CUST00305,2026-07-11 16:31:21,4994.81,web,0.0,0.0,0.0,Low,['No individually suspicious telemetry signals correlated with this transaction']
TXNc69aa024-7,CUST00306,2026-06-19 09:25:48,2246.31,web,0.0,0.0,0.0,Low,['No individually suspicious telemetry signals correlated with this transaction']
TXN0760d408-0,CUST00306,2026-06-28 06:50:44,368.92,web,0.0,0.0,0.0,Low,['No individually suspicious telemetry signals correlated with this transaction']
TXN6be26493-c,CUST00306,2026-06-28 17:43:51,3088.42,mobile,0.0,0.0,0.0,Low,['No individually suspicious telemetry signals correlated with this transaction']
TXN7259f45b-2,CUST00306,2026-07-06 13:39:03,4234.0,mobile,0.0,0.0,0.0,Low,['No individually suspicious telemetry signals correlated with this transaction']
TXN506801b9-c,CUST00306,2026-07-12 05:01:11,1243.43,mobile,0.0,0.0,0.0,Low,['No individually suspicious telemetry signals correlated with this transaction']
TXN6f2ba37e-a,CUST00307,2026-06-19 13:21:45,734.16,web,0.0,0.0,0.0,Low,['No individually suspicious telemetry signals correlated with this transaction']
TXN74b8b222-4,CUST00307,2026-06-27 09:20:48,1410.51,mobile,0.0,0.0,0.0,Low,['No individually suspicious telemetry signals correlated with this transaction']
TXN04573e35-f,CUST00307,2026-06-27 21:07:12,849.57,web,0.0,0.0,0.0,Low,['No individually suspicious telemetry signals correlated with this transaction']
TXN2d914e29-6,CUST00307,2026-06-30 05:30:05,6466.04,mobile,0.0,0.0,0.0,Low,['No individually suspicious telemetry signals correlated with this transaction']
TXN2bb4a408-1,CUST00097,2026-06-19 23:56:34,2367.18,mobile,0.0,0.0,0.0,Low,['No individually suspicious telemetry signals correlated with this transaction']
TXNf6558f35-2,CUST00097,2026-06-25 16:02:15,3636.81,web,0.0,0.0,0.0,Low,['No individually suspicious telemetry signals correlated with this transaction']
TXN6d8c5504-7,CUST00097,2026-06-30 04:36:19,1588.53,mobile,0.0,0.0,0.0,Low,['No individually suspicious telemetry signals correlated with this transaction']
TXNb281738e-d,CUST00310,2026-06-21 00:54:55,1628.42,mobile,0.0,0.0,0.0,Low,['No individually suspicious telemetry signals correlated with this transaction']
TXN0acc09da-0,CUST00310,2026-06-21 00:56:50,382.5,atm,0.0,0.0,0.0,Low,['No individually suspicious telemetry signals correlated with this transaction']
TXN233e8b97-d,CUST00310,2026-06-24 14:36:47,5233.07,web,0.0,0.0,0.0,Low,['No individually suspicious telemetry signals correlated with this transaction']
TXNf330f931-3,CUST00310,2026-06-28 05:01:48,2169.04,mobile,0.0,0.0,0.0,Low,['No individually suspicious telemetry signals correlated with this transaction']
TXN0937a982-9,CUST00310,2026-06-29 20:41:55,2122.14,mobile,0.0,0.0,0.0,Low,['No individually suspicious telemetry signals correlated with this transaction']
TXN6553b96b-a,CUST00310,2026-07-02 13:20:41,7330.01,mobile,0.0,0.0,0.0,Low,['No individually suspicious telemetry signals correlated with this transaction']
TXN9b465e04-b,CUST00307,2026-07-09 15:33:11,448.86,branch,0.0,0.0,0.0,Low,['No individually suspicious telemetry signals correlated with this transaction']
TXN6001e75d-b,CUST00307,2026-07-11 13:44:36,829.1,web,0.0,0.0,0.0,Low,['No individually suspicious telemetry signals correlated with this transaction']
TXN7f2632df-2,CUST00308,2026-06-25 21:20:58,14628.31,mobile,0.0,0.0,0.0,Low,['No individually suspicious telemetry signals correlated with this transaction']
TXN29d36291-8,CUST00308,2026-06-26 04:23:44,6106.46,web,0.0,0.0,0.0,Low,['No individually suspicious telemetry signals correlated with this transaction']
TXN23d13c7f-1,CUST00308,2026-07-07 02:59:04,2786.73,mobile,0.0,0.0,0.0,Low,['No individually suspicious telemetry signals correlated with this transaction']
TXN5b69a9a8-f,CUST00308,2026-07-09 09:45:01,415.12,web,0.0,0.0,0.0,Low,['No individually suspicious telemetry signals correlated with this transaction']
TXN0a14e77e-9,CUST00308,2026-07-12 03:32:47,605.88,mobile,0.0,0.0,0.0,Low,['No individually suspicious telemetry signals correlated with this transaction']
TXN52f2978f-4,CUST00308,2026-07-12 05:24:02,497.21,branch,0.0,0.0,0.0,Low,['No individually suspicious telemetry signals correlated with this transaction']
TXNc2b2315d-d,CUST00308,2026-07-13 11:44:17,2695.38,atm,0.0,0.0,0.0,Low,['No individually suspicious telemetry signals correlated with this transaction']
TXN6a961ac0-8,CUST00309,2026-06-17 07:08:38,851.78,web,0.0,0.0,0.0,Low,['No individually suspicious telemetry signals correlated with this transaction']
TXN4684833e-1,CUST00095,2026-06-26 16:38:08,564.15,web,0.0,0.0,0.0,Low,['No individually suspicious telemetry signals correlated with this transaction']
TXN649423aa-6,CUST00095,2026-07-13 03:57:06,6208.34,mobile,0.0,0.0,0.0,Low,['No individually suspicious telemetry signals correlated with this transaction']
TXNd2f629ca-b,CUST00095,2026-07-16 04:25:41,873.82,mobile,0.0,0.0,0.0,Low,['No individually suspicious telemetry signals correlated with this transaction']
TXN55082167-2,CUST00096,2026-06-25 07:28:42,754.86,web,0.0,0.0,0.0,Low,['No individually suspicious telemetry signals correlated with this transaction']
TXNbd350d2a-7,CUST00096,2026-06-26 09:34:56,17944.03,web,0.0,0.0,0.0,Low,['No individually suspicious telemetry signals correlated with this transaction']
TXNe8646e0c-8,CUST00096,2026-06-26 12:11:33,529.24,atm,0.0,0.0,0.0,Low,['No individually suspicious telemetry signals correlated with this transaction']
TXN00cb9caa-b,CUST00096,2026-06-28 23:49:43,596.7,atm,0.0,0.0,0.0,Low,['No individually suspicious telemetry signals correlated with this transaction']
TXN341d85cd-c,CUST00096,2026-06-30 01:51:44,814.22,mobile,0.0,0.0,0.0,Low,['No individually suspicious telemetry signals correlated with this transaction']
TXNb01c9191-e,CUST00096,2026-07-05 16:44:53,2457.26,mobile,0.0,0.0,0.0,Low,['No individually suspicious telemetry signals correlated with this transaction']
TXNb4b2ce14-4,CUST00096,2026-07-14 19:32:54,1101.57,mobile,0.0,0.0,0.0,Low,['No individually suspicious telemetry signals correlated with this transaction']
TXN06339f7f-8,CUST00309,2026-06-30 02:42:08,2098.63,web,0.0,0.0,0.0,Low,['No individually suspicious telemetry signals correlated with this transaction']
TXN668b179f-7,CUST00309,2026-07-02 16:28:23,546.38,web,0.0,0.0,0.0,Low,['No individually suspicious telemetry signals correlated with this transaction']
TXN57f46801-6,CUST00309,2026-07-02 19:38:26,3545.34,mobile,0.0,0.0,0.0,Low,['No individually suspicious telemetry signals correlated with this transaction']
TXN28b82fa1-7,CUST00309,2026-07-13 03:07:41,352.09,mobile,0.0,0.0,0.0,Low,['No individually suspicious telemetry signals correlated with this transaction']
TXN1165ed7f-8,CUST00310,2026-06-17 19:20:24,1150.11,web,0.0,0.0,0.0,Low,['No individually suspicious telemetry signals correlated with this transaction']
TXN7dd0a74b-9,CUST00310,2026-06-18 16:40:00,225.6,web,0.0,0.0,0.0,Low,['No individually suspicious telemetry signals correlated with this transaction']
TXNdb7be180-a,CUST00314,2026-07-02 02:58:24,545.94,web,0.0,0.0,0.0,Low,['No individually suspicious telemetry signals correlated with this transaction']
TXN4a25cec8-c,CUST00310,2026-07-14 10:42:35,325.0,mobile,0.0,0.0,0.0,Low,['No individually suspicious telemetry signals correlated with this transaction']
TXN5fd229bc-8,CUST00311,2026-06-16 20:52:52,3788.15,mobile,0.0,0.0,0.0,Low,['No individually suspicious telemetry signals correlated with this transaction']
TXN9f6f4967-b,CUST00311,2026-06-19 13:42:45,1454.83,atm,0.0,0.0,0.0,Low,['No individually suspicious telemetry signals correlated with this transaction']
TXN419b7333-9,CUST00311,2026-06-20 01:17:57,9032.74,mobile,0.0,0.0,0.0,Low,['No individually suspicious telemetry signals correlated with this transaction']
TXNe5de9e28-5,CUST00311,2026-06-24 13:37:27,139.01,mobile,0.0,0.0,0.0,Low,['No individually suspicious telemetry signals correlated with this transaction']
TXN65adafab-2,CUST00311,2026-06-26 09:52:04,1103.39,mobile,0.0,0.0,0.0,Low,['No individually suspicious telemetry signals correlated with this transaction']
TXNd5b6eac1-2,CUST00311,2026-07-06 21:45:03,13734.25,mobile,0.0,0.0,0.0,Low,['No individually suspicious telemetry signals correlated with this transaction']
TXNa684b83b-1,CUST00311,2026-07-12 06:30:12,1287.69,branch,0.0,0.0,0.0,Low,['No individually suspicious telemetry signals correlated with this transaction']
TXNeede901c-b,CUST00312,2026-06-17 11:20:02,450.34,mobile,0.0,0.0,0.0,Low,['No individually suspicious telemetry signals correlated with this transaction']
TXN4c71b0d5-b,CUST00312,2026-06-22 02:23:22,578.67,web,0.0,0.0,0.0,Low,['No individually suspicious telemetry signals correlated with this transaction']
TXN63300ee1-0,CUST00312,2026-07-08 02:33:03,334.85,mobile,0.0,0.0,0.0,Low,['No individually suspicious telemetry signals correlated with this transaction']
TXN346003a3-6,CUST00312,2026-07-08 07:11:28,695.68,mobile,0.0,0.0,0.0,Low,['No individually suspicious telemetry signals correlated with this transaction']
TXNc27f9590-3,CUST00312,2026-07-12 11:50:30,357.19,web,0.0,0.0,0.0,Low,['No individually suspicious telemetry signals correlated with this transaction']
TXN7ec391ef-4,CUST00095,2026-06-17 00:07:35,1026.15,atm,0.0,0.0,0.0,Low,['No individually suspicious telemetry signals correlated with this transaction']
TXN3d1fd7c0-4,CUST00095,2026-06-19 00:01:30,729.91,web,0.0,0.0,0.0,Low,['No individually suspicious telemetry signals correlated with this transaction']
TXNee1eedbf-4,CUST00315,2026-07-14 22:33:13,1653.56,mobile,0.0,0.0,0.0,Low,['No individually suspicious telemetry signals correlated with this transaction']
TXNbe87dbac-a,CUST00316,2026-06-16 15:15:25,6213.15,web,0.0,0.0,0.0,Low,['No individually suspicious telemetry signals correlated with this transaction']
TXN05bba5e4-a,CUST00316,2026-06-23 16:22:00,3006.01,web,0.0,0.0,0.0,Low,['No individually suspicious telemetry signals correlated with this transaction']
TXN4341fd0e-2,CUST00316,2026-06-25 00:44:03,6298.73,atm,0.0,0.0,0.0,Low,['No individually suspicious telemetry signals correlated with this transaction']
TXN160a56e1-1,CUST00316,2026-06-27 22:43:44,2208.26,mobile,0.0,0.0,0.0,Low,['No individually suspicious telemetry signals correlated with this transaction']
TXN07c62bd3-c,CUST00316,2026-07-03 01:51:49,8278.77,mobile,0.0,0.0,0.0,Low,['No individually suspicious telemetry signals correlated with this transaction']
TXN720f2288-0,CUST00312,2026-07-14 22:17:50,411.0,branch,0.0,0.0,0.0,Low,['No individually suspicious telemetry signals correlated with this transaction']
TXNabfe1fb5-a,CUST00312,2026-07-15 08:22:27,576.34,web,0.0,0.0,0.0,Low,['No individually suspicious telemetry signals correlated with this transaction']
TXN4da9b236-d,CUST00313,2026-06-21 23:50:47,20589.65,web,0.0,0.0,0.0,Low,['No individually suspicious telemetry signals correlated with this transaction']
TXN37809a0a-4,CUST00313,2026-06-28 04:10:58,1980.61,atm,0.0,0.0,0.0,Low,['No individually suspicious telemetry signals correlated with this transaction']
TXN032a0c06-4,CUST00313,2026-07-12 21:25:19,2486.47,atm,0.0,0.0,0.0,Low,['No individually suspicious telemetry signals correlated with this transaction']
TXNa5d83148-0,CUST00313,2026-07-14 16:31:14,4896.18,web,0.0,0.0,0.0,Low,['No individually suspicious telemetry signals correlated with this transaction']
TXN53cdc93f-b,CUST00314,2026-06-18 15:17:07,1472.8,mobile,0.0,0.0,0.0,Low,['No individually suspicious telemetry signals correlated with this transaction']
TXN7ddee37d-e,CUST00314,2026-06-20 20:08:19,2772.52,web,0.0,0.0,0.0,Low,['No individually suspicious telemetry signals correlated with this transaction']
TXN9a106a52-6,CUST00314,2026-06-23 06:46:36,1067.11,atm,0.0,0.0,0.0,Low,['No individually suspicious telemetry signals correlated with this transaction']
TXNf2612977-7,CUST00314,2026-06-29 04:15:01,2081.92,mobile,0.0,0.0,0.0,Low,['No individually suspicious telemetry signals correlated with this transaction']
TXN6e4c1501-8,CUST00093,2026-06-25 17:35:18,1514.2,web,0.0,0.0,0.0,Low,['No individually suspicious telemetry signals correlated with this transaction']
TXN1c36036f-b,CUST00093,2026-06-28 18:12:48,2912.63,atm,0.0,0.0,0.0,Low,['No individually suspicious telemetry signals correlated with this transaction']
TXN93c6267d-d,CUST00093,2026-07-09 12:28:52,1264.73,branch,0.0,0.0,0.0,Low,['No individually suspicious telemetry signals correlated with this transaction']
TXN75fa0ebe-e,CUST00093,2026-07-13 16:51:01,199.11,branch,0.0,0.0,0.0,Low,['No individually suspicious telemetry signals correlated with this transaction']
TXN84c42de1-7,CUST00094,2026-06-29 01:33:51,5995.51,mobile,0.0,0.0,0.0,Low,['No individually suspicious telemetry signals correlated with this transaction']
TXN0cc46000-a,CUST00094,2026-06-29 12:50:32,5882.71,web,0.0,0.0,0.0,Low,['No individually suspicious telemetry signals correlated with this transaction']
TXNe5228d31-0,CUST00094,2026-06-29 23:36:35,14489.98,branch,0.0,0.0,0.0,Low,['No individually suspicious telemetry signals correlated with this transaction']
TXN0c941263-1,CUST00094,2026-07-11 05:21:08,1790.3,mobile,0.0,0.0,0.0,Low,['No individually suspicious telemetry signals correlated with this transaction']
TXN46a3110a-9,CUST00094,2026-07-11 09:27:00,7149.04,web,0.0,0.0,0.0,Low,['No individually suspicious telemetry signals correlated with this transaction']
TXN1c6fec01-f,CUST00094,2026-07-12 09:38:57,1675.19,mobile,0.0,0.0,0.0,Low,['No individually suspicious telemetry signals correlated with this transaction']
TXN371e7782-5,CUST00315,2026-06-17 18:06:26,3134.18,web,0.0,0.0,0.0,Low,['No individually suspicious telemetry signals correlated with this transaction']
TXNdb6f3ad4-0,CUST00315,2026-06-17 23:21:26,157.69,mobile,0.0,0.0,0.0,Low,['No individually suspicious telemetry signals correlated with this transaction']
TXN28d42725-f,CUST00315,2026-06-19 06:41:53,2616.74,web,0.0,0.0,0.0,Low,['No individually suspicious telemetry signals correlated with this transaction']
TXN61a4cd19-7,CUST00315,2026-06-21 06:28:54,4531.77,mobile,0.0,0.0,0.0,Low,['No individually suspicious telemetry signals correlated with this transaction']
TXN6c5495bf-f,CUST00315,2026-06-22 02:10:05,3132.27,web,0.0,0.0,0.0,Low,['No individually suspicious telemetry signals correlated with this transaction']
TXN137b41c2-5,CUST00315,2026-06-30 16:21:55,4783.3,mobile,0.0,0.0,0.0,Low,['No individually suspicious telemetry signals correlated with this transaction']
TXNd4fecf58-a,CUST00321,2026-06-22 12:12:45,3091.73,web,0.0,0.0,0.0,Low,['No individually suspicious telemetry signals correlated with this transaction']
TXN79fc3831-e,CUST00316,2026-07-12 05:32:08,855.63,mobile,0.0,0.0,0.0,Low,['No individually suspicious telemetry signals correlated with this transaction']
TXNc5001e3e-f,CUST00317,2026-06-16 17:47:32,493.0,mobile,0.0,0.0,0.0,Low,['No individually suspicious telemetry signals correlated with this transaction']
TXNdeaaacaa-7,CUST00317,2026-06-27 13:27:30,2499.54,branch,0.0,0.0,0.0,Low,['No individually suspicious telemetry signals correlated with this transaction']
TXN07a76739-6,CUST00317,2026-07-03 17:41:41,4953.73,web,0.0,0.0,0.0,Low,['No individually suspicious telemetry signals correlated with this transaction']
TXN8eb4b40e-b,CUST00317,2026-07-04 06:39:58,1059.99,mobile,0.0,0.0,0.0,Low,['No individually suspicious telemetry signals correlated with this transaction']
TXNb3efbaa9-0,CUST00317,2026-07-04 17:17:09,533.56,web,0.0,0.0,0.0,Low,['No individually suspicious telemetry signals correlated with this transaction']
TXNbb3f4297-1,CUST00317,2026-07-09 07:19:14,4178.21,mobile,0.0,0.0,0.0,Low,['No individually suspicious telemetry signals correlated with this transaction']
TXN0b45cb04-e,CUST00317,2026-07-12 03:50:07,3485.02,mobile,0.0,0.0,0.0,Low,['No individually suspicious telemetry signals correlated with this transaction']
TXN10ae2dfc-3,CUST00317,2026-07-15 17:30:00,6922.09,atm,0.0,0.0,0.0,Low,['No individually suspicious telemetry signals correlated with this transaction']
TXN459f5497-a,CUST00318,2026-06-25 14:40:03,12996.38,web,0.0,0.0,0.0,Low,['No individually suspicious telemetry signals correlated with this transaction']
TXN3c1d10be-3,CUST00318,2026-06-28 06:12:54,2839.75,mobile,0.0,0.0,0.0,Low,['No individually suspicious telemetry signals correlated with this transaction']
TXN007fb3cb-c,CUST00318,2026-07-05 22:07:48,4213.3,web,0.0,0.0,0.0,Low,['No individually suspicious telemetry signals correlated with this transaction']
TXN79eae461-0,CUST00093,2026-06-22 04:48:52,4723.13,atm,0.0,0.0,0.0,Low,['No individually suspicious telemetry signals correlated with this transaction']
TXN760116cf-2,CUST00093,2026-06-23 23:02:28,1680.39,mobile,0.0,0.0,0.0,Low,['No individually suspicious telemetry signals correlated with this transaction']
TXN8ce0bd8f-e,CUST00093,2026-06-24 14:29:36,3066.73,web,0.0,0.0,0.0,Low,['No individually suspicious telemetry signals correlated with this transaction']
TXN5c3e82e9-6,CUST00321,2026-07-11 16:23:02,2759.5,mobile,0.0,0.0,0.0,Low,['No individually suspicious telemetry signals correlated with this transaction']
TXN2a29e752-f,CUST00322,2026-06-17 00:26:01,3452.91,atm,0.0,0.0,0.0,Low,['No individually suspicious telemetry signals correlated with this transaction']
TXN6b4203f7-d,CUST00322,2026-06-20 05:31:32,978.43,branch,0.0,0.0,0.0,Low,['No individually suspicious telemetry signals correlated with this transaction']
TXN1a93a3f1-8,CUST00322,2026-06-21 03:02:29,1137.25,web,0.0,0.0,0.0,Low,['No individually suspicious telemetry signals correlated with this transaction']
TXN805aadb5-f,CUST00322,2026-07-11 00:14:07,3547.89,web,0.0,0.0,0.0,Low,['No individually suspicious telemetry signals correlated with this transaction']
TXNef3bbcb5-4,CUST00322,2026-07-13 07:46:01,7327.71,web,0.0,0.0,0.0,Low,['No individually suspicious telemetry signals correlated with this transaction']
TXNbff49e06-5,CUST00323,2026-06-16 15:34:53,1668.0,atm,0.0,0.0,0.0,Low,['No individually suspicious telemetry signals correlated with this transaction']
TXN7d10257c-b,CUST00319,2026-07-06 21:06:07,6210.58,web,0.0,0.0,0.0,Low,['No individually suspicious telemetry signals correlated with this transaction']
TXNdf9f1099-0,CUST00319,2026-07-11 19:51:06,541.14,web,0.0,0.0,0.0,Low,['No individually suspicious telemetry signals correlated with this transaction']
TXNd9347309-b,CUST00319,2026-07-12 03:32:19,1456.44,mobile,0.0,0.0,0.0,Low,['No individually suspicious telemetry signals correlated with this transaction']
TXN5f0bb32f-e,CUST00320,2026-06-18 13:18:19,4137.73,mobile,0.0,0.0,0.0,Low,['No individually suspicious telemetry signals correlated with this transaction']
TXN66db005e-9,CUST00320,2026-06-20 14:34:26,1547.96,web,0.0,0.0,0.0,Low,['No individually suspicious telemetry signals correlated with this transaction']
TXN29f5010c-8,CUST00320,2026-07-03 17:13:39,1997.48,branch,0.0,0.0,0.0,Low,['No individually suspicious telemetry signals correlated with this transaction']
TXN254c5028-8,CUST00320,2026-07-04 09:58:17,924.31,mobile,0.0,0.0,0.0,Low,['No individually suspicious telemetry signals correlated with this transaction']
TXN74cd4a41-5,CUST00320,2026-07-05 10:35:50,799.43,mobile,0.0,0.0,0.0,Low,['No individually suspicious telemetry signals correlated with this transaction']
TXN994a77f9-2,CUST00321,2026-06-21 02:11:15,401.39,web,0.0,0.0,0.0,Low,['No individually suspicious telemetry signals correlated with this transaction']
TXN8390bd94-8,CUST00091,2026-06-25 11:21:15,8228.58,mobile,0.0,0.0,0.0,Low,['No individually suspicious telemetry signals correlated with this transaction']
TXNdb19de67-b,CUST00091,2026-06-27 17:37:57,4021.75,mobile,0.0,0.0,0.0,Low,['No individually suspicious telemetry signals correlated with this transaction']
TXN77d8b428-3,CUST00091,2026-06-28 11:44:21,913.42,mobile,0.0,0.0,0.0,Low,['No individually suspicious telemetry signals correlated with this transaction']
TXN3664cafa-0,CUST00091,2026-06-29 13:41:39,1226.66,mobile,0.0,0.0,0.0,Low,['No individually suspicious telemetry signals correlated with this transaction']
TXN1b0c9092-8,CUST00091,2026-07-04 01:02:38,646.53,web,0.0,0.0,0.0,Low,['No individually suspicious telemetry signals correlated with this transaction']
TXN133ca9cf-1,CUST00091,2026-07-11 06:02:03,1470.1,mobile,0.0,0.0,0.0,Low,['No individually suspicious telemetry signals correlated with this transaction']
TXNa7c10adb-7,CUST00091,2026-07-13 06:51:23,1662.43,web,0.0,0.0,0.0,Low,['No individually suspicious telemetry signals correlated with this transaction']
TXN11925880-3,CUST00092,2026-06-25 17:52:16,1650.12,mobile,0.0,0.0,0.0,Low,['No individually suspicious telemetry signals correlated with this transaction']
TXNeaacabb4-3,CUST00092,2026-07-04 12:56:11,1414.63,mobile,0.0,0.0,0.0,Low,['No individually suspicious telemetry signals correlated with this transaction']
TXN73d2939e-f,CUST00092,2026-07-05 03:26:59,3988.16,mobile,0.0,0.0,0.0,Low,['No individually suspicious telemetry signals correlated with this transaction']
TXN33f92a87-8,CUST00092,2026-07-15 17:11:19,13383.11,mobile,0.0,0.0,0.0,Low,['No individually suspicious telemetry signals correlated with this transaction']
TXNafaf20ec-2,CUST00093,2026-06-20 03:14:27,3691.43,branch,0.0,0.0,0.0,Low,['No individually suspicious telemetry signals correlated with this transaction']
TXN9a26a065-1,CUST00321,2026-06-23 00:25:01,262.32,web,0.0,0.0,0.0,Low,['No individually suspicious telemetry signals correlated with this transaction']
TXN777028e6-a,CUST00321,2026-06-30 15:28:40,348.39,mobile,0.0,0.0,0.0,Low,['No individually suspicious telemetry signals correlated with this transaction']
TXN0af20a23-e,CUST00321,2026-07-01 19:05:15,230.7,atm,0.0,0.0,0.0,Low,['No individually suspicious telemetry signals correlated with this transaction']
TXN5532a5c2-2,CUST00321,2026-07-03 00:02:45,290.39,mobile,0.0,0.0,0.0,Low,['No individually suspicious telemetry signals correlated with this transaction']
TXNcc027d43-d,CUST00323,2026-06-17 03:17:10,1190.25,mobile,0.0,0.0,0.0,Low,['No individually suspicious telemetry signals correlated with this transaction']
TXNb5b25ed1-a,CUST00323,2026-06-17 22:15:05,831.21,web,0.0,0.0,0.0,Low,['No individually suspicious telemetry signals correlated with this transaction']
TXN1dee8ebf-7,CUST00323,2026-06-21 22:30:23,361.41,web,0.0,0.0,0.0,Low,['No individually suspicious telemetry signals correlated with this transaction']
TXN651c21fd-e,CUST00323,2026-07-10 15:27:24,3530.97,mobile,0.0,0.0,0.0,Low,['No individually suspicious telemetry signals correlated with this transaction']
TXN648e85eb-d,CUST00323,2026-07-15 10:28:27,1694.01,mobile,0.0,0.0,0.0,Low,['No individually suspicious telemetry signals correlated with this transaction']
TXNb1a63ccf-d,CUST00324,2026-06-22 11:30:27,1190.92,atm,0.0,0.0,0.0,Low,['No individually suspicious telemetry signals correlated with this transaction']
TXNc17c2577-3,CUST00324,2026-06-23 16:17:43,4254.5,mobile,0.0,0.0,0.0,Low,['No individually suspicious telemetry signals correlated with this transaction']
TXNb1e76ab9-1,CUST00324,2026-06-24 03:42:29,782.26,branch,0.0,0.0,0.0,Low,['No individually suspicious telemetry signals correlated with this transaction']
TXNb75901d0-3,CUST00324,2026-06-30 10:11:18,777.61,mobile,0.0,0.0,0.0,Low,['No individually suspicious telemetry signals correlated with this transaction']
TXN35910434-d,CUST00324,2026-07-02 21:26:34,1542.62,mobile,0.0,0.0,0.0,Low,['No individually suspicious telemetry signals correlated with this transaction']
TXNfcea545a-c,CUST00324,2026-07-04 08:38:24,1957.92,web,0.0,0.0,0.0,Low,['No individually suspicious telemetry signals correlated with this transaction']
TXNf822c3b6-c,CUST00324,2026-07-05 18:32:27,5430.61,web,0.0,0.0,0.0,Low,['No individually suspicious telemetry signals correlated with this transaction']
TXN7ec59e55-1,CUST00324,2026-07-14 23:23:18,777.04,mobile,0.0,0.0,0.0,Low,['No individually suspicious telemetry signals correlated with this transaction']
TXNf398d16e-1,CUST00325,2026-06-18 06:30:20,1569.24,web,0.0,0.0,0.0,Low,['No individually suspicious telemetry signals correlated with this transaction']
TXN02b49d26-6,CUST00325,2026-06-18 13:07:05,553.57,branch,0.0,0.0,0.0,Low,['No individually suspicious telemetry signals correlated with this transaction']
TXN7cd6572f-3,CUST00091,2026-06-16 12:37:27,841.97,mobile,0.0,0.0,0.0,Low,['No individually suspicious telemetry signals correlated with this transaction']
TXN9d1c92f0-3,CUST00328,2026-07-06 22:11:42,8097.84,web,0.0,0.0,0.0,Low,['No individually suspicious telemetry signals correlated with this transaction']
TXN52a7c5d6-0,CUST00328,2026-07-08 11:54:32,20544.03,branch,0.0,0.0,0.0,Low,['No individually suspicious telemetry signals correlated with this transaction']
TXN8921349f-e,CUST00329,2026-06-30 19:00:34,1288.9,mobile,0.0,0.0,0.0,Low,['No individually suspicious telemetry signals correlated with this transaction']
TXN819c84c4-e,CUST00329,2026-07-08 15:30:50,1525.69,mobile,0.0,0.0,0.0,Low,['No individually suspicious telemetry signals correlated with this transaction']
TXN2e654dcc-8,CUST00329,2026-07-12 11:37:42,5636.35,web,0.0,0.0,0.0,Low,['No individually suspicious telemetry signals correlated with this transaction']
TXN90a71d24-b,CUST00329,2026-07-14 02:39:17,3371.63,mobile,0.0,0.0,0.0,Low,['No individually suspicious telemetry signals correlated with this transaction']
TXN40d1ff56-0,CUST00329,2026-07-14 03:29:38,1524.54,web,0.0,0.0,0.0,Low,['No individually suspicious telemetry signals correlated with this transaction']
TXNae34097a-c,CUST00325,2026-07-02 21:12:23,1794.69,mobile,0.0,0.0,0.0,Low,['No individually suspicious telemetry signals correlated with this transaction']
TXN793daf5a-b,CUST00326,2026-06-21 18:43:49,524.47,web,0.0,0.0,0.0,Low,['No individually suspicious telemetry signals correlated with this transaction']
TXN97e4e173-9,CUST00326,2026-06-26 19:59:32,2586.43,mobile,0.0,0.0,0.0,Low,['No individually suspicious telemetry signals correlated with this transaction']
TXN59fbb46d-5,CUST00326,2026-07-07 08:44:44,152.42,web,0.0,0.0,0.0,Low,['No individually suspicious telemetry signals correlated with this transaction']
TXN57d9f647-4,CUST00326,2026-07-11 18:08:34,4026.83,atm,0.0,0.0,0.0,Low,['No individually suspicious telemetry signals correlated with this transaction']
TXNc0bf3b37-6,CUST00326,2026-07-13 18:02:40,954.5,web,0.0,0.0,0.0,Low,['No individually suspicious telemetry signals correlated with this transaction']
TXNaf5235bc-f,CUST00327,2026-06-16 17:46:39,15782.75,web,0.0,0.0,0.0,Low,['No individually suspicious telemetry signals correlated with this transaction']
TXNa19ccc9a-b,CUST00327,2026-06-17 09:02:04,9365.01,web,0.0,0.0,0.0,Low,['No individually suspicious telemetry signals correlated with this transaction']
TXNe171582b-9,CUST00327,2026-06-18 11:00:05,2093.44,mobile,0.0,0.0,0.0,Low,['No individually suspicious telemetry signals correlated with this transaction']
TXNf7f3dc54-2,CUST00330,2026-07-13 14:00:38,1511.99,web,0.0,0.0,0.0,Low,['No individually suspicious telemetry signals correlated with this transaction']
TXNb6bd6dbe-3,CUST00331,2026-06-22 05:15:11,1090.38,branch,0.0,0.0,0.0,Low,['No individually suspicious telemetry signals correlated with this transaction']
TXN2a184cbc-1,CUST00331,2026-06-23 15:32:59,2009.44,mobile,0.0,0.0,0.0,Low,['No individually suspicious telemetry signals correlated with this transaction']
TXN63265564-0,CUST00331,2026-06-24 22:37:30,3161.54,web,0.0,0.0,0.0,Low,['No individually suspicious telemetry signals correlated with this transaction']
TXNa7641ff1-c,CUST00331,2026-06-27 13:46:04,825.09,web,0.0,0.0,0.0,Low,['No individually suspicious telemetry signals correlated with this transaction']
TXN9564d4c1-a,CUST00331,2026-06-30 07:42:04,2290.26,atm,0.0,0.0,0.0,Low,['No individually suspicious telemetry signals correlated with this transaction']
TXN7b6deeca-3,CUST00331,2026-07-08 16:39:18,894.12,web,0.0,0.0,0.0,Low,['No individually suspicious telemetry signals correlated with this transaction']
TXN39323a07-2,CUST00331,2026-07-11 18:05:12,1619.4,mobile,0.0,0.0,0.0,Low,['No individually suspicious telemetry signals correlated with this transaction']
TXN6070b244-c,CUST00331,2026-07-15 17:50:49,2319.1,atm,0.0,0.0,0.0,Low,['No individually suspicious telemetry signals correlated with this transaction']
TXN3ed1d8f8-1,CUST00327,2026-06-22 12:37:48,4371.64,mobile,0.0,0.0,0.0,Low,['No individually suspicious telemetry signals correlated with this transaction']
TXN9a861a16-3,CUST00327,2026-06-30 08:56:22,2530.04,web,0.0,0.0,0.0,Low,['No individually suspicious telemetry signals correlated with this transaction']
TXN61458972-0,CUST00327,2026-07-03 03:10:07,19924.91,mobile,0.0,0.0,0.0,Low,['No individually suspicious telemetry signals correlated with this transaction']
TXN6c362d23-1,CUST00327,2026-07-11 23:04:39,1801.13,atm,0.0,0.0,0.0,Low,['No individually suspicious telemetry signals correlated with this transaction']
TXNc25110f8-7,CUST00327,2026-07-13 05:07:56,1208.7,web,0.0,0.0,0.0,Low,['No individually suspicious telemetry signals correlated with this transaction']
TXN613dec3a-7,CUST00327,2026-07-13 21:38:44,4216.68,web,0.0,0.0,0.0,Low,['No individually suspicious telemetry signals correlated with this transaction']
TXNb43bf88c-c,CUST00328,2026-07-06 01:21:36,17444.12,web,0.0,0.0,0.0,Low,['No individually suspicious telemetry signals correlated with this transaction']
TXN25e36ccd-d,CUST00089,2026-06-30 04:48:50,1985.87,web,0.0,0.0,0.0,Low,['No individually suspicious telemetry signals correlated with this transaction']
TXNb01ba134-5,CUST00089,2026-07-05 09:02:28,195.8,mobile,0.0,0.0,0.0,Low,['No individually suspicious telemetry signals correlated with this transaction']
TXN4de5f4af-f,CUST00089,2026-07-05 21:53:21,1429.32,web,0.0,0.0,0.0,Low,['No individually suspicious telemetry signals correlated with this transaction']
TXNd0ef0cd4-5,CUST00089,2026-07-06 22:33:55,4742.67,web,0.0,0.0,0.0,Low,['No individually suspicious telemetry signals correlated with this transaction']
TXNdc83f96f-5,CUST00089,2026-07-07 19:53:15,18653.6,mobile,0.0,0.0,0.0,Low,['No individually suspicious telemetry signals correlated with this transaction']
TXN1eb1dc0c-7,CUST00089,2026-07-15 11:39:23,12254.3,web,0.0,0.0,0.0,Low,['No individually suspicious telemetry signals correlated with this transaction']
TXNd9a3ac28-e,CUST00089,2026-07-16 11:34:17,257.94,mobile,0.0,0.0,0.0,Low,['No individually suspicious telemetry signals correlated with this transaction']
TXN7a59697d-9,CUST00090,2026-06-21 12:04:45,291.16,web,0.0,0.0,0.0,Low,['No individually suspicious telemetry signals correlated with this transaction']
TXN7b92a41d-b,CUST00090,2026-06-23 17:16:42,3746.17,mobile,0.0,0.0,0.0,Low,['No individually suspicious telemetry signals correlated with this transaction']
TXN47d1931c-f,CUST00090,2026-06-25 15:48:55,2157.52,branch,0.0,0.0,0.0,Low,['No individually suspicious telemetry signals correlated with this transaction']
TXNc425d020-4,CUST00090,2026-06-29 19:04:18,576.5,branch,0.0,0.0,0.0,Low,['No individually suspicious telemetry signals correlated with this transaction']
TXN3e0c5ec5-d,CUST00090,2026-07-06 06:32:08,2367.58,web,0.0,0.0,0.0,Low,['No individually suspicious telemetry signals correlated with this transaction']
TXNacdcb47b-d,CUST00329,2026-07-15 15:24:45,15356.77,web,0.0,0.0,0.0,Low,['No individually suspicious telemetry signals correlated with this transaction']
TXN8448d4ed-b,CUST00330,2026-06-25 00:02:01,2172.32,atm,0.0,0.0,0.0,Low,['No individually suspicious telemetry signals correlated with this transaction']
TXN73a44f97-e,CUST00330,2026-06-27 07:50:46,1587.29,mobile,0.0,0.0,0.0,Low,['No individually suspicious telemetry signals correlated with this transaction']
TXN0a3169f7-2,CUST00330,2026-07-07 08:50:24,5324.69,mobile,0.0,0.0,0.0,Low,['No individually suspicious telemetry signals correlated with this transaction']
TXN7a49c96a-1,CUST00335,2026-07-05 23:33:45,211.76,mobile,0.0,0.0,0.0,Low,['No individually suspicious telemetry signals correlated with this transaction']
TXNaac5e8a3-2,CUST00335,2026-07-08 12:47:33,3535.86,mobile,0.0,0.0,0.0,Low,['No individually suspicious telemetry signals correlated with this transaction']
TXNa9fe494e-3,CUST00335,2026-07-09 12:24:44,1259.97,branch,0.0,0.0,0.0,Low,['No individually suspicious telemetry signals correlated with this transaction']
TXN5e48245a-b,CUST00332,2026-06-23 13:46:23,939.33,web,0.0,0.0,0.0,Low,['No individually suspicious telemetry signals correlated with this transaction']
TXN6fb0c665-4,CUST00332,2026-06-25 19:44:37,2472.59,web,0.0,0.0,0.0,Low,['No individually suspicious telemetry signals correlated with this transaction']
TXN1122e28f-6,CUST00332,2026-06-28 04:19:12,975.4,web,0.0,0.0,0.0,Low,['No individually suspicious telemetry signals correlated with this transaction']
TXNb55a478e-0,CUST00332,2026-07-09 21:29:17,984.3,atm,0.0,0.0,0.0,Low,['No individually suspicious telemetry signals correlated with this transaction']
TXNe0b641d0-4,CUST00332,2026-07-11 05:03:51,1372.08,mobile,0.0,0.0,0.0,Low,['No individually suspicious telemetry signals correlated with this transaction']
TXN060fc65e-9,CUST00332,2026-07-13 05:30:42,1200.78,mobile,0.0,0.0,0.0,Low,['No individually suspicious telemetry signals correlated with this transaction']
TXN6b2afb3a-1,CUST00332,2026-07-14 05:51:14,8773.07,mobile,0.0,0.0,0.0,Low,['No individually suspicious telemetry signals correlated with this transaction']
TXN8bc15738-f,CUST00333,2026-06-17 17:41:33,1439.6,mobile,0.0,0.0,0.0,Low,['No individually suspicious telemetry signals correlated with this transaction']
TXN324ef0f7-a,CUST00333,2026-06-25 21:14:56,1188.73,atm,0.0,0.0,0.0,Low,['No individually suspicious telemetry signals correlated with this transaction']
TXN1da85583-6,CUST00333,2026-07-08 11:56:33,1325.66,mobile,0.0,0.0,0.0,Low,['No individually suspicious telemetry signals correlated with this transaction']
TXN0143d636-f,CUST00089,2026-06-26 03:50:32,806.82,branch,0.0,0.0,0.0,Low,['No individually suspicious telemetry signals correlated with this transaction']
TXNecc38555-2,CUST00089,2026-06-27 23:32:53,11732.86,mobile,0.0,0.0,0.0,Low,['No individually suspicious telemetry signals correlated with this transaction']
TXN85924e5f-1,CUST00089,2026-06-28 12:11:19,303.04,web,0.0,0.0,0.0,Low,['No individually suspicious telemetry signals correlated with this transaction']
TXNe8527018-b,CUST00337,2026-06-21 02:07:09,848.47,mobile,0.0,0.0,0.0,Low,['No individually suspicious telemetry signals correlated with this transaction']
TXNa2a5ef39-c,CUST00337,2026-06-23 09:10:40,652.52,atm,0.0,0.0,0.0,Low,['No individually suspicious telemetry signals correlated with this transaction']
TXNb4586ea4-1,CUST00337,2026-06-25 21:18:37,1651.16,mobile,0.0,0.0,0.0,Low,['No individually suspicious telemetry signals correlated with this transaction']
TXNf30b15eb-9,CUST00337,2026-06-27 23:33:04,858.59,web,0.0,0.0,0.0,Low,['No individually suspicious telemetry signals correlated with this transaction']
TXNd61c8113-9,CUST00337,2026-07-05 16:53:38,343.23,mobile,0.0,0.0,0.0,Low,['No individually suspicious telemetry signals correlated with this transaction']
TXN314e9b45-0,CUST00337,2026-07-12 23:11:27,1249.28,mobile,0.0,0.0,0.0,Low,['No individually suspicious telemetry signals correlated with this transaction']
TXN33d3958a-3,CUST00333,2026-07-11 19:57:00,903.3,mobile,0.0,0.0,0.0,Low,['No individually suspicious telemetry signals correlated with this transaction']
TXNa800d519-c,CUST00333,2026-07-15 22:39:46,7513.88,mobile,0.0,0.0,0.0,Low,['No individually suspicious telemetry signals correlated with this transaction']
TXN7afac8ce-d,CUST00334,2026-06-20 23:16:07,1783.61,web,0.0,0.0,0.0,Low,['No individually suspicious telemetry signals correlated with this transaction']
TXN44113459-a,CUST00334,2026-06-24 09:06:27,1005.03,mobile,0.0,0.0,0.0,Low,['No individually suspicious telemetry signals correlated with this transaction']
TXN4da7f632-0,CUST00334,2026-07-06 01:47:04,1533.64,web,0.0,0.0,0.0,Low,['No individually suspicious telemetry signals correlated with this transaction']
TXNbf23f095-2,CUST00334,2026-07-06 11:00:25,2571.04,web,0.0,0.0,0.0,Low,['No individually suspicious telemetry signals correlated with this transaction']
TXN51ccaa40-2,CUST00334,2026-07-15 10:45:13,415.43,mobile,0.0,0.0,0.0,Low,['No individually suspicious telemetry signals correlated with this transaction']
TXNdbd34a94-8,CUST00335,2026-06-29 06:10:59,3856.76,mobile,0.0,0.0,0.0,Low,['No individually suspicious telemetry signals correlated with this transaction']
TXN8d938a78-6,CUST00335,2026-06-29 07:03:11,2465.4,mobile,0.0,0.0,0.0,Low,['No individually suspicious telemetry signals correlated with this transaction']
TXN25391b09-8,CUST00335,2026-07-01 18:04:10,8612.51,mobile,0.0,0.0,0.0,Low,['No individually suspicious telemetry signals correlated with this transaction']
TXN7636ae1c-e,CUST00087,2026-07-11 10:29:08,489.12,mobile,0.0,0.0,0.0,Low,['No individually suspicious telemetry signals correlated with this transaction']
TXN146b9fbc-6,CUST00088,2026-06-19 06:59:18,3849.55,mobile,0.0,0.0,0.0,Low,['No individually suspicious telemetry signals correlated with this transaction']
TXNf00d5a65-5,CUST00088,2026-06-28 15:25:41,1895.68,mobile,0.0,0.0,0.0,Low,['No individually suspicious telemetry signals correlated with this transaction']
TXN23841977-0,CUST00088,2026-06-29 13:58:08,186.45,mobile,0.0,0.0,0.0,Low,['No individually suspicious telemetry signals correlated with this transaction']
TXN7e6ae55c-5,CUST00088,2026-06-30 23:36:13,2555.21,mobile,0.0,0.0,0.0,Low,['No individually suspicious telemetry signals correlated with this transaction']
TXN39590149-0,CUST00088,2026-07-04 04:40:05,3848.9,mobile,0.0,0.0,0.0,Low,['No individually suspicious telemetry signals correlated with this transaction']
TXN7e4b4f10-7,CUST00088,2026-07-10 09:16:31,4034.95,mobile,0.0,0.0,0.0,Low,['No individually suspicious telemetry signals correlated with this transaction']
TXN39f18027-6,CUST00089,2026-06-16 18:46:09,2112.62,mobile,0.0,0.0,0.0,Low,['No individually suspicious telemetry signals correlated with this transaction']
TXNb95f22d5-3,CUST00089,2026-06-21 20:56:05,11394.43,mobile,0.0,0.0,0.0,Low,['No individually suspicious telemetry signals correlated with this transaction']
TXN0d700c8b-d,CUST00089,2026-06-22 06:24:11,15963.86,mobile,0.0,0.0,0.0,Low,['No individually suspicious telemetry signals correlated with this transaction']
TXN0b070a68-c,CUST00089,2026-06-22 16:28:16,3665.07,mobile,0.0,0.0,0.0,Low,['No individually suspicious telemetry signals correlated with this transaction']
TXNa028dc87-d,CUST00336,2026-06-16 12:32:28,2255.58,mobile,0.0,0.0,0.0,Low,['No individually suspicious telemetry signals correlated with this transaction']
TXNa07f3385-3,CUST00336,2026-06-24 11:23:30,626.44,web,0.0,0.0,0.0,Low,['No individually suspicious telemetry signals correlated with this transaction']
TXNd3f63623-3,CUST00336,2026-06-28 01:15:31,1236.33,atm,0.0,0.0,0.0,Low,['No individually suspicious telemetry signals correlated with this transaction']
TXN129543a4-f,CUST00336,2026-07-09 00:53:46,4019.3,mobile,0.0,0.0,0.0,Low,['No individually suspicious telemetry signals correlated with this transaction']
TXNc09b61e4-0,CUST00336,2026-07-09 04:56:32,555.87,web,0.0,0.0,0.0,Low,['No individually suspicious telemetry signals correlated with this transaction']
TXNa22966c4-c,CUST00341,2026-06-25 04:35:57,3047.93,mobile,0.0,0.0,0.0,Low,['No individually suspicious telemetry signals correlated with this transaction']
TXN5fffe8e6-7,CUST00341,2026-06-25 13:35:32,1479.94,mobile,0.0,0.0,0.0,Low,['No individually suspicious telemetry signals correlated with this transaction']
TXNb66e550b-5,CUST00341,2026-06-30 23:21:18,2485.61,atm,0.0,0.0,0.0,Low,['No individually suspicious telemetry signals correlated with this transaction']
TXNc5ddf574-2,CUST00337,2026-07-13 00:16:54,277.07,mobile,0.0,0.0,0.0,Low,['No individually suspicious telemetry signals correlated with this transaction']
TXNa67155cd-7,CUST00338,2026-06-27 17:52:01,1772.74,atm,0.0,0.0,0.0,Low,['No individually suspicious telemetry signals correlated with this transaction']
TXN9af4ab8a-8,CUST00338,2026-07-01 23:00:41,1012.55,mobile,0.0,0.0,0.0,Low,['No individually suspicious telemetry signals correlated with this transaction']
TXNdafa1c94-4,CUST00338,2026-07-08 07:52:20,586.38,branch,0.0,0.0,0.0,Low,['No individually suspicious telemetry signals correlated with this transaction']
TXN7cdfa469-8,CUST00338,2026-07-15 01:46:55,1320.47,web,0.0,0.0,0.0,Low,['No individually suspicious telemetry signals correlated with this transaction']
TXN4702fe75-5,CUST00338,2026-07-15 22:37:00,749.7,mobile,0.0,0.0,0.0,Low,['No individually suspicious telemetry signals correlated with this transaction']
TXN996e782f-9,CUST00339,2026-06-23 14:44:10,1155.49,atm,0.0,0.0,0.0,Low,['No individually suspicious telemetry signals correlated with this transaction']
TXNb1012b0f-1,CUST00339,2026-06-24 19:09:35,501.41,mobile,0.0,0.0,0.0,Low,['No individually suspicious telemetry signals correlated with this transaction']
TXNed441085-5,CUST00339,2026-06-24 22:58:29,1166.59,mobile,0.0,0.0,0.0,Low,['No individually suspicious telemetry signals correlated with this transaction']
TXN101c778c-a,CUST00339,2026-07-04 06:28:05,2374.71,mobile,0.0,0.0,0.0,Low,['No individually suspicious telemetry signals correlated with this transaction']
TXNef252aa8-4,CUST00339,2026-07-08 05:07:18,557.05,branch,0.0,0.0,0.0,Low,['No individually suspicious telemetry signals correlated with this transaction']
TXN88914b26-e,CUST00087,2026-06-28 14:59:51,1764.65,atm,0.0,0.0,0.0,Low,['No individually suspicious telemetry signals correlated with this transaction']
TXNf783b6f6-d,CUST00087,2026-07-04 21:40:38,16118.16,mobile,0.0,0.0,0.0,Low,['No individually suspicious telemetry signals correlated with this transaction']
TXN1fda98c9-4,CUST00342,2026-07-07 16:31:05,3264.62,web,0.0,0.0,0.0,Low,['No individually suspicious telemetry signals correlated with this transaction']
TXNfb48ac14-0,CUST00342,2026-07-08 16:01:07,1624.44,web,0.0,0.0,0.0,Low,['No individually suspicious telemetry signals correlated with this transaction']
TXN413b48c4-e,CUST00342,2026-07-11 22:57:17,11291.18,mobile,0.0,0.0,0.0,Low,['No individually suspicious telemetry signals correlated with this transaction']
TXN4135b443-2,CUST00342,2026-07-12 19:26:55,1156.75,mobile,0.0,0.0,0.0,Low,['No individually suspicious telemetry signals correlated with this transaction']
TXN7d53c706-f,CUST00343,2026-06-24 15:38:26,4258.41,mobile,0.0,0.0,0.0,Low,['No individually suspicious telemetry signals correlated with this transaction']
TXN6fea84f5-7,CUST00343,2026-07-03 03:11:40,426.78,atm,0.0,0.0,0.0,Low,['No individually suspicious telemetry signals correlated with this transaction']
TXN23c52c31-1,CUST00343,2026-07-11 22:01:14,2357.96,mobile,0.0,0.0,0.0,Low,['No individually suspicious telemetry signals correlated with this transaction']
TXN8f6875a3-b,CUST00339,2026-07-10 14:25:22,404.3,mobile,0.0,0.0,0.0,Low,['No individually suspicious telemetry signals correlated with this transaction']
TXN982cd08d-4,CUST00339,2026-07-14 03:26:10,3848.78,mobile,0.0,0.0,0.0,Low,['No individually suspicious telemetry signals correlated with this transaction']
TXN9cf116dc-c,CUST00340,2026-06-18 03:30:33,1435.5,branch,0.0,0.0,0.0,Low,['No individually suspicious telemetry signals correlated with this transaction']
TXNf8eb51b8-5,CUST00340,2026-06-18 09:56:41,3517.86,web,0.0,0.0,0.0,Low,['No individually suspicious telemetry signals correlated with this transaction']
TXNab707385-6,CUST00340,2026-06-24 04:28:33,9245.75,mobile,0.0,0.0,0.0,Low,['No individually suspicious telemetry signals correlated with this transaction']
TXN30a19d7d-4,CUST00340,2026-06-28 16:10:11,397.91,web,0.0,0.0,0.0,Low,['No individually suspicious telemetry signals correlated with this transaction']
TXN55c275e2-d,CUST00340,2026-06-29 12:50:43,3845.87,mobile,0.0,0.0,0.0,Low,['No individually suspicious telemetry signals correlated with this transaction']
TXN3d4a49ae-e,CUST00340,2026-07-14 01:36:46,5834.9,mobile,0.0,0.0,0.0,Low,['No individually suspicious telemetry signals correlated with this transaction']
TXN85261ad4-9,CUST00341,2026-06-20 13:53:00,3636.48,mobile,0.0,0.0,0.0,Low,['No individually suspicious telemetry signals correlated with this transaction']
TXNbe36c36d-e,CUST00345,2026-06-25 22:41:16,2269.57,web,0.0,0.0,0.0,Low,['No individually suspicious telemetry signals correlated with this transaction']
TXN386e995d-3,CUST00345,2026-06-27 06:57:49,1966.81,mobile,0.0,0.0,0.0,Low,['No individually suspicious telemetry signals correlated with this transaction']
TXN0f5449d1-9,CUST00345,2026-07-02 10:00:31,1560.89,mobile,0.0,0.0,0.0,Low,['No individually suspicious telemetry signals correlated with this transaction']
TXNfa11f0e7-5,CUST00345,2026-07-09 23:05:19,769.42,mobile,0.0,0.0,0.0,Low,['No individually suspicious telemetry signals correlated with this transaction']
TXN48c08d33-4,CUST00345,2026-07-14 10:26:25,5093.81,mobile,0.0,0.0,0.0,Low,['No individually suspicious telemetry signals correlated with this transaction']
TXNf765f8a0-c,CUST00346,2026-06-17 06:12:47,2294.78,web,0.0,0.0,0.0,Low,['No individually suspicious telemetry signals correlated with this transaction']
TXN3f068051-1,CUST00346,2026-06-18 18:37:50,3397.91,mobile,0.0,0.0,0.0,Low,['No individually suspicious telemetry signals correlated with this transaction']
TXNcf3eb0d7-4,CUST00346,2026-06-21 23:53:02,931.11,atm,0.0,0.0,0.0,Low,['No individually suspicious telemetry signals correlated with this transaction']
TXNc329732b-5,CUST00346,2026-06-29 06:14:30,10487.32,branch,0.0,0.0,0.0,Low,['No individually suspicious telemetry signals correlated with this transaction']
TXN478b640b-3,CUST00346,2026-06-30 18:07:37,688.19,web,0.0,0.0,0.0,Low,['No individually suspicious telemetry signals correlated with this transaction']
TXNb905a7b6-b,CUST00341,2026-07-11 03:19:15,584.72,web,0.0,0.0,0.0,Low,['No individually suspicious telemetry signals correlated with this transaction']
TXNd2376d22-9,CUST00342,2026-06-17 22:50:00,3595.0,web,0.0,0.0,0.0,Low,['No individually suspicious telemetry signals correlated with this transaction']
TXN11092f7a-0,CUST00342,2026-06-18 08:28:58,2241.0,web,0.0,0.0,0.0,Low,['No individually suspicious telemetry signals correlated with this transaction']
TXN8cf996a3-d,CUST00342,2026-06-22 18:51:50,5108.37,mobile,0.0,0.0,0.0,Low,['No individually suspicious telemetry signals correlated with this transaction']
TXNef4bd7a8-7,CUST00342,2026-06-28 00:41:10,1485.37,mobile,0.0,0.0,0.0,Low,['No individually suspicious telemetry signals correlated with this transaction']
TXN6ba57136-9,CUST00342,2026-07-05 10:33:46,4382.77,mobile,0.0,0.0,0.0,Low,['No individually suspicious telemetry signals correlated with this transaction']
TXNb75d2f0c-4,CUST00085,2026-07-01 08:07:17,2841.51,mobile,0.0,0.0,0.0,Low,['No individually suspicious telemetry signals correlated with this transaction']
TXNd03a9ed2-5,CUST00085,2026-07-07 01:58:36,293.8,web,0.0,0.0,0.0,Low,['No individually suspicious telemetry signals correlated with this transaction']
TXN1e87c27e-6,CUST00086,2026-06-16 20:29:37,803.11,web,0.0,0.0,0.0,Low,['No individually suspicious telemetry signals correlated with this transaction']
TXN0bfa8cd5-7,CUST00086,2026-06-22 13:16:34,8127.66,mobile,0.0,0.0,0.0,Low,['No individually suspicious telemetry signals correlated with this transaction']
TXN0490eb68-4,CUST00086,2026-06-24 16:21:15,689.27,web,0.0,0.0,0.0,Low,['No individually suspicious telemetry signals correlated with this transaction']
TXN99f75c76-2,CUST00086,2026-07-03 06:01:29,3847.68,mobile,0.0,0.0,0.0,Low,['No individually suspicious telemetry signals correlated with this transaction']
TXN0cb68029-3,CUST00086,2026-07-10 15:59:06,1390.16,web,0.0,0.0,0.0,Low,['No individually suspicious telemetry signals correlated with this transaction']
TXN3c862582-6,CUST00086,2026-07-12 03:17:39,4085.43,web,0.0,0.0,0.0,Low,['No individually suspicious telemetry signals correlated with this transaction']
TXN5133577b-4,CUST00087,2026-06-18 05:16:40,1177.74,branch,0.0,0.0,0.0,Low,['No individually suspicious telemetry signals correlated with this transaction']
TXN565f2ea8-0,CUST00087,2026-06-22 05:19:23,765.36,mobile,0.0,0.0,0.0,Low,['No individually suspicious telemetry signals correlated with this transaction']
TXN6a429bd5-c,CUST00087,2026-06-27 01:21:46,14567.93,branch,0.0,0.0,0.0,Low,['No individually suspicious telemetry signals correlated with this transaction']
TXN9364ecb5-d,CUST00087,2026-06-27 10:13:26,3738.75,mobile,0.0,0.0,0.0,Low,['No individually suspicious telemetry signals correlated with this transaction']
TXNc2978392-5,CUST00344,2026-06-23 07:31:28,1912.03,mobile,0.0,0.0,0.0,Low,['No individually suspicious telemetry signals correlated with this transaction']
TXN0a813e88-0,CUST00344,2026-06-25 12:20:35,2277.83,web,0.0,0.0,0.0,Low,['No individually suspicious telemetry signals correlated with this transaction']
TXN209ebc46-4,CUST00344,2026-07-05 11:59:49,613.77,atm,0.0,0.0,0.0,Low,['No individually suspicious telemetry signals correlated with this transaction']
TXN1b829ae1-4,CUST00344,2026-07-12 08:38:38,3331.54,web,0.0,0.0,0.0,Low,['No individually suspicious telemetry signals correlated with this transaction']
TXN6c944bca-e,CUST00350,2026-06-22 02:50:21,385.95,web,0.0,0.0,0.0,Low,['No individually suspicious telemetry signals correlated with this transaction']
TXN6fb0d297-7,CUST00350,2026-06-27 18:24:14,574.23,mobile,0.0,0.0,0.0,Low,['No individually suspicious telemetry signals correlated with this transaction']
TXN5c098a5c-5,CUST00350,2026-07-01 09:29:45,10027.93,mobile,0.0,0.0,0.0,Low,['No individually suspicious telemetry signals correlated with this transaction']
TXN108fd94b-b,CUST00350,2026-07-07 06:46:52,942.93,branch,0.0,0.0,0.0,Low,['No individually suspicious telemetry signals correlated with this transaction']
TXN290fb2bd-f,CUST00346,2026-07-01 09:14:14,2701.83,web,0.0,0.0,0.0,Low,['No individually suspicious telemetry signals correlated with this transaction']
TXN05e05148-2,CUST00346,2026-07-04 06:11:34,2073.13,mobile,0.0,0.0,0.0,Low,['No individually suspicious telemetry signals correlated with this transaction']
TXN5a8258cb-8,CUST00346,2026-07-10 23:45:47,4987.7,mobile,0.0,0.0,0.0,Low,['No individually suspicious telemetry signals correlated with this transaction']
TXN9d37c5a6-b,CUST00346,2026-07-11 08:53:04,2367.02,atm,0.0,0.0,0.0,Low,['No individually suspicious telemetry signals correlated with this transaction']
TXNabd13f1a-3,CUST00347,2026-06-26 07:41:35,611.89,mobile,0.0,0.0,0.0,Low,['No individually suspicious telemetry signals correlated with this transaction']
TXNdc63a196-9,CUST00347,2026-06-26 21:52:22,452.06,atm,0.0,0.0,0.0,Low,['No individually suspicious telemetry signals correlated with this transaction']
TXNd8e77ca2-1,CUST00347,2026-07-01 21:42:17,5095.4,mobile,0.0,0.0,0.0,Low,['No individually suspicious telemetry signals correlated with this transaction']
TXN7237e20d-6,CUST00347,2026-07-11 23:06:56,2741.17,mobile,0.0,0.0,0.0,Low,['No individually suspicious telemetry signals correlated with this transaction']
TXNac5e1ec3-e,CUST00348,2026-06-19 10:04:15,4100.99,web,0.0,0.0,0.0,Low,['No individually suspicious telemetry signals correlated with this transaction']
TXNc3dab31b-8,CUST00348,2026-06-22 10:09:22,1451.52,web,0.0,0.0,0.0,Low,['No individually suspicious telemetry signals correlated with this transaction']
TXN71b2b47a-b,CUST00348,2026-06-23 18:23:50,1215.46,web,0.0,0.0,0.0,Low,['No individually suspicious telemetry signals correlated with this transaction']
TXN92ee4820-1,CUST00085,2026-06-24 12:22:14,2021.01,web,0.0,0.0,0.0,Low,['No individually suspicious telemetry signals correlated with this transaction']
TXN28791fa4-7,CUST00351,2026-06-25 08:13:08,1453.11,web,0.0,0.0,0.0,Low,['No individually suspicious telemetry signals correlated with this transaction']
TXN244220c6-4,CUST00351,2026-06-25 17:51:34,1462.52,atm,0.0,0.0,0.0,Low,['No individually suspicious telemetry signals correlated with this transaction']
TXN094a8492-d,CUST00351,2026-06-27 06:44:54,624.9,mobile,0.0,0.0,0.0,Low,['No individually suspicious telemetry signals correlated with this transaction']
TXN9ef63a80-1,CUST00351,2026-06-29 05:42:24,1874.6,web,0.0,0.0,0.0,Low,['No individually suspicious telemetry signals correlated with this transaction']
TXN0c485217-5,CUST00351,2026-06-30 16:58:59,2345.82,web,0.0,0.0,0.0,Low,['No individually suspicious telemetry signals correlated with this transaction']
TXN68d2a842-3,CUST00351,2026-07-01 07:11:55,708.55,web,0.0,0.0,0.0,Low,['No individually suspicious telemetry signals correlated with this transaction']
TXNc8794a56-a,CUST00351,2026-07-08 23:39:03,1186.71,mobile,0.0,0.0,0.0,Low,['No individually suspicious telemetry signals correlated with this transaction']
TXN87eb754a-9,CUST00351,2026-07-10 07:37:28,607.61,mobile,0.0,0.0,0.0,Low,['No individually suspicious telemetry signals correlated with this transaction']
TXNe0099d7a-c,CUST00348,2026-07-09 16:55:35,1845.29,mobile,0.0,0.0,0.0,Low,['No individually suspicious telemetry signals correlated with this transaction']
TXN5a6f9b6b-5,CUST00349,2026-06-23 05:02:12,5474.35,web,0.0,0.0,0.0,Low,['No individually suspicious telemetry signals correlated with this transaction']
TXNb705e692-3,CUST00349,2026-06-30 01:46:25,7318.3,web,0.0,0.0,0.0,Low,['No individually suspicious telemetry signals correlated with this transaction']
TXN634d7549-9,CUST00349,2026-07-06 00:35:22,963.79,mobile,0.0,0.0,0.0,Low,['No individually suspicious telemetry signals correlated with this transaction']
TXN13cdaa4c-b,CUST00349,2026-07-06 16:46:19,493.08,mobile,0.0,0.0,0.0,Low,['No individually suspicious telemetry signals correlated with this transaction']
TXN61233eea-3,CUST00349,2026-07-06 23:37:27,1261.7,branch,0.0,0.0,0.0,Low,['No individually suspicious telemetry signals correlated with this transaction']
TXNaeeb5608-b,CUST00349,2026-07-14 19:54:17,911.53,web,0.0,0.0,0.0,Low,['No individually suspicious telemetry signals correlated with this transaction']
TXN0599e1f2-c,CUST00350,2026-06-16 19:17:26,1408.02,atm,0.0,0.0,0.0,Low,['No individually suspicious telemetry signals correlated with this transaction']
TXN889dc47e-2,CUST00352,2026-06-19 13:46:31,1478.54,web,0.0,0.0,0.0,Low,['No individually suspicious telemetry signals correlated with this transaction']
TXNd034ce89-8,CUST00352,2026-06-24 21:01:41,420.81,mobile,0.0,0.0,0.0,Low,['No individually suspicious telemetry signals correlated with this transaction']
TXN2bfaba2d-d,CUST00352,2026-06-25 12:52:43,9115.47,branch,0.0,0.0,0.0,Low,['No individually suspicious telemetry signals correlated with this transaction']
TXNc972d38d-3,CUST00352,2026-06-27 01:08:16,501.71,branch,0.0,0.0,0.0,Low,['No individually suspicious telemetry signals correlated with this transaction']
TXNc5d899df-1,CUST00352,2026-07-02 07:09:30,412.6,mobile,0.0,0.0,0.0,Low,['No individually suspicious telemetry signals correlated with this transaction']
TXN046606f6-3,CUST00352,2026-07-04 03:08:38,6495.81,web,0.0,0.0,0.0,Low,['No individually suspicious telemetry signals correlated with this transaction']
TXN9a463e70-3,CUST00352,2026-07-04 21:27:42,2204.76,mobile,0.0,0.0,0.0,Low,['No individually suspicious telemetry signals correlated with this transaction']
TXN2ac09858-2,CUST00352,2026-07-07 05:36:27,6658.7,web,0.0,0.0,0.0,Low,['No individually suspicious telemetry signals correlated with this transaction']
TXN5e723c24-c,CUST00352,2026-07-07 20:05:49,1000.51,branch,0.0,0.0,0.0,Low,['No individually suspicious telemetry signals correlated with this transaction']
TXNc87c1935-d,CUST00352,2026-07-08 12:27:04,629.36,mobile,0.0,0.0,0.0,Low,['No individually suspicious telemetry signals correlated with this transaction']
TXN49ca4ae6-2,CUST00352,2026-07-08 15:18:37,2791.22,mobile,0.0,0.0,0.0,Low,['No individually suspicious telemetry signals correlated with this transaction']
TXNf5ed7ddf-7,CUST00350,2026-07-16 06:57:05,2737.92,mobile,0.0,0.0,0.0,Low,['No individually suspicious telemetry signals correlated with this transaction']
TXN903506bb-e,CUST00350,2026-07-16 07:48:27,580.73,atm,0.0,0.0,0.0,Low,['No individually suspicious telemetry signals correlated with this transaction']
TXN11186c1a-8,CUST00351,2026-06-16 21:27:16,5232.99,atm,0.0,0.0,0.0,Low,['No individually suspicious telemetry signals correlated with this transaction']
TXN4019a1f6-0,CUST00351,2026-06-19 21:04:55,3210.63,web,0.0,0.0,0.0,Low,['No individually suspicious telemetry signals correlated with this transaction']
TXN9d8e20d6-1,CUST00351,2026-06-24 15:23:42,229.9,atm,0.0,0.0,0.0,Low,['No individually suspicious telemetry signals correlated with this transaction']
TXNe3b2f985-2,CUST00083,2026-06-21 14:20:13,1303.0,web,0.0,0.0,0.0,Low,['No individually suspicious telemetry signals correlated with this transaction']
TXN252151f9-5,CUST00083,2026-06-24 01:09:37,3850.52,web,0.0,0.0,0.0,Low,['No individually suspicious telemetry signals correlated with this transaction']
TXN65f76d06-5,CUST00083,2026-06-24 18:56:06,1122.45,mobile,0.0,0.0,0.0,Low,['No individually suspicious telemetry signals correlated with this transaction']
TXN40c8c7a3-8,CUST00083,2026-07-01 09:09:22,7673.15,web,0.0,0.0,0.0,Low,['No individually suspicious telemetry signals correlated with this transaction']
TXNcf1d46be-2,CUST00083,2026-07-03 06:09:20,12438.03,atm,0.0,0.0,0.0,Low,['No individually suspicious telemetry signals correlated with this transaction']
TXN2f981e44-c,CUST00083,2026-07-12 07:27:16,1209.95,web,0.0,0.0,0.0,Low,['No individually suspicious telemetry signals correlated with this transaction']
TXNf34bfa59-a,CUST00083,2026-07-13 06:35:35,5810.27,mobile,0.0,0.0,0.0,Low,['No individually suspicious telemetry signals correlated with this transaction']
TXN37164f31-1,CUST00083,2026-07-15 06:05:28,717.27,mobile,0.0,0.0,0.0,Low,['No individually suspicious telemetry signals correlated with this transaction']
TXN02774ef3-1,CUST00084,2026-06-29 11:30:30,7914.08,mobile,0.0,0.0,0.0,Low,['No individually suspicious telemetry signals correlated with this transaction']
TXN3b8ede31-e,CUST00084,2026-07-03 16:26:29,3595.34,web,0.0,0.0,0.0,Low,['No individually suspicious telemetry signals correlated with this transaction']
TXNb780606a-0,CUST00084,2026-07-04 11:15:24,215.4,web,0.0,0.0,0.0,Low,['No individually suspicious telemetry signals correlated with this transaction']
TXN9145aa38-7,CUST00084,2026-07-06 19:17:21,1854.53,web,0.0,0.0,0.0,Low,['No individually suspicious telemetry signals correlated with this transaction']
TXN489af195-6,CUST00084,2026-07-07 06:22:56,2236.78,web,0.0,0.0,0.0,Low,['No individually suspicious telemetry signals correlated with this transaction']
TXNceb380ac-e,CUST00085,2026-06-20 08:35:41,3229.28,mobile,0.0,0.0,0.0,Low,['No individually suspicious telemetry signals correlated with this transaction']
TXNe95e8740-5,CUST00351,2026-07-11 19:55:32,3353.4,mobile,0.0,0.0,0.0,Low,['No individually suspicious telemetry signals correlated with this transaction']
TXN4151344e-e,CUST00351,2026-07-12 21:03:56,994.74,atm,0.0,0.0,0.0,Low,['No individually suspicious telemetry signals correlated with this transaction']
TXN23cce3bb-b,CUST00356,2026-07-14 07:12:14,4314.85,atm,0.0,0.0,0.0,Low,['No individually suspicious telemetry signals correlated with this transaction']
TXNe3157b34-6,CUST00357,2026-06-23 13:09:06,3124.27,mobile,0.0,0.0,0.0,Low,['No individually suspicious telemetry signals correlated with this transaction']
TXN6c5b07b6-f,CUST00352,2026-07-09 19:19:59,2694.04,web,0.0,0.0,0.0,Low,['No individually suspicious telemetry signals correlated with this transaction']
TXNd8b6a802-2,CUST00353,2026-06-20 03:48:14,4856.79,web,0.0,0.0,0.0,Low,['No individually suspicious telemetry signals correlated with this transaction']
TXN9be5662a-d,CUST00353,2026-06-23 11:37:26,470.54,mobile,0.0,0.0,0.0,Low,['No individually suspicious telemetry signals correlated with this transaction']
TXNb6a35409-1,CUST00353,2026-06-29 10:49:09,6149.2,mobile,0.0,0.0,0.0,Low,['No individually suspicious telemetry signals correlated with this transaction']
TXNc87d01c2-9,CUST00353,2026-07-04 03:43:56,118.48,web,0.0,0.0,0.0,Low,['No individually suspicious telemetry signals correlated with this transaction']
TXN74773879-3,CUST00353,2026-07-12 17:20:10,576.86,mobile,0.0,0.0,0.0,Low,['No individually suspicious telemetry signals correlated with this transaction']
TXN49861a4a-0,CUST00354,2026-06-29 04:07:52,804.31,atm,0.0,0.0,0.0,Low,['No individually suspicious telemetry signals correlated with this transaction']
TXNfb9c7872-1,CUST00354,2026-07-05 13:58:24,6824.27,mobile,0.0,0.0,0.0,Low,['No individually suspicious telemetry signals correlated with this transaction']
TXNe387eb15-6,CUST00354,2026-07-07 19:14:03,592.51,mobile,0.0,0.0,0.0,Low,['No individually suspicious telemetry signals correlated with this transaction']
TXN8ce17e35-6,CUST00354,2026-07-08 04:35:27,2843.8,web,0.0,0.0,0.0,Low,['No individually suspicious telemetry signals correlated with this transaction']
TXN9b23854f-a,CUST00354,2026-07-08 23:27:57,8592.73,web,0.0,0.0,0.0,Low,['No individually suspicious telemetry signals correlated with this transaction']
TXNc950824d-5,CUST00354,2026-07-15 10:16:08,5431.88,web,0.0,0.0,0.0,Low,['No individually suspicious telemetry signals correlated with this transaction']
TXNd789c624-5,CUST00355,2026-06-18 15:48:22,1329.06,mobile,0.0,0.0,0.0,Low,['No individually suspicious telemetry signals correlated with this transaction']
TXN98a91187-6,CUST00082,2026-07-15 19:15:12,688.67,mobile,0.0,0.0,0.0,Low,['No individually suspicious telemetry signals correlated with this transaction']
TXNd8e06ea2-d,CUST00358,2026-06-20 19:58:05,1072.31,mobile,0.0,0.0,0.0,Low,['No individually suspicious telemetry signals correlated with this transaction']
TXN54da1012-5,CUST00358,2026-06-22 18:52:52,882.28,atm,0.0,0.0,0.0,Low,['No individually suspicious telemetry signals correlated with this transaction']
TXN81b83de2-e,CUST00359,2026-06-18 01:11:11,2523.16,mobile,0.0,0.0,0.0,Low,['No individually suspicious telemetry signals correlated with this transaction']
TXN5f0b5135-8,CUST00359,2026-06-25 04:21:39,1629.94,web,0.0,0.0,0.0,Low,['No individually suspicious telemetry signals correlated with this transaction']
TXN8fc45e9e-b,CUST00359,2026-06-26 21:25:55,2234.74,mobile,0.0,0.0,0.0,Low,['No individually suspicious telemetry signals correlated with this transaction']
TXN5583b4db-6,CUST00359,2026-07-11 19:00:01,2207.48,mobile,0.0,0.0,0.0,Low,['No individually suspicious telemetry signals correlated with this transaction']
TXN20514111-7,CUST00355,2026-06-21 06:49:35,771.63,mobile,0.0,0.0,0.0,Low,['No individually suspicious telemetry signals correlated with this transaction']
TXNd66ec576-b,CUST00355,2026-06-21 23:05:14,2429.83,mobile,0.0,0.0,0.0,Low,['No individually suspicious telemetry signals correlated with this transaction']
TXN405db449-c,CUST00355,2026-07-02 08:50:20,1026.16,mobile,0.0,0.0,0.0,Low,['No individually suspicious telemetry signals correlated with this transaction']
TXNe7775ef5-9,CUST00355,2026-07-09 02:27:56,1580.71,web,0.0,0.0,0.0,Low,['No individually suspicious telemetry signals correlated with this transaction']
TXNc016c62b-a,CUST00356,2026-06-18 11:06:48,4162.87,mobile,0.0,0.0,0.0,Low,['No individually suspicious telemetry signals correlated with this transaction']
TXN40bf5ca2-7,CUST00356,2026-06-21 01:00:57,141.17,mobile,0.0,0.0,0.0,Low,['No individually suspicious telemetry signals correlated with this transaction']
TXNe6876705-0,CUST00356,2026-06-26 16:43:39,375.19,atm,0.0,0.0,0.0,Low,['No individually suspicious telemetry signals correlated with this transaction']
TXN7cba8dea-5,CUST00356,2026-07-04 13:38:10,1153.88,web,0.0,0.0,0.0,Low,['No individually suspicious telemetry signals correlated with this transaction']
TXN6577e64d-4,CUST00356,2026-07-08 20:11:20,211.1,mobile,0.0,0.0,0.0,Low,['No individually suspicious telemetry signals correlated with this transaction']
TXN372f9fb6-0,CUST00356,2026-07-12 11:18:28,1383.0,mobile,0.0,0.0,0.0,Low,['No individually suspicious telemetry signals correlated with this transaction']
TXN77902ddf-4,CUST00081,2026-06-23 00:21:49,3256.69,web,0.0,0.0,0.0,Low,['No individually suspicious telemetry signals correlated with this transaction']
TXNb544f70c-5,CUST00081,2026-06-25 15:07:18,342.76,mobile,0.0,0.0,0.0,Low,['No individually suspicious telemetry signals correlated with this transaction']
TXN6fa1c232-7,CUST00081,2026-06-29 23:11:21,937.75,mobile,0.0,0.0,0.0,Low,['No individually suspicious telemetry signals correlated with this transaction']
TXN2067902b-f,CUST00081,2026-07-03 14:14:46,647.05,web,0.0,0.0,0.0,Low,['No individually suspicious telemetry signals correlated with this transaction']
TXNec1f0155-6,CUST00081,2026-07-13 04:37:12,534.52,mobile,0.0,0.0,0.0,Low,['No individually suspicious telemetry signals correlated with this transaction']
TXN1a574cee-6,CUST00082,2026-06-19 22:12:21,3799.6,web,0.0,0.0,0.0,Low,['No individually suspicious telemetry signals correlated with this transaction']
TXN620f4af4-9,CUST00082,2026-06-20 19:39:44,1419.39,mobile,0.0,0.0,0.0,Low,['No individually suspicious telemetry signals correlated with this transaction']
TXN5a58abba-9,CUST00082,2026-06-23 14:29:10,1571.6,atm,0.0,0.0,0.0,Low,['No individually suspicious telemetry signals correlated with this transaction']
TXN966b91e7-c,CUST00082,2026-06-25 20:25:37,273.79,web,0.0,0.0,0.0,Low,['No individually suspicious telemetry signals correlated with this transaction']
TXN6ef7ffc3-7,CUST00082,2026-07-01 20:35:11,1685.61,branch,0.0,0.0,0.0,Low,['No individually suspicious telemetry signals correlated with this transaction']
TXNb7a745e2-e,CUST00082,2026-07-07 03:33:39,1426.61,branch,0.0,0.0,0.0,Low,['No individually suspicious telemetry signals correlated with this transaction']
TXNb67ffa23-7,CUST00357,2026-06-24 15:07:42,4277.34,web,0.0,0.0,0.0,Low,['No individually suspicious telemetry signals correlated with this transaction']
TXN3466b8f9-e,CUST00357,2026-07-03 09:44:16,4996.1,web,0.0,0.0,0.0,Low,['No individually suspicious telemetry signals correlated with this transaction']
TXNf5a98c9a-6,CUST00357,2026-07-09 16:52:26,472.04,mobile,0.0,0.0,0.0,Low,['No individually suspicious telemetry signals correlated with this transaction']
TXN59bdfac9-0,CUST00357,2026-07-15 07:27:36,2814.63,web,0.0,0.0,0.0,Low,['No individually suspicious telemetry signals correlated with this transaction']
TXN0a5fcede-7,CUST00358,2026-06-19 02:20:09,5183.68,mobile,0.0,0.0,0.0,Low,['No individually suspicious telemetry signals correlated with this transaction']
TXNba2c43ec-4,CUST00362,2026-07-12 06:42:53,3940.62,web,0.0,0.0,0.0,Low,['No individually suspicious telemetry signals correlated with this transaction']
TXNba5916c5-9,CUST00362,2026-07-13 21:36:23,614.97,atm,0.0,0.0,0.0,Low,['No individually suspicious telemetry signals correlated with this transaction']
TXN7fb63b12-4,CUST00363,2026-06-21 05:30:44,368.09,atm,0.0,0.0,0.0,Low,['No individually suspicious telemetry signals correlated with this transaction']
TXN19eef9d6-f,CUST00359,2026-07-12 04:30:37,945.7,web,0.0,0.0,0.0,Low,['No individually suspicious telemetry signals correlated with this transaction']
TXN5e331ed8-4,CUST00359,2026-07-13 14:34:03,1888.48,web,0.0,0.0,0.0,Low,['No individually suspicious telemetry signals correlated with this transaction']
TXN8185ca84-9,CUST00360,2026-06-19 16:54:57,1382.36,atm,0.0,0.0,0.0,Low,['No individually suspicious telemetry signals correlated with this transaction']
TXN5484d865-6,CUST00360,2026-06-22 17:22:03,1564.56,web,0.0,0.0,0.0,Low,['No individually suspicious telemetry signals correlated with this transaction']
TXNc22c9037-7,CUST00360,2026-06-23 00:51:36,6497.45,mobile,0.0,0.0,0.0,Low,['No individually suspicious telemetry signals correlated with this transaction']
TXN2740a29d-f,CUST00360,2026-06-26 22:02:53,3141.42,web,0.0,0.0,0.0,Low,['No individually suspicious telemetry signals correlated with this transaction']
TXN95eb44d9-8,CUST00360,2026-07-02 20:48:53,1682.44,atm,0.0,0.0,0.0,Low,['No individually suspicious telemetry signals correlated with this transaction']
TXN8c490e4c-c,CUST00360,2026-07-04 07:16:05,2926.46,branch,0.0,0.0,0.0,Low,['No individually suspicious telemetry signals correlated with this transaction']
TXN0b4476b2-0,CUST00361,2026-06-17 19:30:23,961.92,mobile,0.0,0.0,0.0,Low,['No individually suspicious telemetry signals correlated with this transaction']
TXN35eaede0-e,CUST00361,2026-06-20 15:28:02,2462.72,mobile,0.0,0.0,0.0,Low,['No individually suspicious telemetry signals correlated with this transaction']
TXN22087d01-f,CUST00361,2026-06-24 01:57:06,1715.08,mobile,0.0,0.0,0.0,Low,['No individually suspicious telemetry signals correlated with this transaction']
TXN46983234-6,CUST00361,2026-07-01 09:37:01,983.81,web,0.0,0.0,0.0,Low,['No individually suspicious telemetry signals correlated with this transaction']
TXN33013b08-7,CUST00081,2026-06-21 07:21:14,9218.57,web,0.0,0.0,0.0,Low,['No individually suspicious telemetry signals correlated with this transaction']
TXN393f8079-8,CUST00365,2026-06-21 10:26:59,1377.76,mobile,0.0,0.0,0.0,Low,['No individually suspicious telemetry signals correlated with this transaction']
TXN0e913294-e,CUST00365,2026-06-26 05:26:34,697.09,web,0.0,0.0,0.0,Low,['No individually suspicious telemetry signals correlated with this transaction']
TXNf2d058ca-7,CUST00365,2026-06-28 19:39:09,428.57,web,0.0,0.0,0.0,Low,['No individually suspicious telemetry signals correlated with this transaction']
TXNe7b986cb-7,CUST00365,2026-06-30 11:13:27,1053.75,mobile,0.0,0.0,0.0,Low,['No individually suspicious telemetry signals correlated with this transaction']
TXNe1789474-3,CUST00365,2026-07-02 14:58:13,521.84,mobile,0.0,0.0,0.0,Low,['No individually suspicious telemetry signals correlated with this transaction']
TXN3e141965-1,CUST00365,2026-07-03 17:59:36,710.67,mobile,0.0,0.0,0.0,Low,['No individually suspicious telemetry signals correlated with this transaction']
TXN3242f61c-e,CUST00361,2026-07-03 22:17:02,561.39,web,0.0,0.0,0.0,Low,['No individually suspicious telemetry signals correlated with this transaction']
TXN29d4056e-1,CUST00361,2026-07-06 12:24:44,4402.32,mobile,0.0,0.0,0.0,Low,['No individually suspicious telemetry signals correlated with this transaction']
TXN3193fb1c-9,CUST00361,2026-07-07 00:12:04,401.79,mobile,0.0,0.0,0.0,Low,['No individually suspicious telemetry signals correlated with this transaction']
TXN9174b136-8,CUST00361,2026-07-15 13:57:48,8126.1,web,0.0,0.0,0.0,Low,['No individually suspicious telemetry signals correlated with this transaction']
TXN2a6504e1-f,CUST00362,2026-06-16 20:49:42,14446.55,mobile,0.0,0.0,0.0,Low,['No individually suspicious telemetry signals correlated with this transaction']
TXN381692f5-1,CUST00362,2026-06-29 04:09:32,4243.92,branch,0.0,0.0,0.0,Low,['No individually suspicious telemetry signals correlated with this transaction']
TXNe6bd4bbc-e,CUST00362,2026-07-03 09:29:12,1288.15,mobile,0.0,0.0,0.0,Low,['No individually suspicious telemetry signals correlated with this transaction']
TXNcfcae6b9-7,CUST00362,2026-07-04 03:08:35,2889.31,atm,0.0,0.0,0.0,Low,['No individually suspicious telemetry signals correlated with this transaction']
TXN93b91ea1-4,CUST00362,2026-07-04 12:06:57,1248.63,mobile,0.0,0.0,0.0,Low,['No individually suspicious telemetry signals correlated with this transaction']
TXN780b8dc0-d,CUST00362,2026-07-07 01:03:03,18936.63,atm,0.0,0.0,0.0,Low,['No individually suspicious telemetry signals correlated with this transaction']
TXN999921ec-9,CUST00079,2026-06-16 18:12:10,1103.34,web,0.0,0.0,0.0,Low,['No individually suspicious telemetry signals correlated with this transaction']
TXN58c6d166-f,CUST00079,2026-06-22 04:41:41,5784.27,mobile,0.0,0.0,0.0,Low,['No individually suspicious telemetry signals correlated with this transaction']
TXN1e014975-0,CUST00079,2026-06-22 12:34:28,2594.83,web,0.0,0.0,0.0,Low,['No individually suspicious telemetry signals correlated with this transaction']
TXNa197339c-9,CUST00079,2026-07-10 05:13:02,401.27,mobile,0.0,0.0,0.0,Low,['No individually suspicious telemetry signals correlated with this transaction']
TXNe754d4c3-0,CUST00079,2026-07-13 11:51:25,6187.09,atm,0.0,0.0,0.0,Low,['No individually suspicious telemetry signals correlated with this transaction']
TXN85915036-2,CUST00080,2026-06-18 09:36:18,3793.33,mobile,0.0,0.0,0.0,Low,['No individually suspicious telemetry signals correlated with this transaction']
TXN89344b06-0,CUST00080,2026-06-20 14:34:41,3761.39,branch,0.0,0.0,0.0,Low,['No individually suspicious telemetry signals correlated with this transaction']
TXN1f20c257-e,CUST00080,2026-06-20 18:19:07,327.47,web,0.0,0.0,0.0,Low,['No individually suspicious telemetry signals correlated with this transaction']
TXN5d697934-d,CUST00080,2026-07-01 02:13:27,759.73,mobile,0.0,0.0,0.0,Low,['No individually suspicious telemetry signals correlated with this transaction']
TXN155c8139-3,CUST00080,2026-07-10 07:24:26,3543.84,web,0.0,0.0,0.0,Low,['No individually suspicious telemetry signals correlated with this transaction']
TXN05b08ce0-d,CUST00363,2026-06-29 21:45:40,1426.31,web,0.0,0.0,0.0,Low,['No individually suspicious telemetry signals correlated with this transaction']
TXNe586ee20-c,CUST00363,2026-07-06 12:40:55,1883.56,web,0.0,0.0,0.0,Low,['No individually suspicious telemetry signals correlated with this transaction']
TXNb770beaf-d,CUST00363,2026-07-13 10:33:12,1454.98,mobile,0.0,0.0,0.0,Low,['No individually suspicious telemetry signals correlated with this transaction']
TXN1b435fdc-4,CUST00364,2026-06-20 14:22:26,564.69,mobile,0.0,0.0,0.0,Low,['No individually suspicious telemetry signals correlated with this transaction']
TXN679b03d4-f,CUST00364,2026-06-21 17:07:57,661.08,mobile,0.0,0.0,0.0,Low,['No individually suspicious telemetry signals correlated with this transaction']
TXNc6642ca9-1,CUST00365,2026-06-16 18:22:08,1527.14,mobile,0.0,0.0,0.0,Low,['No individually suspicious telemetry signals correlated with this transaction']
TXN319ec58b-4,CUST00077,2026-07-14 10:43:05,1874.14,mobile,0.0,0.0,0.0,Low,['No individually suspicious telemetry signals correlated with this transaction']
TXN13cf44fe-1,CUST00078,2026-07-05 01:10:47,1179.25,mobile,0.0,0.0,0.0,Low,['No individually suspicious telemetry signals correlated with this transaction']
TXN19c59f2d-6,CUST00078,2026-07-11 05:54:00,5453.76,mobile,0.0,0.0,0.0,Low,['No individually suspicious telemetry signals correlated with this transaction']
TXN69eb337c-0,CUST00078,2026-07-14 07:09:46,1294.87,web,0.0,0.0,0.0,Low,['No individually suspicious telemetry signals correlated with this transaction']
TXN910aeb6f-6,CUST00365,2026-07-07 14:55:25,555.35,mobile,0.0,0.0,0.0,Low,['No individually suspicious telemetry signals correlated with this transaction']
TXNb2879bdd-1,CUST00365,2026-07-10 09:15:36,521.09,mobile,0.0,0.0,0.0,Low,['No individually suspicious telemetry signals correlated with this transaction']
TXN3c304193-d,CUST00366,2026-06-22 03:42:30,2780.29,mobile,0.0,0.0,0.0,Low,['No individually suspicious telemetry signals correlated with this transaction']
TXN78a118df-0,CUST00366,2026-06-27 08:36:24,1600.51,web,0.0,0.0,0.0,Low,['No individually suspicious telemetry signals correlated with this transaction']
TXN99155bef-2,CUST00366,2026-06-29 06:03:39,428.98,web,0.0,0.0,0.0,Low,['No individually suspicious telemetry signals correlated with this transaction']
TXN151248e1-1,CUST00366,2026-06-29 14:03:20,1957.36,web,0.0,0.0,0.0,Low,['No individually suspicious telemetry signals correlated with this transaction']
TXN1667b920-9,CUST00366,2026-06-30 09:58:38,2970.95,branch,0.0,0.0,0.0,Low,['No individually suspicious telemetry signals correlated with this transaction']
TXN36ca9390-9,CUST00366,2026-07-02 12:51:51,1322.51,web,0.0,0.0,0.0,Low,['No individually suspicious telemetry signals correlated with this transaction']
TXNed86a0c9-7,CUST00366,2026-07-06 01:30:38,2425.26,mobile,0.0,0.0,0.0,Low,['No individually suspicious telemetry signals correlated with this transaction']
TXN4a9ab305-2,CUST00366,2026-07-07 19:29:32,2132.0,web,0.0,0.0,0.0,Low,['No individually suspicious telemetry signals correlated with this transaction']
TXN6ea28b15-d,CUST00366,2026-07-07 20:01:36,479.09,branch,0.0,0.0,0.0,Low,['No individually suspicious telemetry signals correlated with this transaction']
TXNa02cbed2-f,CUST00078,2026-07-15 06:45:14,1451.88,mobile,0.0,0.0,0.0,Low,['No individually suspicious telemetry signals correlated with this transaction']
TXN7c8c9267-3,CUST00366,2026-07-09 13:25:08,3957.65,mobile,0.0,0.0,0.0,Low,['No individually suspicious telemetry signals correlated with this transaction']
TXNe5865a54-7,CUST00366,2026-07-16 03:21:07,4310.24,web,0.0,0.0,0.0,Low,['No individually suspicious telemetry signals correlated with this transaction']
TXNda36967d-9,CUST00367,2026-06-17 19:57:27,805.94,web,0.0,0.0,0.0,Low,['No individually suspicious telemetry signals correlated with this transaction']
TXN7f151663-1,CUST00367,2026-06-20 13:30:14,510.09,mobile,0.0,0.0,0.0,Low,['No individually suspicious telemetry signals correlated with this transaction']
TXNc6acdcaf-a,CUST00367,2026-06-21 02:46:26,443.13,atm,0.0,0.0,0.0,Low,['No individually suspicious telemetry signals correlated with this transaction']
TXN237c56bb-4,CUST00367,2026-06-21 15:08:20,15778.29,mobile,0.0,0.0,0.0,Low,['No individually suspicious telemetry signals correlated with this transaction']
TXN4f4cea72-e,CUST00367,2026-06-29 10:06:55,1385.6,mobile,0.0,0.0,0.0,Low,['No individually suspicious telemetry signals correlated with this transaction']
TXNff0e88ea-0,CUST00367,2026-07-02 03:31:46,740.62,mobile,0.0,0.0,0.0,Low,['No individually suspicious telemetry signals correlated with this transaction']
TXN1259d654-8,CUST00367,2026-07-08 20:48:11,681.19,atm,0.0,0.0,0.0,Low,['No individually suspicious telemetry signals correlated with this transaction']
TXNb9ef9fa8-3,CUST00077,2026-06-23 15:58:22,6317.76,mobile,0.0,0.0,0.0,Low,['No individually suspicious telemetry signals correlated with this transaction']
TXNfc1bb61a-a,CUST00077,2026-06-23 17:05:40,506.42,web,0.0,0.0,0.0,Low,['No individually suspicious telemetry signals correlated with this transaction']
TXNfbc1085b-2,CUST00077,2026-06-24 10:43:04,17215.74,web,0.0,0.0,0.0,Low,['No individually suspicious telemetry signals correlated with this transaction']
TXN60cb9e17-c,CUST00077,2026-06-24 15:59:38,2805.72,branch,0.0,0.0,0.0,Low,['No individually suspicious telemetry signals correlated with this transaction']
TXN9e3bc735-0,CUST00077,2026-06-25 23:17:55,1398.15,web,0.0,0.0,0.0,Low,['No individually suspicious telemetry signals correlated with this transaction']
TXNa70bba9c-3,CUST00077,2026-06-25 23:57:16,979.99,web,0.0,0.0,0.0,Low,['No individually suspicious telemetry signals correlated with this transaction']
TXN24ce1460-e,CUST00077,2026-07-11 12:31:31,523.22,web,0.0,0.0,0.0,Low,['No individually suspicious telemetry signals correlated with this transaction']
TXN402758b2-f,CUST00372,2026-06-23 09:50:15,2650.33,mobile,0.0,0.0,0.0,Low,['No individually suspicious telemetry signals correlated with this transaction']
TXN0a1d9238-f,CUST00367,2026-07-11 12:28:14,4160.05,web,0.0,0.0,0.0,Low,['No individually suspicious telemetry signals correlated with this transaction']
TXNec2c4f79-d,CUST00367,2026-07-14 02:18:24,5350.03,atm,0.0,0.0,0.0,Low,['No individually suspicious telemetry signals correlated with this transaction']
TXN48a05e4f-b,CUST00367,2026-07-16 08:46:15,533.42,web,0.0,0.0,0.0,Low,['No individually suspicious telemetry signals correlated with this transaction']
TXN096b9227-2,CUST00368,2026-06-17 01:26:17,2844.89,web,0.0,0.0,0.0,Low,['No individually suspicious telemetry signals correlated with this transaction']
TXNcb5475bf-3,CUST00368,2026-06-23 05:03:43,3517.99,mobile,0.0,0.0,0.0,Low,['No individually suspicious telemetry signals correlated with this transaction']
TXNb9076ff3-2,CUST00368,2026-06-25 16:06:04,722.15,mobile,0.0,0.0,0.0,Low,['No individually suspicious telemetry signals correlated with this transaction']
TXNe0094827-9,CUST00368,2026-06-29 02:20:24,3221.77,web,0.0,0.0,0.0,Low,['No individually suspicious telemetry signals correlated with this transaction']
TXNaa8fb624-4,CUST00368,2026-07-03 18:49:45,1328.34,web,0.0,0.0,0.0,Low,['No individually suspicious telemetry signals correlated with this transaction']
TXNff8bb891-1,CUST00368,2026-07-09 11:24:20,130.66,web,0.0,0.0,0.0,Low,['No individually suspicious telemetry signals correlated with this transaction']
TXNa74b151c-4,CUST00368,2026-07-11 04:06:58,4610.45,mobile,0.0,0.0,0.0,Low,['No individually suspicious telemetry signals correlated with this transaction']
TXNf3a2e957-5,CUST00368,2026-07-12 14:14:06,1515.17,web,0.0,0.0,0.0,Low,['No individually suspicious telemetry signals correlated with this transaction']
TXN6b000e3b-6,CUST00368,2026-07-13 00:51:22,4159.02,branch,0.0,0.0,0.0,Low,['No individually suspicious telemetry signals correlated with this transaction']
TXN7616e3a2-3,CUST00368,2026-07-14 05:21:55,395.95,branch,0.0,0.0,0.0,Low,['No individually suspicious telemetry signals correlated with this transaction']
TXN56b243cd-d,CUST00368,2026-07-14 21:14:23,1393.74,mobile,0.0,0.0,0.0,Low,['No individually suspicious telemetry signals correlated with this transaction']
TXN3d3fc0e0-9,CUST00369,2026-06-24 03:53:11,1517.68,web,0.0,0.0,0.0,Low,['No individually suspicious telemetry signals correlated with this transaction']
TXNc5857b6b-7,CUST00373,2026-06-28 13:16:23,953.62,mobile,0.0,0.0,0.0,Low,['No individually suspicious telemetry signals correlated with this transaction']
TXN4721fbe9-f,CUST00373,2026-07-10 20:38:58,3471.56,mobile,0.0,0.0,0.0,Low,['No individually suspicious telemetry signals correlated with this transaction']
TXN32586047-9,CUST00374,2026-06-17 13:33:04,1707.5,atm,0.0,0.0,0.0,Low,['No individually suspicious telemetry signals correlated with this transaction']
TXN74d90398-c,CUST00374,2026-06-17 20:55:09,2410.96,web,0.0,0.0,0.0,Low,['No individually suspicious telemetry signals correlated with this transaction']
TXN4a4a1b64-8,CUST00374,2026-06-18 00:46:36,7303.48,atm,0.0,0.0,0.0,Low,['No individually suspicious telemetry signals correlated with this transaction']
TXN0496122f-5,CUST00374,2026-06-19 13:36:34,2732.34,web,0.0,0.0,0.0,Low,['No individually suspicious telemetry signals correlated with this transaction']
TXN552dad08-c,CUST00369,2026-07-06 01:47:47,845.43,mobile,0.0,0.0,0.0,Low,['No individually suspicious telemetry signals correlated with this transaction']
TXN68edeed7-6,CUST00369,2026-07-15 03:54:02,822.19,mobile,0.0,0.0,0.0,Low,['No individually suspicious telemetry signals correlated with this transaction']
TXNbab8ad70-8,CUST00370,2026-07-05 12:50:05,1207.84,web,0.0,0.0,0.0,Low,['No individually suspicious telemetry signals correlated with this transaction']
TXNab13b31a-a,CUST00370,2026-07-07 01:23:00,2215.5,web,0.0,0.0,0.0,Low,['No individually suspicious telemetry signals correlated with this transaction']
TXN0c858251-1,CUST00370,2026-07-07 05:39:55,829.85,mobile,0.0,0.0,0.0,Low,['No individually suspicious telemetry signals correlated with this transaction']
TXNb588489e-e,CUST00370,2026-07-09 15:54:12,8209.99,web,0.0,0.0,0.0,Low,['No individually suspicious telemetry signals correlated with this transaction']
TXNcdba8621-d,CUST00371,2026-06-25 02:15:14,5498.16,web,0.0,0.0,0.0,Low,['No individually suspicious telemetry signals correlated with this transaction']
TXNf76ffc87-a,CUST00371,2026-07-03 16:29:22,3465.05,mobile,0.0,0.0,0.0,Low,['No individually suspicious telemetry signals correlated with this transaction']
TXNd0013b99-2,CUST00371,2026-07-13 08:32:16,1650.46,web,0.0,0.0,0.0,Low,['No individually suspicious telemetry signals correlated with this transaction']
TXNd0d70956-2,CUST00371,2026-07-15 20:34:51,3495.15,branch,0.0,0.0,0.0,Low,['No individually suspicious telemetry signals correlated with this transaction']
TXNae2bcab8-5,CUST00374,2026-07-06 06:37:53,1730.31,mobile,0.0,0.0,0.0,Low,['No individually suspicious telemetry signals correlated with this transaction']
TXNbe7a38c6-b,CUST00374,2026-07-06 06:55:34,104.21,atm,0.0,0.0,0.0,Low,['No individually suspicious telemetry signals correlated with this transaction']
TXN972a355c-f,CUST00374,2026-07-11 07:24:32,2911.7,mobile,0.0,0.0,0.0,Low,['No individually suspicious telemetry signals correlated with this transaction']
TXNf70fdc0c-a,CUST00375,2026-06-19 16:07:08,1623.96,web,0.0,0.0,0.0,Low,['No individually suspicious telemetry signals correlated with this transaction']
TXN43c36988-7,CUST00375,2026-06-21 13:51:06,1151.38,web,0.0,0.0,0.0,Low,['No individually suspicious telemetry signals correlated with this transaction']
TXNda2777af-a,CUST00375,2026-06-25 11:12:01,2659.67,atm,0.0,0.0,0.0,Low,['No individually suspicious telemetry signals correlated with this transaction']
TXNab1e5fcf-3,CUST00375,2026-06-29 08:46:41,466.78,web,0.0,0.0,0.0,Low,['No individually suspicious telemetry signals correlated with this transaction']
TXNd5b5984b-5,CUST00375,2026-06-29 16:19:07,8562.54,mobile,0.0,0.0,0.0,Low,['No individually suspicious telemetry signals correlated with this transaction']
TXN9267e278-9,CUST00375,2026-07-05 22:51:17,952.54,web,0.0,0.0,0.0,Low,['No individually suspicious telemetry signals correlated with this transaction']
TXNd45d91e1-7,CUST00375,2026-07-15 08:41:51,341.35,web,0.0,0.0,0.0,Low,['No individually suspicious telemetry signals correlated with this transaction']
TXN65126fe3-4,CUST00375,2026-07-16 11:19:51,2345.43,atm,0.0,0.0,0.0,Low,['No individually suspicious telemetry signals correlated with this transaction']
TXNc44ba50d-c,CUST00376,2026-06-18 15:49:58,746.43,mobile,0.0,0.0,0.0,Low,['No individually suspicious telemetry signals correlated with this transaction']
TXNb517272d-f,CUST00372,2026-07-16 02:29:50,2204.57,mobile,0.0,0.0,0.0,Low,['No individually suspicious telemetry signals correlated with this transaction']
TXN2e361846-b,CUST00373,2026-06-23 04:09:06,1179.26,branch,0.0,0.0,0.0,Low,['No individually suspicious telemetry signals correlated with this transaction']
TXN33a37a74-8,CUST00373,2026-06-24 10:11:39,705.51,branch,0.0,0.0,0.0,Low,['No individually suspicious telemetry signals correlated with this transaction']
TXN8345d6d3-3,CUST00373,2026-06-27 06:39:06,393.9,mobile,0.0,0.0,0.0,Low,['No individually suspicious telemetry signals correlated with this transaction']
TXN00937ba0-6,CUST00376,2026-06-20 21:12:08,776.45,mobile,0.0,0.0,0.0,Low,['No individually suspicious telemetry signals correlated with this transaction']
TXNd24e4a96-f,CUST00376,2026-07-01 15:03:31,4876.55,branch,0.0,0.0,0.0,Low,['No individually suspicious telemetry signals correlated with this transaction']
TXN88ba1f6f-3,CUST00376,2026-07-05 16:04:30,4916.71,mobile,0.0,0.0,0.0,Low,['No individually suspicious telemetry signals correlated with this transaction']
TXNc4d6afc4-4,CUST00376,2026-07-07 00:13:38,9811.99,web,0.0,0.0,0.0,Low,['No individually suspicious telemetry signals correlated with this transaction']
TXN3aae37b5-8,CUST00376,2026-07-14 17:48:38,1145.33,mobile,0.0,0.0,0.0,Low,['No individually suspicious telemetry signals correlated with this transaction']
TXN7f2382b5-0,CUST00376,2026-07-15 10:23:52,3039.21,web,0.0,0.0,0.0,Low,['No individually suspicious telemetry signals correlated with this transaction']
TXN8906a4e2-4,CUST00376,2026-07-16 07:00:32,3169.57,mobile,0.0,0.0,0.0,Low,['No individually suspicious telemetry signals correlated with this transaction']
TXN4ad5433b-a,CUST00377,2026-06-17 04:43:29,473.43,atm,0.0,0.0,0.0,Low,['No individually suspicious telemetry signals correlated with this transaction']
TXNbaaa58f6-3,CUST00377,2026-06-17 22:00:07,903.92,web,0.0,0.0,0.0,Low,['No individually suspicious telemetry signals correlated with this transaction']
TXNb9c8ddd8-8,CUST00377,2026-06-18 21:15:57,733.86,mobile,0.0,0.0,0.0,Low,['No individually suspicious telemetry signals correlated with this transaction']
TXNbb23e712-b,CUST00377,2026-06-18 22:15:25,635.8,mobile,0.0,0.0,0.0,Low,['No individually suspicious telemetry signals correlated with this transaction']
TXNc798c498-4,CUST00377,2026-06-22 14:31:28,471.05,mobile,0.0,0.0,0.0,Low,['No individually suspicious telemetry signals correlated with this transaction']
TXNa7f655fb-8,CUST00377,2026-07-01 02:50:42,2617.28,atm,0.0,0.0,0.0,Low,['No individually suspicious telemetry signals correlated with this transaction']
TXNf6d20b48-7,CUST00374,2026-06-22 13:08:01,1468.72,web,0.0,0.0,0.0,Low,['No individually suspicious telemetry signals correlated with this transaction']
TXN640445a1-8,CUST00374,2026-06-28 13:40:10,17682.24,mobile,0.0,0.0,0.0,Low,['No individually suspicious telemetry signals correlated with this transaction']
TXNbb3494d1-f,CUST00374,2026-06-30 00:22:44,820.35,web,0.0,0.0,0.0,Low,['No individually suspicious telemetry signals correlated with this transaction']
TXN5170a2ef-e,CUST00075,2026-06-22 11:50:45,386.6,mobile,0.0,0.0,0.0,Low,['No individually suspicious telemetry signals correlated with this transaction']
TXNf07bf9bb-2,CUST00075,2026-06-23 13:57:06,455.06,web,0.0,0.0,0.0,Low,['No individually suspicious telemetry signals correlated with this transaction']
TXN64b078a7-a,CUST00075,2026-07-01 20:04:50,1333.31,mobile,0.0,0.0,0.0,Low,['No individually suspicious telemetry signals correlated with this transaction']
TXN3b20d154-6,CUST00075,2026-07-09 17:14:23,18037.42,web,0.0,0.0,0.0,Low,['No individually suspicious telemetry signals correlated with this transaction']
TXNee93a4d0-c,CUST00075,2026-07-10 18:20:50,863.6,web,0.0,0.0,0.0,Low,['No individually suspicious telemetry signals correlated with this transaction']
TXNc31db215-d,CUST00076,2026-06-19 01:14:39,1797.91,branch,0.0,0.0,0.0,Low,['No individually suspicious telemetry signals correlated with this transaction']
TXN52891c31-f,CUST00076,2026-06-24 05:28:24,4288.55,branch,0.0,0.0,0.0,Low,['No individually suspicious telemetry signals correlated with this transaction']
TXN93b1ee1d-a,CUST00076,2026-06-26 17:22:55,1012.19,atm,0.0,0.0,0.0,Low,['No individually suspicious telemetry signals correlated with this transaction']
TXN20572e73-c,CUST00076,2026-07-04 18:53:50,4213.02,mobile,0.0,0.0,0.0,Low,['No individually suspicious telemetry signals correlated with this transaction']
TXNc520d50f-a,CUST00076,2026-07-05 11:37:17,3968.8,mobile,0.0,0.0,0.0,Low,['No individually suspicious telemetry signals correlated with this transaction']
TXN06905ba5-1,CUST00076,2026-07-07 00:10:31,255.84,web,0.0,0.0,0.0,Low,['No individually suspicious telemetry signals correlated with this transaction']
TXNd65bc676-4,CUST00076,2026-07-10 03:59:02,2803.55,web,0.0,0.0,0.0,Low,['No individually suspicious telemetry signals correlated with this transaction']
TXN067965ab-6,CUST00077,2026-06-19 03:03:29,1921.23,atm,0.0,0.0,0.0,Low,['No individually suspicious telemetry signals correlated with this transaction']
TXN1c66021e-1,CUST00077,2026-06-22 06:24:53,2577.96,mobile,0.0,0.0,0.0,Low,['No individually suspicious telemetry signals correlated with this transaction']
TXNf8ef32ee-e,CUST00077,2026-06-22 20:30:37,7476.4,mobile,0.0,0.0,0.0,Low,['No individually suspicious telemetry signals correlated with this transaction']
TXNf09e64ef-8,CUST00376,2026-06-19 08:15:36,2366.51,atm,0.0,0.0,0.0,Low,['No individually suspicious telemetry signals correlated with this transaction']
TXN2ae2c9d1-3,CUST00380,2026-06-24 16:40:13,1289.06,mobile,0.0,0.0,0.0,Low,['No individually suspicious telemetry signals correlated with this transaction']
TXN7bc19e2f-a,CUST00380,2026-06-24 23:41:23,623.58,mobile,0.0,0.0,0.0,Low,['No individually suspicious telemetry signals correlated with this transaction']
TXNb285d65b-b,CUST00380,2026-06-27 18:57:10,3364.21,web,0.0,0.0,0.0,Low,['No individually suspicious telemetry signals correlated with this transaction']
TXN296fc0d7-6,CUST00377,2026-07-04 04:18:33,2796.02,web,0.0,0.0,0.0,Low,['No individually suspicious telemetry signals correlated with this transaction']
TXNecf60826-3,CUST00377,2026-07-04 13:51:50,660.37,web,0.0,0.0,0.0,Low,['No individually suspicious telemetry signals correlated with this transaction']
TXN3edf665f-a,CUST00377,2026-07-04 18:27:45,2788.86,branch,0.0,0.0,0.0,Low,['No individually suspicious telemetry signals correlated with this transaction']
TXN197634e5-0,CUST00377,2026-07-13 12:39:48,3483.14,web,0.0,0.0,0.0,Low,['No individually suspicious telemetry signals correlated with this transaction']
TXN6df3be7a-a,CUST00377,2026-07-14 16:10:22,2487.52,mobile,0.0,0.0,0.0,Low,['No individually suspicious telemetry signals correlated with this transaction']
TXNc229a415-c,CUST00378,2026-06-19 02:33:50,3839.25,mobile,0.0,0.0,0.0,Low,['No individually suspicious telemetry signals correlated with this transaction']
TXN27d3584c-f,CUST00378,2026-06-22 20:24:00,3098.26,atm,0.0,0.0,0.0,Low,['No individually suspicious telemetry signals correlated with this transaction']
TXN2dd10250-f,CUST00378,2026-06-25 13:33:56,893.62,mobile,0.0,0.0,0.0,Low,['No individually suspicious telemetry signals correlated with this transaction']
TXN10e436c9-3,CUST00378,2026-07-02 17:08:26,570.12,web,0.0,0.0,0.0,Low,['No individually suspicious telemetry signals correlated with this transaction']
TXN56685b02-7,CUST00378,2026-07-08 10:31:56,6000.33,mobile,0.0,0.0,0.0,Low,['No individually suspicious telemetry signals correlated with this transaction']
TXNd5cf18c2-c,CUST00378,2026-07-09 12:11:23,528.38,mobile,0.0,0.0,0.0,Low,['No individually suspicious telemetry signals correlated with this transaction']
TXN5b33cb3f-1,CUST00378,2026-07-10 22:27:26,2076.4,atm,0.0,0.0,0.0,Low,['No individually suspicious telemetry signals correlated with this transaction']
TXNba65983d-f,CUST00075,2026-06-18 04:00:48,981.89,web,0.0,0.0,0.0,Low,['No individually suspicious telemetry signals correlated with this transaction']
TXNbfee7aef-6,CUST00381,2026-06-24 13:49:14,552.52,web,0.0,0.0,0.0,Low,['No individually suspicious telemetry signals correlated with this transaction']
TXN5f5e9c52-e,CUST00381,2026-06-26 12:20:00,993.56,mobile,0.0,0.0,0.0,Low,['No individually suspicious telemetry signals correlated with this transaction']
TXNe6647803-3,CUST00381,2026-07-08 05:18:58,3086.88,mobile,0.0,0.0,0.0,Low,['No individually suspicious telemetry signals correlated with this transaction']
TXN30260bb1-7,CUST00381,2026-07-10 08:21:06,535.4,web,0.0,0.0,0.0,Low,['No individually suspicious telemetry signals correlated with this transaction']
TXN897e2ce5-4,CUST00382,2026-06-17 01:45:56,1279.36,mobile,0.0,0.0,0.0,Low,['No individually suspicious telemetry signals correlated with this transaction']
TXN22530aa4-1,CUST00382,2026-06-20 00:47:24,659.19,atm,0.0,0.0,0.0,Low,['No individually suspicious telemetry signals correlated with this transaction']
TXN09f7e468-4,CUST00382,2026-06-21 12:58:43,7770.19,web,0.0,0.0,0.0,Low,['No individually suspicious telemetry signals correlated with this transaction']
TXNa3593aec-d,CUST00382,2026-06-27 15:18:49,4908.08,mobile,0.0,0.0,0.0,Low,['No individually suspicious telemetry signals correlated with this transaction']
TXNff75659e-4,CUST00378,2026-07-16 01:04:58,1398.41,mobile,0.0,0.0,0.0,Low,['No individually suspicious telemetry signals correlated with this transaction']
TXN2553ff33-2,CUST00379,2026-06-17 03:52:06,1368.68,branch,0.0,0.0,0.0,Low,['No individually suspicious telemetry signals correlated with this transaction']
TXNcdeb8ab9-9,CUST00379,2026-06-22 16:57:30,859.49,mobile,0.0,0.0,0.0,Low,['No individually suspicious telemetry signals correlated with this transaction']
TXN04aa8f68-b,CUST00379,2026-07-05 17:28:03,3384.17,web,0.0,0.0,0.0,Low,['No individually suspicious telemetry signals correlated with this transaction']
TXNd0b21f98-8,CUST00379,2026-07-06 07:59:37,1139.3,web,0.0,0.0,0.0,Low,['No individually suspicious telemetry signals correlated with this transaction']
TXN161fe564-c,CUST00379,2026-07-15 09:50:10,5394.39,atm,0.0,0.0,0.0,Low,['No individually suspicious telemetry signals correlated with this transaction']
TXNc69ee73d-8,CUST00380,2026-06-18 20:01:59,640.95,web,0.0,0.0,0.0,Low,['No individually suspicious telemetry signals correlated with this transaction']
TXNa1ae96a0-c,CUST00380,2026-06-24 11:48:02,3330.7,mobile,0.0,0.0,0.0,Low,['No individually suspicious telemetry signals correlated with this transaction']
TXNe8724434-6,CUST00073,2026-06-23 02:10:03,6175.53,branch,0.0,0.0,0.0,Low,['No individually suspicious telemetry signals correlated with this transaction']
TXNcb33478a-f,CUST00073,2026-06-29 00:09:32,866.71,web,0.0,0.0,0.0,Low,['No individually suspicious telemetry signals correlated with this transaction']
TXNac5d7133-6,CUST00073,2026-06-30 15:00:43,956.9,mobile,0.0,0.0,0.0,Low,['No individually suspicious telemetry signals correlated with this transaction']
TXN81ef8162-3,CUST00073,2026-07-03 03:53:13,1240.95,mobile,0.0,0.0,0.0,Low,['No individually suspicious telemetry signals correlated with this transaction']
TXNa89f5f9d-e,CUST00073,2026-07-05 00:39:18,2240.79,web,0.0,0.0,0.0,Low,['No individually suspicious telemetry signals correlated with this transaction']
TXNe71594ff-d,CUST00073,2026-07-07 17:05:52,3265.69,atm,0.0,0.0,0.0,Low,['No individually suspicious telemetry signals correlated with this transaction']
TXNe8b81813-e,CUST00073,2026-07-15 05:57:48,1660.3,branch,0.0,0.0,0.0,Low,['No individually suspicious telemetry signals correlated with this transaction']
TXN64305373-f,CUST00074,2026-06-21 16:10:53,2415.28,mobile,0.0,0.0,0.0,Low,['No individually suspicious telemetry signals correlated with this transaction']
TXN6e15c527-f,CUST00074,2026-06-22 15:09:31,2514.09,web,0.0,0.0,0.0,Low,['No individually suspicious telemetry signals correlated with this transaction']
TXNd73cad84-5,CUST00074,2026-07-04 22:57:33,843.12,web,0.0,0.0,0.0,Low,['No individually suspicious telemetry signals correlated with this transaction']
TXN06b81c8a-0,CUST00074,2026-07-14 07:24:20,2059.34,mobile,0.0,0.0,0.0,Low,['No individually suspicious telemetry signals correlated with this transaction']
TXNbdc242a8-d,CUST00074,2026-07-15 03:28:10,2044.2,web,0.0,0.0,0.0,Low,['No individually suspicious telemetry signals correlated with this transaction']
TXNbea17713-f,CUST00380,2026-06-29 12:39:21,503.75,mobile,0.0,0.0,0.0,Low,['No individually suspicious telemetry signals correlated with this transaction']
TXNda7f624b-5,CUST00380,2026-07-09 17:45:04,5952.63,mobile,0.0,0.0,0.0,Low,['No individually suspicious telemetry signals correlated with this transaction']
TXN6eb1de50-c,CUST00380,2026-07-15 01:56:03,928.35,web,0.0,0.0,0.0,Low,['No individually suspicious telemetry signals correlated with this transaction']
TXN04621030-5,CUST00381,2026-06-20 14:52:37,2021.96,web,0.0,0.0,0.0,Low,['No individually suspicious telemetry signals correlated with this transaction']
TXNcf3b6e13-7,CUST00386,2026-06-17 22:43:12,808.92,web,0.0,0.0,0.0,Low,['No individually suspicious telemetry signals correlated with this transaction']
TXNf0657d73-0,CUST00382,2026-07-07 21:16:05,1505.48,web,0.0,0.0,0.0,Low,['No individually suspicious telemetry signals correlated with this transaction']
TXNcf928274-9,CUST00382,2026-07-12 23:20:32,2296.68,web,0.0,0.0,0.0,Low,['No individually suspicious telemetry signals correlated with this transaction']
TXNc2f72b1f-b,CUST00382,2026-07-16 01:23:51,4882.26,branch,0.0,0.0,0.0,Low,['No individually suspicious telemetry signals correlated with this transaction']
TXNff97588e-f,CUST00383,2026-06-19 18:00:54,621.22,atm,0.0,0.0,0.0,Low,['No individually suspicious telemetry signals correlated with this transaction']
TXNfb372648-6,CUST00383,2026-06-26 16:58:39,9399.86,atm,0.0,0.0,0.0,Low,['No individually suspicious telemetry signals correlated with this transaction']
TXN47d9dd10-2,CUST00383,2026-06-29 04:50:51,10009.43,mobile,0.0,0.0,0.0,Low,['No individually suspicious telemetry signals correlated with this transaction']
TXNd0d14782-4,CUST00383,2026-06-30 00:53:19,2007.86,mobile,0.0,0.0,0.0,Low,['No individually suspicious telemetry signals correlated with this transaction']
TXN06b19eec-0,CUST00383,2026-07-02 01:24:28,1167.46,mobile,0.0,0.0,0.0,Low,['No individually suspicious telemetry signals correlated with this transaction']
TXN5d210794-8,CUST00383,2026-07-09 13:32:41,4056.93,web,0.0,0.0,0.0,Low,['No individually suspicious telemetry signals correlated with this transaction']
TXN2f4d7d4a-5,CUST00383,2026-07-12 13:13:13,3985.65,web,0.0,0.0,0.0,Low,['No individually suspicious telemetry signals correlated with this transaction']
TXN0c906c01-3,CUST00384,2026-06-18 06:26:35,18290.51,atm,0.0,0.0,0.0,Low,['No individually suspicious telemetry signals correlated with this transaction']
TXNc49b9178-4,CUST00384,2026-06-19 10:58:40,1777.74,mobile,0.0,0.0,0.0,Low,['No individually suspicious telemetry signals correlated with this transaction']
TXN1fac9217-e,CUST00384,2026-06-22 22:46:31,1209.25,atm,0.0,0.0,0.0,Low,['No individually suspicious telemetry signals correlated with this transaction']
TXNda095b0c-4,CUST00072,2026-07-09 21:46:01,3915.85,web,0.0,0.0,0.0,Low,['No individually suspicious telemetry signals correlated with this transaction']
TXNc8ddd9bb-b,CUST00073,2026-06-20 21:22:20,2333.92,web,0.0,0.0,0.0,Low,['No individually suspicious telemetry signals correlated with this transaction']
TXN6370e0f7-a,CUST00387,2026-07-07 12:18:27,3585.37,branch,0.0,0.0,0.0,Low,['No individually suspicious telemetry signals correlated with this transaction']
TXNba8f4592-3,CUST00387,2026-07-09 22:15:20,364.44,mobile,0.0,0.0,0.0,Low,['No individually suspicious telemetry signals correlated with this transaction']
TXNbce4808b-2,CUST00387,2026-07-13 05:10:57,3512.58,web,0.0,0.0,0.0,Low,['No individually suspicious telemetry signals correlated with this transaction']
TXNb360e8af-9,CUST00387,2026-07-13 08:19:46,465.98,mobile,0.0,0.0,0.0,Low,['No individually suspicious telemetry signals correlated with this transaction']
TXN1d061735-5,CUST00384,2026-06-24 00:35:32,4880.57,atm,0.0,0.0,0.0,Low,['No individually suspicious telemetry signals correlated with this transaction']
TXN232e444c-d,CUST00384,2026-06-28 21:37:43,1516.49,atm,0.0,0.0,0.0,Low,['No individually suspicious telemetry signals correlated with this transaction']
TXN950ce835-3,CUST00384,2026-07-08 07:36:19,364.49,web,0.0,0.0,0.0,Low,['No individually suspicious telemetry signals correlated with this transaction']
TXN997bd7bb-9,CUST00384,2026-07-14 01:38:59,680.22,web,0.0,0.0,0.0,Low,['No individually suspicious telemetry signals correlated with this transaction']
TXNc2b8efc0-d,CUST00384,2026-07-15 12:58:25,4073.42,web,0.0,0.0,0.0,Low,['No individually suspicious telemetry signals correlated with this transaction']
TXNf1d799af-f,CUST00385,2026-06-16 14:27:40,3145.66,mobile,0.0,0.0,0.0,Low,['No individually suspicious telemetry signals correlated with this transaction']
TXNe8048c91-4,CUST00385,2026-06-21 23:20:22,261.05,branch,0.0,0.0,0.0,Low,['No individually suspicious telemetry signals correlated with this transaction']
TXN230b5490-0,CUST00385,2026-06-22 04:17:00,28.99,mobile,0.0,0.0,0.0,Low,['No individually suspicious telemetry signals correlated with this transaction']
TXNb67af865-c,CUST00385,2026-06-27 11:45:23,1199.47,web,0.0,0.0,0.0,Low,['No individually suspicious telemetry signals correlated with this transaction']
TXNdecc0209-9,CUST00385,2026-06-28 01:36:04,457.76,web,0.0,0.0,0.0,Low,['No individually suspicious telemetry signals correlated with this transaction']
TXNe0c2442e-e,CUST00385,2026-07-11 11:39:00,5256.59,branch,0.0,0.0,0.0,Low,['No individually suspicious telemetry signals correlated with this transaction']
TXNee481499-c,CUST00385,2026-07-14 00:06:53,3163.76,mobile,0.0,0.0,0.0,Low,['No individually suspicious telemetry signals correlated with this transaction']
TXNf945cfd4-6,CUST00388,2026-07-05 13:51:48,12314.26,atm,0.0,0.0,0.0,Low,['No individually suspicious telemetry signals correlated with this transaction']
TXN3fb00e1b-a,CUST00388,2026-07-12 17:04:14,1042.97,mobile,0.0,0.0,0.0,Low,['No individually suspicious telemetry signals correlated with this transaction']
TXN1d5720cd-f,CUST00388,2026-07-13 18:25:31,8754.06,web,0.0,0.0,0.0,Low,['No individually suspicious telemetry signals correlated with this transaction']
TXN948841cb-a,CUST00388,2026-07-15 23:07:42,8036.25,web,0.0,0.0,0.0,Low,['No individually suspicious telemetry signals correlated with this transaction']
TXN1c5bb4ce-b,CUST00389,2026-06-17 13:57:16,3741.94,branch,0.0,0.0,0.0,Low,['No individually suspicious telemetry signals correlated with this transaction']
TXNa5e0ecfd-b,CUST00389,2026-07-01 04:42:03,8026.38,branch,0.0,0.0,0.0,Low,['No individually suspicious telemetry signals correlated with this transaction']
TXN69d1b037-0,CUST00389,2026-07-03 21:41:26,668.18,web,0.0,0.0,0.0,Low,['No individually suspicious telemetry signals correlated with this transaction']
TXN650c4a03-a,CUST00389,2026-07-04 12:14:28,787.42,atm,0.0,0.0,0.0,Low,['No individually suspicious telemetry signals correlated with this transaction']
TXN00b8a88f-9,CUST00389,2026-07-04 19:18:01,1409.03,mobile,0.0,0.0,0.0,Low,['No individually suspicious telemetry signals correlated with this transaction']
TXN3f612028-c,CUST00386,2026-06-30 20:14:58,535.65,mobile,0.0,0.0,0.0,Low,['No individually suspicious telemetry signals correlated with this transaction']
TXN1b5d3449-8,CUST00386,2026-07-13 14:14:36,340.01,atm,0.0,0.0,0.0,Low,['No individually suspicious telemetry signals correlated with this transaction']
TXN686cd27d-f,CUST00387,2026-06-21 05:46:47,290.81,mobile,0.0,0.0,0.0,Low,['No individually suspicious telemetry signals correlated with this transaction']
TXNbad78868-c,CUST00387,2026-06-25 08:29:14,3181.06,mobile,0.0,0.0,0.0,Low,['No individually suspicious telemetry signals correlated with this transaction']
TXN2f64a0ad-2,CUST00387,2026-06-30 12:26:03,904.56,mobile,0.0,0.0,0.0,Low,['No individually suspicious telemetry signals correlated with this transaction']
TXN7e1e7e84-3,CUST00387,2026-07-02 11:48:24,4124.37,branch,0.0,0.0,0.0,Low,['No individually suspicious telemetry signals correlated with this transaction']
TXNaeb4eb8e-d,CUST00387,2026-07-06 08:07:57,3607.92,atm,0.0,0.0,0.0,Low,['No individually suspicious telemetry signals correlated with this transaction']
TXN8d814215-2,CUST00070,2026-06-30 01:36:11,1847.4,branch,0.0,0.0,0.0,Low,['No individually suspicious telemetry signals correlated with this transaction']
TXN6f959489-8,CUST00070,2026-07-04 09:15:06,10382.8,web,0.0,0.0,0.0,Low,['No individually suspicious telemetry signals correlated with this transaction']
TXN043486c3-a,CUST00071,2026-06-21 09:02:21,7555.16,web,0.0,0.0,0.0,Low,['No individually suspicious telemetry signals correlated with this transaction']
TXN1a8a76f3-6,CUST00071,2026-06-23 10:47:42,5199.59,atm,0.0,0.0,0.0,Low,['No individually suspicious telemetry signals correlated with this transaction']
TXNa22eb45b-1,CUST00071,2026-07-01 03:05:46,5951.86,atm,0.0,0.0,0.0,Low,['No individually suspicious telemetry signals correlated with this transaction']
TXNa254da12-6,CUST00071,2026-07-02 03:22:15,1127.1,mobile,0.0,0.0,0.0,Low,['No individually suspicious telemetry signals correlated with this transaction']
TXNf01a5097-9,CUST00071,2026-07-02 07:15:51,432.15,web,0.0,0.0,0.0,Low,['No individually suspicious telemetry signals correlated with this transaction']
TXNd655005d-c,CUST00071,2026-07-07 06:33:30,5225.19,branch,0.0,0.0,0.0,Low,['No individually suspicious telemetry signals correlated with this transaction']
TXN9fb30a4d-c,CUST00071,2026-07-10 23:56:39,251.24,mobile,0.0,0.0,0.0,Low,['No individually suspicious telemetry signals correlated with this transaction']
TXNc6e19fd7-3,CUST00072,2026-06-24 18:34:07,417.51,web,0.0,0.0,0.0,Low,['No individually suspicious telemetry signals correlated with this transaction']
TXNf35757c5-7,CUST00072,2026-07-02 08:24:03,360.87,atm,0.0,0.0,0.0,Low,['No individually suspicious telemetry signals correlated with this transaction']
TXNce4d89f3-9,CUST00072,2026-07-09 03:51:53,1206.45,mobile,0.0,0.0,0.0,Low,['No individually suspicious telemetry signals correlated with this transaction']
TXN9dcb65be-3,CUST00388,2026-06-16 13:50:50,599.66,atm,0.0,0.0,0.0,Low,['No individually suspicious telemetry signals correlated with this transaction']
TXN940d8bcc-e,CUST00388,2026-06-20 21:12:10,1429.18,web,0.0,0.0,0.0,Low,['No individually suspicious telemetry signals correlated with this transaction']
TXNbf2d57e1-3,CUST00388,2026-06-26 07:41:56,841.13,mobile,0.0,0.0,0.0,Low,['No individually suspicious telemetry signals correlated with this transaction']
TXN4aeeccef-8,CUST00388,2026-06-29 13:01:34,712.63,mobile,0.0,0.0,0.0,Low,['No individually suspicious telemetry signals correlated with this transaction']
TXNb09dcd19-4,CUST00393,2026-07-03 13:26:53,1807.09,branch,0.0,0.0,0.0,Low,['No individually suspicious telemetry signals correlated with this transaction']
TXNcf492a27-4,CUST00393,2026-07-04 02:36:28,974.2,mobile,0.0,0.0,0.0,Low,['No individually suspicious telemetry signals correlated with this transaction']
TXN46cbeb60-3,CUST00389,2026-07-08 12:24:20,557.51,atm,0.0,0.0,0.0,Low,['No individually suspicious telemetry signals correlated with this transaction']
TXN0beba1de-b,CUST00389,2026-07-10 01:24:35,1943.09,web,0.0,0.0,0.0,Low,['No individually suspicious telemetry signals correlated with this transaction']
TXN3b195b02-0,CUST00389,2026-07-13 23:08:58,3246.15,mobile,0.0,0.0,0.0,Low,['No individually suspicious telemetry signals correlated with this transaction']
TXN5e66d8fa-d,CUST00389,2026-07-14 06:00:30,1021.19,mobile,0.0,0.0,0.0,Low,['No individually suspicious telemetry signals correlated with this transaction']
TXNdb95e988-3,CUST00390,2026-06-20 21:06:17,7037.27,web,0.0,0.0,0.0,Low,['No individually suspicious telemetry signals correlated with this transaction']
TXN466aa217-a,CUST00390,2026-06-22 05:13:19,935.15,web,0.0,0.0,0.0,Low,['No individually suspicious telemetry signals correlated with this transaction']
TXN3e2613ab-a,CUST00390,2026-06-23 12:32:00,2850.16,mobile,0.0,0.0,0.0,Low,['No individually suspicious telemetry signals correlated with this transaction']
TXN60f41905-6,CUST00390,2026-07-08 21:05:13,1822.59,mobile,0.0,0.0,0.0,Low,['No individually suspicious telemetry signals correlated with this transaction']
TXNaa759a8a-d,CUST00390,2026-07-12 19:15:18,12102.44,web,0.0,0.0,0.0,Low,['No individually suspicious telemetry signals correlated with this transaction']
TXN4a00ae99-8,CUST00391,2026-06-22 21:39:48,1435.56,mobile,0.0,0.0,0.0,Low,['No individually suspicious telemetry signals correlated with this transaction']
TXN0f417135-d,CUST00391,2026-06-29 07:58:16,983.33,web,0.0,0.0,0.0,Low,['No individually suspicious telemetry signals correlated with this transaction']
TXNe19d4f0a-1,CUST00391,2026-06-30 18:07:30,1149.34,mobile,0.0,0.0,0.0,Low,['No individually suspicious telemetry signals correlated with this transaction']
TXN47820b9c-4,CUST00391,2026-07-01 23:36:57,5728.69,mobile,0.0,0.0,0.0,Low,['No individually suspicious telemetry signals correlated with this transaction']
TXN75757602-2,CUST00070,2026-06-23 05:47:13,551.2,mobile,0.0,0.0,0.0,Low,['No individually suspicious telemetry signals correlated with this transaction']
TXN7f3dcbf9-a,CUST00394,2026-07-09 23:44:44,975.81,mobile,0.0,0.0,0.0,Low,['No individually suspicious telemetry signals correlated with this transaction']
TXNc4bbf711-5,CUST00394,2026-07-13 18:30:52,3115.87,web,0.0,0.0,0.0,Low,['No individually suspicious telemetry signals correlated with this transaction']
TXN7b2413e8-0,CUST00394,2026-07-15 07:00:33,1261.38,web,0.0,0.0,0.0,Low,['No individually suspicious telemetry signals correlated with this transaction']
TXN461e24a3-f,CUST00391,2026-07-06 01:18:39,2360.66,branch,0.0,0.0,0.0,Low,['No individually suspicious telemetry signals correlated with this transaction']
TXN03864649-c,CUST00391,2026-07-14 13:23:34,1637.22,mobile,0.0,0.0,0.0,Low,['No individually suspicious telemetry signals correlated with this transaction']
TXN0fb83639-2,CUST00391,2026-07-15 00:38:39,2062.26,mobile,0.0,0.0,0.0,Low,['No individually suspicious telemetry signals correlated with this transaction']
TXN590c3cdc-7,CUST00392,2026-06-18 21:59:56,268.56,mobile,0.0,0.0,0.0,Low,['No individually suspicious telemetry signals correlated with this transaction']
TXN468ebdf8-d,CUST00392,2026-06-26 18:08:59,3594.43,atm,0.0,0.0,0.0,Low,['No individually suspicious telemetry signals correlated with this transaction']
TXN730825d1-3,CUST00392,2026-07-03 02:39:29,173.68,mobile,0.0,0.0,0.0,Low,['No individually suspicious telemetry signals correlated with this transaction']
TXN63fe0717-f,CUST00392,2026-07-09 07:35:34,265.08,branch,0.0,0.0,0.0,Low,['No individually suspicious telemetry signals correlated with this transaction']
TXN87935d69-c,CUST00392,2026-07-10 14:58:58,10612.38,atm,0.0,0.0,0.0,Low,['No individually suspicious telemetry signals correlated with this transaction']
TXNbf144332-4,CUST00393,2026-06-16 13:11:42,1028.37,web,0.0,0.0,0.0,Low,['No individually suspicious telemetry signals correlated with this transaction']
TXNa885f19e-d,CUST00393,2026-06-19 08:44:31,1877.24,mobile,0.0,0.0,0.0,Low,['No individually suspicious telemetry signals correlated with this transaction']
TXNef19117f-a,CUST00393,2026-06-20 00:27:16,12115.38,mobile,0.0,0.0,0.0,Low,['No individually suspicious telemetry signals correlated with this transaction']
TXN3dc0f8cf-1,CUST00393,2026-06-25 12:37:26,1957.6,mobile,0.0,0.0,0.0,Low,['No individually suspicious telemetry signals correlated with this transaction']
TXN0463aa5e-2,CUST00393,2026-06-30 02:13:19,985.51,mobile,0.0,0.0,0.0,Low,['No individually suspicious telemetry signals correlated with this transaction']
TXN2312271f-e,CUST00396,2026-07-07 15:18:11,8610.64,mobile,0.0,0.0,0.0,Low,['No individually suspicious telemetry signals correlated with this transaction']
TXN0b3b81a9-d,CUST00396,2026-07-15 01:24:10,430.64,web,0.0,0.0,0.0,Low,['No individually suspicious telemetry signals correlated with this transaction']
TXN35868ed1-e,CUST00397,2026-06-16 23:20:23,6034.23,web,0.0,0.0,0.0,Low,['No individually suspicious telemetry signals correlated with this transaction']
TXN96b0356c-a,CUST00397,2026-06-24 05:46:45,780.73,mobile,0.0,0.0,0.0,Low,['No individually suspicious telemetry signals correlated with this transaction']
TXN02fea0e2-4,CUST00397,2026-06-29 22:22:44,2385.27,web,0.0,0.0,0.0,Low,['No individually suspicious telemetry signals correlated with this transaction']
TXNf2d1e6c1-f,CUST00393,2026-07-08 11:20:42,783.43,mobile,0.0,0.0,0.0,Low,['No individually suspicious telemetry signals correlated with this transaction']
TXN7c641c58-a,CUST00393,2026-07-11 14:00:39,232.09,mobile,0.0,0.0,0.0,Low,['No individually suspicious telemetry signals correlated with this transaction']
TXN3876fdaa-7,CUST00393,2026-07-13 16:26:08,7748.22,web,0.0,0.0,0.0,Low,['No individually suspicious telemetry signals correlated with this transaction']
TXN9d148109-d,CUST00394,2026-06-18 15:05:20,2970.79,mobile,0.0,0.0,0.0,Low,['No individually suspicious telemetry signals correlated with this transaction']
TXN262b2cda-0,CUST00394,2026-06-20 16:55:26,565.53,atm,0.0,0.0,0.0,Low,['No individually suspicious telemetry signals correlated with this transaction']
TXN459df649-c,CUST00394,2026-06-20 18:37:59,2821.21,branch,0.0,0.0,0.0,Low,['No individually suspicious telemetry signals correlated with this transaction']
TXN6b732c7a-8,CUST00394,2026-06-23 08:06:04,2093.91,web,0.0,0.0,0.0,Low,['No individually suspicious telemetry signals correlated with this transaction']
TXN66e66f92-a,CUST00394,2026-06-23 08:34:08,10423.91,branch,0.0,0.0,0.0,Low,['No individually suspicious telemetry signals correlated with this transaction']
TXNbb8cea35-1,CUST00394,2026-07-06 12:09:37,1803.65,mobile,0.0,0.0,0.0,Low,['No individually suspicious telemetry signals correlated with this transaction']
TXNab1f5666-f,CUST00394,2026-07-07 21:19:23,354.27,mobile,0.0,0.0,0.0,Low,['No individually suspicious telemetry signals correlated with this transaction']
TXN6cc2e20f-c,CUST00394,2026-07-09 10:10:23,287.92,web,0.0,0.0,0.0,Low,['No individually suspicious telemetry signals correlated with this transaction']
TXNf481b9cb-9,CUST00069,2026-06-16 20:25:10,4343.72,web,0.0,0.0,0.0,Low,['No individually suspicious telemetry signals correlated with this transaction']
TXN3754c5ec-6,CUST00069,2026-06-17 22:33:50,1125.84,web,0.0,0.0,0.0,Low,['No individually suspicious telemetry signals correlated with this transaction']
TXN30efcbd3-f,CUST00069,2026-06-21 09:27:04,4389.56,mobile,0.0,0.0,0.0,Low,['No individually suspicious telemetry signals correlated with this transaction']
TXN5a0ae917-6,CUST00069,2026-06-28 03:09:02,2330.23,branch,0.0,0.0,0.0,Low,['No individually suspicious telemetry signals correlated with this transaction']
TXNffc19ef6-a,CUST00069,2026-07-02 20:06:33,1152.44,mobile,0.0,0.0,0.0,Low,['No individually suspicious telemetry signals correlated with this transaction']
TXN1fef4fb0-d,CUST00069,2026-07-10 02:08:42,45.5,web,0.0,0.0,0.0,Low,['No individually suspicious telemetry signals correlated with this transaction']
TXN4e954929-e,CUST00069,2026-07-15 18:31:41,1048.34,web,0.0,0.0,0.0,Low,['No individually suspicious telemetry signals correlated with this transaction']
TXN55f8bbb8-c,CUST00070,2026-06-21 08:42:54,2524.92,mobile,0.0,0.0,0.0,Low,['No individually suspicious telemetry signals correlated with this transaction']
TXN0bb9c606-5,CUST00395,2026-06-27 06:23:28,6759.68,web,0.0,0.0,0.0,Low,['No individually suspicious telemetry signals correlated with this transaction']
TXN78ac9c5e-5,CUST00395,2026-06-30 21:45:43,664.93,mobile,0.0,0.0,0.0,Low,['No individually suspicious telemetry signals correlated with this transaction']
TXN323eab00-9,CUST00395,2026-07-03 13:52:15,1888.54,web,0.0,0.0,0.0,Low,['No individually suspicious telemetry signals correlated with this transaction']
TXN9a00a4e2-f,CUST00395,2026-07-12 15:18:16,6062.46,mobile,0.0,0.0,0.0,Low,['No individually suspicious telemetry signals correlated with this transaction']
TXN13865151-b,CUST00396,2026-06-19 10:27:32,19414.37,mobile,0.0,0.0,0.0,Low,['No individually suspicious telemetry signals correlated with this transaction']
TXNf51ed666-6,CUST00396,2026-06-28 05:53:59,1491.97,mobile,0.0,0.0,0.0,Low,['No individually suspicious telemetry signals correlated with this transaction']
TXN88f47eed-6,CUST00396,2026-07-01 01:01:51,2231.88,branch,0.0,0.0,0.0,Low,['No individually suspicious telemetry signals correlated with this transaction']
TXN1a44fca1-1,CUST00396,2026-07-01 05:45:57,4058.91,branch,0.0,0.0,0.0,Low,['No individually suspicious telemetry signals correlated with this transaction']
TXN5ef1cb5b-3,CUST00397,2026-07-02 13:27:58,546.51,mobile,0.0,0.0,0.0,Low,['No individually suspicious telemetry signals correlated with this transaction']
TXN1eca80e9-6,CUST00397,2026-07-02 18:57:35,194.63,mobile,0.0,0.0,0.0,Low,['No individually suspicious telemetry signals correlated with this transaction']
TXN8c6ef4cd-f,CUST00397,2026-07-05 01:47:25,8049.35,branch,0.0,0.0,0.0,Low,['No individually suspicious telemetry signals correlated with this transaction']
TXNd12b32e6-7,CUST00398,2026-06-17 15:43:15,1255.58,mobile,0.0,0.0,0.0,Low,['No individually suspicious telemetry signals correlated with this transaction']
TXNc2cb0bc7-f,CUST00398,2026-06-21 08:38:41,2512.72,web,0.0,0.0,0.0,Low,['No individually suspicious telemetry signals correlated with this transaction']
TXN8971b1bb-9,CUST00398,2026-06-21 10:30:30,1292.28,atm,0.0,0.0,0.0,Low,['No individually suspicious telemetry signals correlated with this transaction']
TXNce2fbaf4-1,CUST00398,2026-07-01 12:33:45,1459.33,web,0.0,0.0,0.0,Low,['No individually suspicious telemetry signals correlated with this transaction']
TXN3c98fe89-e,CUST00398,2026-07-02 06:07:51,1782.69,mobile,0.0,0.0,0.0,Low,['No individually suspicious telemetry signals correlated with this transaction']
TXNa8449e0b-2,CUST00398,2026-07-02 10:46:11,1981.64,atm,0.0,0.0,0.0,Low,['No individually suspicious telemetry signals correlated with this transaction']
TXN01a0960b-b,CUST00398,2026-07-05 09:17:37,1252.98,mobile,0.0,0.0,0.0,Low,['No individually suspicious telemetry signals correlated with this transaction']
TXNecc06aeb-3,CUST00399,2026-06-23 01:33:29,16886.58,mobile,0.0,0.0,0.0,Low,['No individually suspicious telemetry signals correlated with this transaction']
TXN696c5060-c,CUST00399,2026-06-27 20:24:21,1975.15,mobile,0.0,0.0,0.0,Low,['No individually suspicious telemetry signals correlated with this transaction']
TXN5b5dc6ed-e,CUST00399,2026-07-06 18:38:00,1330.72,web,0.0,0.0,0.0,Low,['No individually suspicious telemetry signals correlated with this transaction']
TXNdb75dada-d,CUST00068,2026-06-21 20:26:12,3482.57,web,0.0,0.0,0.0,Low,['No individually suspicious telemetry signals correlated with this transaction']
TXNfcfd348c-0,CUST00068,2026-06-23 00:30:29,3392.55,mobile,0.0,0.0,0.0,Low,['No individually suspicious telemetry signals correlated with this transaction']
TXNa3900655-7,CUST00068,2026-06-26 06:06:47,1348.47,mobile,0.0,0.0,0.0,Low,['No individually suspicious telemetry signals correlated with this transaction']
TXN8e144e1f-b,CUST00403,2026-07-13 01:52:53,11212.19,mobile,0.0,0.0,0.0,Low,['No individually suspicious telemetry signals correlated with this transaction']
TXN9c672338-2,CUST00404,2026-06-24 03:07:21,724.57,mobile,0.0,0.0,0.0,Low,['No individually suspicious telemetry signals correlated with this transaction']
TXNc5954f39-c,CUST00404,2026-06-25 09:57:42,2796.97,mobile,0.0,0.0,0.0,Low,['No individually suspicious telemetry signals correlated with this transaction']
TXN67e39166-3,CUST00404,2026-06-25 10:06:28,723.1,web,0.0,0.0,0.0,Low,['No individually suspicious telemetry signals correlated with this transaction']
TXN477809ce-7,CUST00404,2026-07-03 09:22:41,1053.59,atm,0.0,0.0,0.0,Low,['No individually suspicious telemetry signals correlated with this transaction']
TXNb2290f1c-8,CUST00400,2026-06-20 07:58:17,880.74,mobile,0.0,0.0,0.0,Low,['No individually suspicious telemetry signals correlated with this transaction']
TXN18f67e0c-b,CUST00400,2026-06-25 09:19:06,18637.39,atm,0.0,0.0,0.0,Low,['No individually suspicious telemetry signals correlated with this transaction']
TXN0577f0c3-9,CUST00400,2026-07-15 01:18:11,9973.55,mobile,0.0,0.0,0.0,Low,['No individually suspicious telemetry signals correlated with this transaction']
TXNa962a21a-0,CUST00401,2026-06-17 20:40:51,425.72,atm,0.0,0.0,0.0,Low,['No individually suspicious telemetry signals correlated with this transaction']
TXN226f93e7-9,CUST00401,2026-06-19 16:37:09,1558.55,mobile,0.0,0.0,0.0,Low,['No individually suspicious telemetry signals correlated with this transaction']
TXN21f3eb6f-3,CUST00401,2026-07-03 16:16:59,2390.01,web,0.0,0.0,0.0,Low,['No individually suspicious telemetry signals correlated with this transaction']
TXN4cb22b3d-c,CUST00402,2026-06-29 23:14:03,5299.35,mobile,0.0,0.0,0.0,Low,['No individually suspicious telemetry signals correlated with this transaction']
TXNe6b23125-d,CUST00402,2026-06-30 07:07:48,15473.68,mobile,0.0,0.0,0.0,Low,['No individually suspicious telemetry signals correlated with this transaction']
TXN8874a1c5-0,CUST00402,2026-07-02 20:24:46,995.67,atm,0.0,0.0,0.0,Low,['No individually suspicious telemetry signals correlated with this transaction']
TXN2767ec01-6,CUST00402,2026-07-07 07:07:54,8339.61,mobile,0.0,0.0,0.0,Low,['No individually suspicious telemetry signals correlated with this transaction']
TXN01f39146-6,CUST00402,2026-07-16 06:41:55,1839.73,atm,0.0,0.0,0.0,Low,['No individually suspicious telemetry signals correlated with this transaction']
TXNb1cbe822-c,CUST00405,2026-06-17 05:44:53,1884.32,web,0.0,0.0,0.0,Low,['No individually suspicious telemetry signals correlated with this transaction']
TXN94a64978-a,CUST00405,2026-06-22 03:54:18,91.99,mobile,0.0,0.0,0.0,Low,['No individually suspicious telemetry signals correlated with this transaction']
TXN3ad0190f-0,CUST00405,2026-07-06 23:22:48,1969.77,atm,0.0,0.0,0.0,Low,['No individually suspicious telemetry signals correlated with this transaction']
TXN8d620ba6-8,CUST00406,2026-06-18 18:05:25,4777.08,mobile,0.0,0.0,0.0,Low,['No individually suspicious telemetry signals correlated with this transaction']
TXN229da816-d,CUST00406,2026-06-23 02:32:45,6466.55,web,0.0,0.0,0.0,Low,['No individually suspicious telemetry signals correlated with this transaction']
TXN89fd911f-2,CUST00406,2026-07-02 17:44:03,1112.18,branch,0.0,0.0,0.0,Low,['No individually suspicious telemetry signals correlated with this transaction']
TXN205d8635-c,CUST00406,2026-07-13 19:26:41,18871.43,web,0.0,0.0,0.0,Low,['No individually suspicious telemetry signals correlated with this transaction']
TXN82278cac-0,CUST00406,2026-07-13 22:57:51,3773.79,atm,0.0,0.0,0.0,Low,['No individually suspicious telemetry signals correlated with this transaction']
TXNe2696a73-8,CUST00406,2026-07-15 07:35:24,96.12,web,0.0,0.0,0.0,Low,['No individually suspicious telemetry signals correlated with this transaction']
TXN899df4da-8,CUST00407,2026-06-25 04:45:39,1968.64,web,0.0,0.0,0.0,Low,['No individually suspicious telemetry signals correlated with this transaction']
TXN4421c1e1-2,CUST00403,2026-06-17 10:23:41,893.17,mobile,0.0,0.0,0.0,Low,['No individually suspicious telemetry signals correlated with this transaction']
TXNfc0221b4-9,CUST00403,2026-06-22 13:59:33,4298.42,web,0.0,0.0,0.0,Low,['No individually suspicious telemetry signals correlated with this transaction']
TXNe6233aa1-9,CUST00403,2026-06-28 05:31:34,4314.51,branch,0.0,0.0,0.0,Low,['No individually suspicious telemetry signals correlated with this transaction']
TXNc3b0de86-1,CUST00403,2026-07-04 15:30:30,2409.81,web,0.0,0.0,0.0,Low,['No individually suspicious telemetry signals correlated with this transaction']
TXNf3310760-8,CUST00403,2026-07-07 19:44:33,5340.38,web,0.0,0.0,0.0,Low,['No individually suspicious telemetry signals correlated with this transaction']
TXNe4951ebb-d,CUST00403,2026-07-12 23:29:15,1195.69,mobile,0.0,0.0,0.0,Low,['No individually suspicious telemetry signals correlated with this transaction']
TXN8f97b21d-0,CUST00066,2026-06-20 09:36:45,1716.0,web,0.0,0.0,0.0,Low,['No individually suspicious telemetry signals correlated with this transaction']
TXN32d4d3a5-9,CUST00066,2026-06-24 13:11:54,2278.5,atm,0.0,0.0,0.0,Low,['No individually suspicious telemetry signals correlated with this transaction']
TXNc8aae0c8-b,CUST00066,2026-06-28 12:15:32,4582.18,web,0.0,0.0,0.0,Low,['No individually suspicious telemetry signals correlated with this transaction']
TXN92004957-b,CUST00066,2026-07-05 03:47:51,684.84,mobile,0.0,0.0,0.0,Low,['No individually suspicious telemetry signals correlated with this transaction']
TXN9417e0f5-a,CUST00066,2026-07-10 19:17:44,11626.22,branch,0.0,0.0,0.0,Low,['No individually suspicious telemetry signals correlated with this transaction']
TXN7b4bcaf8-6,CUST00066,2026-07-15 21:23:01,700.99,web,0.0,0.0,0.0,Low,['No individually suspicious telemetry signals correlated with this transaction']
TXNbbfecb11-f,CUST00067,2026-06-20 19:32:42,459.93,mobile,0.0,0.0,0.0,Low,['No individually suspicious telemetry signals correlated with this transaction']
TXNbbae2fbd-b,CUST00067,2026-07-03 05:14:48,2965.53,atm,0.0,0.0,0.0,Low,['No individually suspicious telemetry signals correlated with this transaction']
TXNe58118d1-2,CUST00067,2026-07-05 19:40:08,830.22,web,0.0,0.0,0.0,Low,['No individually suspicious telemetry signals correlated with this transaction']
TXNcac19d2e-1,CUST00067,2026-07-06 18:49:06,818.74,web,0.0,0.0,0.0,Low,['No individually suspicious telemetry signals correlated with this transaction']
TXN43470982-6,CUST00067,2026-07-07 10:05:33,524.15,mobile,0.0,0.0,0.0,Low,['No individually suspicious telemetry signals correlated with this transaction']
TXN7fdbabc1-2,CUST00067,2026-07-10 08:53:56,999.58,mobile,0.0,0.0,0.0,Low,['No individually suspicious telemetry signals correlated with this transaction']
TXN36d25823-9,CUST00404,2026-07-04 22:07:46,8294.59,mobile,0.0,0.0,0.0,Low,['No individually suspicious telemetry signals correlated with this transaction']
TXNf42050e8-3,CUST00404,2026-07-10 07:47:45,67.15,web,0.0,0.0,0.0,Low,['No individually suspicious telemetry signals correlated with this transaction']
TXN89131a4a-c,CUST00404,2026-07-14 07:13:23,5840.43,web,0.0,0.0,0.0,Low,['No individually suspicious telemetry signals correlated with this transaction']
TXNf316891d-8,CUST00405,2026-06-16 18:32:46,9882.31,web,0.0,0.0,0.0,Low,['No individually suspicious telemetry signals correlated with this transaction']
TXNc362f40b-d,CUST00411,2026-06-27 03:10:26,1623.27,atm,0.0,0.0,0.0,Low,['No individually suspicious telemetry signals correlated with this transaction']
TXNc9ceacdb-9,CUST00411,2026-07-10 16:14:36,4406.55,mobile,0.0,0.0,0.0,Low,['No individually suspicious telemetry signals correlated with this transaction']
TXNfd9c635d-3,CUST00412,2026-06-18 11:37:29,1247.97,atm,0.0,0.0,0.0,Low,['No individually suspicious telemetry signals correlated with this transaction']
TXN0c81a3cc-9,CUST00412,2026-06-18 18:47:58,958.43,mobile,0.0,0.0,0.0,Low,['No individually suspicious telemetry signals correlated with this transaction']
TXNcd88e44e-2,CUST00407,2026-07-03 05:04:58,1017.63,atm,0.0,0.0,0.0,Low,['No individually suspicious telemetry signals correlated with this transaction']
TXNa2e13d75-b,CUST00407,2026-07-13 05:38:52,366.42,mobile,0.0,0.0,0.0,Low,['No individually suspicious telemetry signals correlated with this transaction']
TXNd8e3cb62-f,CUST00408,2026-06-21 22:33:52,1668.86,web,0.0,0.0,0.0,Low,['No individually suspicious telemetry signals correlated with this transaction']
TXN9ff5846e-2,CUST00408,2026-06-24 16:01:25,1156.59,mobile,0.0,0.0,0.0,Low,['No individually suspicious telemetry signals correlated with this transaction']
TXNb88e33d1-6,CUST00408,2026-06-24 19:07:56,637.99,mobile,0.0,0.0,0.0,Low,['No individually suspicious telemetry signals correlated with this transaction']
TXNbcdc99ef-1,CUST00408,2026-07-11 20:28:11,2970.49,web,0.0,0.0,0.0,Low,['No individually suspicious telemetry signals correlated with this transaction']
TXNc67a56e3-0,CUST00409,2026-07-01 16:36:36,1839.96,web,0.0,0.0,0.0,Low,['No individually suspicious telemetry signals correlated with this transaction']
TXNbe00b0cb-c,CUST00409,2026-07-02 23:44:36,1738.98,atm,0.0,0.0,0.0,Low,['No individually suspicious telemetry signals correlated with this transaction']
TXNa17f2016-c,CUST00410,2026-06-21 03:49:06,3125.98,branch,0.0,0.0,0.0,Low,['No individually suspicious telemetry signals correlated with this transaction']
TXNfa82f65d-6,CUST00065,2026-07-15 22:04:14,4606.42,web,0.0,0.0,0.0,Low,['No individually suspicious telemetry signals correlated with this transaction']
TXN6fd1134e-b,CUST00066,2026-06-17 02:22:26,161.14,mobile,0.0,0.0,0.0,Low,['No individually suspicious telemetry signals correlated with this transaction']
TXN32d7cc22-2,CUST00066,2026-06-17 20:55:14,1719.77,web,0.0,0.0,0.0,Low,['No individually suspicious telemetry signals correlated with this transaction']
TXNa2fcab34-5,CUST00412,2026-07-07 20:36:09,930.36,web,0.0,0.0,0.0,Low,['No individually suspicious telemetry signals correlated with this transaction']
TXNb95175be-5,CUST00412,2026-07-14 21:03:51,2301.06,mobile,0.0,0.0,0.0,Low,['No individually suspicious telemetry signals correlated with this transaction']
TXN1f79260c-9,CUST00412,2026-07-15 12:58:15,2160.23,mobile,0.0,0.0,0.0,Low,['No individually suspicious telemetry signals correlated with this transaction']
TXNffad7df2-c,CUST00413,2026-06-18 11:16:42,269.64,mobile,0.0,0.0,0.0,Low,['No individually suspicious telemetry signals correlated with this transaction']
TXNc7533bff-9,CUST00413,2026-06-23 22:13:29,2289.25,mobile,0.0,0.0,0.0,Low,['No individually suspicious telemetry signals correlated with this transaction']
TXN20323ec5-2,CUST00413,2026-06-28 20:47:19,345.7,mobile,0.0,0.0,0.0,Low,['No individually suspicious telemetry signals correlated with this transaction']
TXN7b1463c9-3,CUST00410,2026-07-04 17:24:59,1972.34,web,0.0,0.0,0.0,Low,['No individually suspicious telemetry signals correlated with this transaction']
TXN069d887f-9,CUST00410,2026-07-09 15:28:46,1010.01,mobile,0.0,0.0,0.0,Low,['No individually suspicious telemetry signals correlated with this transaction']
TXN7060ee63-1,CUST00410,2026-07-14 17:56:40,3905.26,web,0.0,0.0,0.0,Low,['No individually suspicious telemetry signals correlated with this transaction']
TXN14c08edd-9,CUST00410,2026-07-15 19:33:50,383.56,atm,0.0,0.0,0.0,Low,['No individually suspicious telemetry signals correlated with this transaction']
TXN7dbb4c18-4,CUST00411,2026-06-17 03:11:57,2590.49,mobile,0.0,0.0,0.0,Low,['No individually suspicious telemetry signals correlated with this transaction']
TXN139c4fd6-c,CUST00411,2026-06-18 23:04:43,1617.2,mobile,0.0,0.0,0.0,Low,['No individually suspicious telemetry signals correlated with this transaction']
TXNa54680ad-8,CUST00411,2026-06-20 19:19:13,1355.41,mobile,0.0,0.0,0.0,Low,['No individually suspicious telemetry signals correlated with this transaction']
TXN938df7c1-a,CUST00411,2026-06-26 00:41:10,556.96,web,0.0,0.0,0.0,Low,['No individually suspicious telemetry signals correlated with this transaction']
TXN42c40e37-4,CUST00411,2026-06-26 18:19:30,138.42,web,0.0,0.0,0.0,Low,['No individually suspicious telemetry signals correlated with this transaction']
TXN5a744822-f,CUST00411,2026-06-26 21:02:18,7601.8,web,0.0,0.0,0.0,Low,['No individually suspicious telemetry signals correlated with this transaction']
TXNcd4f75e6-4,CUST00413,2026-07-07 10:43:00,833.91,mobile,0.0,0.0,0.0,Low,['No individually suspicious telemetry signals correlated with this transaction']
TXNdd811c65-1,CUST00413,2026-07-15 20:28:44,1218.98,web,0.0,0.0,0.0,Low,['No individually suspicious telemetry signals correlated with this transaction']
TXN666bd0ee-b,CUST00414,2026-06-20 14:36:26,5661.75,web,0.0,0.0,0.0,Low,['No individually suspicious telemetry signals correlated with this transaction']
TXN31a08f66-8,CUST00414,2026-06-21 10:09:12,1785.91,web,0.0,0.0,0.0,Low,['No individually suspicious telemetry signals correlated with this transaction']
TXN42f8bae4-0,CUST00414,2026-06-24 16:49:59,2656.5,mobile,0.0,0.0,0.0,Low,['No individually suspicious telemetry signals correlated with this transaction']
TXNac49b6e2-2,CUST00414,2026-07-06 06:50:46,9374.8,mobile,0.0,0.0,0.0,Low,['No individually suspicious telemetry signals correlated with this transaction']
TXN8c277f18-2,CUST00414,2026-07-06 10:46:29,1249.99,web,0.0,0.0,0.0,Low,['No individually suspicious telemetry signals correlated with this transaction']
TXNe2c350af-4,CUST00412,2026-06-19 06:55:25,420.08,mobile,0.0,0.0,0.0,Low,['No individually suspicious telemetry signals correlated with this transaction']
TXN2663afff-8,CUST00412,2026-06-19 22:45:53,3792.47,web,0.0,0.0,0.0,Low,['No individually suspicious telemetry signals correlated with this transaction']
TXNcc361369-2,CUST00412,2026-06-20 02:14:53,2647.57,web,0.0,0.0,0.0,Low,['No individually suspicious telemetry signals correlated with this transaction']
TXN780826ff-6,CUST00412,2026-06-21 12:16:40,1783.79,mobile,0.0,0.0,0.0,Low,['No individually suspicious telemetry signals correlated with this transaction']
TXN681f9515-0,CUST00412,2026-06-22 06:04:49,2498.43,mobile,0.0,0.0,0.0,Low,['No individually suspicious telemetry signals correlated with this transaction']
TXN77a1cf7d-6,CUST00412,2026-06-22 20:12:35,2470.86,web,0.0,0.0,0.0,Low,['No individually suspicious telemetry signals correlated with this transaction']
TXN0a148b9f-b,CUST00412,2026-06-23 19:44:11,4405.0,web,0.0,0.0,0.0,Low,['No individually suspicious telemetry signals correlated with this transaction']
TXN2b94906d-d,CUST00412,2026-06-28 12:52:21,9238.33,atm,0.0,0.0,0.0,Low,['No individually suspicious telemetry signals correlated with this transaction']
TXNbac70b9c-6,CUST00412,2026-06-29 21:27:12,3925.58,mobile,0.0,0.0,0.0,Low,['No individually suspicious telemetry signals correlated with this transaction']
TXNc632554b-9,CUST00064,2026-06-23 22:01:24,2944.63,web,0.0,0.0,0.0,Low,['No individually suspicious telemetry signals correlated with this transaction']
TXN8b8a7166-0,CUST00064,2026-07-07 12:58:59,4351.28,web,0.0,0.0,0.0,Low,['No individually suspicious telemetry signals correlated with this transaction']
TXNcefc0e85-e,CUST00064,2026-07-09 00:11:34,2021.19,mobile,0.0,0.0,0.0,Low,['No individually suspicious telemetry signals correlated with this transaction']
TXN2540647b-7,CUST00064,2026-07-09 21:34:17,1831.94,mobile,0.0,0.0,0.0,Low,['No individually suspicious telemetry signals correlated with this transaction']
TXN14eae37c-6,CUST00065,2026-06-18 09:14:11,1484.8,branch,0.0,0.0,0.0,Low,['No individually suspicious telemetry signals correlated with this transaction']
TXNe51bdfff-1,CUST00065,2026-06-19 07:13:50,2660.2,web,0.0,0.0,0.0,Low,['No individually suspicious telemetry signals correlated with this transaction']
TXNf69f239b-5,CUST00065,2026-06-28 06:21:41,203.89,web,0.0,0.0,0.0,Low,['No individually suspicious telemetry signals correlated with this transaction']
TXN36cf9429-8,CUST00065,2026-06-28 21:23:51,6839.32,web,0.0,0.0,0.0,Low,['No individually suspicious telemetry signals correlated with this transaction']
TXN4087be6a-4,CUST00065,2026-07-06 16:27:56,457.37,branch,0.0,0.0,0.0,Low,['No individually suspicious telemetry signals correlated with this transaction']
TXNc234af07-f,CUST00065,2026-07-10 19:21:27,5280.04,web,0.0,0.0,0.0,Low,['No individually suspicious telemetry signals correlated with this transaction']
TXN2f1fc132-4,CUST00065,2026-07-11 05:44:12,3916.67,web,0.0,0.0,0.0,Low,['No individually suspicious telemetry signals correlated with this transaction']
TXN73905263-b,CUST00065,2026-07-13 22:58:54,1994.23,mobile,0.0,0.0,0.0,Low,['No individually suspicious telemetry signals correlated with this transaction']
TXNdb2d0fff-f,CUST00413,2026-07-04 01:49:11,1112.94,mobile,0.0,0.0,0.0,Low,['No individually suspicious telemetry signals correlated with this transaction']
TXN9a2363fe-6,CUST00413,2026-07-04 07:27:38,346.03,mobile,0.0,0.0,0.0,Low,['No individually suspicious telemetry signals correlated with this transaction']
TXNea4cd607-8,CUST00413,2026-07-04 19:09:14,353.69,mobile,0.0,0.0,0.0,Low,['No individually suspicious telemetry signals correlated with this transaction']
TXN75c41c37-8,CUST00413,2026-07-06 18:38:13,1409.01,atm,0.0,0.0,0.0,Low,['No individually suspicious telemetry signals correlated with this transaction']
TXN1f473751-b,CUST00418,2026-06-24 02:14:26,1131.71,mobile,0.0,0.0,0.0,Low,['No individually suspicious telemetry signals correlated with this transaction']
TXN054d35aa-2,CUST00415,2026-06-19 07:06:45,295.1,mobile,0.0,0.0,0.0,Low,['No individually suspicious telemetry signals correlated with this transaction']
TXNa52aea24-9,CUST00415,2026-06-28 02:56:48,3871.74,atm,0.0,0.0,0.0,Low,['No individually suspicious telemetry signals correlated with this transaction']
TXNb8e55770-5,CUST00415,2026-06-28 04:39:07,4617.08,mobile,0.0,0.0,0.0,Low,['No individually suspicious telemetry signals correlated with this transaction']
TXNb9da7480-4,CUST00415,2026-06-29 07:11:50,485.6,mobile,0.0,0.0,0.0,Low,['No individually suspicious telemetry signals correlated with this transaction']
TXN4eb818dd-b,CUST00415,2026-06-30 04:14:35,1416.68,branch,0.0,0.0,0.0,Low,['No individually suspicious telemetry signals correlated with this transaction']
TXN76435b4e-1,CUST00415,2026-07-05 10:51:14,2102.43,atm,0.0,0.0,0.0,Low,['No individually suspicious telemetry signals correlated with this transaction']
TXN6e4ebe99-8,CUST00415,2026-07-12 04:19:55,219.69,web,0.0,0.0,0.0,Low,['No individually suspicious telemetry signals correlated with this transaction']
TXNa1b2a7e5-f,CUST00416,2026-06-29 12:32:06,5989.56,web,0.0,0.0,0.0,Low,['No individually suspicious telemetry signals correlated with this transaction']
TXN8b20cc44-5,CUST00416,2026-06-30 02:38:23,535.97,mobile,0.0,0.0,0.0,Low,['No individually suspicious telemetry signals correlated with this transaction']
TXN31116b6a-4,CUST00416,2026-07-04 11:00:37,908.63,mobile,0.0,0.0,0.0,Low,['No individually suspicious telemetry signals correlated with this transaction']
TXNb89b9722-3,CUST00416,2026-07-05 01:25:14,6074.86,branch,0.0,0.0,0.0,Low,['No individually suspicious telemetry signals correlated with this transaction']
TXN2fc44d65-0,CUST00416,2026-07-05 06:29:26,2128.76,branch,0.0,0.0,0.0,Low,['No individually suspicious telemetry signals correlated with this transaction']
TXN63e31ac9-d,CUST00416,2026-07-10 17:49:09,8487.0,mobile,0.0,0.0,0.0,Low,['No individually suspicious telemetry signals correlated with this transaction']
TXN366f4268-7,CUST00063,2026-07-09 20:36:16,5804.09,mobile,0.0,0.0,0.0,Low,['No individually suspicious telemetry signals correlated with this transaction']
TXN9175fc63-5,CUST00064,2026-06-20 12:58:23,1289.08,web,0.0,0.0,0.0,Low,['No individually suspicious telemetry signals correlated with this transaction']
TXN170e0447-1,CUST00419,2026-07-11 00:56:01,665.89,web,0.0,0.0,0.0,Low,['No individually suspicious telemetry signals correlated with this transaction']
TXN0c5f606f-8,CUST00419,2026-07-12 04:22:21,3514.37,mobile,0.0,0.0,0.0,Low,['No individually suspicious telemetry signals correlated with this transaction']
TXN13abd39b-b,CUST00419,2026-07-12 13:39:42,5207.92,mobile,0.0,0.0,0.0,Low,['No individually suspicious telemetry signals correlated with this transaction']
TXNe958c745-0,CUST00420,2026-06-20 17:10:52,2079.52,web,0.0,0.0,0.0,Low,['No individually suspicious telemetry signals correlated with this transaction']
TXN4a658a7d-c,CUST00416,2026-07-13 21:28:39,5435.27,web,0.0,0.0,0.0,Low,['No individually suspicious telemetry signals correlated with this transaction']
TXNbaafe28b-e,CUST00416,2026-07-14 07:13:41,2979.13,mobile,0.0,0.0,0.0,Low,['No individually suspicious telemetry signals correlated with this transaction']
TXNb28935e7-8,CUST00417,2026-06-29 09:33:25,846.08,mobile,0.0,0.0,0.0,Low,['No individually suspicious telemetry signals correlated with this transaction']
TXNd4961e60-2,CUST00417,2026-06-30 09:06:55,1645.09,mobile,0.0,0.0,0.0,Low,['No individually suspicious telemetry signals correlated with this transaction']
TXN7846e9c5-1,CUST00417,2026-07-01 08:55:22,1145.27,web,0.0,0.0,0.0,Low,['No individually suspicious telemetry signals correlated with this transaction']
TXN1be52474-b,CUST00417,2026-07-04 08:41:03,3746.35,web,0.0,0.0,0.0,Low,['No individually suspicious telemetry signals correlated with this transaction']
TXN8352aaba-4,CUST00417,2026-07-04 12:29:51,2342.21,web,0.0,0.0,0.0,Low,['No individually suspicious telemetry signals correlated with this transaction']
TXNcac6a853-6,CUST00417,2026-07-05 20:59:10,3927.13,web,0.0,0.0,0.0,Low,['No individually suspicious telemetry signals correlated with this transaction']
TXN87c5577f-d,CUST00417,2026-07-08 04:25:29,1923.99,mobile,0.0,0.0,0.0,Low,['No individually suspicious telemetry signals correlated with this transaction']
TXNb9ba04a8-5,CUST00417,2026-07-12 22:20:38,1663.22,web,0.0,0.0,0.0,Low,['No individually suspicious telemetry signals correlated with this transaction']
TXN34634757-3,CUST00418,2026-06-17 22:56:17,390.05,web,0.0,0.0,0.0,Low,['No individually suspicious telemetry signals correlated with this transaction']
TXN4a298783-0,CUST00418,2026-06-19 05:03:15,2523.14,web,0.0,0.0,0.0,Low,['No individually suspicious telemetry signals correlated with this transaction']
TXN68b666d6-6,CUST00061,2026-07-11 07:23:18,1060.89,web,0.0,0.0,0.0,Low,['No individually suspicious telemetry signals correlated with this transaction']
TXN6035d9af-4,CUST00062,2026-06-26 11:47:40,1159.32,web,0.0,0.0,0.0,Low,['No individually suspicious telemetry signals correlated with this transaction']
TXN1bbcb748-b,CUST00062,2026-06-27 23:19:16,1119.52,web,0.0,0.0,0.0,Low,['No individually suspicious telemetry signals correlated with this transaction']
TXN659e2deb-e,CUST00062,2026-07-01 14:52:50,2941.13,mobile,0.0,0.0,0.0,Low,['No individually suspicious telemetry signals correlated with this transaction']
TXN1bef39f1-7,CUST00062,2026-07-15 06:27:53,1494.98,web,0.0,0.0,0.0,Low,['No individually suspicious telemetry signals correlated with this transaction']
TXN1d447f41-7,CUST00063,2026-06-24 15:27:41,272.09,web,0.0,0.0,0.0,Low,['No individually suspicious telemetry signals correlated with this transaction']
TXN57a911b3-5,CUST00063,2026-07-08 06:16:25,301.66,branch,0.0,0.0,0.0,Low,['No individually suspicious telemetry signals correlated with this transaction']
TXNce8437fc-3,CUST00418,2026-06-30 01:28:41,375.83,web,0.0,0.0,0.0,Low,['No individually suspicious telemetry signals correlated with this transaction']
TXNac7625b8-0,CUST00418,2026-07-01 21:01:22,1809.12,atm,0.0,0.0,0.0,Low,['No individually suspicious telemetry signals correlated with this transaction']
TXN964d9921-4,CUST00418,2026-07-13 03:36:40,2835.95,mobile,0.0,0.0,0.0,Low,['No individually suspicious telemetry signals correlated with this transaction']
TXNadc4b86d-a,CUST00419,2026-06-22 21:51:26,2816.44,web,0.0,0.0,0.0,Low,['No individually suspicious telemetry signals correlated with this transaction']
TXN3db87d15-3,CUST00419,2026-06-23 15:57:08,1935.53,mobile,0.0,0.0,0.0,Low,['No individually suspicious telemetry signals correlated with this transaction']
TXNe0ebb3c7-b,CUST00419,2026-06-24 10:36:30,1222.98,atm,0.0,0.0,0.0,Low,['No individually suspicious telemetry signals correlated with this transaction']
TXNffdb88d7-5,CUST00419,2026-06-30 00:39:33,3162.49,atm,0.0,0.0,0.0,Low,['No individually suspicious telemetry signals correlated with this transaction']
TXN681a035f-e,CUST00419,2026-07-03 20:03:47,439.77,atm,0.0,0.0,0.0,Low,['No individually suspicious telemetry signals correlated with this transaction']
TXN746a18dc-9,CUST00419,2026-07-10 16:16:35,2255.04,mobile,0.0,0.0,0.0,Low,['No individually suspicious telemetry signals correlated with this transaction']
TXN0956f0e5-e,CUST00424,2026-06-21 15:39:03,921.03,web,0.0,0.0,0.0,Low,['No individually suspicious telemetry signals correlated with this transaction']
TXN7f258778-8,CUST00420,2026-06-23 21:04:23,6924.26,web,0.0,0.0,0.0,Low,['No individually suspicious telemetry signals correlated with this transaction']
TXNf5f30d6e-7,CUST00420,2026-06-25 23:02:13,1202.49,mobile,0.0,0.0,0.0,Low,['No individually suspicious telemetry signals correlated with this transaction']
TXN06cd3e3b-d,CUST00420,2026-06-26 03:13:19,3341.1,mobile,0.0,0.0,0.0,Low,['No individually suspicious telemetry signals correlated with this transaction']
TXN8643eed7-d,CUST00420,2026-06-27 01:32:30,1914.52,web,0.0,0.0,0.0,Low,['No individually suspicious telemetry signals correlated with this transaction']
TXNc766dd63-6,CUST00420,2026-06-27 12:08:07,1669.73,branch,0.0,0.0,0.0,Low,['No individually suspicious telemetry signals correlated with this transaction']
TXN6a3eed4f-c,CUST00421,2026-06-25 01:04:00,1522.1,atm,0.0,0.0,0.0,Low,['No individually suspicious telemetry signals correlated with this transaction']
TXNd66cbda1-2,CUST00421,2026-06-25 13:16:23,985.44,web,0.0,0.0,0.0,Low,['No individually suspicious telemetry signals correlated with this transaction']
TXN7f527025-b,CUST00421,2026-06-26 20:24:21,5461.2,atm,0.0,0.0,0.0,Low,['No individually suspicious telemetry signals correlated with this transaction']
TXN960a035c-0,CUST00421,2026-07-03 13:01:10,1495.34,web,0.0,0.0,0.0,Low,['No individually suspicious telemetry signals correlated with this transaction']
TXNeaab0629-6,CUST00421,2026-07-04 03:36:49,2024.54,atm,0.0,0.0,0.0,Low,['No individually suspicious telemetry signals correlated with this transaction']
TXN9c1817a3-5,CUST00421,2026-07-07 01:05:42,4976.89,mobile,0.0,0.0,0.0,Low,['No individually suspicious telemetry signals correlated with this transaction']
TXN5d0c8205-0,CUST00061,2026-07-02 18:25:33,2404.38,mobile,0.0,0.0,0.0,Low,['No individually suspicious telemetry signals correlated with this transaction']
TXNb32281f3-3,CUST00061,2026-07-06 15:23:09,139.96,web,0.0,0.0,0.0,Low,['No individually suspicious telemetry signals correlated with this transaction']
TXN0aecc94d-a,CUST00061,2026-07-08 00:58:42,6676.87,web,0.0,0.0,0.0,Low,['No individually suspicious telemetry signals correlated with this transaction']
TXN69c718ee-a,CUST00061,2026-07-10 17:03:30,1094.39,mobile,0.0,0.0,0.0,Low,['No individually suspicious telemetry signals correlated with this transaction']
TXNd173bd6d-1,CUST00425,2026-06-30 10:10:26,897.95,web,0.0,0.0,0.0,Low,['No individually suspicious telemetry signals correlated with this transaction']
TXNdff4cc91-3,CUST00425,2026-07-01 07:13:23,5301.81,web,0.0,0.0,0.0,Low,['No individually suspicious telemetry signals correlated with this transaction']
TXNf0582911-0,CUST00425,2026-07-10 01:43:34,10532.19,web,0.0,0.0,0.0,Low,['No individually suspicious telemetry signals correlated with this transaction']
TXNc4811514-2,CUST00426,2026-06-19 18:24:06,14567.93,mobile,0.0,0.0,0.0,Low,['No individually suspicious telemetry signals correlated with this transaction']
TXN6fad7460-2,CUST00426,2026-06-20 22:24:00,718.78,web,0.0,0.0,0.0,Low,['No individually suspicious telemetry signals correlated with this transaction']
TXN5577526f-6,CUST00421,2026-07-16 08:57:29,781.01,mobile,0.0,0.0,0.0,Low,['No individually suspicious telemetry signals correlated with this transaction']
TXNe2c94a44-2,CUST00422,2026-06-18 04:29:47,5006.85,web,0.0,0.0,0.0,Low,['No individually suspicious telemetry signals correlated with this transaction']
TXN4ad07831-8,CUST00422,2026-07-05 00:03:07,283.61,mobile,0.0,0.0,0.0,Low,['No individually suspicious telemetry signals correlated with this transaction']
TXN93350c77-c,CUST00422,2026-07-11 01:08:38,4636.21,atm,0.0,0.0,0.0,Low,['No individually suspicious telemetry signals correlated with this transaction']
TXN9a8b8524-4,CUST00422,2026-07-13 06:13:33,434.03,branch,0.0,0.0,0.0,Low,['No individually suspicious telemetry signals correlated with this transaction']
TXN06c0965d-d,CUST00422,2026-07-13 09:00:59,4436.8,mobile,0.0,0.0,0.0,Low,['No individually suspicious telemetry signals correlated with this transaction']
TXNff36fe7f-c,CUST00423,2026-06-25 09:04:35,6594.42,web,0.0,0.0,0.0,Low,['No individually suspicious telemetry signals correlated with this transaction']
TXN4667b057-7,CUST00423,2026-06-27 00:27:47,4846.77,branch,0.0,0.0,0.0,Low,['No individually suspicious telemetry signals correlated with this transaction']
TXN37309e25-f,CUST00423,2026-06-29 00:54:25,1013.04,web,0.0,0.0,0.0,Low,['No individually suspicious telemetry signals correlated with this transaction']
TXNd0a05417-2,CUST00423,2026-07-07 14:30:39,1479.98,branch,0.0,0.0,0.0,Low,['No individually suspicious telemetry signals correlated with this transaction']
TXN25db9dbd-8,CUST00423,2026-07-07 23:41:06,1931.09,web,0.0,0.0,0.0,Low,['No individually suspicious telemetry signals correlated with this transaction']
TXN5a765b48-5,CUST00060,2026-06-27 02:38:30,1136.34,mobile,0.0,0.0,0.0,Low,['No individually suspicious telemetry signals correlated with this transaction']
TXNf8c01007-1,CUST00060,2026-07-01 22:27:30,839.15,branch,0.0,0.0,0.0,Low,['No individually suspicious telemetry signals correlated with this transaction']
TXN7fb8b6c6-1,CUST00060,2026-07-02 04:45:02,415.88,mobile,0.0,0.0,0.0,Low,['No individually suspicious telemetry signals correlated with this transaction']
TXNec95ccf1-a,CUST00060,2026-07-02 14:51:44,303.96,mobile,0.0,0.0,0.0,Low,['No individually suspicious telemetry signals correlated with this transaction']
TXNc35d8f64-4,CUST00060,2026-07-05 08:42:41,6758.17,web,0.0,0.0,0.0,Low,['No individually suspicious telemetry signals correlated with this transaction']
TXNfc73e358-4,CUST00060,2026-07-14 03:10:19,6185.74,mobile,0.0,0.0,0.0,Low,['No individually suspicious telemetry signals correlated with this transaction']
TXNae3acdf2-e,CUST00061,2026-06-17 03:29:09,914.2,mobile,0.0,0.0,0.0,Low,['No individually suspicious telemetry signals correlated with this transaction']
TXNe09dd9e8-4,CUST00061,2026-06-18 08:09:52,244.1,mobile,0.0,0.0,0.0,Low,['No individually suspicious telemetry signals correlated with this transaction']
TXN8331d711-5,CUST00061,2026-06-22 12:32:09,949.39,mobile,0.0,0.0,0.0,Low,['No individually suspicious telemetry signals correlated with this transaction']
TXN279163f4-0,CUST00061,2026-06-27 14:48:57,1079.18,atm,0.0,0.0,0.0,Low,['No individually suspicious telemetry signals correlated with this transaction']
TXN504b10c8-f,CUST00061,2026-06-28 07:45:04,377.46,web,0.0,0.0,0.0,Low,['No individually suspicious telemetry signals correlated with this transaction']
TXNbb10f0be-d,CUST00424,2026-06-23 23:23:11,2237.64,mobile,0.0,0.0,0.0,Low,['No individually suspicious telemetry signals correlated with this transaction']
TXN0af87147-b,CUST00424,2026-06-25 10:31:47,1426.35,mobile,0.0,0.0,0.0,Low,['No individually suspicious telemetry signals correlated with this transaction']
TXN0570ea72-a,CUST00424,2026-07-04 19:16:05,2428.39,mobile,0.0,0.0,0.0,Low,['No individually suspicious telemetry signals correlated with this transaction']
TXN893e2de8-8,CUST00424,2026-07-13 23:31:24,5595.83,mobile,0.0,0.0,0.0,Low,['No individually suspicious telemetry signals correlated with this transaction']
TXN18927ebd-b,CUST00425,2026-06-22 01:40:55,430.78,web,0.0,0.0,0.0,Low,['No individually suspicious telemetry signals correlated with this transaction']
TXN99adf607-c,CUST00429,2026-06-26 06:32:19,3206.3,mobile,0.0,0.0,0.0,Low,['No individually suspicious telemetry signals correlated with this transaction']
TXN2a64d46b-c,CUST00429,2026-06-29 17:14:16,1047.51,branch,0.0,0.0,0.0,Low,['No individually suspicious telemetry signals correlated with this transaction']
TXN929d778e-9,CUST00429,2026-07-01 08:42:51,2129.49,mobile,0.0,0.0,0.0,Low,['No individually suspicious telemetry signals correlated with this transaction']
TXNa05a53c4-7,CUST00426,2026-06-26 18:26:19,427.95,web,0.0,0.0,0.0,Low,['No individually suspicious telemetry signals correlated with this transaction']
TXN367d9053-b,CUST00426,2026-06-28 16:56:01,3317.11,web,0.0,0.0,0.0,Low,['No individually suspicious telemetry signals correlated with this transaction']
TXN572d3274-e,CUST00426,2026-06-29 11:51:21,10921.71,mobile,0.0,0.0,0.0,Low,['No individually suspicious telemetry signals correlated with this transaction']
TXNc3575ff1-6,CUST00426,2026-07-03 20:48:43,1180.72,atm,0.0,0.0,0.0,Low,['No individually suspicious telemetry signals correlated with this transaction']
TXN24812872-e,CUST00427,2026-06-16 12:36:54,4140.35,atm,0.0,0.0,0.0,Low,['No individually suspicious telemetry signals correlated with this transaction']
TXN3dfa45fa-1,CUST00427,2026-06-23 18:22:46,1209.11,mobile,0.0,0.0,0.0,Low,['No individually suspicious telemetry signals correlated with this transaction']
TXNaac782ac-d,CUST00427,2026-06-24 12:12:29,3155.89,mobile,0.0,0.0,0.0,Low,['No individually suspicious telemetry signals correlated with this transaction']
TXN7397b987-5,CUST00427,2026-06-26 14:20:35,3392.73,branch,0.0,0.0,0.0,Low,['No individually suspicious telemetry signals correlated with this transaction']
TXN5fd24b9a-a,CUST00427,2026-07-02 23:06:07,425.93,web,0.0,0.0,0.0,Low,['No individually suspicious telemetry signals correlated with this transaction']
TXN0bce8eeb-6,CUST00427,2026-07-05 09:41:16,135.43,web,0.0,0.0,0.0,Low,['No individually suspicious telemetry signals correlated with this transaction']
TXN0144fe67-8,CUST00427,2026-07-07 08:58:55,1671.13,atm,0.0,0.0,0.0,Low,['No individually suspicious telemetry signals correlated with this transaction']
TXN2b729d66-5,CUST00060,2026-06-17 01:57:33,338.13,mobile,0.0,0.0,0.0,Low,['No individually suspicious telemetry signals correlated with this transaction']
TXNb5ed7ce8-2,CUST00060,2026-06-21 10:37:17,3932.9,web,0.0,0.0,0.0,Low,['No individually suspicious telemetry signals correlated with this transaction']
TXN5492112f-2,CUST00430,2026-07-13 22:46:36,3267.48,web,0.0,0.0,0.0,Low,['No individually suspicious telemetry signals correlated with this transaction']
TXN79150e99-8,CUST00431,2026-06-20 01:02:38,770.53,web,0.0,0.0,0.0,Low,['No individually suspicious telemetry signals correlated with this transaction']
TXN2f592f3e-1,CUST00431,2026-06-27 21:31:39,384.72,branch,0.0,0.0,0.0,Low,['No individually suspicious telemetry signals correlated with this transaction']
TXN677a72f6-6,CUST00431,2026-06-30 04:11:45,6984.36,mobile,0.0,0.0,0.0,Low,['No individually suspicious telemetry signals correlated with this transaction']
TXNd1c1f266-c,CUST00431,2026-06-30 13:51:07,991.08,atm,0.0,0.0,0.0,Low,['No individually suspicious telemetry signals correlated with this transaction']
TXNb31e120d-9,CUST00431,2026-06-30 16:23:27,7855.91,web,0.0,0.0,0.0,Low,['No individually suspicious telemetry signals correlated with this transaction']
TXNf001e73c-f,CUST00431,2026-07-02 12:57:09,20383.23,web,0.0,0.0,0.0,Low,['No individually suspicious telemetry signals correlated with this transaction']
TXNf99003d8-c,CUST00431,2026-07-04 08:45:32,1935.09,mobile,0.0,0.0,0.0,Low,['No individually suspicious telemetry signals correlated with this transaction']
TXNbfe9efdb-4,CUST00427,2026-07-10 14:02:01,124.82,mobile,0.0,0.0,0.0,Low,['No individually suspicious telemetry signals correlated with this transaction']
TXN728ac5fd-f,CUST00427,2026-07-12 07:48:07,683.81,web,0.0,0.0,0.0,Low,['No individually suspicious telemetry signals correlated with this transaction']
TXN4c6694ab-5,CUST00427,2026-07-13 23:53:51,2116.23,branch,0.0,0.0,0.0,Low,['No individually suspicious telemetry signals correlated with this transaction']
TXNe4cb277f-b,CUST00427,2026-07-15 17:18:48,3781.05,branch,0.0,0.0,0.0,Low,['No individually suspicious telemetry signals correlated with this transaction']
TXNfdecc58d-7,CUST00428,2026-06-17 15:24:05,367.06,web,0.0,0.0,0.0,Low,['No individually suspicious telemetry signals correlated with this transaction']
TXN0409b7c8-e,CUST00428,2026-06-24 04:42:43,922.46,mobile,0.0,0.0,0.0,Low,['No individually suspicious telemetry signals correlated with this transaction']
TXN4927db4a-4,CUST00428,2026-07-02 18:09:11,665.49,mobile,0.0,0.0,0.0,Low,['No individually suspicious telemetry signals correlated with this transaction']
TXNb521d095-9,CUST00428,2026-07-11 09:05:56,4362.66,web,0.0,0.0,0.0,Low,['No individually suspicious telemetry signals correlated with this transaction']
TXNa03e7003-e,CUST00058,2026-07-07 17:59:06,1036.07,mobile,0.0,0.0,0.0,Low,['No individually suspicious telemetry signals correlated with this transaction']
TXNaeb00fb9-2,CUST00058,2026-07-08 21:31:11,3197.23,mobile,0.0,0.0,0.0,Low,['No individually suspicious telemetry signals correlated with this transaction']
TXNff3c03a6-3,CUST00059,2026-06-17 04:57:48,2465.72,mobile,0.0,0.0,0.0,Low,['No individually suspicious telemetry signals correlated with this transaction']
TXNf540838e-1,CUST00059,2026-06-19 13:36:00,11110.33,mobile,0.0,0.0,0.0,Low,['No individually suspicious telemetry signals correlated with this transaction']
TXN21962a11-c,CUST00059,2026-06-21 11:45:46,131.18,mobile,0.0,0.0,0.0,Low,['No individually suspicious telemetry signals correlated with this transaction']
TXN03d33907-c,CUST00059,2026-06-21 17:27:38,1745.42,atm,0.0,0.0,0.0,Low,['No individually suspicious telemetry signals correlated with this transaction']
TXNfe914b95-a,CUST00059,2026-06-24 15:35:51,904.94,web,0.0,0.0,0.0,Low,['No individually suspicious telemetry signals correlated with this transaction']
TXN4f3e2a2c-d,CUST00059,2026-06-25 16:50:19,1875.96,web,0.0,0.0,0.0,Low,['No individually suspicious telemetry signals correlated with this transaction']
TXN0a3e4918-6,CUST00059,2026-06-26 07:02:30,2849.73,branch,0.0,0.0,0.0,Low,['No individually suspicious telemetry signals correlated with this transaction']
TXN9f9bc7bd-5,CUST00059,2026-07-15 12:57:35,174.79,mobile,0.0,0.0,0.0,Low,['No individually suspicious telemetry signals correlated with this transaction']
TXN8d7da747-d,CUST00429,2026-07-08 08:26:59,5246.67,branch,0.0,0.0,0.0,Low,['No individually suspicious telemetry signals correlated with this transaction']
TXNc7d012b0-d,CUST00429,2026-07-10 14:21:42,9839.09,mobile,0.0,0.0,0.0,Low,['No individually suspicious telemetry signals correlated with this transaction']
TXN5dbe0139-c,CUST00430,2026-06-29 17:22:06,2500.67,web,0.0,0.0,0.0,Low,['No individually suspicious telemetry signals correlated with this transaction']
TXN74c9abd9-d,CUST00430,2026-07-06 05:50:48,4082.49,mobile,0.0,0.0,0.0,Low,['No individually suspicious telemetry signals correlated with this transaction']
TXNf3b20598-a,CUST00430,2026-07-09 01:04:07,1457.83,mobile,0.0,0.0,0.0,Low,['No individually suspicious telemetry signals correlated with this transaction']
TXN4ba9008d-8,CUST00430,2026-07-09 07:53:32,3777.71,mobile,0.0,0.0,0.0,Low,['No individually suspicious telemetry signals correlated with this transaction']
TXN2cd4e76d-f,CUST00431,2026-07-08 23:03:09,1259.42,mobile,0.0,0.0,0.0,Low,['No individually suspicious telemetry signals correlated with this transaction']
TXN242bba10-c,CUST00431,2026-07-14 04:00:04,1623.95,web,0.0,0.0,0.0,Low,['No individually suspicious telemetry signals correlated with this transaction']
TXN712636bb-a,CUST00432,2026-06-29 01:08:58,419.78,mobile,0.0,0.0,0.0,Low,['No individually suspicious telemetry signals correlated with this transaction']
TXN1e22ade1-a,CUST00432,2026-07-05 16:48:59,12874.64,web,0.0,0.0,0.0,Low,['No individually suspicious telemetry signals correlated with this transaction']
TXNb9725caf-f,CUST00432,2026-07-12 00:37:47,4157.88,web,0.0,0.0,0.0,Low,['No individually suspicious telemetry signals correlated with this transaction']
TXN4f3b81d6-3,CUST00432,2026-07-14 09:49:48,1041.8,atm,0.0,0.0,0.0,Low,['No individually suspicious telemetry signals correlated with this transaction']
TXNf8eb7113-6,CUST00432,2026-07-15 23:44:35,1507.24,mobile,0.0,0.0,0.0,Low,['No individually suspicious telemetry signals correlated with this transaction']
TXNfb1eaa6e-d,CUST00433,2026-06-16 21:17:34,7424.11,branch,0.0,0.0,0.0,Low,['No individually suspicious telemetry signals correlated with this transaction']
TXN9a36e49e-a,CUST00433,2026-07-02 10:22:00,9540.25,web,0.0,0.0,0.0,Low,['No individually suspicious telemetry signals correlated with this transaction']
TXN9c296b78-9,CUST00433,2026-07-06 12:56:42,471.81,mobile,0.0,0.0,0.0,Low,['No individually suspicious telemetry signals correlated with this transaction']
TXN3e7447a2-a,CUST00433,2026-07-09 15:46:40,1526.47,web,0.0,0.0,0.0,Low,['No individually suspicious telemetry signals correlated with this transaction']
TXN247803a1-f,CUST00433,2026-07-11 16:10:49,332.01,mobile,0.0,0.0,0.0,Low,['No individually suspicious telemetry signals correlated with this transaction']
TXN3b482d28-b,CUST00058,2026-06-24 08:00:20,1484.06,mobile,0.0,0.0,0.0,Low,['No individually suspicious telemetry signals correlated with this transaction']
TXNae742530-c,CUST00058,2026-06-25 02:29:44,4835.09,mobile,0.0,0.0,0.0,Low,['No individually suspicious telemetry signals correlated with this transaction']
TXN7a199807-6,CUST00058,2026-06-25 22:29:47,4078.56,mobile,0.0,0.0,0.0,Low,['No individually suspicious telemetry signals correlated with this transaction']
TXN806a29ad-f,CUST00058,2026-06-29 18:21:43,1351.54,mobile,0.0,0.0,0.0,Low,['No individually suspicious telemetry signals correlated with this transaction']
TXN10f3f41f-f,CUST00438,2026-07-04 07:08:05,567.59,branch,0.0,0.0,0.0,Low,['No individually suspicious telemetry signals correlated with this transaction']
TXNd56e0949-1,CUST00438,2026-07-14 18:44:21,2539.66,branch,0.0,0.0,0.0,Low,['No individually suspicious telemetry signals correlated with this transaction']
TXNdf30f2f5-3,CUST00439,2026-06-21 17:36:15,2071.03,mobile,0.0,0.0,0.0,Low,['No individually suspicious telemetry signals correlated with this transaction']
TXN23763f57-8,CUST00433,2026-07-12 09:11:53,998.87,web,0.0,0.0,0.0,Low,['No individually suspicious telemetry signals correlated with this transaction']
TXN25b1ad19-c,CUST00434,2026-06-16 23:50:16,2955.15,mobile,0.0,0.0,0.0,Low,['No individually suspicious telemetry signals correlated with this transaction']
TXN5bd537b1-c,CUST00434,2026-07-01 06:38:10,252.77,mobile,0.0,0.0,0.0,Low,['No individually suspicious telemetry signals correlated with this transaction']
TXN60d8039e-9,CUST00435,2026-06-23 02:52:17,2540.73,web,0.0,0.0,0.0,Low,['No individually suspicious telemetry signals correlated with this transaction']
TXNc89a10a3-1,CUST00435,2026-06-23 08:47:01,1375.98,atm,0.0,0.0,0.0,Low,['No individually suspicious telemetry signals correlated with this transaction']
TXN12a34b04-a,CUST00435,2026-07-08 21:39:09,1430.83,mobile,0.0,0.0,0.0,Low,['No individually suspicious telemetry signals correlated with this transaction']
TXN03d2a7ca-3,CUST00435,2026-07-12 04:03:21,2329.73,web,0.0,0.0,0.0,Low,['No individually suspicious telemetry signals correlated with this transaction']
TXN6d0b4f01-c,CUST00435,2026-07-14 18:29:14,3790.55,mobile,0.0,0.0,0.0,Low,['No individually suspicious telemetry signals correlated with this transaction']
TXNaf88239f-d,CUST00436,2026-06-16 14:41:57,706.76,web,0.0,0.0,0.0,Low,['No individually suspicious telemetry signals correlated with this transaction']
TXN924e48b4-5,CUST00436,2026-06-19 20:08:22,756.57,mobile,0.0,0.0,0.0,Low,['No individually suspicious telemetry signals correlated with this transaction']
TXN30b69f93-c,CUST00436,2026-06-20 07:54:12,15650.77,branch,0.0,0.0,0.0,Low,['No individually suspicious telemetry signals correlated with this transaction']
TXNc01ba459-e,CUST00436,2026-06-25 16:22:43,486.52,mobile,0.0,0.0,0.0,Low,['No individually suspicious telemetry signals correlated with this transaction']
TXN640324f0-9,CUST00437,2026-06-18 02:03:45,1141.21,web,0.0,0.0,0.0,Low,['No individually suspicious telemetry signals correlated with this transaction']
TXN994d4c03-7,CUST00440,2026-07-09 17:21:45,1468.76,web,0.0,0.0,0.0,Low,['No individually suspicious telemetry signals correlated with this transaction']
TXNc351c359-6,CUST00441,2026-06-24 21:36:28,2325.83,atm,0.0,0.0,0.0,Low,['No individually suspicious telemetry signals correlated with this transaction']
TXN04fb7e52-5,CUST00441,2026-06-27 00:34:21,310.0,mobile,0.0,0.0,0.0,Low,['No individually suspicious telemetry signals correlated with this transaction']
TXN214990ed-a,CUST00441,2026-06-29 00:57:32,2868.39,atm,0.0,0.0,0.0,Low,['No individually suspicious telemetry signals correlated with this transaction']
TXNf58f9bdd-d,CUST00437,2026-06-21 17:34:28,289.21,mobile,0.0,0.0,0.0,Low,['No individually suspicious telemetry signals correlated with this transaction']
TXN824fdf53-d,CUST00437,2026-06-23 02:08:20,564.3,mobile,0.0,0.0,0.0,Low,['No individually suspicious telemetry signals correlated with this transaction']
TXNcbd93d47-9,CUST00437,2026-06-25 09:52:16,1774.77,mobile,0.0,0.0,0.0,Low,['No individually suspicious telemetry signals correlated with this transaction']
TXNda2a4996-a,CUST00437,2026-07-05 17:39:32,307.74,web,0.0,0.0,0.0,Low,['No individually suspicious telemetry signals correlated with this transaction']
TXN0a6246b9-e,CUST00437,2026-07-08 17:02:55,3176.03,mobile,0.0,0.0,0.0,Low,['No individually suspicious telemetry signals correlated with this transaction']
TXN8a9da702-6,CUST00437,2026-07-13 05:38:49,1601.34,mobile,0.0,0.0,0.0,Low,['No individually suspicious telemetry signals correlated with this transaction']
TXN3946ad23-c,CUST00437,2026-07-14 15:06:10,167.11,mobile,0.0,0.0,0.0,Low,['No individually suspicious telemetry signals correlated with this transaction']
TXN55b82364-9,CUST00438,2026-06-18 07:44:13,2119.2,mobile,0.0,0.0,0.0,Low,['No individually suspicious telemetry signals correlated with this transaction']
TXN80ff8beb-6,CUST00438,2026-06-20 20:28:25,2772.09,web,0.0,0.0,0.0,Low,['No individually suspicious telemetry signals correlated with this transaction']
TXN1006e0eb-6,CUST00438,2026-06-23 08:07:24,1318.38,web,0.0,0.0,0.0,Low,['No individually suspicious telemetry signals correlated with this transaction']
TXNdabd385c-d,CUST00438,2026-06-24 00:46:52,643.0,mobile,0.0,0.0,0.0,Low,['No individually suspicious telemetry signals correlated with this transaction']
TXNab16b1fd-1,CUST00438,2026-06-30 09:16:05,745.67,mobile,0.0,0.0,0.0,Low,['No individually suspicious telemetry signals correlated with this transaction']
TXN506f6bc0-e,CUST00443,2026-06-18 22:18:29,1434.78,mobile,0.0,0.0,0.0,Low,['No individually suspicious telemetry signals correlated with this transaction']
TXN8b7080c2-7,CUST00443,2026-06-19 14:40:08,690.13,mobile,0.0,0.0,0.0,Low,['No individually suspicious telemetry signals correlated with this transaction']
TXN33e1f2af-3,CUST00443,2026-06-29 03:26:46,10887.47,mobile,0.0,0.0,0.0,Low,['No individually suspicious telemetry signals correlated with this transaction']
TXNf605070b-e,CUST00443,2026-07-09 06:36:43,774.92,web,0.0,0.0,0.0,Low,['No individually suspicious telemetry signals correlated with this transaction']
TXN113145d2-4,CUST00443,2026-07-09 14:54:52,3709.7,web,0.0,0.0,0.0,Low,['No individually suspicious telemetry signals correlated with this transaction']
TXN2bd6f0fb-e,CUST00443,2026-07-12 13:26:38,1026.28,atm,0.0,0.0,0.0,Low,['No individually suspicious telemetry signals correlated with this transaction']
TXNefef1246-1,CUST00443,2026-07-15 15:53:23,652.59,branch,0.0,0.0,0.0,Low,['No individually suspicious telemetry signals correlated with this transaction']
TXN21e219ce-5,CUST00444,2026-06-18 12:53:28,3216.67,mobile,0.0,0.0,0.0,Low,['No individually suspicious telemetry signals correlated with this transaction']
TXN83674372-d,CUST00444,2026-06-18 18:55:45,314.21,mobile,0.0,0.0,0.0,Low,['No individually suspicious telemetry signals correlated with this transaction']
TXN1f0b2be6-6,CUST00444,2026-06-20 02:08:21,1120.79,web,0.0,0.0,0.0,Low,['No individually suspicious telemetry signals correlated with this transaction']
TXNdb9b318b-1,CUST00439,2026-06-24 05:48:40,1787.17,mobile,0.0,0.0,0.0,Low,['No individually suspicious telemetry signals correlated with this transaction']
TXN4b045067-1,CUST00439,2026-07-02 22:11:42,8012.81,mobile,0.0,0.0,0.0,Low,['No individually suspicious telemetry signals correlated with this transaction']
TXN9cb076a2-0,CUST00439,2026-07-13 15:22:50,2496.07,web,0.0,0.0,0.0,Low,['No individually suspicious telemetry signals correlated with this transaction']
TXNe54dce58-0,CUST00440,2026-06-17 00:28:24,2972.32,mobile,0.0,0.0,0.0,Low,['No individually suspicious telemetry signals correlated with this transaction']
TXNa45ee904-7,CUST00440,2026-06-27 03:41:20,442.31,mobile,0.0,0.0,0.0,Low,['No individually suspicious telemetry signals correlated with this transaction']
TXNa333639f-3,CUST00440,2026-07-07 06:23:43,633.48,web,0.0,0.0,0.0,Low,['No individually suspicious telemetry signals correlated with this transaction']
TXN50814407-3,CUST00057,2026-06-27 01:07:12,2240.43,atm,0.0,0.0,0.0,Low,['No individually suspicious telemetry signals correlated with this transaction']
TXNfb04c6b1-0,CUST00057,2026-06-28 03:15:54,318.21,atm,0.0,0.0,0.0,Low,['No individually suspicious telemetry signals correlated with this transaction']
TXN15c52392-4,CUST00057,2026-06-30 22:33:10,3001.62,mobile,0.0,0.0,0.0,Low,['No individually suspicious telemetry signals correlated with this transaction']
TXN7bdac670-c,CUST00057,2026-07-07 11:24:20,835.54,web,0.0,0.0,0.0,Low,['No individually suspicious telemetry signals correlated with this transaction']
TXNe581c1bc-6,CUST00057,2026-07-08 09:22:42,1188.51,mobile,0.0,0.0,0.0,Low,['No individually suspicious telemetry signals correlated with this transaction']
TXN06103d84-2,CUST00057,2026-07-08 22:09:25,2488.97,mobile,0.0,0.0,0.0,Low,['No individually suspicious telemetry signals correlated with this transaction']
TXN808eadf2-1,CUST00057,2026-07-08 22:27:50,2746.12,mobile,0.0,0.0,0.0,Low,['No individually suspicious telemetry signals correlated with this transaction']
TXNf56febb1-4,CUST00057,2026-07-12 14:30:34,1078.17,mobile,0.0,0.0,0.0,Low,['No individually suspicious telemetry signals correlated with this transaction']
TXN17dcabf5-5,CUST00057,2026-07-14 02:29:05,273.44,mobile,0.0,0.0,0.0,Low,['No individually suspicious telemetry signals correlated with this transaction']
TXN9bd65068-b,CUST00058,2026-06-18 04:07:52,2703.59,atm,0.0,0.0,0.0,Low,['No individually suspicious telemetry signals correlated with this transaction']
TXNc4c557d8-e,CUST00058,2026-06-18 19:38:23,213.64,atm,0.0,0.0,0.0,Low,['No individually suspicious telemetry signals correlated with this transaction']
TXN099396ff-d,CUST00058,2026-06-23 03:00:41,632.65,mobile,0.0,0.0,0.0,Low,['No individually suspicious telemetry signals correlated with this transaction']
TXN9a0f7242-e,CUST00442,2026-07-04 14:55:33,635.88,mobile,0.0,0.0,0.0,Low,['No individually suspicious telemetry signals correlated with this transaction']
TXN4377be10-c,CUST00442,2026-07-06 13:51:50,984.34,atm,0.0,0.0,0.0,Low,['No individually suspicious telemetry signals correlated with this transaction']
TXN8623a5ca-e,CUST00442,2026-07-13 00:40:38,773.28,web,0.0,0.0,0.0,Low,['No individually suspicious telemetry signals correlated with this transaction']
TXNa01989d1-b,CUST00442,2026-07-14 17:31:43,500.75,atm,0.0,0.0,0.0,Low,['No individually suspicious telemetry signals correlated with this transaction']
TXN1a062a0e-a,CUST00444,2026-06-23 15:46:18,1276.75,branch,0.0,0.0,0.0,Low,['No individually suspicious telemetry signals correlated with this transaction']
TXN001e7006-2,CUST00444,2026-06-25 14:36:02,6467.43,web,0.0,0.0,0.0,Low,['No individually suspicious telemetry signals correlated with this transaction']
TXNe62c54bb-f,CUST00444,2026-07-12 09:53:40,942.35,mobile,0.0,0.0,0.0,Low,['No individually suspicious telemetry signals correlated with this transaction']
TXN92ccadb2-8,CUST00444,2026-07-13 08:03:26,3519.59,mobile,0.0,0.0,0.0,Low,['No individually suspicious telemetry signals correlated with this transaction']
TXN240ed1db-0,CUST00445,2026-06-21 10:51:58,1649.53,mobile,0.0,0.0,0.0,Low,['No individually suspicious telemetry signals correlated with this transaction']
TXN1307afb6-7,CUST00445,2026-07-10 00:45:10,349.07,mobile,0.0,0.0,0.0,Low,['No individually suspicious telemetry signals correlated with this transaction']
TXN0c975601-9,CUST00445,2026-07-16 11:08:56,1399.14,mobile,0.0,0.0,0.0,Low,['No individually suspicious telemetry signals correlated with this transaction']
TXN1bb868d5-8,CUST00446,2026-06-25 20:06:46,1713.59,atm,0.0,0.0,0.0,Low,['No individually suspicious telemetry signals correlated with this transaction']
TXNfeb3a855-4,CUST00446,2026-06-30 13:00:50,4166.84,mobile,0.0,0.0,0.0,Low,['No individually suspicious telemetry signals correlated with this transaction']
TXN3473b11a-7,CUST00446,2026-07-04 19:06:06,531.97,web,0.0,0.0,0.0,Low,['No individually suspicious telemetry signals correlated with this transaction']
TXN82a0f6e9-4,CUST00446,2026-07-05 07:49:54,2567.59,web,0.0,0.0,0.0,Low,['No individually suspicious telemetry signals correlated with this transaction']
TXN18323765-d,CUST00446,2026-07-08 13:25:06,291.59,mobile,0.0,0.0,0.0,Low,['No individually suspicious telemetry signals correlated with this transaction']
TXN76949bb0-e,CUST00446,2026-07-12 16:39:16,458.96,atm,0.0,0.0,0.0,Low,['No individually suspicious telemetry signals correlated with this transaction']
TXNc75f41dc-9,CUST00056,2026-07-15 00:28:39,1313.57,mobile,0.0,0.0,0.0,Low,['No individually suspicious telemetry signals correlated with this transaction']
TXNacb83fce-b,CUST00057,2026-06-21 14:35:43,3079.87,web,0.0,0.0,0.0,Low,['No individually suspicious telemetry signals correlated with this transaction']
TXN0b7ce5c6-9,CUST00057,2026-06-25 00:02:12,2391.67,mobile,0.0,0.0,0.0,Low,['No individually suspicious telemetry signals correlated with this transaction']
TXN2bc2bdd4-d,CUST00449,2026-06-20 04:51:37,875.25,mobile,0.0,0.0,0.0,Low,['No individually suspicious telemetry signals correlated with this transaction']
TXN24c4e6ca-8,CUST00449,2026-06-23 20:54:23,3171.13,mobile,0.0,0.0,0.0,Low,['No individually suspicious telemetry signals correlated with this transaction']
TXNdc2f952c-2,CUST00449,2026-07-14 08:38:16,1862.2,web,0.0,0.0,0.0,Low,['No individually suspicious telemetry signals correlated with this transaction']
TXN596bf99f-a,CUST00450,2026-06-21 23:14:59,2606.39,web,0.0,0.0,0.0,Low,['No individually suspicious telemetry signals correlated with this transaction']
TXNfb50d324-1,CUST00450,2026-07-01 17:27:42,2752.68,web,0.0,0.0,0.0,Low,['No individually suspicious telemetry signals correlated with this transaction']
TXN1a037833-d,CUST00446,2026-07-15 04:41:04,10047.71,atm,0.0,0.0,0.0,Low,['No individually suspicious telemetry signals correlated with this transaction']
TXN7dd7e170-e,CUST00447,2026-06-17 12:14:41,731.32,atm,0.0,0.0,0.0,Low,['No individually suspicious telemetry signals correlated with this transaction']
TXNd46a537b-b,CUST00447,2026-06-24 06:21:53,4142.31,branch,0.0,0.0,0.0,Low,['No individually suspicious telemetry signals correlated with this transaction']
TXN9290a83a-2,CUST00447,2026-06-25 07:38:54,1848.29,mobile,0.0,0.0,0.0,Low,['No individually suspicious telemetry signals correlated with this transaction']
TXNee3ada8b-8,CUST00447,2026-06-25 16:44:40,752.74,web,0.0,0.0,0.0,Low,['No individually suspicious telemetry signals correlated with this transaction']
TXNa0d60422-1,CUST00447,2026-07-03 11:02:05,9082.58,mobile,0.0,0.0,0.0,Low,['No individually suspicious telemetry signals correlated with this transaction']
TXN2fc82f4d-e,CUST00447,2026-07-10 21:06:33,503.05,atm,0.0,0.0,0.0,Low,['No individually suspicious telemetry signals correlated with this transaction']
TXN29568d7d-d,CUST00447,2026-07-14 15:52:40,8497.17,branch,0.0,0.0,0.0,Low,['No individually suspicious telemetry signals correlated with this transaction']
TXN8b6acc43-9,CUST00448,2026-06-23 23:37:13,2360.24,web,0.0,0.0,0.0,Low,['No individually suspicious telemetry signals correlated with this transaction']
TXN56a60db5-0,CUST00448,2026-07-02 03:49:59,11424.45,branch,0.0,0.0,0.0,Low,['No individually suspicious telemetry signals correlated with this transaction']
TXN3b4c0646-d,CUST00448,2026-07-03 21:54:26,336.48,web,0.0,0.0,0.0,Low,['No individually suspicious telemetry signals correlated with this transaction']
TXNc524a1be-a,CUST00450,2026-07-10 16:00:42,9510.62,mobile,0.0,0.0,0.0,Low,['No individually suspicious telemetry signals correlated with this transaction']
TXN72811822-f,CUST00450,2026-07-12 13:55:21,8301.01,mobile,0.0,0.0,0.0,Low,['No individually suspicious telemetry signals correlated with this transaction']
TXNc6fc40c3-0,CUST00450,2026-07-14 19:04:06,250.98,mobile,0.0,0.0,0.0,Low,['No individually suspicious telemetry signals correlated with this transaction']
TXN8eba0d06-0,CUST00450,2026-07-15 10:08:58,7935.91,mobile,0.0,0.0,0.0,Low,['No individually suspicious telemetry signals correlated with this transaction']
TXNb1195d16-9,CUST00451,2026-06-20 20:54:47,303.52,web,0.0,0.0,0.0,Low,['No individually suspicious telemetry signals correlated with this transaction']
TXNeb2873e6-e,CUST00451,2026-06-21 23:23:02,1266.0,mobile,0.0,0.0,0.0,Low,['No individually suspicious telemetry signals correlated with this transaction']
TXNae8e8200-c,CUST00451,2026-06-25 06:03:21,3701.39,mobile,0.0,0.0,0.0,Low,['No individually suspicious telemetry signals correlated with this transaction']
TXNf3fd80f2-0,CUST00451,2026-06-30 07:15:33,2101.53,mobile,0.0,0.0,0.0,Low,['No individually suspicious telemetry signals correlated with this transaction']
TXNcc62f748-5,CUST00451,2026-07-14 02:10:40,3141.51,web,0.0,0.0,0.0,Low,['No individually suspicious telemetry signals correlated with this transaction']
TXN1e767433-f,CUST00448,2026-07-04 19:13:02,1752.26,mobile,0.0,0.0,0.0,Low,['No individually suspicious telemetry signals correlated with this transaction']
TXN3e372c8d-8,CUST00448,2026-07-05 21:17:48,10025.68,mobile,0.0,0.0,0.0,Low,['No individually suspicious telemetry signals correlated with this transaction']
TXNafd0c396-b,CUST00448,2026-07-06 14:28:43,2299.45,mobile,0.0,0.0,0.0,Low,['No individually suspicious telemetry signals correlated with this transaction']
TXNc2045288-3,CUST00448,2026-07-10 16:13:17,11335.43,web,0.0,0.0,0.0,Low,['No individually suspicious telemetry signals correlated with this transaction']
TXN0fa38669-b,CUST00448,2026-07-11 11:17:12,822.98,mobile,0.0,0.0,0.0,Low,['No individually suspicious telemetry signals correlated with this transaction']
TXN7e29d9a1-0,CUST00448,2026-07-14 17:34:23,2808.5,mobile,0.0,0.0,0.0,Low,['No individually suspicious telemetry signals correlated with this transaction']
TXN83eab8b5-d,CUST00448,2026-07-15 20:23:39,1964.42,mobile,0.0,0.0,0.0,Low,['No individually suspicious telemetry signals correlated with this transaction']
TXNf9da4f55-b,CUST00055,2026-07-05 05:35:57,693.14,mobile,0.0,0.0,0.0,Low,['No individually suspicious telemetry signals correlated with this transaction']
TXN13c3fc1b-d,CUST00055,2026-07-11 22:57:54,947.15,mobile,0.0,0.0,0.0,Low,['No individually suspicious telemetry signals correlated with this transaction']
TXN646d2e33-3,CUST00055,2026-07-15 18:58:11,2201.79,web,0.0,0.0,0.0,Low,['No individually suspicious telemetry signals correlated with this transaction']
TXN300ffa68-4,CUST00056,2026-06-18 09:32:13,2473.11,web,0.0,0.0,0.0,Low,['No individually suspicious telemetry signals correlated with this transaction']
TXN6c99ce56-a,CUST00056,2026-06-26 12:33:58,1873.64,mobile,0.0,0.0,0.0,Low,['No individually suspicious telemetry signals correlated with this transaction']
TXN3d51d528-0,CUST00056,2026-06-29 20:54:43,5882.85,mobile,0.0,0.0,0.0,Low,['No individually suspicious telemetry signals correlated with this transaction']
TXN67b4a019-a,CUST00056,2026-07-05 11:40:14,5062.99,mobile,0.0,0.0,0.0,Low,['No individually suspicious telemetry signals correlated with this transaction']
TXN1b4142aa-8,CUST00056,2026-07-05 21:08:40,8704.85,web,0.0,0.0,0.0,Low,['No individually suspicious telemetry signals correlated with this transaction']
TXN0dfef633-2,CUST00056,2026-07-06 19:29:12,1147.38,web,0.0,0.0,0.0,Low,['No individually suspicious telemetry signals correlated with this transaction']
TXNede02d33-a,CUST00056,2026-07-08 15:38:08,208.59,mobile,0.0,0.0,0.0,Low,['No individually suspicious telemetry signals correlated with this transaction']
TXN1ab9f662-1,CUST00056,2026-07-09 13:09:31,9031.56,mobile,0.0,0.0,0.0,Low,['No individually suspicious telemetry signals correlated with this transaction']
TXN02cf63a8-9,CUST00056,2026-07-14 03:11:59,8758.16,atm,0.0,0.0,0.0,Low,['No individually suspicious telemetry signals correlated with this transaction']
TXN915fbbf9-5,CUST00450,2026-07-05 07:43:22,2157.6,web,0.0,0.0,0.0,Low,['No individually suspicious telemetry signals correlated with this transaction']
TXNbb84711f-2,CUST00450,2026-07-05 08:21:50,402.29,mobile,0.0,0.0,0.0,Low,['No individually suspicious telemetry signals correlated with this transaction']
TXNc145419c-7,CUST00450,2026-07-05 21:12:47,10681.43,web,0.0,0.0,0.0,Low,['No individually suspicious telemetry signals correlated with this transaction']
TXN16107d90-2,CUST00450,2026-07-07 15:19:28,6749.59,web,0.0,0.0,0.0,Low,['No individually suspicious telemetry signals correlated with this transaction']
TXN404f04e4-4,CUST00455,2026-06-23 19:32:57,2533.52,web,0.0,0.0,0.0,Low,['No individually suspicious telemetry signals correlated with this transaction']
TXN57b6b27c-b,CUST00455,2026-06-25 03:36:44,1326.99,web,0.0,0.0,0.0,Low,['No individually suspicious telemetry signals correlated with this transaction']
TXN10e681fd-a,CUST00452,2026-06-26 01:10:55,3061.16,web,0.0,0.0,0.0,Low,['No individually suspicious telemetry signals correlated with this transaction']
TXNd77dd689-a,CUST00452,2026-07-06 05:19:01,316.15,web,0.0,0.0,0.0,Low,['No individually suspicious telemetry signals correlated with this transaction']
TXNa5fb9e9a-4,CUST00452,2026-07-13 04:16:31,3111.6,mobile,0.0,0.0,0.0,Low,['No individually suspicious telemetry signals correlated with this transaction']
TXN7a44167a-6,CUST00453,2026-06-19 12:45:24,1561.29,mobile,0.0,0.0,0.0,Low,['No individually suspicious telemetry signals correlated with this transaction']
TXNec7448f9-5,CUST00453,2026-06-24 08:33:21,6121.37,branch,0.0,0.0,0.0,Low,['No individually suspicious telemetry signals correlated with this transaction']
TXN8b418bdf-e,CUST00453,2026-06-24 19:07:54,8652.39,web,0.0,0.0,0.0,Low,['No individually suspicious telemetry signals correlated with this transaction']
TXN61650f34-4,CUST00453,2026-06-26 12:57:00,1476.77,atm,0.0,0.0,0.0,Low,['No individually suspicious telemetry signals correlated with this transaction']
TXNef145b36-0,CUST00453,2026-06-28 08:21:25,1016.15,atm,0.0,0.0,0.0,Low,['No individually suspicious telemetry signals correlated with this transaction']
TXNc04cf6e6-c,CUST00453,2026-06-29 14:45:02,1870.45,mobile,0.0,0.0,0.0,Low,['No individually suspicious telemetry signals correlated with this transaction']
TXN81edceb3-8,CUST00453,2026-07-02 02:53:02,1226.07,web,0.0,0.0,0.0,Low,['No individually suspicious telemetry signals correlated with this transaction']
TXN9d30b0f7-f,CUST00453,2026-07-05 04:58:55,3152.95,web,0.0,0.0,0.0,Low,['No individually suspicious telemetry signals correlated with this transaction']
TXNf8dc2c64-c,CUST00453,2026-07-07 11:32:39,393.41,mobile,0.0,0.0,0.0,Low,['No individually suspicious telemetry signals correlated with this transaction']
TXN4e583dde-8,CUST00054,2026-07-15 18:32:56,1840.4,atm,0.0,0.0,0.0,Low,['No individually suspicious telemetry signals correlated with this transaction']
TXN7a37f3d6-7,CUST00055,2026-06-17 00:52:14,7656.37,mobile,0.0,0.0,0.0,Low,['No individually suspicious telemetry signals correlated with this transaction']
TXN0f5c365a-2,CUST00053,2026-06-17 23:04:25,2117.82,mobile,0.0,0.0,0.0,Low,['No individually suspicious telemetry signals correlated with this transaction']
TXN9aab1efb-0,CUST00053,2026-07-01 08:01:01,1647.18,branch,0.0,0.0,0.0,Low,['No individually suspicious telemetry signals correlated with this transaction']
TXN290c9e51-8,CUST00053,2026-07-03 17:12:42,2150.61,mobile,0.0,0.0,0.0,Low,['No individually suspicious telemetry signals correlated with this transaction']
TXN0361b157-b,CUST00053,2026-07-06 18:38:29,3916.39,mobile,0.0,0.0,0.0,Low,['No individually suspicious telemetry signals correlated with this transaction']
TXN420fd9a8-d,CUST00054,2026-06-23 06:06:13,1709.18,mobile,0.0,0.0,0.0,Low,['No individually suspicious telemetry signals correlated with this transaction']
TXN178926f3-f,CUST00054,2026-07-05 06:13:41,1025.06,mobile,0.0,0.0,0.0,Low,['No individually suspicious telemetry signals correlated with this transaction']
TXN6c726915-d,CUST00054,2026-07-06 01:57:31,2539.97,web,0.0,0.0,0.0,Low,['No individually suspicious telemetry signals correlated with this transaction']
TXNa7a3208e-b,CUST00453,2026-07-13 04:36:08,852.59,web,0.0,0.0,0.0,Low,['No individually suspicious telemetry signals correlated with this transaction']
TXN7f4a3544-8,CUST00454,2026-06-20 02:39:55,1595.69,mobile,0.0,0.0,0.0,Low,['No individually suspicious telemetry signals correlated with this transaction']
TXN84203c0c-5,CUST00454,2026-06-23 21:30:21,15243.44,mobile,0.0,0.0,0.0,Low,['No individually suspicious telemetry signals correlated with this transaction']
TXNd64894cd-2,CUST00454,2026-06-24 02:44:41,367.93,mobile,0.0,0.0,0.0,Low,['No individually suspicious telemetry signals correlated with this transaction']
TXNfe835c51-7,CUST00454,2026-06-27 08:45:09,641.82,mobile,0.0,0.0,0.0,Low,['No individually suspicious telemetry signals correlated with this transaction']
TXN9c454443-7,CUST00454,2026-07-02 19:43:39,4693.21,web,0.0,0.0,0.0,Low,['No individually suspicious telemetry signals correlated with this transaction']
TXNa4afade6-c,CUST00454,2026-07-15 15:09:05,405.04,web,0.0,0.0,0.0,Low,['No individually suspicious telemetry signals correlated with this transaction']
TXN2fad3d7e-a,CUST00455,2026-06-17 11:03:03,1158.68,mobile,0.0,0.0,0.0,Low,['No individually suspicious telemetry signals correlated with this transaction']
TXN3ccb9897-c,CUST00455,2026-06-21 02:39:01,1475.33,web,0.0,0.0,0.0,Low,['No individually suspicious telemetry signals correlated with this transaction']
TXN5da55873-5,CUST00458,2026-06-18 00:34:57,192.91,mobile,0.0,0.0,0.0,Low,['No individually suspicious telemetry signals correlated with this transaction']
TXN7d5887a5-a,CUST00458,2026-06-18 09:32:12,617.66,mobile,0.0,0.0,0.0,Low,['No individually suspicious telemetry signals correlated with this transaction']
TXNfdce4f12-d,CUST00458,2026-06-24 14:10:44,5118.08,web,0.0,0.0,0.0,Low,['No individually suspicious telemetry signals correlated with this transaction']
TXN863e3610-a,CUST00455,2026-07-02 07:04:47,1430.61,web,0.0,0.0,0.0,Low,['No individually suspicious telemetry signals correlated with this transaction']
TXN1ff49019-a,CUST00455,2026-07-06 20:10:10,9458.17,web,0.0,0.0,0.0,Low,['No individually suspicious telemetry signals correlated with this transaction']
TXN91b6aa01-7,CUST00455,2026-07-10 22:13:59,328.94,web,0.0,0.0,0.0,Low,['No individually suspicious telemetry signals correlated with this transaction']
TXNe50c27d4-a,CUST00455,2026-07-12 15:04:44,904.18,web,0.0,0.0,0.0,Low,['No individually suspicious telemetry signals correlated with this transaction']
TXN937838f9-b,CUST00456,2026-06-16 22:31:24,829.99,web,0.0,0.0,0.0,Low,['No individually suspicious telemetry signals correlated with this transaction']
TXN2212b446-f,CUST00456,2026-06-27 08:24:52,4707.01,web,0.0,0.0,0.0,Low,['No individually suspicious telemetry signals correlated with this transaction']
TXNddc55228-3,CUST00456,2026-06-29 12:22:44,512.21,web,0.0,0.0,0.0,Low,['No individually suspicious telemetry signals correlated with this transaction']
TXNef3dc5a8-9,CUST00456,2026-07-07 18:09:31,2422.84,web,0.0,0.0,0.0,Low,['No individually suspicious telemetry signals correlated with this transaction']
TXNd0b2b078-d,CUST00456,2026-07-08 06:12:39,1532.27,mobile,0.0,0.0,0.0,Low,['No individually suspicious telemetry signals correlated with this transaction']
TXN78428071-2,CUST00051,2026-07-05 19:07:38,91.99,mobile,0.0,0.0,0.0,Low,['No individually suspicious telemetry signals correlated with this transaction']
TXN6a9f687a-d,CUST00051,2026-07-09 09:55:28,4678.22,web,0.0,0.0,0.0,Low,['No individually suspicious telemetry signals correlated with this transaction']
TXN287e09f1-d,CUST00051,2026-07-12 20:47:14,2512.4,atm,0.0,0.0,0.0,Low,['No individually suspicious telemetry signals correlated with this transaction']
TXN71a84189-5,CUST00052,2026-06-20 16:03:09,2763.7,mobile,0.0,0.0,0.0,Low,['No individually suspicious telemetry signals correlated with this transaction']
TXN23ac64e5-d,CUST00050,2026-06-20 13:53:59,13047.24,mobile,0.0,0.0,0.0,Low,['No individually suspicious telemetry signals correlated with this transaction']
TXNd96da200-d,CUST00050,2026-07-04 15:51:59,539.72,mobile,0.0,0.0,0.0,Low,['No individually suspicious telemetry signals correlated with this transaction']
TXNee6c69f7-f,CUST00050,2026-07-07 04:26:42,865.77,web,0.0,0.0,0.0,Low,['No individually suspicious telemetry signals correlated with this transaction']
TXNd5d318cf-2,CUST00050,2026-07-14 20:21:55,707.09,mobile,0.0,0.0,0.0,Low,['No individually suspicious telemetry signals correlated with this transaction']
TXN6cb9b655-f,CUST00051,2026-06-19 23:07:38,447.55,mobile,0.0,0.0,0.0,Low,['No individually suspicious telemetry signals correlated with this transaction']
TXN1b2375d0-b,CUST00051,2026-06-26 01:06:34,9796.42,web,0.0,0.0,0.0,Low,['No individually suspicious telemetry signals correlated with this transaction']
TXN7a114e56-1,CUST00051,2026-06-29 19:46:27,1599.66,mobile,0.0,0.0,0.0,Low,['No individually suspicious telemetry signals correlated with this transaction']
TXN242ac30f-5,CUST00051,2026-06-30 04:22:24,4520.93,atm,0.0,0.0,0.0,Low,['No individually suspicious telemetry signals correlated with this transaction']
TXN2a17879a-6,CUST00456,2026-07-13 19:17:07,3644.37,mobile,0.0,0.0,0.0,Low,['No individually suspicious telemetry signals correlated with this transaction']
TXNae372e39-a,CUST00457,2026-07-01 09:40:24,7538.17,web,0.0,0.0,0.0,Low,['No individually suspicious telemetry signals correlated with this transaction']
TXN88755363-2,CUST00457,2026-07-03 14:02:37,3680.09,web,0.0,0.0,0.0,Low,['No individually suspicious telemetry signals correlated with this transaction']
TXN879d19c3-5,CUST00457,2026-07-04 23:41:17,7300.43,mobile,0.0,0.0,0.0,Low,['No individually suspicious telemetry signals correlated with this transaction']
TXNfd481505-b,CUST00457,2026-07-06 04:35:27,3910.35,mobile,0.0,0.0,0.0,Low,['No individually suspicious telemetry signals correlated with this transaction']
TXN2aed0848-6,CUST00457,2026-07-06 10:47:43,1526.62,web,0.0,0.0,0.0,Low,['No individually suspicious telemetry signals correlated with this transaction']
TXN6755b2d4-2,CUST00457,2026-07-11 16:39:51,2567.56,branch,0.0,0.0,0.0,Low,['No individually suspicious telemetry signals correlated with this transaction']
TXNe9f8e115-2,CUST00457,2026-07-16 00:40:38,4005.31,atm,0.0,0.0,0.0,Low,['No individually suspicious telemetry signals correlated with this transaction']
TXNc1886c58-5,CUST00458,2026-06-27 05:59:44,12369.01,mobile,0.0,0.0,0.0,Low,['No individually suspicious telemetry signals correlated with this transaction']
TXN5ebbb87b-a,CUST00458,2026-06-29 09:00:17,1205.1,mobile,0.0,0.0,0.0,Low,['No individually suspicious telemetry signals correlated with this transaction']
TXN530a542a-8,CUST00458,2026-07-12 10:54:08,2962.64,atm,0.0,0.0,0.0,Low,['No individually suspicious telemetry signals correlated with this transaction']
TXNe4d479e7-a,CUST00459,2026-06-21 15:28:58,262.27,web,0.0,0.0,0.0,Low,['No individually suspicious telemetry signals correlated with this transaction']
TXN13131048-9,CUST00459,2026-06-27 23:36:54,1434.55,mobile,0.0,0.0,0.0,Low,['No individually suspicious telemetry signals correlated with this transaction']
TXN9f88be6e-a,CUST00459,2026-06-28 00:04:47,628.67,web,0.0,0.0,0.0,Low,['No individually suspicious telemetry signals correlated with this transaction']
TXN2a314f1d-7,CUST00459,2026-07-03 05:51:11,1179.38,web,0.0,0.0,0.0,Low,['No individually suspicious telemetry signals correlated with this transaction']
TXN3c6bad34-9,CUST00459,2026-07-03 18:38:34,8712.13,web,0.0,0.0,0.0,Low,['No individually suspicious telemetry signals correlated with this transaction']
TXN1604c332-0,CUST00459,2026-07-03 20:26:36,1295.43,mobile,0.0,0.0,0.0,Low,['No individually suspicious telemetry signals correlated with this transaction']
TXN01f239e4-3,CUST00459,2026-07-09 22:06:55,1240.82,mobile,0.0,0.0,0.0,Low,['No individually suspicious telemetry signals correlated with this transaction']
TXNf35c02fd-d,CUST00460,2026-06-27 17:02:54,1514.11,mobile,0.0,0.0,0.0,Low,['No individually suspicious telemetry signals correlated with this transaction']
TXNcc7e66de-3,CUST00460,2026-06-28 17:40:37,8180.49,mobile,0.0,0.0,0.0,Low,['No individually suspicious telemetry signals correlated with this transaction']
TXN165607c0-b,CUST00049,2026-07-02 02:57:04,2989.72,web,0.0,0.0,0.0,Low,['No individually suspicious telemetry signals correlated with this transaction']
TXN340a22d7-0,CUST00049,2026-07-10 12:28:28,1172.95,web,0.0,0.0,0.0,Low,['No individually suspicious telemetry signals correlated with this transaction']
TXNcfb0d68d-b,CUST00049,2026-07-11 05:12:45,322.16,mobile,0.0,0.0,0.0,Low,['No individually suspicious telemetry signals correlated with this transaction']
TXN5cc624ef-0,CUST00049,2026-07-14 20:23:20,781.6,web,0.0,0.0,0.0,Low,['No individually suspicious telemetry signals correlated with this transaction']
TXN8eb232b8-5,CUST00462,2026-07-15 10:18:40,365.03,mobile,0.0,0.0,0.0,Low,['No individually suspicious telemetry signals correlated with this transaction']
TXN478fcedd-7,CUST00463,2026-06-28 11:03:15,4898.84,web,0.0,0.0,0.0,Low,['No individually suspicious telemetry signals correlated with this transaction']
TXN829d03f5-5,CUST00463,2026-07-01 07:40:11,766.05,mobile,0.0,0.0,0.0,Low,['No individually suspicious telemetry signals correlated with this transaction']
TXNc1192634-c,CUST00463,2026-07-07 03:51:30,2143.32,web,0.0,0.0,0.0,Low,['No individually suspicious telemetry signals correlated with this transaction']
TXN2651daa3-d,CUST00460,2026-07-04 16:00:14,592.05,mobile,0.0,0.0,0.0,Low,['No individually suspicious telemetry signals correlated with this transaction']
TXN513be62e-d,CUST00460,2026-07-05 14:20:16,3121.35,web,0.0,0.0,0.0,Low,['No individually suspicious telemetry signals correlated with this transaction']
TXN9eead5de-f,CUST00460,2026-07-06 23:35:42,551.47,web,0.0,0.0,0.0,Low,['No individually suspicious telemetry signals correlated with this transaction']
TXNc50ef346-f,CUST00460,2026-07-07 16:11:44,2790.87,atm,0.0,0.0,0.0,Low,['No individually suspicious telemetry signals correlated with this transaction']
TXNd3dd8cf8-5,CUST00460,2026-07-09 19:04:06,2996.13,atm,0.0,0.0,0.0,Low,['No individually suspicious telemetry signals correlated with this transaction']
TXN3772d3a3-1,CUST00460,2026-07-12 06:26:58,539.07,web,0.0,0.0,0.0,Low,['No individually suspicious telemetry signals correlated with this transaction']
TXN64fff7a6-3,CUST00460,2026-07-13 22:39:39,2163.71,mobile,0.0,0.0,0.0,Low,['No individually suspicious telemetry signals correlated with this transaction']
TXNc4593083-d,CUST00461,2026-06-20 11:20:43,2310.74,branch,0.0,0.0,0.0,Low,['No individually suspicious telemetry signals correlated with this transaction']
TXN6207db63-7,CUST00461,2026-06-25 06:38:50,6687.82,mobile,0.0,0.0,0.0,Low,['No individually suspicious telemetry signals correlated with this transaction']
TXNff62499a-f,CUST00461,2026-06-26 23:01:23,12477.87,branch,0.0,0.0,0.0,Low,['No individually suspicious telemetry signals correlated with this transaction']
TXNc1fcdfc3-2,CUST00461,2026-07-02 07:26:42,499.76,mobile,0.0,0.0,0.0,Low,['No individually suspicious telemetry signals correlated with this transaction']
TXN5c699e1f-4,CUST00461,2026-07-02 08:07:03,246.46,mobile,0.0,0.0,0.0,Low,['No individually suspicious telemetry signals correlated with this transaction']
TXN9d482c49-f,CUST00464,2026-06-30 22:41:10,3432.36,mobile,0.0,0.0,0.0,Low,['No individually suspicious telemetry signals correlated with this transaction']
TXN4e8d2654-c,CUST00464,2026-07-11 06:49:41,882.58,web,0.0,0.0,0.0,Low,['No individually suspicious telemetry signals correlated with this transaction']
TXN9619cf44-3,CUST00464,2026-07-12 05:19:16,1619.66,mobile,0.0,0.0,0.0,Low,['No individually suspicious telemetry signals correlated with this transaction']
TXNeebd342d-2,CUST00464,2026-07-14 05:21:06,457.82,web,0.0,0.0,0.0,Low,['No individually suspicious telemetry signals correlated with this transaction']
TXNfdbf4aa4-e,CUST00465,2026-06-18 07:36:51,3690.07,web,0.0,0.0,0.0,Low,['No individually suspicious telemetry signals correlated with this transaction']
TXN3556071b-1,CUST00465,2026-06-24 22:49:39,2168.79,web,0.0,0.0,0.0,Low,['No individually suspicious telemetry signals correlated with this transaction']
TXN7b03f61b-5,CUST00465,2026-06-30 08:19:47,830.96,atm,0.0,0.0,0.0,Low,['No individually suspicious telemetry signals correlated with this transaction']
TXNa484be3e-2,CUST00465,2026-07-11 19:12:07,3164.15,atm,0.0,0.0,0.0,Low,['No individually suspicious telemetry signals correlated with this transaction']
TXNa227ac14-3,CUST00466,2026-06-19 12:55:41,723.95,mobile,0.0,0.0,0.0,Low,['No individually suspicious telemetry signals correlated with this transaction']
TXN62c57829-6,CUST00466,2026-06-21 17:06:24,1020.82,mobile,0.0,0.0,0.0,Low,['No individually suspicious telemetry signals correlated with this transaction']
TXN8612944f-9,CUST00461,2026-07-07 20:08:38,764.79,web,0.0,0.0,0.0,Low,['No individually suspicious telemetry signals correlated with this transaction']
TXN9ae5fbbc-0,CUST00461,2026-07-09 19:42:24,1089.39,atm,0.0,0.0,0.0,Low,['No individually suspicious telemetry signals correlated with this transaction']
TXNf49eaaa3-0,CUST00462,2026-06-19 19:12:48,2491.18,branch,0.0,0.0,0.0,Low,['No individually suspicious telemetry signals correlated with this transaction']
TXNc69eb431-c,CUST00462,2026-06-22 16:48:40,1466.19,web,0.0,0.0,0.0,Low,['No individually suspicious telemetry signals correlated with this transaction']
TXN9564a7bd-c,CUST00462,2026-06-23 10:49:27,2590.96,web,0.0,0.0,0.0,Low,['No individually suspicious telemetry signals correlated with this transaction']
TXNe3e32e42-2,CUST00462,2026-07-03 09:05:51,3251.88,mobile,0.0,0.0,0.0,Low,['No individually suspicious telemetry signals correlated with this transaction']
TXNf1abf7a0-c,CUST00047,2026-06-18 17:49:16,5993.86,web,0.0,0.0,0.0,Low,['No individually suspicious telemetry signals correlated with this transaction']
TXN7e8450d7-5,CUST00047,2026-06-19 16:10:13,20258.11,mobile,0.0,0.0,0.0,Low,['No individually suspicious telemetry signals correlated with this transaction']
TXNf90c9f84-b,CUST00047,2026-06-25 19:19:29,4205.83,web,0.0,0.0,0.0,Low,['No individually suspicious telemetry signals correlated with this transaction']
TXN52b3a0d1-1,CUST00047,2026-06-28 03:47:41,5212.18,mobile,0.0,0.0,0.0,Low,['No individually suspicious telemetry signals correlated with this transaction']
TXNc47d336f-2,CUST00047,2026-07-12 01:54:50,469.28,branch,0.0,0.0,0.0,Low,['No individually suspicious telemetry signals correlated with this transaction']
TXNa2f87dea-c,CUST00047,2026-07-15 14:31:31,1804.64,mobile,0.0,0.0,0.0,Low,['No individually suspicious telemetry signals correlated with this transaction']
TXN89eb56c1-7,CUST00048,2026-06-19 02:03:04,132.12,web,0.0,0.0,0.0,Low,['No individually suspicious telemetry signals correlated with this transaction']
TXN1567f88e-6,CUST00048,2026-06-20 10:50:48,2702.5,web,0.0,0.0,0.0,Low,['No individually suspicious telemetry signals correlated with this transaction']
TXN894539ec-8,CUST00048,2026-07-11 04:10:36,2234.82,branch,0.0,0.0,0.0,Low,['No individually suspicious telemetry signals correlated with this transaction']
TXN86e5edf4-6,CUST00049,2026-06-19 15:34:57,1731.81,mobile,0.0,0.0,0.0,Low,['No individually suspicious telemetry signals correlated with this transaction']
TXN2233212a-f,CUST00049,2026-06-26 08:30:45,783.37,web,0.0,0.0,0.0,Low,['No individually suspicious telemetry signals correlated with this transaction']
TXNe94f03ec-0,CUST00049,2026-07-01 08:30:52,1172.66,mobile,0.0,0.0,0.0,Low,['No individually suspicious telemetry signals correlated with this transaction']
TXNd7718c05-b,CUST00463,2026-07-08 06:14:01,1286.37,web,0.0,0.0,0.0,Low,['No individually suspicious telemetry signals correlated with this transaction']
TXN129f9fa5-3,CUST00464,2026-06-19 19:58:49,9211.44,web,0.0,0.0,0.0,Low,['No individually suspicious telemetry signals correlated with this transaction']
TXNfc424352-6,CUST00464,2026-06-22 06:44:28,1473.27,mobile,0.0,0.0,0.0,Low,['No individually suspicious telemetry signals correlated with this transaction']
TXN153e09ba-f,CUST00464,2026-06-30 20:37:40,1725.9,mobile,0.0,0.0,0.0,Low,['No individually suspicious telemetry signals correlated with this transaction']
TXN76d9d64d-7,CUST00469,2026-07-07 03:41:23,6381.25,web,0.0,0.0,0.0,Low,['No individually suspicious telemetry signals correlated with this transaction']
TXNb77c1be6-f,CUST00466,2026-06-30 16:49:50,106.05,mobile,0.0,0.0,0.0,Low,['No individually suspicious telemetry signals correlated with this transaction']
TXNbcf7bbc2-8,CUST00466,2026-07-01 08:12:02,548.14,mobile,0.0,0.0,0.0,Low,['No individually suspicious telemetry signals correlated with this transaction']
TXN48ae4aba-1,CUST00466,2026-07-02 09:29:32,518.45,web,0.0,0.0,0.0,Low,['No individually suspicious telemetry signals correlated with this transaction']
TXNf68d6979-7,CUST00466,2026-07-09 18:17:51,2949.36,mobile,0.0,0.0,0.0,Low,['No individually suspicious telemetry signals correlated with this transaction']
TXN85123413-d,CUST00466,2026-07-11 08:21:27,2823.59,mobile,0.0,0.0,0.0,Low,['No individually suspicious telemetry signals correlated with this transaction']
TXNfc1b3217-8,CUST00467,2026-06-18 07:01:40,5228.04,mobile,0.0,0.0,0.0,Low,['No individually suspicious telemetry signals correlated with this transaction']
TXN37eb9827-8,CUST00467,2026-06-24 10:45:15,7745.6,mobile,0.0,0.0,0.0,Low,['No individually suspicious telemetry signals correlated with this transaction']
TXNf31fbee0-3,CUST00467,2026-06-27 20:34:28,196.36,atm,0.0,0.0,0.0,Low,['No individually suspicious telemetry signals correlated with this transaction']
TXNe61c4368-7,CUST00467,2026-07-01 13:37:56,5102.45,mobile,0.0,0.0,0.0,Low,['No individually suspicious telemetry signals correlated with this transaction']
TXNb8280725-7,CUST00467,2026-07-15 00:40:27,1790.49,web,0.0,0.0,0.0,Low,['No individually suspicious telemetry signals correlated with this transaction']
TXNefc87fc9-f,CUST00467,2026-07-15 06:18:02,1733.53,atm,0.0,0.0,0.0,Low,['No individually suspicious telemetry signals correlated with this transaction']
TXN8d80c2fe-b,CUST00468,2026-06-20 02:11:29,5707.17,atm,0.0,0.0,0.0,Low,['No individually suspicious telemetry signals correlated with this transaction']
TXN1b19b829-d,CUST00468,2026-06-24 18:17:55,470.12,web,0.0,0.0,0.0,Low,['No individually suspicious telemetry signals correlated with this transaction']
TXN725aa10d-6,CUST00046,2026-07-02 23:54:57,95.27,atm,0.0,0.0,0.0,Low,['No individually suspicious telemetry signals correlated with this transaction']
TXNfa61726a-e,CUST00046,2026-07-03 23:19:28,365.86,mobile,0.0,0.0,0.0,Low,['No individually suspicious telemetry signals correlated with this transaction']
TXN61e5cdd9-7,CUST00470,2026-07-16 11:05:04,222.99,web,0.0,0.0,0.0,Low,['No individually suspicious telemetry signals correlated with this transaction']
TXN9522496e-a,CUST00471,2026-07-01 22:58:57,1995.56,mobile,0.0,0.0,0.0,Low,['No individually suspicious telemetry signals correlated with this transaction']
TXN7161c888-3,CUST00471,2026-07-10 23:53:34,513.72,web,0.0,0.0,0.0,Low,['No individually suspicious telemetry signals correlated with this transaction']
TXNa53a43d6-1,CUST00471,2026-07-14 21:48:31,2983.03,mobile,0.0,0.0,0.0,Low,['No individually suspicious telemetry signals correlated with this transaction']
TXN2e89bdbd-5,CUST00472,2026-06-20 08:59:50,1821.86,mobile,0.0,0.0,0.0,Low,['No individually suspicious telemetry signals correlated with this transaction']
TXN36cf28af-9,CUST00472,2026-07-01 19:10:31,681.75,mobile,0.0,0.0,0.0,Low,['No individually suspicious telemetry signals correlated with this transaction']
TXNa528698b-d,CUST00468,2026-06-24 18:52:33,915.17,web,0.0,0.0,0.0,Low,['No individually suspicious telemetry signals correlated with this transaction']
TXN8852c78e-0,CUST00468,2026-06-25 14:29:23,644.36,web,0.0,0.0,0.0,Low,['No individually suspicious telemetry signals correlated with this transaction']
TXNb5230821-2,CUST00468,2026-07-06 09:13:01,18573.72,web,0.0,0.0,0.0,Low,['No individually suspicious telemetry signals correlated with this transaction']
TXN9fc2e952-4,CUST00468,2026-07-10 07:12:56,4305.42,mobile,0.0,0.0,0.0,Low,['No individually suspicious telemetry signals correlated with this transaction']
TXNd61a4a69-3,CUST00468,2026-07-11 11:33:07,5582.41,web,0.0,0.0,0.0,Low,['No individually suspicious telemetry signals correlated with this transaction']
TXNbd00ff19-6,CUST00468,2026-07-11 17:43:35,5598.8,mobile,0.0,0.0,0.0,Low,['No individually suspicious telemetry signals correlated with this transaction']
TXN7d525a4e-4,CUST00468,2026-07-14 20:11:03,6000.03,web,0.0,0.0,0.0,Low,['No individually suspicious telemetry signals correlated with this transaction']
TXN2e401311-c,CUST00469,2026-06-21 07:12:19,2332.5,web,0.0,0.0,0.0,Low,['No individually suspicious telemetry signals correlated with this transaction']
TXN4400592c-a,CUST00469,2026-06-27 01:33:59,4292.48,web,0.0,0.0,0.0,Low,['No individually suspicious telemetry signals correlated with this transaction']
TXN279e04e7-6,CUST00469,2026-07-03 02:07:53,510.76,web,0.0,0.0,0.0,Low,['No individually suspicious telemetry signals correlated with this transaction']
TXN15b5bc25-e,CUST00045,2026-07-03 01:56:12,1899.53,mobile,0.0,0.0,0.0,Low,['No individually suspicious telemetry signals correlated with this transaction']
TXNafcfea4d-6,CUST00045,2026-07-03 20:48:05,3009.35,mobile,0.0,0.0,0.0,Low,['No individually suspicious telemetry signals correlated with this transaction']
TXNfda2f9a0-2,CUST00045,2026-07-04 09:43:05,2305.35,branch,0.0,0.0,0.0,Low,['No individually suspicious telemetry signals correlated with this transaction']
TXN5a7284a2-2,CUST00045,2026-07-08 02:01:29,1030.8,mobile,0.0,0.0,0.0,Low,['No individually suspicious telemetry signals correlated with this transaction']
TXN26aeaf29-9,CUST00045,2026-07-09 04:33:47,2729.66,web,0.0,0.0,0.0,Low,['No individually suspicious telemetry signals correlated with this transaction']
TXN1387bcda-5,CUST00045,2026-07-13 15:48:23,625.77,atm,0.0,0.0,0.0,Low,['No individually suspicious telemetry signals correlated with this transaction']
TXN55b85720-8,CUST00045,2026-07-13 23:33:02,1153.05,branch,0.0,0.0,0.0,Low,['No individually suspicious telemetry signals correlated with this transaction']
TXN5e7e2813-a,CUST00046,2026-06-25 10:39:37,515.24,atm,0.0,0.0,0.0,Low,['No individually suspicious telemetry signals correlated with this transaction']
TXN2586dcd1-a,CUST00046,2026-06-30 07:00:05,3209.47,mobile,0.0,0.0,0.0,Low,['No individually suspicious telemetry signals correlated with this transaction']
TXNc9f279a8-1,CUST00046,2026-06-30 14:32:44,2811.89,mobile,0.0,0.0,0.0,Low,['No individually suspicious telemetry signals correlated with this transaction']
TXN45665e79-1,CUST00046,2026-07-02 14:14:35,78.4,atm,0.0,0.0,0.0,Low,['No individually suspicious telemetry signals correlated with this transaction']
TXN1719944c-9,CUST00469,2026-07-10 08:51:12,687.91,atm,0.0,0.0,0.0,Low,['No individually suspicious telemetry signals correlated with this transaction']
TXNaa47bfc8-1,CUST00469,2026-07-12 04:28:13,1406.42,mobile,0.0,0.0,0.0,Low,['No individually suspicious telemetry signals correlated with this transaction']
TXNb7e1cb21-2,CUST00470,2026-06-23 16:12:27,1086.92,web,0.0,0.0,0.0,Low,['No individually suspicious telemetry signals correlated with this transaction']
TXN0d97bade-6,CUST00470,2026-07-08 02:48:22,362.94,web,0.0,0.0,0.0,Low,['No individually suspicious telemetry signals correlated with this transaction']
TXN3db8014a-8,CUST00470,2026-07-14 07:25:43,726.96,web,0.0,0.0,0.0,Low,['No individually suspicious telemetry signals correlated with this transaction']
TXNacdb425c-c,CUST00476,2026-06-26 14:57:20,4520.95,mobile,0.0,0.0,0.0,Low,['No individually suspicious telemetry signals correlated with this transaction']
TXNf48783eb-9,CUST00472,2026-07-14 08:10:55,1536.1,branch,0.0,0.0,0.0,Low,['No individually suspicious telemetry signals correlated with this transaction']
TXN444b9490-4,CUST00473,2026-06-19 10:19:01,5813.65,web,0.0,0.0,0.0,Low,['No individually suspicious telemetry signals correlated with this transaction']
TXN4d9e6b9f-a,CUST00473,2026-06-23 02:01:09,1367.75,mobile,0.0,0.0,0.0,Low,['No individually suspicious telemetry signals correlated with this transaction']
TXNf6d2a20d-b,CUST00473,2026-06-23 06:56:59,1484.03,atm,0.0,0.0,0.0,Low,['No individually suspicious telemetry signals correlated with this transaction']
TXN51f8deb6-3,CUST00473,2026-06-28 09:50:55,2094.64,mobile,0.0,0.0,0.0,Low,['No individually suspicious telemetry signals correlated with this transaction']
TXN24d4dba9-8,CUST00473,2026-07-05 22:34:14,1517.59,mobile,0.0,0.0,0.0,Low,['No individually suspicious telemetry signals correlated with this transaction']
TXN5339eb18-2,CUST00473,2026-07-12 06:34:40,5509.54,web,0.0,0.0,0.0,Low,['No individually suspicious telemetry signals correlated with this transaction']
TXN6d566dcc-b,CUST00473,2026-07-12 11:20:00,1230.47,web,0.0,0.0,0.0,Low,['No individually suspicious telemetry signals correlated with this transaction']
TXN93de2da0-4,CUST00474,2026-06-22 02:47:19,618.56,mobile,0.0,0.0,0.0,Low,['No individually suspicious telemetry signals correlated with this transaction']
TXN9a86040e-7,CUST00474,2026-06-24 04:33:31,6744.21,web,0.0,0.0,0.0,Low,['No individually suspicious telemetry signals correlated with this transaction']
TXN1dd18fcf-b,CUST00474,2026-06-28 03:36:06,9708.72,web,0.0,0.0,0.0,Low,['No individually suspicious telemetry signals correlated with this transaction']
TXN922fe35d-2,CUST00474,2026-06-30 19:40:57,1719.38,mobile,0.0,0.0,0.0,Low,['No individually suspicious telemetry signals correlated with this transaction']
TXNb98b9459-7,CUST00474,2026-07-02 02:52:27,3913.04,branch,0.0,0.0,0.0,Low,['No individually suspicious telemetry signals correlated with this transaction']
TXN950f5eff-d,CUST00474,2026-07-04 20:38:49,2908.32,mobile,0.0,0.0,0.0,Low,['No individually suspicious telemetry signals correlated with this transaction']
TXN6cdcd3be-a,CUST00045,2026-07-02 10:52:08,1209.91,mobile,0.0,0.0,0.0,Low,['No individually suspicious telemetry signals correlated with this transaction']
TXNd048c8af-f,CUST00477,2026-07-05 03:05:53,172.33,atm,0.0,0.0,0.0,Low,['No individually suspicious telemetry signals correlated with this transaction']
TXN3c9ea73a-2,CUST00477,2026-07-10 08:00:35,6351.21,mobile,0.0,0.0,0.0,Low,['No individually suspicious telemetry signals correlated with this transaction']
TXNcb53e1ae-d,CUST00477,2026-07-11 08:29:14,2004.18,mobile,0.0,0.0,0.0,Low,['No individually suspicious telemetry signals correlated with this transaction']
TXN3c7d53a0-4,CUST00477,2026-07-11 21:00:35,322.63,atm,0.0,0.0,0.0,Low,['No individually suspicious telemetry signals correlated with this transaction']
TXN14fe9960-a,CUST00477,2026-07-13 02:54:18,2135.8,web,0.0,0.0,0.0,Low,['No individually suspicious telemetry signals correlated with this transaction']
TXN3f444245-4,CUST00474,2026-07-05 05:31:45,1059.82,atm,0.0,0.0,0.0,Low,['No individually suspicious telemetry signals correlated with this transaction']
TXNbe60808d-b,CUST00474,2026-07-07 09:13:17,7882.27,mobile,0.0,0.0,0.0,Low,['No individually suspicious telemetry signals correlated with this transaction']
TXN5526db8e-9,CUST00474,2026-07-14 01:53:03,12230.59,mobile,0.0,0.0,0.0,Low,['No individually suspicious telemetry signals correlated with this transaction']
TXN7f849eea-c,CUST00474,2026-07-16 06:42:51,413.54,mobile,0.0,0.0,0.0,Low,['No individually suspicious telemetry signals correlated with this transaction']
TXNb800f540-7,CUST00475,2026-06-26 10:32:12,6700.77,mobile,0.0,0.0,0.0,Low,['No individually suspicious telemetry signals correlated with this transaction']
TXN297eb3ce-1,CUST00475,2026-06-28 20:57:55,1116.13,mobile,0.0,0.0,0.0,Low,['No individually suspicious telemetry signals correlated with this transaction']
TXNaaae3222-3,CUST00475,2026-07-06 12:15:28,558.43,mobile,0.0,0.0,0.0,Low,['No individually suspicious telemetry signals correlated with this transaction']
TXNc27eb09a-7,CUST00475,2026-07-08 22:04:03,1213.27,branch,0.0,0.0,0.0,Low,['No individually suspicious telemetry signals correlated with this transaction']
TXNf2203acf-8,CUST00475,2026-07-13 16:41:58,2116.94,web,0.0,0.0,0.0,Low,['No individually suspicious telemetry signals correlated with this transaction']
TXN227cc456-1,CUST00476,2026-06-21 11:21:40,14957.35,mobile,0.0,0.0,0.0,Low,['No individually suspicious telemetry signals correlated with this transaction']
TXNb8d7e825-b,CUST00476,2026-06-21 22:21:23,343.94,atm,0.0,0.0,0.0,Low,['No individually suspicious telemetry signals correlated with this transaction']
TXNafe9c3dc-a,CUST00045,2026-06-18 13:09:26,1039.43,web,0.0,0.0,0.0,Low,['No individually suspicious telemetry signals correlated with this transaction']
TXNebf3ef99-3,CUST00045,2026-06-19 10:28:38,5691.88,mobile,0.0,0.0,0.0,Low,['No individually suspicious telemetry signals correlated with this transaction']
TXNf4dafcc8-1,CUST00045,2026-06-23 12:28:17,509.73,mobile,0.0,0.0,0.0,Low,['No individually suspicious telemetry signals correlated with this transaction']
TXNe6d037c6-d,CUST00045,2026-06-23 15:44:38,395.61,web,0.0,0.0,0.0,Low,['No individually suspicious telemetry signals correlated with this transaction']
TXN5c494d63-1,CUST00045,2026-06-26 05:27:00,882.62,web,0.0,0.0,0.0,Low,['No individually suspicious telemetry signals correlated with this transaction']
TXN49793220-d,CUST00045,2026-06-27 16:17:19,5723.09,web,0.0,0.0,0.0,Low,['No individually suspicious telemetry signals correlated with this transaction']
TXNaf003b94-5,CUST00476,2026-06-29 14:07:58,415.71,atm,0.0,0.0,0.0,Low,['No individually suspicious telemetry signals correlated with this transaction']
TXNdd16663a-8,CUST00476,2026-06-30 00:08:57,2383.51,branch,0.0,0.0,0.0,Low,['No individually suspicious telemetry signals correlated with this transaction']
TXNbaad0da4-6,CUST00476,2026-07-08 12:07:06,1906.04,mobile,0.0,0.0,0.0,Low,['No individually suspicious telemetry signals correlated with this transaction']
TXNc2d0af1f-4,CUST00476,2026-07-10 13:03:46,1097.94,mobile,0.0,0.0,0.0,Low,['No individually suspicious telemetry signals correlated with this transaction']
TXN7731b193-e,CUST00476,2026-07-14 03:42:39,1384.16,mobile,0.0,0.0,0.0,Low,['No individually suspicious telemetry signals correlated with this transaction']
TXN0de5fd7b-d,CUST00476,2026-07-15 05:42:14,16320.34,mobile,0.0,0.0,0.0,Low,['No individually suspicious telemetry signals correlated with this transaction']
TXNcf92bd95-9,CUST00476,2026-07-15 22:59:14,6385.44,web,0.0,0.0,0.0,Low,['No individually suspicious telemetry signals correlated with this transaction']
TXNec9f1803-6,CUST00477,2026-06-17 12:47:05,19615.91,web,0.0,0.0,0.0,Low,['No individually suspicious telemetry signals correlated with this transaction']
TXN047032f6-3,CUST00477,2026-06-18 04:54:42,2578.12,mobile,0.0,0.0,0.0,Low,['No individually suspicious telemetry signals correlated with this transaction']
TXNaad74fe0-5,CUST00477,2026-07-02 10:54:23,5108.38,web,0.0,0.0,0.0,Low,['No individually suspicious telemetry signals correlated with this transaction']
TXNbf2c857e-9,CUST00481,2026-07-12 21:27:28,623.4,web,0.0,0.0,0.0,Low,['No individually suspicious telemetry signals correlated with this transaction']
TXNdf3bd35c-3,CUST00478,2026-06-17 02:30:45,4998.73,web,0.0,0.0,0.0,Low,['No individually suspicious telemetry signals correlated with this transaction']
TXNf11b9c1b-b,CUST00478,2026-06-18 10:02:35,10925.21,branch,0.0,0.0,0.0,Low,['No individually suspicious telemetry signals correlated with this transaction']
TXNedb49f8d-e,CUST00478,2026-07-03 10:44:19,1293.45,mobile,0.0,0.0,0.0,Low,['No individually suspicious telemetry signals correlated with this transaction']
TXN2adff941-9,CUST00478,2026-07-05 17:15:16,3022.96,mobile,0.0,0.0,0.0,Low,['No individually suspicious telemetry signals correlated with this transaction']
TXN0e832587-3,CUST00479,2026-06-19 17:13:38,5090.71,mobile,0.0,0.0,0.0,Low,['No individually suspicious telemetry signals correlated with this transaction']
TXNa9fc73da-5,CUST00479,2026-06-24 18:30:49,5758.51,atm,0.0,0.0,0.0,Low,['No individually suspicious telemetry signals correlated with this transaction']
TXNfdff67de-6,CUST00479,2026-06-26 22:35:59,6889.7,mobile,0.0,0.0,0.0,Low,['No individually suspicious telemetry signals correlated with this transaction']
TXNde2bdf8c-a,CUST00479,2026-07-08 22:03:55,417.83,mobile,0.0,0.0,0.0,Low,['No individually suspicious telemetry signals correlated with this transaction']
TXN32e72520-4,CUST00479,2026-07-16 04:06:53,1049.48,mobile,0.0,0.0,0.0,Low,['No individually suspicious telemetry signals correlated with this transaction']
TXNe473b0b0-9,CUST00043,2026-06-19 05:00:00,4077.95,web,0.0,0.0,0.0,Low,['No individually suspicious telemetry signals correlated with this transaction']
TXNda4bdf2d-5,CUST00043,2026-06-22 16:35:23,327.25,mobile,0.0,0.0,0.0,Low,['No individually suspicious telemetry signals correlated with this transaction']
TXN4eb0c866-2,CUST00043,2026-07-05 23:59:40,1157.18,mobile,0.0,0.0,0.0,Low,['No individually suspicious telemetry signals correlated with this transaction']
TXN056de195-1,CUST00044,2026-06-21 09:59:50,1550.33,mobile,0.0,0.0,0.0,Low,['No individually suspicious telemetry signals correlated with this transaction']
TXN004f5362-2,CUST00044,2026-06-25 21:34:38,1387.06,atm,0.0,0.0,0.0,Low,['No individually suspicious telemetry signals correlated with this transaction']
TXN8b6daa25-1,CUST00044,2026-07-08 13:02:15,2066.76,web,0.0,0.0,0.0,Low,['No individually suspicious telemetry signals correlated with this transaction']
TXNc01d1c62-b,CUST00041,2026-07-07 01:47:10,6528.48,branch,0.0,0.0,0.0,Low,['No individually suspicious telemetry signals correlated with this transaction']
TXNb96c2da0-1,CUST00041,2026-07-14 06:13:05,1455.2,atm,0.0,0.0,0.0,Low,['No individually suspicious telemetry signals correlated with this transaction']
TXN8ad8c568-1,CUST00042,2026-06-18 02:50:53,1052.51,mobile,0.0,0.0,0.0,Low,['No individually suspicious telemetry signals correlated with this transaction']
TXN44852295-1,CUST00042,2026-07-02 16:39:31,4751.9,web,0.0,0.0,0.0,Low,['No individually suspicious telemetry signals correlated with this transaction']
TXN0267c983-f,CUST00042,2026-07-08 04:09:32,1010.48,web,0.0,0.0,0.0,Low,['No individually suspicious telemetry signals correlated with this transaction']
TXNbb5452fd-2,CUST00480,2026-07-09 02:28:55,3104.17,mobile,0.0,0.0,0.0,Low,['No individually suspicious telemetry signals correlated with this transaction']
TXN284baa23-3,CUST00480,2026-07-09 13:01:47,463.4,mobile,0.0,0.0,0.0,Low,['No individually suspicious telemetry signals correlated with this transaction']
TXNec8a7209-a,CUST00480,2026-07-14 09:09:00,3718.68,mobile,0.0,0.0,0.0,Low,['No individually suspicious telemetry signals correlated with this transaction']
TXN57cad887-b,CUST00481,2026-06-18 01:02:48,276.42,web,0.0,0.0,0.0,Low,['No individually suspicious telemetry signals correlated with this transaction']
TXN1dadd807-1,CUST00481,2026-06-19 00:08:20,3623.12,mobile,0.0,0.0,0.0,Low,['No individually suspicious telemetry signals correlated with this transaction']
TXN68fd1179-7,CUST00481,2026-06-20 07:01:35,1652.76,branch,0.0,0.0,0.0,Low,['No individually suspicious telemetry signals correlated with this transaction']
TXN23bf1f71-a,CUST00481,2026-06-23 11:57:01,1208.02,mobile,0.0,0.0,0.0,Low,['No individually suspicious telemetry signals correlated with this transaction']
TXN082bbc6f-b,CUST00481,2026-06-24 17:52:20,3694.37,mobile,0.0,0.0,0.0,Low,['No individually suspicious telemetry signals correlated with this transaction']
TXN8776b75f-e,CUST00481,2026-07-05 11:27:32,950.84,atm,0.0,0.0,0.0,Low,['No individually suspicious telemetry signals correlated with this transaction']
TXN1ac0dff3-6,CUST00481,2026-07-07 10:52:30,668.58,mobile,0.0,0.0,0.0,Low,['No individually suspicious telemetry signals correlated with this transaction']
TXN0ab6c155-2,CUST00481,2026-07-09 13:17:17,737.03,mobile,0.0,0.0,0.0,Low,['No individually suspicious telemetry signals correlated with this transaction']
TXN132fdba1-f,CUST00484,2026-07-07 08:49:53,1827.58,web,0.0,0.0,0.0,Low,['No individually suspicious telemetry signals correlated with this transaction']
TXN4d2cd22d-c,CUST00482,2026-06-18 04:19:13,2159.57,web,0.0,0.0,0.0,Low,['No individually suspicious telemetry signals correlated with this transaction']
TXN264e448e-1,CUST00482,2026-06-21 19:10:37,1124.02,mobile,0.0,0.0,0.0,Low,['No individually suspicious telemetry signals correlated with this transaction']
TXN65108b6f-a,CUST00482,2026-06-28 19:47:54,6616.8,mobile,0.0,0.0,0.0,Low,['No individually suspicious telemetry signals correlated with this transaction']
TXN615a443c-6,CUST00482,2026-07-10 12:38:18,2368.01,mobile,0.0,0.0,0.0,Low,['No individually suspicious telemetry signals correlated with this transaction']
TXN036ec6cb-8,CUST00482,2026-07-13 20:02:33,526.28,branch,0.0,0.0,0.0,Low,['No individually suspicious telemetry signals correlated with this transaction']
TXNbc6965e7-b,CUST00483,2026-06-17 07:49:37,7140.74,web,0.0,0.0,0.0,Low,['No individually suspicious telemetry signals correlated with this transaction']
TXN6025cf7c-4,CUST00483,2026-06-19 02:40:26,5665.73,branch,0.0,0.0,0.0,Low,['No individually suspicious telemetry signals correlated with this transaction']
TXN9390e315-0,CUST00483,2026-06-24 14:46:59,1780.68,web,0.0,0.0,0.0,Low,['No individually suspicious telemetry signals correlated with this transaction']
TXNd2bfbcf2-d,CUST00483,2026-07-01 03:18:46,5166.95,mobile,0.0,0.0,0.0,Low,['No individually suspicious telemetry signals correlated with this transaction']
TXN7ef74fdb-1,CUST00040,2026-07-11 21:25:56,8665.38,web,0.0,0.0,0.0,Low,['No individually suspicious telemetry signals correlated with this transaction']
TXNbad4f3e0-3,CUST00040,2026-07-15 18:30:50,12903.54,web,0.0,0.0,0.0,Low,['No individually suspicious telemetry signals correlated with this transaction']
TXN91d51b06-3,CUST00040,2026-07-16 07:53:37,4771.97,mobile,0.0,0.0,0.0,Low,['No individually suspicious telemetry signals correlated with this transaction']
TXN6d283989-1,CUST00041,2026-06-27 09:37:03,4841.98,mobile,0.0,0.0,0.0,Low,['No individually suspicious telemetry signals correlated with this transaction']
TXNa52680b3-e,CUST00041,2026-07-01 20:26:54,266.56,mobile,0.0,0.0,0.0,Low,['No individually suspicious telemetry signals correlated with this transaction']
TXN1987e6d0-9,CUST00041,2026-07-02 11:34:28,3137.84,mobile,0.0,0.0,0.0,Low,['No individually suspicious telemetry signals correlated with this transaction']
TXNdc29aca7-2,CUST00485,2026-07-14 05:35:24,6382.66,web,0.0,0.0,0.0,Low,['No individually suspicious telemetry signals correlated with this transaction']
TXN084a4052-4,CUST00486,2026-06-23 16:28:20,7173.71,web,0.0,0.0,0.0,Low,['No individually suspicious telemetry signals correlated with this transaction']
TXNe7b4638b-e,CUST00486,2026-06-23 16:52:49,4960.98,atm,0.0,0.0,0.0,Low,['No individually suspicious telemetry signals correlated with this transaction']
TXN0450f237-1,CUST00486,2026-06-24 13:59:10,2002.84,mobile,0.0,0.0,0.0,Low,['No individually suspicious telemetry signals correlated with this transaction']
TXN907e5f2d-7,CUST00487,2026-06-16 13:44:09,1073.98,atm,0.0,0.0,0.0,Low,['No individually suspicious telemetry signals correlated with this transaction']
TXNc743eed3-a,CUST00487,2026-06-16 17:37:35,2098.15,mobile,0.0,0.0,0.0,Low,['No individually suspicious telemetry signals correlated with this transaction']
TXN5997fbb0-f,CUST00483,2026-07-05 18:54:04,1809.75,mobile,0.0,0.0,0.0,Low,['No individually suspicious telemetry signals correlated with this transaction']
TXNee426792-c,CUST00483,2026-07-08 03:43:05,2181.02,web,0.0,0.0,0.0,Low,['No individually suspicious telemetry signals correlated with this transaction']
TXNca7d60a1-d,CUST00483,2026-07-15 00:44:07,4616.63,mobile,0.0,0.0,0.0,Low,['No individually suspicious telemetry signals correlated with this transaction']
TXN24522ef6-1,CUST00484,2026-06-17 16:05:09,575.18,branch,0.0,0.0,0.0,Low,['No individually suspicious telemetry signals correlated with this transaction']
TXNc337ed45-4,CUST00484,2026-06-21 15:50:57,5110.3,web,0.0,0.0,0.0,Low,['No individually suspicious telemetry signals correlated with this transaction']
TXNd2d07acf-7,CUST00484,2026-06-27 09:44:07,15951.74,branch,0.0,0.0,0.0,Low,['No individually suspicious telemetry signals correlated with this transaction']
TXN27facb5d-c,CUST00484,2026-06-30 08:40:23,8438.92,web,0.0,0.0,0.0,Low,['No individually suspicious telemetry signals correlated with this transaction']
TXNef6739d2-6,CUST00484,2026-07-03 05:53:30,14871.56,atm,0.0,0.0,0.0,Low,['No individually suspicious telemetry signals correlated with this transaction']
TXN8a25cd95-5,CUST00484,2026-07-03 12:39:35,1900.96,mobile,0.0,0.0,0.0,Low,['No individually suspicious telemetry signals correlated with this transaction']
TXN7b5aaea7-f,CUST00484,2026-07-06 13:54:24,2087.77,mobile,0.0,0.0,0.0,Low,['No individually suspicious telemetry signals correlated with this transaction']
TXNf21dfe36-2,CUST00487,2026-07-06 05:15:00,1286.69,web,0.0,0.0,0.0,Low,['No individually suspicious telemetry signals correlated with this transaction']
TXN0f34bd08-8,CUST00487,2026-07-12 07:44:46,1127.66,branch,0.0,0.0,0.0,Low,['No individually suspicious telemetry signals correlated with this transaction']
TXNbc9742d3-e,CUST00487,2026-07-13 02:00:56,631.86,mobile,0.0,0.0,0.0,Low,['No individually suspicious telemetry signals correlated with this transaction']
TXNc89a0cbd-c,CUST00487,2026-07-16 11:45:40,1974.35,mobile,0.0,0.0,0.0,Low,['No individually suspicious telemetry signals correlated with this transaction']
TXN3ad782dc-8,CUST00488,2026-06-18 11:20:16,3301.99,mobile,0.0,0.0,0.0,Low,['No individually suspicious telemetry signals correlated with this transaction']
TXN0ae95eb4-8,CUST00488,2026-06-28 08:39:06,5902.84,branch,0.0,0.0,0.0,Low,['No individually suspicious telemetry signals correlated with this transaction']
TXN97be4ad9-2,CUST00488,2026-07-02 12:09:31,550.15,web,0.0,0.0,0.0,Low,['No individually suspicious telemetry signals correlated with this transaction']
TXN7d2e11bd-1,CUST00488,2026-07-07 14:18:05,8812.7,mobile,0.0,0.0,0.0,Low,['No individually suspicious telemetry signals correlated with this transaction']
TXNb8b75626-b,CUST00485,2026-06-20 19:11:32,20.68,branch,0.0,0.0,0.0,Low,['No individually suspicious telemetry signals correlated with this transaction']
TXN51c680ca-5,CUST00485,2026-06-26 01:57:53,2456.32,web,0.0,0.0,0.0,Low,['No individually suspicious telemetry signals correlated with this transaction']
TXNf1f58294-a,CUST00485,2026-06-26 06:52:51,5037.31,mobile,0.0,0.0,0.0,Low,['No individually suspicious telemetry signals correlated with this transaction']
TXN9e929f50-9,CUST00485,2026-06-27 16:48:35,1592.91,mobile,0.0,0.0,0.0,Low,['No individually suspicious telemetry signals correlated with this transaction']
TXN2899e850-d,CUST00485,2026-06-29 13:25:32,2018.3,web,0.0,0.0,0.0,Low,['No individually suspicious telemetry signals correlated with this transaction']
TXN7ab417d6-2,CUST00485,2026-07-04 21:59:49,322.19,branch,0.0,0.0,0.0,Low,['No individually suspicious telemetry signals correlated with this transaction']
TXN6d1b5e96-6,CUST00485,2026-07-10 07:42:06,530.98,mobile,0.0,0.0,0.0,Low,['No individually suspicious telemetry signals correlated with this transaction']
TXNb381e8b0-3,CUST00485,2026-07-12 02:54:46,602.95,mobile,0.0,0.0,0.0,Low,['No individually suspicious telemetry signals correlated with this transaction']
TXNf216880d-6,CUST00039,2026-06-20 20:49:06,656.01,atm,0.0,0.0,0.0,Low,['No individually suspicious telemetry signals correlated with this transaction']
TXNa13a9da2-9,CUST00039,2026-06-21 21:15:43,2193.23,atm,0.0,0.0,0.0,Low,['No individually suspicious telemetry signals correlated with this transaction']
TXN5302e6e2-3,CUST00039,2026-06-26 15:36:11,4351.1,mobile,0.0,0.0,0.0,Low,['No individually suspicious telemetry signals correlated with this transaction']
TXNa05095fa-d,CUST00039,2026-06-27 05:39:20,536.36,mobile,0.0,0.0,0.0,Low,['No individually suspicious telemetry signals correlated with this transaction']
TXNb8fc7513-1,CUST00039,2026-06-30 03:32:43,265.33,web,0.0,0.0,0.0,Low,['No individually suspicious telemetry signals correlated with this transaction']
TXN2e2f2127-b,CUST00040,2026-06-16 14:16:39,782.31,branch,0.0,0.0,0.0,Low,['No individually suspicious telemetry signals correlated with this transaction']
TXNd0cb079f-2,CUST00040,2026-06-17 14:56:01,9960.37,branch,0.0,0.0,0.0,Low,['No individually suspicious telemetry signals correlated with this transaction']
TXN4f66a914-0,CUST00040,2026-06-19 00:25:28,1291.27,atm,0.0,0.0,0.0,Low,['No individually suspicious telemetry signals correlated with this transaction']
TXN25f93ab9-5,CUST00040,2026-06-19 15:47:16,470.81,mobile,0.0,0.0,0.0,Low,['No individually suspicious telemetry signals correlated with this transaction']
TXNd147a0bf-2,CUST00040,2026-07-06 06:02:41,2121.69,mobile,0.0,0.0,0.0,Low,['No individually suspicious telemetry signals correlated with this transaction']
TXN7393c675-a,CUST00487,2026-06-19 11:01:22,1480.58,mobile,0.0,0.0,0.0,Low,['No individually suspicious telemetry signals correlated with this transaction']
TXNd771b446-7,CUST00487,2026-06-20 23:35:24,1386.52,mobile,0.0,0.0,0.0,Low,['No individually suspicious telemetry signals correlated with this transaction']
TXNcf61ea35-d,CUST00487,2026-06-23 21:24:18,726.28,atm,0.0,0.0,0.0,Low,['No individually suspicious telemetry signals correlated with this transaction']
TXN00b30bda-6,CUST00487,2026-06-26 06:48:46,1851.65,branch,0.0,0.0,0.0,Low,['No individually suspicious telemetry signals correlated with this transaction']
TXNc96e517f-e,CUST00487,2026-06-28 13:43:04,7906.68,web,0.0,0.0,0.0,Low,['No individually suspicious telemetry signals correlated with this transaction']
TXN350c559f-0,CUST00487,2026-07-02 20:26:42,2066.59,mobile,0.0,0.0,0.0,Low,['No individually suspicious telemetry signals correlated with this transaction']
TXN46b3138a-6,CUST00488,2026-07-15 02:48:05,4016.43,web,0.0,0.0,0.0,Low,['No individually suspicious telemetry signals correlated with this transaction']
TXN5dc228d3-a,CUST00488,2026-07-15 19:51:40,5857.67,web,0.0,0.0,0.0,Low,['No individually suspicious telemetry signals correlated with this transaction']
TXNf801a8bf-1,CUST00489,2026-06-29 18:27:43,1060.56,atm,0.0,0.0,0.0,Low,['No individually suspicious telemetry signals correlated with this transaction']
TXN8224153c-3,CUST00489,2026-07-04 02:56:51,4484.75,mobile,0.0,0.0,0.0,Low,['No individually suspicious telemetry signals correlated with this transaction']
TXN1a06cff0-7,CUST00489,2026-07-06 13:01:54,232.96,mobile,0.0,0.0,0.0,Low,['No individually suspicious telemetry signals correlated with this transaction']
TXNb66e58a8-7,CUST00489,2026-07-14 09:38:13,1004.0,web,0.0,0.0,0.0,Low,['No individually suspicious telemetry signals correlated with this transaction']
TXNf431f8f1-8,CUST00490,2026-06-17 06:40:42,1952.52,atm,0.0,0.0,0.0,Low,['No individually suspicious telemetry signals correlated with this transaction']
TXNad2654a4-8,CUST00490,2026-06-19 21:35:17,1211.06,web,0.0,0.0,0.0,Low,['No individually suspicious telemetry signals correlated with this transaction']
TXN331212d1-4,CUST00490,2026-06-20 22:43:27,6583.21,web,0.0,0.0,0.0,Low,['No individually suspicious telemetry signals correlated with this transaction']
TXNb41287fb-6,CUST00490,2026-06-23 02:23:07,1864.75,web,0.0,0.0,0.0,Low,['No individually suspicious telemetry signals correlated with this transaction']
TXN7f0544ca-4,CUST00490,2026-06-25 20:27:26,283.28,mobile,0.0,0.0,0.0,Low,['No individually suspicious telemetry signals correlated with this transaction']
TXN1d3c9859-2,CUST00490,2026-06-27 07:13:19,778.61,web,0.0,0.0,0.0,Low,['No individually suspicious telemetry signals correlated with this transaction']
TXNfc3a156a-5,CUST00038,2026-07-05 13:38:05,3918.46,web,0.0,0.0,0.0,Low,['No individually suspicious telemetry signals correlated with this transaction']
TXNbb0084fa-3,CUST00038,2026-07-08 02:40:06,1406.97,web,0.0,0.0,0.0,Low,['No individually suspicious telemetry signals correlated with this transaction']
TXNe5f95507-6,CUST00038,2026-07-13 11:32:34,1254.09,atm,0.0,0.0,0.0,Low,['No individually suspicious telemetry signals correlated with this transaction']
TXN34c6d620-8,CUST00039,2026-06-18 06:52:13,3734.01,mobile,0.0,0.0,0.0,Low,['No individually suspicious telemetry signals correlated with this transaction']
TXN92fcbafc-4,CUST00493,2026-06-23 17:28:55,728.41,mobile,0.0,0.0,0.0,Low,['No individually suspicious telemetry signals correlated with this transaction']
TXNaaef0591-3,CUST00493,2026-07-06 23:29:51,696.68,mobile,0.0,0.0,0.0,Low,['No individually suspicious telemetry signals correlated with this transaction']
TXNc8880b2c-6,CUST00494,2026-06-20 05:13:55,1944.49,branch,0.0,0.0,0.0,Low,['No individually suspicious telemetry signals correlated with this transaction']
TXN09b3abbf-8,CUST00494,2026-07-05 15:19:26,1411.75,web,0.0,0.0,0.0,Low,['No individually suspicious telemetry signals correlated with this transaction']
TXN7f353843-d,CUST00494,2026-07-05 22:15:15,2296.6,branch,0.0,0.0,0.0,Low,['No individually suspicious telemetry signals correlated with this transaction']
TXN7e29bddc-f,CUST00494,2026-07-06 08:15:04,1759.33,atm,0.0,0.0,0.0,Low,['No individually suspicious telemetry signals correlated with this transaction']
TXN0476444d-0,CUST00490,2026-06-30 12:41:34,2321.8,branch,0.0,0.0,0.0,Low,['No individually suspicious telemetry signals correlated with this transaction']
TXN5953b5d4-2,CUST00490,2026-07-05 11:38:36,357.17,mobile,0.0,0.0,0.0,Low,['No individually suspicious telemetry signals correlated with this transaction']
TXNf0514b1d-e,CUST00491,2026-06-19 20:54:26,3398.57,web,0.0,0.0,0.0,Low,['No individually suspicious telemetry signals correlated with this transaction']
TXN0ebd9eef-0,CUST00491,2026-06-20 20:32:39,8187.36,web,0.0,0.0,0.0,Low,['No individually suspicious telemetry signals correlated with this transaction']
TXN2815eb62-6,CUST00491,2026-06-21 16:52:37,2256.33,web,0.0,0.0,0.0,Low,['No individually suspicious telemetry signals correlated with this transaction']
TXNd69cd777-4,CUST00491,2026-07-02 09:24:24,1480.36,mobile,0.0,0.0,0.0,Low,['No individually suspicious telemetry signals correlated with this transaction']
TXN3d948afd-8,CUST00491,2026-07-06 07:49:07,1486.99,mobile,0.0,0.0,0.0,Low,['No individually suspicious telemetry signals correlated with this transaction']
TXNc6e9c9c4-d,CUST00491,2026-07-13 16:27:47,1002.03,branch,0.0,0.0,0.0,Low,['No individually suspicious telemetry signals correlated with this transaction']
TXN5a6d86ba-1,CUST00491,2026-07-15 16:55:56,3959.36,mobile,0.0,0.0,0.0,Low,['No individually suspicious telemetry signals correlated with this transaction']
TXN7c53ccb0-9,CUST00492,2026-06-27 09:25:52,960.22,branch,0.0,0.0,0.0,Low,['No individually suspicious telemetry signals correlated with this transaction']
TXN8897c497-0,CUST00036,2026-07-04 22:54:39,447.46,branch,0.0,0.0,0.0,Low,['No individually suspicious telemetry signals correlated with this transaction']
TXN1e7d8f7b-8,CUST00036,2026-07-09 21:47:15,1189.35,mobile,0.0,0.0,0.0,Low,['No individually suspicious telemetry signals correlated with this transaction']
TXN4242fc5c-8,CUST00036,2026-07-13 10:47:57,838.75,web,0.0,0.0,0.0,Low,['No individually suspicious telemetry signals correlated with this transaction']
TXN35c0c003-d,CUST00037,2026-07-01 22:51:03,185.25,atm,0.0,0.0,0.0,Low,['No individually suspicious telemetry signals correlated with this transaction']
TXNa60da1aa-0,CUST00037,2026-07-08 11:27:17,5391.98,mobile,0.0,0.0,0.0,Low,['No individually suspicious telemetry signals correlated with this transaction']
TXN4398018f-8,CUST00038,2026-06-16 16:59:08,682.22,atm,0.0,0.0,0.0,Low,['No individually suspicious telemetry signals correlated with this transaction']
TXNa845f723-8,CUST00038,2026-06-16 21:49:23,2814.37,mobile,0.0,0.0,0.0,Low,['No individually suspicious telemetry signals correlated with this transaction']
TXNf2491816-1,CUST00038,2026-06-22 23:48:06,2510.15,web,0.0,0.0,0.0,Low,['No individually suspicious telemetry signals correlated with this transaction']
TXN418860b9-2,CUST00038,2026-07-04 18:30:37,384.65,atm,0.0,0.0,0.0,Low,['No individually suspicious telemetry signals correlated with this transaction']
TXN066208b6-9,CUST00492,2026-06-29 08:09:19,953.76,branch,0.0,0.0,0.0,Low,['No individually suspicious telemetry signals correlated with this transaction']
TXNbfbff315-0,CUST00492,2026-07-01 07:53:18,3018.98,web,0.0,0.0,0.0,Low,['No individually suspicious telemetry signals correlated with this transaction']
TXN3c675934-9,CUST00492,2026-07-06 20:07:33,4915.83,branch,0.0,0.0,0.0,Low,['No individually suspicious telemetry signals correlated with this transaction']
TXNf70f8b81-4,CUST00492,2026-07-07 05:44:32,1778.6,mobile,0.0,0.0,0.0,Low,['No individually suspicious telemetry signals correlated with this transaction']
TXN1dd19a42-c,CUST00492,2026-07-10 15:55:50,208.58,web,0.0,0.0,0.0,Low,['No individually suspicious telemetry signals correlated with this transaction']
TXN901b938f-b,CUST00493,2026-06-20 18:39:30,1491.92,mobile,0.0,0.0,0.0,Low,['No individually suspicious telemetry signals correlated with this transaction']
TXN4169de84-0,CUST00493,2026-06-22 15:03:14,5850.1,atm,0.0,0.0,0.0,Low,['No individually suspicious telemetry signals correlated with this transaction']
TXN15604ec8-1,CUST00498,2026-06-17 03:23:11,350.52,mobile,0.0,0.0,0.0,Low,['No individually suspicious telemetry signals correlated with this transaction']
TXNa5868874-4,CUST00494,2026-07-06 19:21:40,906.68,web,0.0,0.0,0.0,Low,['No individually suspicious telemetry signals correlated with this transaction']
TXNf3da143e-4,CUST00495,2026-06-19 02:30:14,4033.4,mobile,0.0,0.0,0.0,Low,['No individually suspicious telemetry signals correlated with this transaction']
TXNbff9e3b2-8,CUST00495,2026-06-21 18:49:22,3594.7,atm,0.0,0.0,0.0,Low,['No individually suspicious telemetry signals correlated with this transaction']
TXN6a21ab97-d,CUST00495,2026-06-26 13:58:49,1386.77,mobile,0.0,0.0,0.0,Low,['No individually suspicious telemetry signals correlated with this transaction']
TXN10ab9db1-a,CUST00495,2026-06-29 14:03:47,2846.67,web,0.0,0.0,0.0,Low,['No individually suspicious telemetry signals correlated with this transaction']
TXN260027aa-1,CUST00495,2026-07-01 16:54:45,456.91,atm,0.0,0.0,0.0,Low,['No individually suspicious telemetry signals correlated with this transaction']
TXNd4b6f0f2-3,CUST00495,2026-07-02 19:47:33,3531.97,web,0.0,0.0,0.0,Low,['No individually suspicious telemetry signals correlated with this transaction']
TXN922e3abc-7,CUST00495,2026-07-04 20:52:20,6299.05,web,0.0,0.0,0.0,Low,['No individually suspicious telemetry signals correlated with this transaction']
TXN974a2447-a,CUST00495,2026-07-05 21:38:55,1090.07,web,0.0,0.0,0.0,Low,['No individually suspicious telemetry signals correlated with this transaction']
TXNe877a70d-6,CUST00495,2026-07-09 23:10:11,5191.85,branch,0.0,0.0,0.0,Low,['No individually suspicious telemetry signals correlated with this transaction']
TXN6fd8440a-5,CUST00495,2026-07-15 20:24:41,2856.34,web,0.0,0.0,0.0,Low,['No individually suspicious telemetry signals correlated with this transaction']
TXN11269f9e-0,CUST00496,2026-06-20 09:33:55,343.51,web,0.0,0.0,0.0,Low,['No individually suspicious telemetry signals correlated with this transaction']
TXN9186c2a1-9,CUST00496,2026-06-20 18:27:33,4290.25,web,0.0,0.0,0.0,Low,['No individually suspicious telemetry signals correlated with this transaction']
TXN439cf4f8-e,CUST00496,2026-07-07 07:51:41,1400.6,mobile,0.0,0.0,0.0,Low,['No individually suspicious telemetry signals correlated with this transaction']
TXN80fa3363-7,CUST00036,2026-06-24 15:57:12,4061.44,web,0.0,0.0,0.0,Low,['No individually suspicious telemetry signals correlated with this transaction']
TXN07d1316f-8,CUST00498,2026-07-05 07:59:55,12417.25,atm,0.0,0.0,0.0,Low,['No individually suspicious telemetry signals correlated with this transaction']
TXNfe389c35-e,CUST00498,2026-07-08 04:28:07,2491.07,web,0.0,0.0,0.0,Low,['No individually suspicious telemetry signals correlated with this transaction']
TXN1ec83ceb-c,CUST00498,2026-07-11 22:22:06,2291.83,mobile,0.0,0.0,0.0,Low,['No individually suspicious telemetry signals correlated with this transaction']
TXN5fb14f5b-8,CUST00499,2026-07-08 00:52:43,2144.5,web,0.0,0.0,0.0,Low,['No individually suspicious telemetry signals correlated with this transaction']
TXNfb9c7376-9,CUST00499,2026-07-09 10:33:30,708.18,branch,0.0,0.0,0.0,Low,['No individually suspicious telemetry signals correlated with this transaction']
TXN2e095630-d,CUST00500,2026-06-26 08:16:55,5255.73,web,0.0,0.0,0.0,Low,['No individually suspicious telemetry signals correlated with this transaction']
TXNd91e7e1a-6,CUST00496,2026-07-14 23:37:27,773.92,web,0.0,0.0,0.0,Low,['No individually suspicious telemetry signals correlated with this transaction']
TXN1b0e93e1-2,CUST00497,2026-06-17 09:18:19,2405.14,mobile,0.0,0.0,0.0,Low,['No individually suspicious telemetry signals correlated with this transaction']
TXNe7718e1b-d,CUST00497,2026-06-17 15:01:44,663.18,branch,0.0,0.0,0.0,Low,['No individually suspicious telemetry signals correlated with this transaction']
TXNd74d930e-0,CUST00497,2026-06-18 14:57:48,910.3,mobile,0.0,0.0,0.0,Low,['No individually suspicious telemetry signals correlated with this transaction']
TXNa9129abc-c,CUST00497,2026-06-20 11:50:30,5581.71,atm,0.0,0.0,0.0,Low,['No individually suspicious telemetry signals correlated with this transaction']
TXN156c992b-c,CUST00497,2026-06-28 03:17:27,565.11,web,0.0,0.0,0.0,Low,['No individually suspicious telemetry signals correlated with this transaction']
TXNa8c5840f-a,CUST00497,2026-07-04 12:19:40,1333.21,mobile,0.0,0.0,0.0,Low,['No individually suspicious telemetry signals correlated with this transaction']
TXNb3aa475c-a,CUST00497,2026-07-11 00:38:35,1150.22,mobile,0.0,0.0,0.0,Low,['No individually suspicious telemetry signals correlated with this transaction']
TXN0d0d13d3-7,CUST00497,2026-07-11 14:08:08,2598.26,mobile,0.0,0.0,0.0,Low,['No individually suspicious telemetry signals correlated with this transaction']
TXN8bb61e76-e,CUST00497,2026-07-16 04:13:01,603.79,web,0.0,0.0,0.0,Low,['No individually suspicious telemetry signals correlated with this transaction']
TXNd1303a7a-a,CUST00501,2026-06-30 10:08:29,3732.13,web,0.0,0.0,0.0,Low,['No individually suspicious telemetry signals correlated with this transaction']
TXN769eb31c-2,CUST00501,2026-06-30 17:33:23,286.13,mobile,0.0,0.0,0.0,Low,['No individually suspicious telemetry signals correlated with this transaction']
TXN903ce3b1-6,CUST00501,2026-07-05 03:37:20,770.26,mobile,0.0,0.0,0.0,Low,['No individually suspicious telemetry signals correlated with this transaction']
TXN941eddf9-6,CUST00501,2026-07-05 16:30:46,2108.28,branch,0.0,0.0,0.0,Low,['No individually suspicious telemetry signals correlated with this transaction']
TXN8f47c5ae-6,CUST00501,2026-07-10 19:07:34,2254.91,mobile,0.0,0.0,0.0,Low,['No individually suspicious telemetry signals correlated with this transaction']
TXN673a0c97-9,CUST00501,2026-07-12 11:52:20,2457.74,mobile,0.0,0.0,0.0,Low,['No individually suspicious telemetry signals correlated with this transaction']
TXN2a545726-c,CUST00501,2026-07-13 03:40:44,3604.8,mobile,0.0,0.0,0.0,Low,['No individually suspicious telemetry signals correlated with this transaction']
TXNac97e067-4,CUST00502,2026-06-20 00:42:04,3952.63,mobile,0.0,0.0,0.0,Low,['No individually suspicious telemetry signals correlated with this transaction']
TXNee2291ef-a,CUST00502,2026-06-22 09:36:22,1921.45,mobile,0.0,0.0,0.0,Low,['No individually suspicious telemetry signals correlated with this transaction']
TXN1ccc575e-6,CUST00502,2026-06-28 10:30:12,2332.2,web,0.0,0.0,0.0,Low,['No individually suspicious telemetry signals correlated with this transaction']
TXN96be541b-0,CUST00502,2026-07-03 14:35:21,1422.9,atm,0.0,0.0,0.0,Low,['No individually suspicious telemetry signals correlated with this transaction']
TXN80ef2ccf-8,CUST00498,2026-06-21 07:13:42,1107.63,web,0.0,0.0,0.0,Low,['No individually suspicious telemetry signals correlated with this transaction']
TXNe2293661-e,CUST00498,2026-06-22 08:22:11,554.01,mobile,0.0,0.0,0.0,Low,['No individually suspicious telemetry signals correlated with this transaction']
TXN05bcde63-f,CUST00498,2026-06-28 04:26:16,2066.11,mobile,0.0,0.0,0.0,Low,['No individually suspicious telemetry signals correlated with this transaction']
TXN88fc929a-4,CUST00498,2026-06-30 07:55:37,4664.17,atm,0.0,0.0,0.0,Low,['No individually suspicious telemetry signals correlated with this transaction']
TXN121374ec-d,CUST00498,2026-07-03 17:20:49,13311.79,web,0.0,0.0,0.0,Low,['No individually suspicious telemetry signals correlated with this transaction']
TXN70100d7e-2,CUST00034,2026-06-22 02:04:46,1570.12,mobile,0.0,0.0,0.0,Low,['No individually suspicious telemetry signals correlated with this transaction']
TXN8373edf3-d,CUST00034,2026-06-27 23:31:55,223.71,web,0.0,0.0,0.0,Low,['No individually suspicious telemetry signals correlated with this transaction']
TXNca77736e-8,CUST00034,2026-06-28 21:44:33,2097.94,web,0.0,0.0,0.0,Low,['No individually suspicious telemetry signals correlated with this transaction']
TXN30b05a0b-b,CUST00034,2026-07-02 05:44:27,3152.25,mobile,0.0,0.0,0.0,Low,['No individually suspicious telemetry signals correlated with this transaction']
TXN0f9027d5-9,CUST00034,2026-07-05 10:18:45,1327.06,mobile,0.0,0.0,0.0,Low,['No individually suspicious telemetry signals correlated with this transaction']
TXN8fffe845-6,CUST00034,2026-07-06 06:16:42,394.78,mobile,0.0,0.0,0.0,Low,['No individually suspicious telemetry signals correlated with this transaction']
TXN462e9af3-9,CUST00034,2026-07-06 06:30:41,1262.87,web,0.0,0.0,0.0,Low,['No individually suspicious telemetry signals correlated with this transaction']
TXN9794b389-3,CUST00035,2026-06-22 14:18:04,939.21,mobile,0.0,0.0,0.0,Low,['No individually suspicious telemetry signals correlated with this transaction']
TXN9b72a9fe-6,CUST00035,2026-06-27 20:19:38,4875.13,atm,0.0,0.0,0.0,Low,['No individually suspicious telemetry signals correlated with this transaction']
TXNedba84d1-e,CUST00035,2026-07-10 19:02:45,1876.96,mobile,0.0,0.0,0.0,Low,['No individually suspicious telemetry signals correlated with this transaction']
TXN00ebf725-2,CUST00035,2026-07-14 22:56:26,1114.69,web,0.0,0.0,0.0,Low,['No individually suspicious telemetry signals correlated with this transaction']
TXNdf96048a-4,CUST00036,2026-06-22 11:16:42,478.89,atm,0.0,0.0,0.0,Low,['No individually suspicious telemetry signals correlated with this transaction']
TXN8a02711e-0,CUST00500,2026-07-09 05:14:18,2530.61,web,0.0,0.0,0.0,Low,['No individually suspicious telemetry signals correlated with this transaction']
TXNaaa54056-7,CUST00500,2026-07-16 09:11:25,1158.65,web,0.0,0.0,0.0,Low,['No individually suspicious telemetry signals correlated with this transaction']
TXNab00fba9-a,CUST00501,2026-06-18 10:58:27,2129.52,mobile,0.0,0.0,0.0,Low,['No individually suspicious telemetry signals correlated with this transaction']
TXN82ca3ac9-2,CUST00501,2026-06-21 15:32:53,4744.88,atm,0.0,0.0,0.0,Low,['No individually suspicious telemetry signals correlated with this transaction']
TXN9a18e6bb-7,CUST00505,2026-07-04 10:51:42,4176.85,web,0.0,0.0,0.0,Low,['No individually suspicious telemetry signals correlated with this transaction']
TXN16a3ce4e-c,CUST00502,2026-07-03 19:21:40,5010.94,mobile,0.0,0.0,0.0,Low,['No individually suspicious telemetry signals correlated with this transaction']
TXNa2a8d37d-a,CUST00502,2026-07-05 03:55:07,909.23,web,0.0,0.0,0.0,Low,['No individually suspicious telemetry signals correlated with this transaction']
TXN3f843c8f-a,CUST00502,2026-07-06 05:41:27,3246.25,atm,0.0,0.0,0.0,Low,['No individually suspicious telemetry signals correlated with this transaction']
TXN1e2f9c71-b,CUST00502,2026-07-09 10:06:21,4503.02,mobile,0.0,0.0,0.0,Low,['No individually suspicious telemetry signals correlated with this transaction']
TXN4af83592-2,CUST00503,2026-06-17 15:28:43,966.52,mobile,0.0,0.0,0.0,Low,['No individually suspicious telemetry signals correlated with this transaction']
TXNb90db373-5,CUST00503,2026-06-29 00:37:26,341.51,atm,0.0,0.0,0.0,Low,['No individually suspicious telemetry signals correlated with this transaction']
TXNa3c05d75-b,CUST00503,2026-07-01 20:37:27,690.73,atm,0.0,0.0,0.0,Low,['No individually suspicious telemetry signals correlated with this transaction']
TXN8d9f42bc-b,CUST00503,2026-07-04 04:03:57,2129.78,mobile,0.0,0.0,0.0,Low,['No individually suspicious telemetry signals correlated with this transaction']
TXNcc40d3a5-9,CUST00503,2026-07-12 15:02:27,1045.23,atm,0.0,0.0,0.0,Low,['No individually suspicious telemetry signals correlated with this transaction']
TXN9ad0afdc-e,CUST00503,2026-07-15 15:51:03,1120.23,atm,0.0,0.0,0.0,Low,['No individually suspicious telemetry signals correlated with this transaction']
TXNfcce4fb6-f,CUST00504,2026-06-17 09:58:27,1015.22,mobile,0.0,0.0,0.0,Low,['No individually suspicious telemetry signals correlated with this transaction']
TXN666ef491-8,CUST00504,2026-06-23 00:06:19,18332.71,mobile,0.0,0.0,0.0,Low,['No individually suspicious telemetry signals correlated with this transaction']
TXN6b0ffa79-3,CUST00033,2026-07-12 07:39:40,1405.31,mobile,0.0,0.0,0.0,Low,['No individually suspicious telemetry signals correlated with this transaction']
TXNd89939ba-d,CUST00033,2026-07-14 15:13:40,732.16,mobile,0.0,0.0,0.0,Low,['No individually suspicious telemetry signals correlated with this transaction']
TXN7eba0464-6,CUST00034,2026-06-19 00:26:32,3231.25,mobile,0.0,0.0,0.0,Low,['No individually suspicious telemetry signals correlated with this transaction']
TXNffab82a0-3,CUST00506,2026-07-10 18:35:20,1000.98,web,0.0,0.0,0.0,Low,['No individually suspicious telemetry signals correlated with this transaction']
TXN29ca6e42-d,CUST00506,2026-07-12 05:35:01,500.94,mobile,0.0,0.0,0.0,Low,['No individually suspicious telemetry signals correlated with this transaction']
TXNb26f8bb2-3,CUST00507,2026-06-17 23:11:48,5439.93,web,0.0,0.0,0.0,Low,['No individually suspicious telemetry signals correlated with this transaction']
TXN82d3c040-8,CUST00507,2026-06-18 17:14:11,2643.78,mobile,0.0,0.0,0.0,Low,['No individually suspicious telemetry signals correlated with this transaction']
TXNd85a4e1a-6,CUST00507,2026-06-25 01:28:48,1658.27,mobile,0.0,0.0,0.0,Low,['No individually suspicious telemetry signals correlated with this transaction']
TXN947ab584-5,CUST00504,2026-06-24 01:08:00,6138.03,web,0.0,0.0,0.0,Low,['No individually suspicious telemetry signals correlated with this transaction']
TXN82fecfdc-7,CUST00504,2026-06-28 09:31:29,1207.46,mobile,0.0,0.0,0.0,Low,['No individually suspicious telemetry signals correlated with this transaction']
TXN8bf54fa8-8,CUST00504,2026-06-28 11:31:18,6226.1,web,0.0,0.0,0.0,Low,['No individually suspicious telemetry signals correlated with this transaction']
TXN28e9209e-2,CUST00504,2026-06-29 21:43:23,890.46,atm,0.0,0.0,0.0,Low,['No individually suspicious telemetry signals correlated with this transaction']
TXNb8692e43-3,CUST00504,2026-07-04 04:56:21,4246.81,web,0.0,0.0,0.0,Low,['No individually suspicious telemetry signals correlated with this transaction']
TXN60562765-9,CUST00504,2026-07-04 09:06:06,682.3,atm,0.0,0.0,0.0,Low,['No individually suspicious telemetry signals correlated with this transaction']
TXN6de72534-9,CUST00504,2026-07-05 08:12:35,598.18,web,0.0,0.0,0.0,Low,['No individually suspicious telemetry signals correlated with this transaction']
TXNa15c6648-d,CUST00504,2026-07-07 02:33:44,2777.24,atm,0.0,0.0,0.0,Low,['No individually suspicious telemetry signals correlated with this transaction']
TXNc7569b9b-c,CUST00504,2026-07-08 07:10:10,5665.92,atm,0.0,0.0,0.0,Low,['No individually suspicious telemetry signals correlated with this transaction']
TXN3a5b10ff-8,CUST00504,2026-07-10 15:55:17,4190.49,web,0.0,0.0,0.0,Low,['No individually suspicious telemetry signals correlated with this transaction']
TXN652b1328-4,CUST00504,2026-07-15 13:22:13,2178.86,web,0.0,0.0,0.0,Low,['No individually suspicious telemetry signals correlated with this transaction']
TXN9a11ddf4-b,CUST00032,2026-07-02 06:54:15,3148.55,mobile,0.0,0.0,0.0,Low,['No individually suspicious telemetry signals correlated with this transaction']
TXN3cfe18e9-5,CUST00032,2026-07-02 21:35:33,2599.63,web,0.0,0.0,0.0,Low,['No individually suspicious telemetry signals correlated with this transaction']
TXNf7e47c8c-9,CUST00032,2026-07-06 09:15:05,3208.61,mobile,0.0,0.0,0.0,Low,['No individually suspicious telemetry signals correlated with this transaction']
TXN959677e9-3,CUST00032,2026-07-15 21:42:10,738.48,mobile,0.0,0.0,0.0,Low,['No individually suspicious telemetry signals correlated with this transaction']
TXNa13ecf15-7,CUST00033,2026-06-17 15:06:13,2103.65,mobile,0.0,0.0,0.0,Low,['No individually suspicious telemetry signals correlated with this transaction']
TXNc2d01c42-f,CUST00033,2026-06-19 01:36:11,2208.77,branch,0.0,0.0,0.0,Low,['No individually suspicious telemetry signals correlated with this transaction']
TXN861550f6-6,CUST00033,2026-06-21 07:43:55,3167.37,web,0.0,0.0,0.0,Low,['No individually suspicious telemetry signals correlated with this transaction']
TXNe43f05c8-4,CUST00033,2026-06-26 11:46:48,517.63,mobile,0.0,0.0,0.0,Low,['No individually suspicious telemetry signals correlated with this transaction']
TXN58eb3e59-f,CUST00033,2026-07-02 01:19:45,7576.82,mobile,0.0,0.0,0.0,Low,['No individually suspicious telemetry signals correlated with this transaction']
TXN27571245-b,CUST00033,2026-07-09 14:23:19,3104.44,web,0.0,0.0,0.0,Low,['No individually suspicious telemetry signals correlated with this transaction']
TXN685a9a7c-b,CUST00506,2026-06-18 22:02:00,1435.16,mobile,0.0,0.0,0.0,Low,['No individually suspicious telemetry signals correlated with this transaction']
TXNfcb4ee27-c,CUST00506,2026-06-21 05:49:54,7791.34,web,0.0,0.0,0.0,Low,['No individually suspicious telemetry signals correlated with this transaction']
TXNe5642b96-9,CUST00506,2026-06-29 07:05:11,1017.86,web,0.0,0.0,0.0,Low,['No individually suspicious telemetry signals correlated with this transaction']
TXN345ec501-d,CUST00506,2026-06-30 21:27:19,1546.7,atm,0.0,0.0,0.0,Low,['No individually suspicious telemetry signals correlated with this transaction']
TXN2fc3bb1c-5,CUST00506,2026-07-05 15:32:27,654.71,web,0.0,0.0,0.0,Low,['No individually suspicious telemetry signals correlated with this transaction']
TXNeb19071b-0,CUST00506,2026-07-08 09:17:58,1965.46,mobile,0.0,0.0,0.0,Low,['No individually suspicious telemetry signals correlated with this transaction']
TXN2280229d-9,CUST00510,2026-06-29 10:04:36,433.63,mobile,0.0,0.0,0.0,Low,['No individually suspicious telemetry signals correlated with this transaction']
TXN53cbad6c-1,CUST00510,2026-07-14 14:06:00,1005.21,mobile,0.0,0.0,0.0,Low,['No individually suspicious telemetry signals correlated with this transaction']
TXNbd86a1ab-c,CUST00507,2026-06-27 22:09:51,4377.89,mobile,0.0,0.0,0.0,Low,['No individually suspicious telemetry signals correlated with this transaction']
TXNc9a692f0-0,CUST00507,2026-07-11 21:42:24,1367.42,branch,0.0,0.0,0.0,Low,['No individually suspicious telemetry signals correlated with this transaction']
TXN9dc4805f-1,CUST00507,2026-07-15 19:24:37,1283.69,mobile,0.0,0.0,0.0,Low,['No individually suspicious telemetry signals correlated with this transaction']
TXN1ac62a63-f,CUST00508,2026-06-26 16:44:06,3518.94,atm,0.0,0.0,0.0,Low,['No individually suspicious telemetry signals correlated with this transaction']
TXN8bef5d54-c,CUST00508,2026-06-28 23:51:37,8292.39,web,0.0,0.0,0.0,Low,['No individually suspicious telemetry signals correlated with this transaction']
TXN8a81b778-8,CUST00508,2026-07-02 02:46:17,1066.12,mobile,0.0,0.0,0.0,Low,['No individually suspicious telemetry signals correlated with this transaction']
TXN98343ead-4,CUST00508,2026-07-02 09:24:57,3687.06,web,0.0,0.0,0.0,Low,['No individually suspicious telemetry signals correlated with this transaction']
TXNd554fadf-7,CUST00508,2026-07-02 22:57:52,2703.03,mobile,0.0,0.0,0.0,Low,['No individually suspicious telemetry signals correlated with this transaction']
TXN840aa19c-c,CUST00508,2026-07-09 12:33:33,523.74,mobile,0.0,0.0,0.0,Low,['No individually suspicious telemetry signals correlated with this transaction']
TXN00bae133-b,CUST00508,2026-07-10 18:45:55,216.7,web,0.0,0.0,0.0,Low,['No individually suspicious telemetry signals correlated with this transaction']
TXNee6d7a27-e,CUST00508,2026-07-11 23:28:01,1954.64,branch,0.0,0.0,0.0,Low,['No individually suspicious telemetry signals correlated with this transaction']
TXN69e83561-4,CUST00508,2026-07-12 01:57:47,329.52,mobile,0.0,0.0,0.0,Low,['No individually suspicious telemetry signals correlated with this transaction']
TXN4d2d8efd-5,CUST00032,2026-06-20 15:12:33,1117.1,mobile,0.0,0.0,0.0,Low,['No individually suspicious telemetry signals correlated with this transaction']
TXNf11afc00-1,CUST00032,2026-07-01 11:50:02,2532.84,web,0.0,0.0,0.0,Low,['No individually suspicious telemetry signals correlated with this transaction']
TXN944af6a6-8,CUST00511,2026-07-02 06:45:53,3051.81,mobile,0.0,0.0,0.0,Low,['No individually suspicious telemetry signals correlated with this transaction']
TXN1d0707aa-5,CUST00511,2026-07-03 02:57:49,1152.1,web,0.0,0.0,0.0,Low,['No individually suspicious telemetry signals correlated with this transaction']
TXNa5ca5367-b,CUST00511,2026-07-13 19:44:05,8267.05,mobile,0.0,0.0,0.0,Low,['No individually suspicious telemetry signals correlated with this transaction']
TXNf8a5764a-8,CUST00511,2026-07-14 07:07:04,4592.0,mobile,0.0,0.0,0.0,Low,['No individually suspicious telemetry signals correlated with this transaction']
TXNa7f3cf5c-9,CUST00511,2026-07-15 20:32:22,1786.49,mobile,0.0,0.0,0.0,Low,['No individually suspicious telemetry signals correlated with this transaction']
TXN0c0575ab-2,CUST00512,2026-06-18 19:38:31,2331.39,mobile,0.0,0.0,0.0,Low,['No individually suspicious telemetry signals correlated with this transaction']
TXNdc8f79c8-b,CUST00512,2026-06-24 19:58:53,280.19,web,0.0,0.0,0.0,Low,['No individually suspicious telemetry signals correlated with this transaction']
TXN94eeda02-f,CUST00509,2026-06-19 06:39:00,4521.66,web,0.0,0.0,0.0,Low,['No individually suspicious telemetry signals correlated with this transaction']
TXN43d8c607-f,CUST00509,2026-06-21 12:20:18,4310.5,mobile,0.0,0.0,0.0,Low,['No individually suspicious telemetry signals correlated with this transaction']
TXNea467d0d-c,CUST00509,2026-06-22 08:36:58,910.27,branch,0.0,0.0,0.0,Low,['No individually suspicious telemetry signals correlated with this transaction']
TXN64ff3d41-e,CUST00509,2026-06-25 01:07:44,4450.41,mobile,0.0,0.0,0.0,Low,['No individually suspicious telemetry signals correlated with this transaction']
TXNa9c55ff9-9,CUST00509,2026-07-04 12:14:12,8574.16,web,0.0,0.0,0.0,Low,['No individually suspicious telemetry signals correlated with this transaction']
TXN8caf728a-9,CUST00509,2026-07-12 20:52:06,1393.65,mobile,0.0,0.0,0.0,Low,['No individually suspicious telemetry signals correlated with this transaction']
TXN81b89c44-e,CUST00509,2026-07-13 07:41:39,980.31,mobile,0.0,0.0,0.0,Low,['No individually suspicious telemetry signals correlated with this transaction']
TXNfa98f0cf-4,CUST00510,2026-06-25 04:44:58,2647.22,mobile,0.0,0.0,0.0,Low,['No individually suspicious telemetry signals correlated with this transaction']
TXN3f13d74a-5,CUST00510,2026-06-26 23:42:07,901.14,atm,0.0,0.0,0.0,Low,['No individually suspicious telemetry signals correlated with this transaction']
TXN53ae0bce-0,CUST00513,2026-06-29 08:29:06,738.08,web,0.0,0.0,0.0,Low,['No individually suspicious telemetry signals correlated with this transaction']
TXN6e6c4c64-6,CUST00513,2026-07-01 05:51:44,2708.23,mobile,0.0,0.0,0.0,Low,['No individually suspicious telemetry signals correlated with this transaction']
TXNdd7c5485-6,CUST00513,2026-07-10 12:54:18,3727.14,branch,0.0,0.0,0.0,Low,['No individually suspicious telemetry signals correlated with this transaction']
TXNf3f73d69-c,CUST00513,2026-07-15 09:15:02,805.39,mobile,0.0,0.0,0.0,Low,['No individually suspicious telemetry signals correlated with this transaction']
TXN217c82b1-c,CUST00514,2026-06-19 18:20:06,357.62,mobile,0.0,0.0,0.0,Low,['No individually suspicious telemetry signals correlated with this transaction']
TXNc84042f9-d,CUST00514,2026-06-24 02:46:31,3209.13,mobile,0.0,0.0,0.0,Low,['No individually suspicious telemetry signals correlated with this transaction']
TXN6789278d-c,CUST00514,2026-06-24 21:55:28,6421.68,mobile,0.0,0.0,0.0,Low,['No individually suspicious telemetry signals correlated with this transaction']
TXN4a086284-b,CUST00514,2026-06-27 11:35:28,495.53,branch,0.0,0.0,0.0,Low,['No individually suspicious telemetry signals correlated with this transaction']
TXN81a4dce0-c,CUST00514,2026-06-28 01:31:08,650.92,web,0.0,0.0,0.0,Low,['No individually suspicious telemetry signals correlated with this transaction']
TXNf6fa5eb6-5,CUST00514,2026-07-04 12:42:59,15310.37,web,0.0,0.0,0.0,Low,['No individually suspicious telemetry signals correlated with this transaction']
TXN65173bc6-c,CUST00511,2026-06-24 06:18:29,3612.29,web,0.0,0.0,0.0,Low,['No individually suspicious telemetry signals correlated with this transaction']
TXN3a21356c-0,CUST00511,2026-06-25 09:50:21,829.94,mobile,0.0,0.0,0.0,Low,['No individually suspicious telemetry signals correlated with this transaction']
TXN6c27ca62-1,CUST00511,2026-06-26 03:01:05,10008.36,mobile,0.0,0.0,0.0,Low,['No individually suspicious telemetry signals correlated with this transaction']
TXNc0b15ca3-8,CUST00511,2026-06-27 08:50:07,1966.95,atm,0.0,0.0,0.0,Low,['No individually suspicious telemetry signals correlated with this transaction']
TXN3fa1292a-5,CUST00511,2026-06-28 05:33:40,301.27,atm,0.0,0.0,0.0,Low,['No individually suspicious telemetry signals correlated with this transaction']
TXN01f73517-7,CUST00511,2026-07-02 06:42:38,17832.21,mobile,0.0,0.0,0.0,Low,['No individually suspicious telemetry signals correlated with this transaction']
TXNe525aeaf-5,CUST00030,2026-06-22 18:44:40,393.88,branch,0.0,0.0,0.0,Low,['No individually suspicious telemetry signals correlated with this transaction']
TXNb62a7941-5,CUST00030,2026-06-23 12:10:31,18189.61,web,0.0,0.0,0.0,Low,['No individually suspicious telemetry signals correlated with this transaction']
TXN5256f928-b,CUST00030,2026-06-24 02:43:53,2905.85,branch,0.0,0.0,0.0,Low,['No individually suspicious telemetry signals correlated with this transaction']
TXN0fb49d98-7,CUST00030,2026-07-05 15:57:17,858.04,atm,0.0,0.0,0.0,Low,['No individually suspicious telemetry signals correlated with this transaction']
TXN0d394b57-a,CUST00030,2026-07-07 01:19:21,2794.22,branch,0.0,0.0,0.0,Low,['No individually suspicious telemetry signals correlated with this transaction']
TXN5d13539c-4,CUST00030,2026-07-10 06:21:24,2111.75,web,0.0,0.0,0.0,Low,['No individually suspicious telemetry signals correlated with this transaction']
TXN38c6430f-3,CUST00030,2026-07-12 01:07:55,2555.23,mobile,0.0,0.0,0.0,Low,['No individually suspicious telemetry signals correlated with this transaction']
TXN7dc4f12b-f,CUST00031,2026-06-22 05:10:46,1760.16,mobile,0.0,0.0,0.0,Low,['No individually suspicious telemetry signals correlated with this transaction']
TXNcf5e7840-b,CUST00031,2026-06-22 10:31:20,213.57,web,0.0,0.0,0.0,Low,['No individually suspicious telemetry signals correlated with this transaction']
TXN215bdef5-d,CUST00031,2026-06-26 23:10:14,4148.3,mobile,0.0,0.0,0.0,Low,['No individually suspicious telemetry signals correlated with this transaction']
TXN6e4ff4a4-1,CUST00031,2026-07-04 10:35:55,7293.63,web,0.0,0.0,0.0,Low,['No individually suspicious telemetry signals correlated with this transaction']
TXN96c2e045-c,CUST00031,2026-07-06 18:30:37,1800.49,web,0.0,0.0,0.0,Low,['No individually suspicious telemetry signals correlated with this transaction']
TXN1c8d23b4-4,CUST00031,2026-07-10 02:08:39,378.25,mobile,0.0,0.0,0.0,Low,['No individually suspicious telemetry signals correlated with this transaction']
TXNaed690cc-0,CUST00031,2026-07-15 02:57:43,4567.7,mobile,0.0,0.0,0.0,Low,['No individually suspicious telemetry signals correlated with this transaction']
TXNffa6df21-6,CUST00512,2026-07-07 08:05:54,8521.76,mobile,0.0,0.0,0.0,Low,['No individually suspicious telemetry signals correlated with this transaction']
TXN296da4cd-4,CUST00513,2026-06-17 15:15:25,892.45,web,0.0,0.0,0.0,Low,['No individually suspicious telemetry signals correlated with this transaction']
TXNee550e96-0,CUST00518,2026-07-12 09:02:37,716.84,atm,0.0,0.0,0.0,Low,['No individually suspicious telemetry signals correlated with this transaction']
TXNbac043ca-9,CUST00519,2026-06-23 22:38:13,2117.02,branch,0.0,0.0,0.0,Low,['No individually suspicious telemetry signals correlated with this transaction']
TXNa1f3a5bc-6,CUST00515,2026-06-18 02:54:08,3611.92,mobile,0.0,0.0,0.0,Low,['No individually suspicious telemetry signals correlated with this transaction']
TXN02580dcb-0,CUST00515,2026-06-26 14:30:49,948.03,web,0.0,0.0,0.0,Low,['No individually suspicious telemetry signals correlated with this transaction']
TXN58d687f6-9,CUST00515,2026-07-13 09:54:15,4357.4,atm,0.0,0.0,0.0,Low,['No individually suspicious telemetry signals correlated with this transaction']
TXN2e58e57a-4,CUST00516,2026-06-16 20:26:17,3355.32,atm,0.0,0.0,0.0,Low,['No individually suspicious telemetry signals correlated with this transaction']
TXNda0eb3c3-f,CUST00516,2026-06-24 06:28:31,5561.39,mobile,0.0,0.0,0.0,Low,['No individually suspicious telemetry signals correlated with this transaction']
TXN6ced484e-a,CUST00516,2026-06-25 20:34:04,833.81,atm,0.0,0.0,0.0,Low,['No individually suspicious telemetry signals correlated with this transaction']
TXN47eb1172-2,CUST00516,2026-06-28 06:47:50,9532.02,branch,0.0,0.0,0.0,Low,['No individually suspicious telemetry signals correlated with this transaction']
TXN7a761f37-e,CUST00516,2026-06-29 13:57:01,2465.62,web,0.0,0.0,0.0,Low,['No individually suspicious telemetry signals correlated with this transaction']
TXN1e50661f-2,CUST00516,2026-07-05 15:10:34,4090.53,atm,0.0,0.0,0.0,Low,['No individually suspicious telemetry signals correlated with this transaction']
TXN17a0fba1-1,CUST00516,2026-07-09 20:32:52,426.7,web,0.0,0.0,0.0,Low,['No individually suspicious telemetry signals correlated with this transaction']
TXN73b171e5-c,CUST00516,2026-07-12 15:14:29,2777.17,branch,0.0,0.0,0.0,Low,['No individually suspicious telemetry signals correlated with this transaction']
TXN50e5b83b-c,CUST00516,2026-07-15 13:14:17,2438.49,mobile,0.0,0.0,0.0,Low,['No individually suspicious telemetry signals correlated with this transaction']
TXN896f07e5-f,CUST00517,2026-06-20 04:33:43,1069.47,web,0.0,0.0,0.0,Low,['No individually suspicious telemetry signals correlated with this transaction']
TXN00231f70-0,CUST00030,2026-06-22 05:32:51,1867.2,web,0.0,0.0,0.0,Low,['No individually suspicious telemetry signals correlated with this transaction']
TXN53054058-8,CUST00521,2026-06-21 03:00:12,797.86,mobile,0.0,0.0,0.0,Low,['No individually suspicious telemetry signals correlated with this transaction']
TXNcc02ae53-5,CUST00521,2026-06-24 13:19:17,4447.71,mobile,0.0,0.0,0.0,Low,['No individually suspicious telemetry signals correlated with this transaction']
TXNa71f4b37-4,CUST00521,2026-07-03 22:35:18,2936.09,web,0.0,0.0,0.0,Low,['No individually suspicious telemetry signals correlated with this transaction']
TXNdeafd27f-2,CUST00521,2026-07-07 17:25:30,2279.47,web,0.0,0.0,0.0,Low,['No individually suspicious telemetry signals correlated with this transaction']
TXNf1cf851b-a,CUST00521,2026-07-11 17:34:13,732.95,mobile,0.0,0.0,0.0,Low,['No individually suspicious telemetry signals correlated with this transaction']
TXN779bfee4-a,CUST00521,2026-07-12 18:52:36,4899.94,mobile,0.0,0.0,0.0,Low,['No individually suspicious telemetry signals correlated with this transaction']
TXN96bc3f42-7,CUST00517,2026-06-27 18:26:18,937.97,web,0.0,0.0,0.0,Low,['No individually suspicious telemetry signals correlated with this transaction']
TXN7b2ff249-6,CUST00517,2026-06-29 19:18:50,132.25,web,0.0,0.0,0.0,Low,['No individually suspicious telemetry signals correlated with this transaction']
TXN8f0f7109-f,CUST00517,2026-07-11 04:40:25,3905.9,web,0.0,0.0,0.0,Low,['No individually suspicious telemetry signals correlated with this transaction']
TXNa3b0e3da-8,CUST00517,2026-07-13 23:51:14,808.32,mobile,0.0,0.0,0.0,Low,['No individually suspicious telemetry signals correlated with this transaction']
TXN404eb634-f,CUST00517,2026-07-15 09:34:18,4467.47,web,0.0,0.0,0.0,Low,['No individually suspicious telemetry signals correlated with this transaction']
TXNee4401c9-7,CUST00518,2026-06-17 18:48:58,1735.92,mobile,0.0,0.0,0.0,Low,['No individually suspicious telemetry signals correlated with this transaction']
TXNcae322c3-6,CUST00518,2026-06-19 13:09:39,352.18,mobile,0.0,0.0,0.0,Low,['No individually suspicious telemetry signals correlated with this transaction']
TXN14420114-d,CUST00518,2026-06-21 11:52:13,1137.87,atm,0.0,0.0,0.0,Low,['No individually suspicious telemetry signals correlated with this transaction']
TXNa37ae656-2,CUST00518,2026-07-03 17:10:08,3984.49,mobile,0.0,0.0,0.0,Low,['No individually suspicious telemetry signals correlated with this transaction']
TXNe1ea1d2e-9,CUST00518,2026-07-07 04:00:13,1996.29,mobile,0.0,0.0,0.0,Low,['No individually suspicious telemetry signals correlated with this transaction']
TXN318c6ee8-f,CUST00522,2026-07-09 21:52:04,267.92,mobile,0.0,0.0,0.0,Low,['No individually suspicious telemetry signals correlated with this transaction']
TXN34cec306-c,CUST00522,2026-07-13 07:40:29,10344.88,mobile,0.0,0.0,0.0,Low,['No individually suspicious telemetry signals correlated with this transaction']
TXN89f515e0-8,CUST00523,2026-06-17 01:20:02,4106.15,web,0.0,0.0,0.0,Low,['No individually suspicious telemetry signals correlated with this transaction']
TXN310e8aed-0,CUST00523,2026-06-20 17:34:59,3226.35,mobile,0.0,0.0,0.0,Low,['No individually suspicious telemetry signals correlated with this transaction']
TXN2a966a13-b,CUST00523,2026-06-24 17:30:48,15903.13,web,0.0,0.0,0.0,Low,['No individually suspicious telemetry signals correlated with this transaction']
TXNa522f92f-4,CUST00523,2026-06-25 06:02:29,5174.68,web,0.0,0.0,0.0,Low,['No individually suspicious telemetry signals correlated with this transaction']
TXNd1d46f58-2,CUST00523,2026-07-06 18:25:44,1954.58,mobile,0.0,0.0,0.0,Low,['No individually suspicious telemetry signals correlated with this transaction']
TXNd46a1235-8,CUST00524,2026-06-16 18:44:40,4950.44,web,0.0,0.0,0.0,Low,['No individually suspicious telemetry signals correlated with this transaction']
TXN2a24cab7-e,CUST00519,2026-06-28 01:00:49,195.85,web,0.0,0.0,0.0,Low,['No individually suspicious telemetry signals correlated with this transaction']
TXN6e19f773-3,CUST00519,2026-07-04 16:09:46,1715.38,web,0.0,0.0,0.0,Low,['No individually suspicious telemetry signals correlated with this transaction']
TXN40508324-8,CUST00519,2026-07-07 22:31:14,2114.16,web,0.0,0.0,0.0,Low,['No individually suspicious telemetry signals correlated with this transaction']
TXN2b36b6f5-a,CUST00520,2026-06-16 20:38:57,997.41,mobile,0.0,0.0,0.0,Low,['No individually suspicious telemetry signals correlated with this transaction']
TXNf2af577d-4,CUST00520,2026-06-18 12:17:22,897.48,mobile,0.0,0.0,0.0,Low,['No individually suspicious telemetry signals correlated with this transaction']
TXN8844276d-c,CUST00520,2026-06-28 20:21:54,479.6,web,0.0,0.0,0.0,Low,['No individually suspicious telemetry signals correlated with this transaction']
TXN59b0d399-8,CUST00520,2026-07-12 16:47:48,1148.97,web,0.0,0.0,0.0,Low,['No individually suspicious telemetry signals correlated with this transaction']
TXN20bf262b-4,CUST00520,2026-07-14 09:26:07,2189.01,mobile,0.0,0.0,0.0,Low,['No individually suspicious telemetry signals correlated with this transaction']
TXNc86022c4-b,CUST00028,2026-06-18 19:36:46,1123.8,web,0.0,0.0,0.0,Low,['No individually suspicious telemetry signals correlated with this transaction']
TXN1d71f339-c,CUST00028,2026-06-29 01:23:45,959.21,mobile,0.0,0.0,0.0,Low,['No individually suspicious telemetry signals correlated with this transaction']
TXNb371d64d-f,CUST00028,2026-07-07 00:32:04,1872.32,branch,0.0,0.0,0.0,Low,['No individually suspicious telemetry signals correlated with this transaction']
TXN256df639-e,CUST00029,2026-06-21 14:35:53,204.35,mobile,0.0,0.0,0.0,Low,['No individually suspicious telemetry signals correlated with this transaction']
TXN461bcbc3-0,CUST00029,2026-06-23 07:04:42,330.49,web,0.0,0.0,0.0,Low,['No individually suspicious telemetry signals correlated with this transaction']
TXN304c9c7b-2,CUST00029,2026-06-27 23:04:23,184.04,atm,0.0,0.0,0.0,Low,['No individually suspicious telemetry signals correlated with this transaction']
TXN1ed68b71-3,CUST00029,2026-06-30 07:30:28,19156.69,web,0.0,0.0,0.0,Low,['No individually suspicious telemetry signals correlated with this transaction']
TXN331bd602-9,CUST00029,2026-07-04 00:54:25,347.55,web,0.0,0.0,0.0,Low,['No individually suspicious telemetry signals correlated with this transaction']
TXN615eca80-0,CUST00029,2026-07-06 12:04:35,4857.09,mobile,0.0,0.0,0.0,Low,['No individually suspicious telemetry signals correlated with this transaction']
TXNa1001bc8-9,CUST00029,2026-07-12 09:19:34,1395.77,atm,0.0,0.0,0.0,Low,['No individually suspicious telemetry signals correlated with this transaction']
TXNbaff361a-b,CUST00029,2026-07-14 06:56:07,7331.87,web,0.0,0.0,0.0,Low,['No individually suspicious telemetry signals correlated with this transaction']
TXN13a2dc03-e,CUST00522,2026-06-24 20:16:45,2043.0,mobile,0.0,0.0,0.0,Low,['No individually suspicious telemetry signals correlated with this transaction']
TXN898a52e0-c,CUST00522,2026-07-01 23:31:28,1080.37,web,0.0,0.0,0.0,Low,['No individually suspicious telemetry signals correlated with this transaction']
TXNf0a968a6-a,CUST00522,2026-07-03 12:12:09,1739.15,mobile,0.0,0.0,0.0,Low,['No individually suspicious telemetry signals correlated with this transaction']
TXNbb20fea4-b,CUST00522,2026-07-05 12:28:06,4109.31,mobile,0.0,0.0,0.0,Low,['No individually suspicious telemetry signals correlated with this transaction']
TXNe6b31a27-7,CUST00522,2026-07-06 04:42:55,655.73,mobile,0.0,0.0,0.0,Low,['No individually suspicious telemetry signals correlated with this transaction']
TXNe282338d-2,CUST00527,2026-07-08 06:41:52,687.53,web,0.0,0.0,0.0,Low,['No individually suspicious telemetry signals correlated with this transaction']
TXN8151ef6c-7,CUST00524,2026-06-29 16:10:37,687.79,mobile,0.0,0.0,0.0,Low,['No individually suspicious telemetry signals correlated with this transaction']
TXNf65a5aa3-6,CUST00524,2026-06-30 08:05:45,154.46,web,0.0,0.0,0.0,Low,['No individually suspicious telemetry signals correlated with this transaction']
TXN8afb9ff3-a,CUST00524,2026-07-03 03:15:50,636.13,atm,0.0,0.0,0.0,Low,['No individually suspicious telemetry signals correlated with this transaction']
TXN0927d2fc-0,CUST00524,2026-07-06 18:59:17,1770.3,atm,0.0,0.0,0.0,Low,['No individually suspicious telemetry signals correlated with this transaction']
TXNb3338169-d,CUST00524,2026-07-07 15:53:28,151.98,atm,0.0,0.0,0.0,Low,['No individually suspicious telemetry signals correlated with this transaction']
TXN53332e5d-3,CUST00524,2026-07-09 00:13:36,2228.57,mobile,0.0,0.0,0.0,Low,['No individually suspicious telemetry signals correlated with this transaction']
TXNe4cfb2f3-9,CUST00524,2026-07-12 04:11:09,3776.25,mobile,0.0,0.0,0.0,Low,['No individually suspicious telemetry signals correlated with this transaction']
TXNfe8c686a-9,CUST00524,2026-07-12 15:40:53,1774.43,web,0.0,0.0,0.0,Low,['No individually suspicious telemetry signals correlated with this transaction']
TXN31c1b3f3-a,CUST00524,2026-07-14 09:49:52,9004.61,mobile,0.0,0.0,0.0,Low,['No individually suspicious telemetry signals correlated with this transaction']
TXN41431647-0,CUST00524,2026-07-16 07:58:17,2584.03,mobile,0.0,0.0,0.0,Low,['No individually suspicious telemetry signals correlated with this transaction']
TXN9e9a3e83-9,CUST00525,2026-06-18 00:52:13,2235.18,mobile,0.0,0.0,0.0,Low,['No individually suspicious telemetry signals correlated with this transaction']
TXNa44c26d4-0,CUST00525,2026-06-18 16:25:55,1439.29,atm,0.0,0.0,0.0,Low,['No individually suspicious telemetry signals correlated with this transaction']
TXN7aededf4-6,CUST00027,2026-07-12 14:09:19,5027.68,mobile,0.0,0.0,0.0,Low,['No individually suspicious telemetry signals correlated with this transaction']
TXN21a496a8-6,CUST00027,2026-07-13 09:00:10,1792.81,atm,0.0,0.0,0.0,Low,['No individually suspicious telemetry signals correlated with this transaction']
TXN581848c5-2,CUST00027,2026-07-16 03:10:07,1394.72,branch,0.0,0.0,0.0,Low,['No individually suspicious telemetry signals correlated with this transaction']
TXN07b38e70-7,CUST00529,2026-07-03 13:24:49,2701.92,atm,0.0,0.0,0.0,Low,['No individually suspicious telemetry signals correlated with this transaction']
TXN8a5abc61-9,CUST00529,2026-07-05 11:19:56,3302.02,web,0.0,0.0,0.0,Low,['No individually suspicious telemetry signals correlated with this transaction']
TXN73146dae-9,CUST00529,2026-07-06 10:20:35,19297.58,web,0.0,0.0,0.0,Low,['No individually suspicious telemetry signals correlated with this transaction']
TXN3cff13aa-3,CUST00529,2026-07-11 00:35:15,1073.49,branch,0.0,0.0,0.0,Low,['No individually suspicious telemetry signals correlated with this transaction']
TXN21d7ef88-4,CUST00529,2026-07-14 17:33:21,1789.84,web,0.0,0.0,0.0,Low,['No individually suspicious telemetry signals correlated with this transaction']
TXNd1c76cf1-3,CUST00525,2026-06-26 01:05:15,3793.88,web,0.0,0.0,0.0,Low,['No individually suspicious telemetry signals correlated with this transaction']
TXNc8c67501-b,CUST00525,2026-06-28 16:26:43,9000.88,web,0.0,0.0,0.0,Low,['No individually suspicious telemetry signals correlated with this transaction']
TXNb03d3665-5,CUST00525,2026-07-05 08:28:26,651.65,web,0.0,0.0,0.0,Low,['No individually suspicious telemetry signals correlated with this transaction']
TXN0db1565d-6,CUST00525,2026-07-05 09:19:19,3763.85,mobile,0.0,0.0,0.0,Low,['No individually suspicious telemetry signals correlated with this transaction']
TXN5c05dcee-f,CUST00525,2026-07-07 15:07:46,2489.92,mobile,0.0,0.0,0.0,Low,['No individually suspicious telemetry signals correlated with this transaction']
TXN520c31d3-a,CUST00526,2026-07-13 05:21:16,12493.97,mobile,0.0,0.0,0.0,Low,['No individually suspicious telemetry signals correlated with this transaction']
TXN8716f0b3-9,CUST00527,2026-06-26 00:47:18,1002.15,web,0.0,0.0,0.0,Low,['No individually suspicious telemetry signals correlated with this transaction']
TXN62d0abcd-b,CUST00527,2026-06-29 11:26:57,3883.53,mobile,0.0,0.0,0.0,Low,['No individually suspicious telemetry signals correlated with this transaction']
TXN944bad04-9,CUST00527,2026-06-29 13:01:16,2946.96,mobile,0.0,0.0,0.0,Low,['No individually suspicious telemetry signals correlated with this transaction']
TXN41659d74-a,CUST00527,2026-06-30 10:24:55,896.16,web,0.0,0.0,0.0,Low,['No individually suspicious telemetry signals correlated with this transaction']
TXNf5d92b55-7,CUST00527,2026-07-01 01:16:07,4496.67,web,0.0,0.0,0.0,Low,['No individually suspicious telemetry signals correlated with this transaction']
TXNb7017485-7,CUST00531,2026-06-17 13:55:36,1844.03,atm,0.0,0.0,0.0,Low,['No individually suspicious telemetry signals correlated with this transaction']
TXN008a7385-e,CUST00531,2026-06-18 11:46:47,1294.2,web,0.0,0.0,0.0,Low,['No individually suspicious telemetry signals correlated with this transaction']
TXN2f63a62d-0,CUST00531,2026-06-21 20:09:18,1306.32,mobile,0.0,0.0,0.0,Low,['No individually suspicious telemetry signals correlated with this transaction']
TXN8c38c18b-0,CUST00531,2026-06-22 08:05:34,549.43,web,0.0,0.0,0.0,Low,['No individually suspicious telemetry signals correlated with this transaction']
TXN30794bd3-4,CUST00531,2026-06-25 09:41:17,9082.64,mobile,0.0,0.0,0.0,Low,['No individually suspicious telemetry signals correlated with this transaction']
TXNeb67a72c-8,CUST00531,2026-07-05 17:47:26,1714.66,web,0.0,0.0,0.0,Low,['No individually suspicious telemetry signals correlated with this transaction']
TXN98cc3e26-a,CUST00531,2026-07-07 02:56:04,2932.24,web,0.0,0.0,0.0,Low,['No individually suspicious telemetry signals correlated with this transaction']
TXN1f92bdc9-9,CUST00527,2026-07-10 12:02:03,414.39,web,0.0,0.0,0.0,Low,['No individually suspicious telemetry signals correlated with this transaction']
TXN1aca9cf6-7,CUST00528,2026-06-26 02:31:24,107.99,web,0.0,0.0,0.0,Low,['No individually suspicious telemetry signals correlated with this transaction']
TXN3b8879a2-6,CUST00528,2026-06-27 12:37:59,947.31,web,0.0,0.0,0.0,Low,['No individually suspicious telemetry signals correlated with this transaction']
TXN994e4303-b,CUST00528,2026-06-30 17:51:40,3406.28,web,0.0,0.0,0.0,Low,['No individually suspicious telemetry signals correlated with this transaction']
TXNfc3b8f4d-f,CUST00528,2026-07-04 20:59:05,836.66,atm,0.0,0.0,0.0,Low,['No individually suspicious telemetry signals correlated with this transaction']
TXNb3fce44c-9,CUST00528,2026-07-14 01:33:29,1485.54,mobile,0.0,0.0,0.0,Low,['No individually suspicious telemetry signals correlated with this transaction']
TXNa564ee98-f,CUST00529,2026-06-20 11:56:59,4617.46,web,0.0,0.0,0.0,Low,['No individually suspicious telemetry signals correlated with this transaction']
TXN26a4850d-1,CUST00529,2026-06-26 19:19:21,17322.38,web,0.0,0.0,0.0,Low,['No individually suspicious telemetry signals correlated with this transaction']
TXN8e86f9b2-d,CUST00529,2026-06-29 05:04:39,2472.21,web,0.0,0.0,0.0,Low,['No individually suspicious telemetry signals correlated with this transaction']
TXN4a13b17c-8,CUST00532,2026-07-11 02:46:31,2388.69,mobile,0.0,0.0,0.0,Low,['No individually suspicious telemetry signals correlated with this transaction']
TXNfb81519b-d,CUST00533,2026-06-17 13:31:25,2127.84,atm,0.0,0.0,0.0,Low,['No individually suspicious telemetry signals correlated with this transaction']
TXN00ef3377-0,CUST00533,2026-06-19 08:22:13,2410.7,mobile,0.0,0.0,0.0,Low,['No individually suspicious telemetry signals correlated with this transaction']
TXN00e5ebaf-2,CUST00533,2026-06-19 11:17:38,2608.07,web,0.0,0.0,0.0,Low,['No individually suspicious telemetry signals correlated with this transaction']
TXNfe9d21c3-c,CUST00533,2026-06-20 06:35:05,1256.53,web,0.0,0.0,0.0,Low,['No individually suspicious telemetry signals correlated with this transaction']
TXNad20c3fa-d,CUST00533,2026-06-23 04:50:25,891.17,mobile,0.0,0.0,0.0,Low,['No individually suspicious telemetry signals correlated with this transaction']
TXN509ac91f-3,CUST00533,2026-07-01 18:53:59,4066.43,web,0.0,0.0,0.0,Low,['No individually suspicious telemetry signals correlated with this transaction']
TXNc068a64c-d,CUST00533,2026-07-07 23:52:41,4762.53,mobile,0.0,0.0,0.0,Low,['No individually suspicious telemetry signals correlated with this transaction']
TXN8ce285db-d,CUST00533,2026-07-09 21:04:43,1366.75,branch,0.0,0.0,0.0,Low,['No individually suspicious telemetry signals correlated with this transaction']
TXNc87533e5-6,CUST00533,2026-07-11 12:03:42,1888.96,web,0.0,0.0,0.0,Low,['No individually suspicious telemetry signals correlated with this transaction']
TXNb5e18851-6,CUST00529,2026-07-15 03:21:38,2089.71,web,0.0,0.0,0.0,Low,['No individually suspicious telemetry signals correlated with this transaction']
TXNddef6430-8,CUST00530,2026-06-19 18:13:40,1716.83,mobile,0.0,0.0,0.0,Low,['No individually suspicious telemetry signals correlated with this transaction']
TXNb6315c55-0,CUST00530,2026-06-20 17:30:40,2211.81,web,0.0,0.0,0.0,Low,['No individually suspicious telemetry signals correlated with this transaction']
TXN35c87983-9,CUST00530,2026-07-06 02:50:53,7739.32,web,0.0,0.0,0.0,Low,['No individually suspicious telemetry signals correlated with this transaction']
TXN0b76d6f7-1,CUST00530,2026-07-09 13:51:19,789.57,branch,0.0,0.0,0.0,Low,['No individually suspicious telemetry signals correlated with this transaction']
TXN364b9aa2-e,CUST00530,2026-07-16 01:27:12,252.22,web,0.0,0.0,0.0,Low,['No individually suspicious telemetry signals correlated with this transaction']
TXNc0476d80-5,CUST00026,2026-07-05 14:11:18,5182.46,web,0.0,0.0,0.0,Low,['No individually suspicious telemetry signals correlated with this transaction']
TXNae864837-c,CUST00026,2026-07-05 23:57:25,1010.46,branch,0.0,0.0,0.0,Low,['No individually suspicious telemetry signals correlated with this transaction']
TXNfba13732-a,CUST00026,2026-07-07 23:38:29,3975.77,mobile,0.0,0.0,0.0,Low,['No individually suspicious telemetry signals correlated with this transaction']
TXNf2c8c25e-3,CUST00026,2026-07-11 13:21:52,6072.12,web,0.0,0.0,0.0,Low,['No individually suspicious telemetry signals correlated with this transaction']
TXNbdecb67a-e,CUST00026,2026-07-11 17:35:08,7021.6,branch,0.0,0.0,0.0,Low,['No individually suspicious telemetry signals correlated with this transaction']
TXN9e1be56d-3,CUST00027,2026-06-21 00:08:33,13204.98,web,0.0,0.0,0.0,Low,['No individually suspicious telemetry signals correlated with this transaction']
TXN15263fef-7,CUST00027,2026-06-22 14:48:25,1124.12,web,0.0,0.0,0.0,Low,['No individually suspicious telemetry signals correlated with this transaction']
TXN2fd6129a-8,CUST00027,2026-06-24 06:26:43,2513.64,mobile,0.0,0.0,0.0,Low,['No individually suspicious telemetry signals correlated with this transaction']
TXNaf374e8c-c,CUST00027,2026-06-26 10:59:52,1328.87,atm,0.0,0.0,0.0,Low,['No individually suspicious telemetry signals correlated with this transaction']
TXNcaef3c9e-1,CUST00027,2026-07-03 04:58:20,2198.56,mobile,0.0,0.0,0.0,Low,['No individually suspicious telemetry signals correlated with this transaction']
TXNd4701dd2-a,CUST00027,2026-07-07 23:08:05,1053.49,web,0.0,0.0,0.0,Low,['No individually suspicious telemetry signals correlated with this transaction']
TXN85a33467-b,CUST00531,2026-07-13 18:53:35,2120.98,mobile,0.0,0.0,0.0,Low,['No individually suspicious telemetry signals correlated with this transaction']
TXNb97938ac-e,CUST00532,2026-06-17 06:48:35,960.19,web,0.0,0.0,0.0,Low,['No individually suspicious telemetry signals correlated with this transaction']
TXNc9425b82-0,CUST00532,2026-06-26 10:05:07,9983.51,mobile,0.0,0.0,0.0,Low,['No individually suspicious telemetry signals correlated with this transaction']
TXN3e74ba44-a,CUST00532,2026-07-02 11:53:02,375.33,web,0.0,0.0,0.0,Low,['No individually suspicious telemetry signals correlated with this transaction']
TXN96f22a06-1,CUST00532,2026-07-05 07:07:59,4478.91,web,0.0,0.0,0.0,Low,['No individually suspicious telemetry signals correlated with this transaction']
TXN6086a5f3-e,CUST00538,2026-06-19 16:25:04,770.45,web,0.0,0.0,0.0,Low,['No individually suspicious telemetry signals correlated with this transaction']
TXNbe007552-f,CUST00534,2026-06-17 05:16:41,880.05,web,0.0,0.0,0.0,Low,['No individually suspicious telemetry signals correlated with this transaction']
TXN6ecf4ff1-6,CUST00534,2026-06-24 06:06:30,645.03,web,0.0,0.0,0.0,Low,['No individually suspicious telemetry signals correlated with this transaction']
TXNd586ff50-7,CUST00534,2026-06-25 02:34:57,2041.35,web,0.0,0.0,0.0,Low,['No individually suspicious telemetry signals correlated with this transaction']
TXN12e63e97-1,CUST00534,2026-06-27 19:54:28,436.77,web,0.0,0.0,0.0,Low,['No individually suspicious telemetry signals correlated with this transaction']
TXN63d2b7c6-a,CUST00534,2026-07-02 04:09:25,418.91,branch,0.0,0.0,0.0,Low,['No individually suspicious telemetry signals correlated with this transaction']
TXN47691dcb-d,CUST00534,2026-07-14 13:16:46,2891.94,branch,0.0,0.0,0.0,Low,['No individually suspicious telemetry signals correlated with this transaction']
TXN649ad218-a,CUST00535,2026-06-16 19:04:43,498.83,web,0.0,0.0,0.0,Low,['No individually suspicious telemetry signals correlated with this transaction']
TXNd164d651-9,CUST00535,2026-06-17 10:27:36,417.66,mobile,0.0,0.0,0.0,Low,['No individually suspicious telemetry signals correlated with this transaction']
TXN0067eaa6-4,CUST00535,2026-06-20 17:28:35,1046.64,web,0.0,0.0,0.0,Low,['No individually suspicious telemetry signals correlated with this transaction']
TXNb43e9061-1,CUST00535,2026-06-24 03:46:28,4403.88,mobile,0.0,0.0,0.0,Low,['No individually suspicious telemetry signals correlated with this transaction']
TXN52ed2487-8,CUST00535,2026-07-01 04:25:21,1646.71,web,0.0,0.0,0.0,Low,['No individually suspicious telemetry signals correlated with this transaction']
TXN0abdbcd1-7,CUST00535,2026-07-04 23:10:35,14648.66,web,0.0,0.0,0.0,Low,['No individually suspicious telemetry signals correlated with this transaction']
TXNde14b989-4,CUST00535,2026-07-16 03:34:14,21141.01,mobile,0.0,0.0,0.0,Low,['No individually suspicious telemetry signals correlated with this transaction']
TXN08175dd0-e,CUST00025,2026-07-07 07:36:53,5304.46,mobile,0.0,0.0,0.0,Low,['No individually suspicious telemetry signals correlated with this transaction']
TXN665e467f-e,CUST00026,2026-06-23 19:52:18,1608.89,atm,0.0,0.0,0.0,Low,['No individually suspicious telemetry signals correlated with this transaction']
TXNb67819ff-9,CUST00540,2026-06-24 01:59:52,2729.08,branch,0.0,0.0,0.0,Low,['No individually suspicious telemetry signals correlated with this transaction']
TXNcc1791f8-a,CUST00540,2026-06-24 09:06:01,566.6,web,0.0,0.0,0.0,Low,['No individually suspicious telemetry signals correlated with this transaction']
TXN60bf684e-2,CUST00536,2026-06-28 09:51:44,1561.42,atm,0.0,0.0,0.0,Low,['No individually suspicious telemetry signals correlated with this transaction']
TXN33ca11ee-8,CUST00536,2026-07-11 09:15:24,1143.73,web,0.0,0.0,0.0,Low,['No individually suspicious telemetry signals correlated with this transaction']
TXN5e065732-0,CUST00536,2026-07-12 15:31:26,4991.02,mobile,0.0,0.0,0.0,Low,['No individually suspicious telemetry signals correlated with this transaction']
TXN31d46873-c,CUST00536,2026-07-15 23:30:25,2968.61,web,0.0,0.0,0.0,Low,['No individually suspicious telemetry signals correlated with this transaction']
TXNe5d0111f-8,CUST00537,2026-06-19 00:21:26,1018.33,mobile,0.0,0.0,0.0,Low,['No individually suspicious telemetry signals correlated with this transaction']
TXN6ef68419-8,CUST00537,2026-06-22 00:42:01,578.73,mobile,0.0,0.0,0.0,Low,['No individually suspicious telemetry signals correlated with this transaction']
TXN03f2ffe0-c,CUST00537,2026-07-04 19:07:34,2910.78,branch,0.0,0.0,0.0,Low,['No individually suspicious telemetry signals correlated with this transaction']
TXN9d470a35-c,CUST00537,2026-07-08 06:51:10,2632.33,web,0.0,0.0,0.0,Low,['No individually suspicious telemetry signals correlated with this transaction']
TXN636f1e3d-2,CUST00537,2026-07-09 09:18:33,661.08,web,0.0,0.0,0.0,Low,['No individually suspicious telemetry signals correlated with this transaction']
TXNa910c002-a,CUST00537,2026-07-11 07:21:38,493.73,mobile,0.0,0.0,0.0,Low,['No individually suspicious telemetry signals correlated with this transaction']
TXN78f45889-1,CUST00537,2026-07-14 16:49:09,5974.93,branch,0.0,0.0,0.0,Low,['No individually suspicious telemetry signals correlated with this transaction']
TXN5ef993c3-0,CUST00537,2026-07-15 13:58:31,1023.22,branch,0.0,0.0,0.0,Low,['No individually suspicious telemetry signals correlated with this transaction']
TXNb39844f4-e,CUST00538,2026-06-17 23:10:29,1280.05,web,0.0,0.0,0.0,Low,['No individually suspicious telemetry signals correlated with this transaction']
TXN2e3c7679-6,CUST00538,2026-06-18 13:33:09,8457.76,mobile,0.0,0.0,0.0,Low,['No individually suspicious telemetry signals correlated with this transaction']
TXN6f63def8-5,CUST00542,2026-06-22 06:28:40,3072.53,mobile,0.0,0.0,0.0,Low,['No individually suspicious telemetry signals correlated with this transaction']
TXN7f37c8f7-5,CUST00542,2026-06-27 16:55:33,1657.97,mobile,0.0,0.0,0.0,Low,['No individually suspicious telemetry signals correlated with this transaction']
TXNd55c41b2-7,CUST00542,2026-06-29 16:52:35,412.82,atm,0.0,0.0,0.0,Low,['No individually suspicious telemetry signals correlated with this transaction']
TXNae570403-5,CUST00542,2026-06-30 00:20:16,420.54,web,0.0,0.0,0.0,Low,['No individually suspicious telemetry signals correlated with this transaction']
TXN3c9b7cd1-9,CUST00538,2026-06-24 12:56:35,2074.25,web,0.0,0.0,0.0,Low,['No individually suspicious telemetry signals correlated with this transaction']
TXN16440645-f,CUST00538,2026-06-30 20:50:40,764.49,atm,0.0,0.0,0.0,Low,['No individually suspicious telemetry signals correlated with this transaction']
TXN13d94ad0-d,CUST00538,2026-07-11 09:53:42,7504.06,web,0.0,0.0,0.0,Low,['No individually suspicious telemetry signals correlated with this transaction']
TXN745d8729-5,CUST00538,2026-07-11 13:34:47,1718.53,web,0.0,0.0,0.0,Low,['No individually suspicious telemetry signals correlated with this transaction']
TXN85a0429c-a,CUST00538,2026-07-13 22:12:39,764.21,mobile,0.0,0.0,0.0,Low,['No individually suspicious telemetry signals correlated with this transaction']
TXNc8b1ef8c-1,CUST00539,2026-06-17 07:30:25,693.66,mobile,0.0,0.0,0.0,Low,['No individually suspicious telemetry signals correlated with this transaction']
TXNfafb6c18-f,CUST00539,2026-06-24 19:48:03,5954.51,web,0.0,0.0,0.0,Low,['No individually suspicious telemetry signals correlated with this transaction']
TXN82afea66-5,CUST00539,2026-06-25 00:09:28,796.93,branch,0.0,0.0,0.0,Low,['No individually suspicious telemetry signals correlated with this transaction']
TXN1e26bc3d-f,CUST00539,2026-06-29 08:14:15,1706.68,mobile,0.0,0.0,0.0,Low,['No individually suspicious telemetry signals correlated with this transaction']
TXNdf681283-d,CUST00539,2026-06-29 21:06:32,628.61,mobile,0.0,0.0,0.0,Low,['No individually suspicious telemetry signals correlated with this transaction']
TXN4a7109c6-7,CUST00539,2026-07-15 09:03:52,3421.96,mobile,0.0,0.0,0.0,Low,['No individually suspicious telemetry signals correlated with this transaction']
TXNdad2e66e-8,CUST00539,2026-07-15 14:51:54,598.74,atm,0.0,0.0,0.0,Low,['No individually suspicious telemetry signals correlated with this transaction']
TXN9313ea0f-b,CUST00543,2026-07-09 00:07:28,1394.68,web,0.0,0.0,0.0,Low,['No individually suspicious telemetry signals correlated with this transaction']
TXN80cb135d-2,CUST00543,2026-07-14 03:09:40,694.24,web,0.0,0.0,0.0,Low,['No individually suspicious telemetry signals correlated with this transaction']
TXN3834e80b-6,CUST00543,2026-07-14 17:28:10,109.4,mobile,0.0,0.0,0.0,Low,['No individually suspicious telemetry signals correlated with this transaction']
TXNe2aebd53-b,CUST00543,2026-07-15 16:00:13,1309.08,web,0.0,0.0,0.0,Low,['No individually suspicious telemetry signals correlated with this transaction']
TXNf1668e89-5,CUST00544,2026-06-17 22:10:22,1534.13,mobile,0.0,0.0,0.0,Low,['No individually suspicious telemetry signals correlated with this transaction']
TXNa6e62c01-8,CUST00544,2026-06-26 22:53:05,2140.84,mobile,0.0,0.0,0.0,Low,['No individually suspicious telemetry signals correlated with this transaction']
TXN8ad09042-e,CUST00544,2026-06-28 16:58:56,1907.2,atm,0.0,0.0,0.0,Low,['No individually suspicious telemetry signals correlated with this transaction']
TXNc5bde81d-c,CUST00544,2026-07-02 09:24:51,5958.23,mobile,0.0,0.0,0.0,Low,['No individually suspicious telemetry signals correlated with this transaction']
TXNbf79dcb6-a,CUST00540,2026-06-28 18:51:41,3867.26,mobile,0.0,0.0,0.0,Low,['No individually suspicious telemetry signals correlated with this transaction']
TXN131ad6fa-c,CUST00540,2026-06-30 19:58:25,1656.65,atm,0.0,0.0,0.0,Low,['No individually suspicious telemetry signals correlated with this transaction']
TXN250801c0-8,CUST00540,2026-07-15 11:10:18,5583.49,mobile,0.0,0.0,0.0,Low,['No individually suspicious telemetry signals correlated with this transaction']
TXN2344f207-f,CUST00541,2026-06-16 22:25:59,1074.06,mobile,0.0,0.0,0.0,Low,['No individually suspicious telemetry signals correlated with this transaction']
TXN130f0872-9,CUST00541,2026-06-22 21:37:37,3893.77,atm,0.0,0.0,0.0,Low,['No individually suspicious telemetry signals correlated with this transaction']
TXNe245ed74-e,CUST00541,2026-07-01 11:14:26,594.58,mobile,0.0,0.0,0.0,Low,['No individually suspicious telemetry signals correlated with this transaction']
TXNb506aa35-c,CUST00541,2026-07-01 22:46:56,110.11,mobile,0.0,0.0,0.0,Low,['No individually suspicious telemetry signals correlated with this transaction']
TXN7a3f4573-f,CUST00541,2026-07-16 02:45:13,477.61,mobile,0.0,0.0,0.0,Low,['No individually suspicious telemetry signals correlated with this transaction']
TXN0ef40214-0,CUST00544,2026-07-15 18:46:54,2653.86,web,0.0,0.0,0.0,Low,['No individually suspicious telemetry signals correlated with this transaction']
TXNc0c86a82-b,CUST00545,2026-06-18 21:52:12,449.65,web,0.0,0.0,0.0,Low,['No individually suspicious telemetry signals correlated with this transaction']
TXNbf5e39fb-1,CUST00545,2026-06-23 21:26:56,923.49,atm,0.0,0.0,0.0,Low,['No individually suspicious telemetry signals correlated with this transaction']
TXN50a2c011-1,CUST00545,2026-06-26 09:49:23,466.1,web,0.0,0.0,0.0,Low,['No individually suspicious telemetry signals correlated with this transaction']
TXN76bd0773-d,CUST00545,2026-06-27 12:16:29,1423.09,atm,0.0,0.0,0.0,Low,['No individually suspicious telemetry signals correlated with this transaction']
TXN1dbd3a83-1,CUST00545,2026-07-05 20:44:51,1547.47,mobile,0.0,0.0,0.0,Low,['No individually suspicious telemetry signals correlated with this transaction']
TXN5cdbb28b-b,CUST00546,2026-06-22 22:15:05,4442.45,mobile,0.0,0.0,0.0,Low,['No individually suspicious telemetry signals correlated with this transaction']
TXNd220f704-0,CUST00546,2026-06-23 01:47:24,1281.98,mobile,0.0,0.0,0.0,Low,['No individually suspicious telemetry signals correlated with this transaction']
TXN0b39c366-3,CUST00546,2026-06-23 20:18:51,2040.68,mobile,0.0,0.0,0.0,Low,['No individually suspicious telemetry signals correlated with this transaction']
TXN00bd2562-2,CUST00542,2026-07-10 16:41:35,3776.45,mobile,0.0,0.0,0.0,Low,['No individually suspicious telemetry signals correlated with this transaction']
TXN1af0bb95-2,CUST00542,2026-07-12 08:44:36,1237.94,atm,0.0,0.0,0.0,Low,['No individually suspicious telemetry signals correlated with this transaction']
TXN57988711-e,CUST00543,2026-06-24 22:56:02,2764.53,mobile,0.0,0.0,0.0,Low,['No individually suspicious telemetry signals correlated with this transaction']
TXN0d86ff36-f,CUST00543,2026-06-25 12:42:00,3287.95,web,0.0,0.0,0.0,Low,['No individually suspicious telemetry signals correlated with this transaction']
TXN9c6c3c4e-8,CUST00543,2026-07-03 05:39:57,94.82,mobile,0.0,0.0,0.0,Low,['No individually suspicious telemetry signals correlated with this transaction']
TXN0cbe735d-b,CUST00543,2026-07-06 07:03:58,1054.75,mobile,0.0,0.0,0.0,Low,['No individually suspicious telemetry signals correlated with this transaction']
TXNdd50f7e7-d,CUST00543,2026-07-06 17:47:07,759.65,mobile,0.0,0.0,0.0,Low,['No individually suspicious telemetry signals correlated with this transaction']
TXNef775124-0,CUST00023,2026-07-10 11:13:53,5248.23,mobile,0.0,0.0,0.0,Low,['No individually suspicious telemetry signals correlated with this transaction']
TXN59875c7d-0,CUST00023,2026-07-16 11:30:46,1094.75,mobile,0.0,0.0,0.0,Low,['No individually suspicious telemetry signals correlated with this transaction']
TXN6e4928ac-1,CUST00024,2026-06-18 18:22:54,2873.23,web,0.0,0.0,0.0,Low,['No individually suspicious telemetry signals correlated with this transaction']
TXN4008d4da-a,CUST00024,2026-06-21 10:41:05,9076.65,atm,0.0,0.0,0.0,Low,['No individually suspicious telemetry signals correlated with this transaction']
TXN6924e248-2,CUST00024,2026-06-21 13:20:03,1278.46,web,0.0,0.0,0.0,Low,['No individually suspicious telemetry signals correlated with this transaction']
TXN01c4e229-7,CUST00024,2026-06-21 21:14:37,1386.35,branch,0.0,0.0,0.0,Low,['No individually suspicious telemetry signals correlated with this transaction']
TXN5fd2bec3-6,CUST00024,2026-06-24 14:37:22,3153.01,web,0.0,0.0,0.0,Low,['No individually suspicious telemetry signals correlated with this transaction']
TXNe466c937-6,CUST00024,2026-07-04 01:20:21,2921.52,mobile,0.0,0.0,0.0,Low,['No individually suspicious telemetry signals correlated with this transaction']
TXNa801f15e-7,CUST00024,2026-07-04 03:47:03,3814.64,mobile,0.0,0.0,0.0,Low,['No individually suspicious telemetry signals correlated with this transaction']
TXN017cc74e-6,CUST00025,2026-06-16 19:40:30,519.35,mobile,0.0,0.0,0.0,Low,['No individually suspicious telemetry signals correlated with this transaction']
TXNb58f67b6-d,CUST00025,2026-06-30 10:05:51,5191.08,web,0.0,0.0,0.0,Low,['No individually suspicious telemetry signals correlated with this transaction']
TXN48ef30ff-3,CUST00025,2026-07-06 15:31:12,6250.74,mobile,0.0,0.0,0.0,Low,['No individually suspicious telemetry signals correlated with this transaction']
TXN17101a77-3,CUST00544,2026-07-07 13:26:47,851.34,mobile,0.0,0.0,0.0,Low,['No individually suspicious telemetry signals correlated with this transaction']
TXN430679d8-b,CUST00544,2026-07-08 09:22:58,2697.68,web,0.0,0.0,0.0,Low,['No individually suspicious telemetry signals correlated with this transaction']
TXN128e92ad-6,CUST00544,2026-07-11 23:53:34,2546.78,mobile,0.0,0.0,0.0,Low,['No individually suspicious telemetry signals correlated with this transaction']
TXN10df8c94-7,CUST00544,2026-07-15 14:27:25,959.48,mobile,0.0,0.0,0.0,Low,['No individually suspicious telemetry signals correlated with this transaction']
TXN38124f7f-8,CUST00549,2026-07-03 16:27:38,3315.56,web,0.0,0.0,0.0,Low,['No individually suspicious telemetry signals correlated with this transaction']
TXNcf460215-1,CUST00546,2026-06-27 18:26:53,10922.2,mobile,0.0,0.0,0.0,Low,['No individually suspicious telemetry signals correlated with this transaction']
TXN7bdeb381-f,CUST00546,2026-06-29 04:06:32,2261.02,web,0.0,0.0,0.0,Low,['No individually suspicious telemetry signals correlated with this transaction']
TXNdcb8c9a0-d,CUST00546,2026-07-02 09:14:41,5790.36,atm,0.0,0.0,0.0,Low,['No individually suspicious telemetry signals correlated with this transaction']
TXNd4796110-b,CUST00546,2026-07-14 02:12:59,2927.21,branch,0.0,0.0,0.0,Low,['No individually suspicious telemetry signals correlated with this transaction']
TXNe093e2cf-1,CUST00547,2026-06-18 03:33:38,3203.52,web,0.0,0.0,0.0,Low,['No individually suspicious telemetry signals correlated with this transaction']
TXNd619e0ce-6,CUST00547,2026-06-21 04:56:07,1757.38,mobile,0.0,0.0,0.0,Low,['No individually suspicious telemetry signals correlated with this transaction']
TXN9fd90541-f,CUST00547,2026-06-26 00:52:48,1464.42,web,0.0,0.0,0.0,Low,['No individually suspicious telemetry signals correlated with this transaction']
TXN8e2a4c5a-9,CUST00547,2026-06-30 14:19:00,4653.29,atm,0.0,0.0,0.0,Low,['No individually suspicious telemetry signals correlated with this transaction']
TXNdb82b67d-d,CUST00547,2026-07-01 10:05:34,1308.44,web,0.0,0.0,0.0,Low,['No individually suspicious telemetry signals correlated with this transaction']
TXN985d94c0-2,CUST00547,2026-07-01 22:28:56,761.56,mobile,0.0,0.0,0.0,Low,['No individually suspicious telemetry signals correlated with this transaction']
TXN859b6ee4-9,CUST00547,2026-07-02 16:12:45,1920.52,branch,0.0,0.0,0.0,Low,['No individually suspicious telemetry signals correlated with this transaction']
TXNb2f9fa1a-5,CUST00547,2026-07-04 04:40:04,754.0,mobile,0.0,0.0,0.0,Low,['No individually suspicious telemetry signals correlated with this transaction']
TXNa5571020-c,CUST00547,2026-07-06 07:55:36,789.08,mobile,0.0,0.0,0.0,Low,['No individually suspicious telemetry signals correlated with this transaction']
TXN78e33d35-f,CUST00547,2026-07-09 21:45:33,6301.55,web,0.0,0.0,0.0,Low,['No individually suspicious telemetry signals correlated with this transaction']
TXN66edef30-2,CUST00023,2026-06-29 00:23:04,576.17,branch,0.0,0.0,0.0,Low,['No individually suspicious telemetry signals correlated with this transaction']
TXN4dbb5559-8,CUST00550,2026-07-05 13:10:47,5395.94,web,0.0,0.0,0.0,Low,['No individually suspicious telemetry signals correlated with this transaction']
TXN28d217d6-6,CUST00550,2026-07-05 21:15:54,3090.36,web,0.0,0.0,0.0,Low,['No individually suspicious telemetry signals correlated with this transaction']
TXN8abcb652-e,CUST00550,2026-07-08 10:29:31,1341.81,mobile,0.0,0.0,0.0,Low,['No individually suspicious telemetry signals correlated with this transaction']
TXNbaabf7ec-2,CUST00551,2026-06-17 12:30:55,4324.34,web,0.0,0.0,0.0,Low,['No individually suspicious telemetry signals correlated with this transaction']
TXN89d5e178-c,CUST00548,2026-06-23 14:48:58,2473.42,web,0.0,0.0,0.0,Low,['No individually suspicious telemetry signals correlated with this transaction']
TXN275ac9d6-0,CUST00548,2026-06-25 17:13:23,388.11,mobile,0.0,0.0,0.0,Low,['No individually suspicious telemetry signals correlated with this transaction']
TXNa9fb1b54-8,CUST00548,2026-07-01 13:46:08,1371.87,mobile,0.0,0.0,0.0,Low,['No individually suspicious telemetry signals correlated with this transaction']
TXN0917f2d6-1,CUST00548,2026-07-11 12:45:35,2212.24,web,0.0,0.0,0.0,Low,['No individually suspicious telemetry signals correlated with this transaction']
TXN33c25e62-7,CUST00548,2026-07-14 10:37:16,172.44,web,0.0,0.0,0.0,Low,['No individually suspicious telemetry signals correlated with this transaction']
TXNc5404be9-e,CUST00548,2026-07-14 20:12:34,11783.45,web,0.0,0.0,0.0,Low,['No individually suspicious telemetry signals correlated with this transaction']
TXNaf4219dd-3,CUST00548,2026-07-16 01:27:33,433.33,mobile,0.0,0.0,0.0,Low,['No individually suspicious telemetry signals correlated with this transaction']
TXN5c253a40-b,CUST00549,2026-06-16 17:59:11,1876.85,web,0.0,0.0,0.0,Low,['No individually suspicious telemetry signals correlated with this transaction']
TXNe47472d0-7,CUST00549,2026-06-17 17:54:39,3972.58,mobile,0.0,0.0,0.0,Low,['No individually suspicious telemetry signals correlated with this transaction']
TXN72a35369-6,CUST00549,2026-06-18 07:09:14,4990.73,web,0.0,0.0,0.0,Low,['No individually suspicious telemetry signals correlated with this transaction']
TXNdcaeedcd-6,CUST00549,2026-06-24 13:56:18,4352.53,atm,0.0,0.0,0.0,Low,['No individually suspicious telemetry signals correlated with this transaction']
TXN6f77cc54-8,CUST00549,2026-06-29 12:13:28,4984.71,mobile,0.0,0.0,0.0,Low,['No individually suspicious telemetry signals correlated with this transaction']
TXN2cc09f87-3,CUST00021,2026-07-14 11:33:30,5471.28,mobile,0.0,0.0,0.0,Low,['No individually suspicious telemetry signals correlated with this transaction']
TXNedda1677-4,CUST00022,2026-06-20 16:25:15,2108.26,web,0.0,0.0,0.0,Low,['No individually suspicious telemetry signals correlated with this transaction']
TXN83f9b580-a,CUST00022,2026-06-24 02:07:08,1959.94,web,0.0,0.0,0.0,Low,['No individually suspicious telemetry signals correlated with this transaction']
TXN64c46086-9,CUST00022,2026-06-24 08:46:25,934.09,web,0.0,0.0,0.0,Low,['No individually suspicious telemetry signals correlated with this transaction']
TXNd4ec0595-3,CUST00022,2026-07-02 23:08:30,8587.41,branch,0.0,0.0,0.0,Low,['No individually suspicious telemetry signals correlated with this transaction']
TXN00926d61-3,CUST00022,2026-07-03 23:43:41,2537.97,web,0.0,0.0,0.0,Low,['No individually suspicious telemetry signals correlated with this transaction']
TXN7bae0f3b-4,CUST00022,2026-07-05 10:48:55,1519.87,branch,0.0,0.0,0.0,Low,['No individually suspicious telemetry signals correlated with this transaction']
TXNdb992f51-c,CUST00022,2026-07-09 05:48:14,4232.57,mobile,0.0,0.0,0.0,Low,['No individually suspicious telemetry signals correlated with this transaction']
TXN4c60b543-5,CUST00023,2026-06-18 01:14:51,1659.8,atm,0.0,0.0,0.0,Low,['No individually suspicious telemetry signals correlated with this transaction']
TXN0182144d-5,CUST00023,2026-06-24 04:47:19,777.34,mobile,0.0,0.0,0.0,Low,['No individually suspicious telemetry signals correlated with this transaction']
TXN6bb17a8b-2,CUST00549,2026-07-03 20:15:40,8745.43,mobile,0.0,0.0,0.0,Low,['No individually suspicious telemetry signals correlated with this transaction']
TXN565f8687-3,CUST00549,2026-07-09 09:00:27,4201.1,web,0.0,0.0,0.0,Low,['No individually suspicious telemetry signals correlated with this transaction']
TXNccda08bf-5,CUST00550,2026-06-22 04:17:00,1943.86,branch,0.0,0.0,0.0,Low,['No individually suspicious telemetry signals correlated with this transaction']
TXN72f0b90d-5,CUST00550,2026-06-24 06:47:05,9630.89,web,0.0,0.0,0.0,Low,['No individually suspicious telemetry signals correlated with this transaction']
TXN147eeb2d-5,CUST00550,2026-06-28 01:55:40,1353.88,web,0.0,0.0,0.0,Low,['No individually suspicious telemetry signals correlated with this transaction']
TXN54b279cd-0,CUST00550,2026-06-29 21:54:10,1479.61,branch,0.0,0.0,0.0,Low,['No individually suspicious telemetry signals correlated with this transaction']
TXNcc464bb8-f,CUST00553,2026-07-04 17:59:11,786.46,branch,0.0,0.0,0.0,Low,['No individually suspicious telemetry signals correlated with this transaction']
TXNd5b26840-f,CUST00553,2026-07-05 08:21:27,840.73,web,0.0,0.0,0.0,Low,['No individually suspicious telemetry signals correlated with this transaction']
TXNe3fe266b-a,CUST00553,2026-07-12 10:52:41,368.18,mobile,0.0,0.0,0.0,Low,['No individually suspicious telemetry signals correlated with this transaction']
TXN7024cf94-0,CUST00553,2026-07-13 11:13:56,1251.06,atm,0.0,0.0,0.0,Low,['No individually suspicious telemetry signals correlated with this transaction']
TXNfd780916-a,CUST00551,2026-06-19 04:39:17,3330.63,branch,0.0,0.0,0.0,Low,['No individually suspicious telemetry signals correlated with this transaction']
TXN08b52947-9,CUST00551,2026-06-23 20:34:14,2994.28,mobile,0.0,0.0,0.0,Low,['No individually suspicious telemetry signals correlated with this transaction']
TXN3bcb4f32-e,CUST00551,2026-07-01 01:30:11,4656.85,mobile,0.0,0.0,0.0,Low,['No individually suspicious telemetry signals correlated with this transaction']
TXNe6fe01cc-5,CUST00551,2026-07-02 21:44:08,4910.08,mobile,0.0,0.0,0.0,Low,['No individually suspicious telemetry signals correlated with this transaction']
TXN0ae19e7e-1,CUST00551,2026-07-07 17:31:32,2610.61,web,0.0,0.0,0.0,Low,['No individually suspicious telemetry signals correlated with this transaction']
TXNff2d10f4-1,CUST00551,2026-07-11 02:57:51,2745.1,atm,0.0,0.0,0.0,Low,['No individually suspicious telemetry signals correlated with this transaction']
TXN99dce819-1,CUST00551,2026-07-15 21:00:53,1480.97,web,0.0,0.0,0.0,Low,['No individually suspicious telemetry signals correlated with this transaction']
TXNb443cda3-4,CUST00551,2026-07-16 08:40:57,394.92,mobile,0.0,0.0,0.0,Low,['No individually suspicious telemetry signals correlated with this transaction']
TXNeb5c4ed8-5,CUST00552,2026-06-18 18:48:43,973.79,mobile,0.0,0.0,0.0,Low,['No individually suspicious telemetry signals correlated with this transaction']
TXNe66ccf4a-c,CUST00552,2026-06-19 06:03:58,166.14,atm,0.0,0.0,0.0,Low,['No individually suspicious telemetry signals correlated with this transaction']
TXN56847457-1,CUST00021,2026-06-27 18:25:11,2520.12,web,0.0,0.0,0.0,Low,['No individually suspicious telemetry signals correlated with this transaction']
TXN22212e52-d,CUST00021,2026-07-06 18:00:01,966.16,atm,0.0,0.0,0.0,Low,['No individually suspicious telemetry signals correlated with this transaction']
TXN7f702973-7,CUST00020,2026-06-23 13:07:00,7427.03,web,0.0,0.0,0.0,Low,['No individually suspicious telemetry signals correlated with this transaction']
TXN30afe613-9,CUST00020,2026-06-23 21:35:05,5551.12,web,0.0,0.0,0.0,Low,['No individually suspicious telemetry signals correlated with this transaction']
TXNeeb47b07-8,CUST00020,2026-06-25 15:17:36,1094.28,atm,0.0,0.0,0.0,Low,['No individually suspicious telemetry signals correlated with this transaction']
TXN88c982ec-b,CUST00020,2026-06-26 06:34:34,4319.17,mobile,0.0,0.0,0.0,Low,['No individually suspicious telemetry signals correlated with this transaction']
TXN01ddc628-b,CUST00020,2026-07-09 09:19:29,133.55,mobile,0.0,0.0,0.0,Low,['No individually suspicious telemetry signals correlated with this transaction']
TXNad411244-f,CUST00020,2026-07-12 15:29:38,5700.05,mobile,0.0,0.0,0.0,Low,['No individually suspicious telemetry signals correlated with this transaction']
TXNf1e7ada0-e,CUST00020,2026-07-14 14:11:21,560.78,web,0.0,0.0,0.0,Low,['No individually suspicious telemetry signals correlated with this transaction']
TXN0ad7d77c-9,CUST00021,2026-06-18 07:07:41,3265.45,web,0.0,0.0,0.0,Low,['No individually suspicious telemetry signals correlated with this transaction']
TXNff8abfc0-2,CUST00552,2026-06-24 05:10:10,6819.83,mobile,0.0,0.0,0.0,Low,['No individually suspicious telemetry signals correlated with this transaction']
TXN51cb3f06-1,CUST00552,2026-06-29 17:15:06,582.11,mobile,0.0,0.0,0.0,Low,['No individually suspicious telemetry signals correlated with this transaction']
TXNe6af993c-7,CUST00552,2026-06-29 17:38:41,1232.18,mobile,0.0,0.0,0.0,Low,['No individually suspicious telemetry signals correlated with this transaction']
TXNdce202f5-3,CUST00552,2026-07-05 07:27:13,2264.43,branch,0.0,0.0,0.0,Low,['No individually suspicious telemetry signals correlated with this transaction']
TXNf0c46591-b,CUST00552,2026-07-06 01:51:10,500.85,mobile,0.0,0.0,0.0,Low,['No individually suspicious telemetry signals correlated with this transaction']
TXNaab76dd1-1,CUST00552,2026-07-09 08:02:12,15717.66,web,0.0,0.0,0.0,Low,['No individually suspicious telemetry signals correlated with this transaction']
TXNb31b58fa-c,CUST00552,2026-07-16 11:32:25,420.39,web,0.0,0.0,0.0,Low,['No individually suspicious telemetry signals correlated with this transaction']
TXNe810c030-2,CUST00553,2026-06-25 05:29:04,2116.7,mobile,0.0,0.0,0.0,Low,['No individually suspicious telemetry signals correlated with this transaction']
TXNf16231e0-6,CUST00557,2026-06-30 21:15:09,13955.59,mobile,0.0,0.0,0.0,Low,['No individually suspicious telemetry signals correlated with this transaction']
TXN4344c269-7,CUST00557,2026-07-04 05:26:56,447.24,mobile,0.0,0.0,0.0,Low,['No individually suspicious telemetry signals correlated with this transaction']
TXN210f0001-d,CUST00554,2026-06-28 02:06:45,2084.9,mobile,0.0,0.0,0.0,Low,['No individually suspicious telemetry signals correlated with this transaction']
TXNbe3ff70d-b,CUST00554,2026-07-07 07:44:42,697.17,mobile,0.0,0.0,0.0,Low,['No individually suspicious telemetry signals correlated with this transaction']
TXNe16874df-5,CUST00555,2026-06-17 06:58:45,6047.67,web,0.0,0.0,0.0,Low,['No individually suspicious telemetry signals correlated with this transaction']
TXN49b04036-6,CUST00555,2026-06-17 15:09:10,2691.24,web,0.0,0.0,0.0,Low,['No individually suspicious telemetry signals correlated with this transaction']
TXNe5b2fd55-b,CUST00555,2026-06-21 22:37:19,1304.93,web,0.0,0.0,0.0,Low,['No individually suspicious telemetry signals correlated with this transaction']
TXN375af79e-9,CUST00555,2026-06-26 05:03:10,1315.49,web,0.0,0.0,0.0,Low,['No individually suspicious telemetry signals correlated with this transaction']
TXN38ac7355-f,CUST00555,2026-07-02 11:45:10,738.94,mobile,0.0,0.0,0.0,Low,['No individually suspicious telemetry signals correlated with this transaction']
TXN0bace8ac-6,CUST00555,2026-07-03 10:24:04,649.17,atm,0.0,0.0,0.0,Low,['No individually suspicious telemetry signals correlated with this transaction']
TXN4705ecba-0,CUST00555,2026-07-05 13:12:22,4083.86,mobile,0.0,0.0,0.0,Low,['No individually suspicious telemetry signals correlated with this transaction']
TXN080bf99f-f,CUST00555,2026-07-07 09:25:57,6112.09,mobile,0.0,0.0,0.0,Low,['No individually suspicious telemetry signals correlated with this transaction']
TXN9d09cf19-a,CUST00555,2026-07-13 12:45:43,8673.06,branch,0.0,0.0,0.0,Low,['No individually suspicious telemetry signals correlated with this transaction']
TXN9347f486-2,CUST00019,2026-07-15 17:14:58,309.28,web,0.0,0.0,0.0,Low,['No individually suspicious telemetry signals correlated with this transaction']
TXN492d85a7-b,CUST00019,2026-07-16 10:33:35,652.13,mobile,0.0,0.0,0.0,Low,['No individually suspicious telemetry signals correlated with this transaction']
TXNfe85544c-3,CUST00020,2026-06-18 23:19:43,528.14,mobile,0.0,0.0,0.0,Low,['No individually suspicious telemetry signals correlated with this transaction']
TXNb2ea6850-9,CUST00558,2026-07-07 23:21:38,4132.84,web,0.0,0.0,0.0,Low,['No individually suspicious telemetry signals correlated with this transaction']
TXNfc411721-3,CUST00559,2026-06-22 11:22:11,907.64,web,0.0,0.0,0.0,Low,['No individually suspicious telemetry signals correlated with this transaction']
TXN02d4729d-d,CUST00559,2026-07-06 03:24:41,2024.87,web,0.0,0.0,0.0,Low,['No individually suspicious telemetry signals correlated with this transaction']
TXN492eb70c-2,CUST00559,2026-07-08 19:56:45,6778.82,mobile,0.0,0.0,0.0,Low,['No individually suspicious telemetry signals correlated with this transaction']
TXN4138aeea-8,CUST00559,2026-07-09 06:05:01,992.91,mobile,0.0,0.0,0.0,Low,['No individually suspicious telemetry signals correlated with this transaction']
TXNb8ab8e09-c,CUST00555,2026-07-14 02:15:41,2827.63,web,0.0,0.0,0.0,Low,['No individually suspicious telemetry signals correlated with this transaction']
TXNa4d7809a-5,CUST00555,2026-07-15 00:47:59,144.2,mobile,0.0,0.0,0.0,Low,['No individually suspicious telemetry signals correlated with this transaction']
TXN126f28a9-1,CUST00555,2026-07-15 04:01:26,1574.62,branch,0.0,0.0,0.0,Low,['No individually suspicious telemetry signals correlated with this transaction']
TXN5728e2b6-9,CUST00556,2026-06-24 15:35:14,6738.12,web,0.0,0.0,0.0,Low,['No individually suspicious telemetry signals correlated with this transaction']
TXN589a8b9d-5,CUST00556,2026-06-26 18:15:13,5783.4,mobile,0.0,0.0,0.0,Low,['No individually suspicious telemetry signals correlated with this transaction']
TXN04ebb4a9-a,CUST00556,2026-07-01 12:42:23,918.88,web,0.0,0.0,0.0,Low,['No individually suspicious telemetry signals correlated with this transaction']
TXNe8c80d96-3,CUST00556,2026-07-02 12:40:38,841.0,mobile,0.0,0.0,0.0,Low,['No individually suspicious telemetry signals correlated with this transaction']
TXNf0c935a9-9,CUST00556,2026-07-06 07:48:26,3548.12,mobile,0.0,0.0,0.0,Low,['No individually suspicious telemetry signals correlated with this transaction']
TXN2c9c763b-e,CUST00556,2026-07-15 09:30:29,360.44,mobile,0.0,0.0,0.0,Low,['No individually suspicious telemetry signals correlated with this transaction']
TXNe53b7727-b,CUST00557,2026-06-16 17:05:20,6739.54,mobile,0.0,0.0,0.0,Low,['No individually suspicious telemetry signals correlated with this transaction']
TXN630915e1-8,CUST00557,2026-06-26 01:13:08,371.57,mobile,0.0,0.0,0.0,Low,['No individually suspicious telemetry signals correlated with this transaction']
TXN44725ab7-b,CUST00016,2026-07-01 02:00:05,5183.79,atm,0.0,0.0,0.0,Low,['No individually suspicious telemetry signals correlated with this transaction']
TXN6b1205aa-9,CUST00016,2026-07-09 01:21:50,374.69,web,0.0,0.0,0.0,Low,['No individually suspicious telemetry signals correlated with this transaction']
TXN248607c2-2,CUST00016,2026-07-09 16:27:27,861.63,mobile,0.0,0.0,0.0,Low,['No individually suspicious telemetry signals correlated with this transaction']
TXN4251d2f0-2,CUST00016,2026-07-10 13:05:32,5950.91,web,0.0,0.0,0.0,Low,['No individually suspicious telemetry signals correlated with this transaction']
TXNa3a22f35-b,CUST00016,2026-07-14 02:23:31,91.48,mobile,0.0,0.0,0.0,Low,['No individually suspicious telemetry signals correlated with this transaction']
TXN77fa7bbc-c,CUST00017,2026-06-17 06:57:15,984.87,mobile,0.0,0.0,0.0,Low,['No individually suspicious telemetry signals correlated with this transaction']
TXN1641d960-d,CUST00018,2026-06-25 14:05:39,503.57,mobile,0.0,0.0,0.0,Low,['No individually suspicious telemetry signals correlated with this transaction']
TXN3d730c3b-b,CUST00019,2026-06-24 20:05:10,3350.01,web,0.0,0.0,0.0,Low,['No individually suspicious telemetry signals correlated with this transaction']
TXNceefd2c9-7,CUST00019,2026-07-05 16:12:18,547.57,atm,0.0,0.0,0.0,Low,['No individually suspicious telemetry signals correlated with this transaction']
TXN20141450-a,CUST00557,2026-07-07 01:07:05,1245.39,mobile,0.0,0.0,0.0,Low,['No individually suspicious telemetry signals correlated with this transaction']
TXN37c20000-f,CUST00558,2026-06-19 12:02:48,10720.1,mobile,0.0,0.0,0.0,Low,['No individually suspicious telemetry signals correlated with this transaction']
TXNd928c011-9,CUST00558,2026-06-20 03:26:36,16199.28,mobile,0.0,0.0,0.0,Low,['No individually suspicious telemetry signals correlated with this transaction']
TXN558c7208-2,CUST00558,2026-06-20 09:09:02,2427.13,web,0.0,0.0,0.0,Low,['No individually suspicious telemetry signals correlated with this transaction']
TXNdca4b19e-5,CUST00558,2026-06-29 07:49:55,4280.06,web,0.0,0.0,0.0,Low,['No individually suspicious telemetry signals correlated with this transaction']
TXNc23e471a-6,CUST00558,2026-07-02 00:01:56,15399.05,web,0.0,0.0,0.0,Low,['No individually suspicious telemetry signals correlated with this transaction']
TXN64836ec2-0,CUST00558,2026-07-02 00:40:48,954.9,web,0.0,0.0,0.0,Low,['No individually suspicious telemetry signals correlated with this transaction']
TXN417e5edc-1,CUST00563,2026-07-11 01:48:11,2921.82,web,0.0,0.0,0.0,Low,['No individually suspicious telemetry signals correlated with this transaction']
TXN2b125551-f,CUST00564,2026-06-19 02:30:06,1068.66,mobile,0.0,0.0,0.0,Low,['No individually suspicious telemetry signals correlated with this transaction']
TXNc07ec4c4-b,CUST00564,2026-06-23 01:36:12,7139.87,web,0.0,0.0,0.0,Low,['No individually suspicious telemetry signals correlated with this transaction']
TXN21483249-4,CUST00559,2026-07-15 23:31:28,534.75,web,0.0,0.0,0.0,Low,['No individually suspicious telemetry signals correlated with this transaction']
TXN03e6551e-1,CUST00560,2026-06-23 11:22:18,3385.11,web,0.0,0.0,0.0,Low,['No individually suspicious telemetry signals correlated with this transaction']
TXNa31ffadd-0,CUST00560,2026-06-24 10:55:02,5843.89,atm,0.0,0.0,0.0,Low,['No individually suspicious telemetry signals correlated with this transaction']
TXN40d6c0ac-8,CUST00560,2026-06-25 13:40:28,1390.9,mobile,0.0,0.0,0.0,Low,['No individually suspicious telemetry signals correlated with this transaction']
TXN9241e029-0,CUST00560,2026-06-26 19:48:54,855.45,web,0.0,0.0,0.0,Low,['No individually suspicious telemetry signals correlated with this transaction']
TXNe2eb0222-2,CUST00560,2026-06-27 23:50:31,4559.69,web,0.0,0.0,0.0,Low,['No individually suspicious telemetry signals correlated with this transaction']
TXN54be6170-4,CUST00560,2026-07-03 23:17:29,9698.38,mobile,0.0,0.0,0.0,Low,['No individually suspicious telemetry signals correlated with this transaction']
TXNe470dab0-e,CUST00560,2026-07-06 03:42:38,1283.82,mobile,0.0,0.0,0.0,Low,['No individually suspicious telemetry signals correlated with this transaction']
TXN624f88a5-1,CUST00560,2026-07-12 11:13:26,285.04,atm,0.0,0.0,0.0,Low,['No individually suspicious telemetry signals correlated with this transaction']
TXN0be08870-a,CUST00560,2026-07-13 17:13:44,611.46,branch,0.0,0.0,0.0,Low,['No individually suspicious telemetry signals correlated with this transaction']
TXN55a28f90-a,CUST00561,2026-07-16 10:40:45,595.2,mobile,0.0,0.0,0.0,Low,['No individually suspicious telemetry signals correlated with this transaction']
TXNe05f8184-c,CUST00562,2026-06-30 21:56:22,1113.92,web,0.0,0.0,0.0,Low,['No individually suspicious telemetry signals correlated with this transaction']
TXNb695c2bf-8,CUST00016,2026-06-30 14:41:36,553.34,web,0.0,0.0,0.0,Low,['No individually suspicious telemetry signals correlated with this transaction']
TXN182ebfd2-9,CUST00565,2026-07-03 19:44:14,1617.16,web,0.0,0.0,0.0,Low,['No individually suspicious telemetry signals correlated with this transaction']
TXN1cb04376-c,CUST00565,2026-07-06 02:09:29,6331.71,atm,0.0,0.0,0.0,Low,['No individually suspicious telemetry signals correlated with this transaction']
TXN01183a0a-b,CUST00565,2026-07-06 03:40:13,391.96,mobile,0.0,0.0,0.0,Low,['No individually suspicious telemetry signals correlated with this transaction']
TXN891887a7-3,CUST00565,2026-07-06 11:34:32,1069.9,web,0.0,0.0,0.0,Low,['No individually suspicious telemetry signals correlated with this transaction']
TXN86413c79-e,CUST00565,2026-07-14 03:08:11,12579.63,branch,0.0,0.0,0.0,Low,['No individually suspicious telemetry signals correlated with this transaction']
TXN61b862b2-1,CUST00566,2026-06-20 06:09:43,3870.01,mobile,0.0,0.0,0.0,Low,['No individually suspicious telemetry signals correlated with this transaction']
TXNc5eba017-f,CUST00566,2026-07-01 17:21:01,1839.27,mobile,0.0,0.0,0.0,Low,['No individually suspicious telemetry signals correlated with this transaction']
TXN2fa227c3-d,CUST00562,2026-07-02 10:26:44,5699.62,atm,0.0,0.0,0.0,Low,['No individually suspicious telemetry signals correlated with this transaction']
TXNbca88911-9,CUST00562,2026-07-05 09:13:21,293.74,mobile,0.0,0.0,0.0,Low,['No individually suspicious telemetry signals correlated with this transaction']
TXN52c2526e-7,CUST00562,2026-07-09 23:03:07,781.46,mobile,0.0,0.0,0.0,Low,['No individually suspicious telemetry signals correlated with this transaction']
TXNe97f0af3-e,CUST00562,2026-07-11 13:29:35,2158.79,mobile,0.0,0.0,0.0,Low,['No individually suspicious telemetry signals correlated with this transaction']
TXNb1b8106d-e,CUST00563,2026-06-23 19:24:03,5730.19,atm,0.0,0.0,0.0,Low,['No individually suspicious telemetry signals correlated with this transaction']
TXN2ddecd40-e,CUST00563,2026-06-24 00:16:05,3851.83,mobile,0.0,0.0,0.0,Low,['No individually suspicious telemetry signals correlated with this transaction']
TXN6b48d839-3,CUST00563,2026-07-05 14:16:59,484.89,web,0.0,0.0,0.0,Low,['No individually suspicious telemetry signals correlated with this transaction']
TXNe3d2549d-7,CUST00563,2026-07-06 00:08:29,1216.91,branch,0.0,0.0,0.0,Low,['No individually suspicious telemetry signals correlated with this transaction']
TXN5a8d9931-5,CUST00563,2026-07-09 03:56:01,677.22,mobile,0.0,0.0,0.0,Low,['No individually suspicious telemetry signals correlated with this transaction']
TXN1131f87f-3,CUST00567,2026-06-27 07:09:06,2409.43,branch,0.0,0.0,0.0,Low,['No individually suspicious telemetry signals correlated with this transaction']
TXN54ea3718-4,CUST00567,2026-06-30 11:54:47,471.62,web,0.0,0.0,0.0,Low,['No individually suspicious telemetry signals correlated with this transaction']
TXN36b86a13-8,CUST00567,2026-07-01 01:43:29,843.09,mobile,0.0,0.0,0.0,Low,['No individually suspicious telemetry signals correlated with this transaction']
TXNb309887d-c,CUST00567,2026-07-07 16:34:51,660.24,mobile,0.0,0.0,0.0,Low,['No individually suspicious telemetry signals correlated with this transaction']
TXNfed46e35-1,CUST00567,2026-07-08 08:47:20,371.95,mobile,0.0,0.0,0.0,Low,['No individually suspicious telemetry signals correlated with this transaction']
TXN004fe610-2,CUST00567,2026-07-12 06:43:24,1283.9,web,0.0,0.0,0.0,Low,['No individually suspicious telemetry signals correlated with this transaction']
TXNe89afbfe-8,CUST00567,2026-07-14 22:25:03,603.77,web,0.0,0.0,0.0,Low,['No individually suspicious telemetry signals correlated with this transaction']
TXNa250b2fc-0,CUST00568,2026-06-16 16:19:09,2370.37,atm,0.0,0.0,0.0,Low,['No individually suspicious telemetry signals correlated with this transaction']
TXN1d522106-7,CUST00564,2026-06-28 01:20:12,175.15,mobile,0.0,0.0,0.0,Low,['No individually suspicious telemetry signals correlated with this transaction']
TXNd783b9d0-5,CUST00564,2026-07-01 16:53:42,736.14,mobile,0.0,0.0,0.0,Low,['No individually suspicious telemetry signals correlated with this transaction']
TXN9ba585ae-c,CUST00564,2026-07-07 14:01:47,2186.96,web,0.0,0.0,0.0,Low,['No individually suspicious telemetry signals correlated with this transaction']
TXN2046eeb5-9,CUST00564,2026-07-08 00:04:26,1582.43,mobile,0.0,0.0,0.0,Low,['No individually suspicious telemetry signals correlated with this transaction']
TXN92a6584c-8,CUST00565,2026-06-24 06:17:53,677.0,mobile,0.0,0.0,0.0,Low,['No individually suspicious telemetry signals correlated with this transaction']
TXN1149544e-2,CUST00565,2026-06-24 14:34:27,1514.58,mobile,0.0,0.0,0.0,Low,['No individually suspicious telemetry signals correlated with this transaction']
TXNe1772a38-9,CUST00565,2026-06-26 15:20:46,5583.19,mobile,0.0,0.0,0.0,Low,['No individually suspicious telemetry signals correlated with this transaction']
TXN8cf431de-8,CUST00565,2026-06-29 11:23:13,917.64,mobile,0.0,0.0,0.0,Low,['No individually suspicious telemetry signals correlated with this transaction']
TXNe0218caf-b,CUST00015,2026-06-20 19:54:42,2620.79,mobile,0.0,0.0,0.0,Low,['No individually suspicious telemetry signals correlated with this transaction']
TXN8d3a5b2d-8,CUST00015,2026-06-21 00:17:29,269.86,mobile,0.0,0.0,0.0,Low,['No individually suspicious telemetry signals correlated with this transaction']
TXN195c663b-9,CUST00015,2026-06-21 03:58:40,10410.19,atm,0.0,0.0,0.0,Low,['No individually suspicious telemetry signals correlated with this transaction']
TXN59518620-8,CUST00015,2026-06-23 23:34:47,1521.23,mobile,0.0,0.0,0.0,Low,['No individually suspicious telemetry signals correlated with this transaction']
TXN6714272a-d,CUST00015,2026-06-27 09:14:49,15494.02,web,0.0,0.0,0.0,Low,['No individually suspicious telemetry signals correlated with this transaction']
TXNad851456-b,CUST00015,2026-07-04 09:01:33,1292.08,web,0.0,0.0,0.0,Low,['No individually suspicious telemetry signals correlated with this transaction']
TXNce8a5306-d,CUST00015,2026-07-06 00:49:32,1353.38,mobile,0.0,0.0,0.0,Low,['No individually suspicious telemetry signals correlated with this transaction']
TXN51683612-2,CUST00015,2026-07-08 02:58:40,4742.81,atm,0.0,0.0,0.0,Low,['No individually suspicious telemetry signals correlated with this transaction']
TXN2e408d57-6,CUST00015,2026-07-15 15:26:51,5221.66,mobile,0.0,0.0,0.0,Low,['No individually suspicious telemetry signals correlated with this transaction']
TXN2adfedf8-7,CUST00566,2026-07-12 19:06:25,5928.2,web,0.0,0.0,0.0,Low,['No individually suspicious telemetry signals correlated with this transaction']
TXN76b851e9-b,CUST00566,2026-07-14 04:57:07,3926.92,web,0.0,0.0,0.0,Low,['No individually suspicious telemetry signals correlated with this transaction']
TXNddc16c3a-4,CUST00567,2026-06-17 06:58:18,1835.76,mobile,0.0,0.0,0.0,Low,['No individually suspicious telemetry signals correlated with this transaction']
TXN2c20fb0e-e,CUST00567,2026-06-20 02:57:00,2681.96,web,0.0,0.0,0.0,Low,['No individually suspicious telemetry signals correlated with this transaction']
TXN9bd0e94e-6,CUST00567,2026-06-21 10:10:25,2725.12,mobile,0.0,0.0,0.0,Low,['No individually suspicious telemetry signals correlated with this transaction']
TXNb8ee0ec6-2,CUST00567,2026-06-24 10:18:55,7791.51,mobile,0.0,0.0,0.0,Low,['No individually suspicious telemetry signals correlated with this transaction']
TXN7a8f5fad-3,CUST00567,2026-06-26 13:47:53,663.62,mobile,0.0,0.0,0.0,Low,['No individually suspicious telemetry signals correlated with this transaction']
TXN4c6cfc1c-7,CUST00571,2026-06-29 11:59:15,505.87,mobile,0.0,0.0,0.0,Low,['No individually suspicious telemetry signals correlated with this transaction']
TXN950097ce-2,CUST00571,2026-07-02 15:43:19,46.41,web,0.0,0.0,0.0,Low,['No individually suspicious telemetry signals correlated with this transaction']
TXNdc399fe1-b,CUST00568,2026-06-26 04:56:00,1273.78,web,0.0,0.0,0.0,Low,['No individually suspicious telemetry signals correlated with this transaction']
TXNfcc6713a-7,CUST00568,2026-07-02 12:16:37,7925.98,web,0.0,0.0,0.0,Low,['No individually suspicious telemetry signals correlated with this transaction']
TXN10e7ee6f-1,CUST00568,2026-07-04 11:10:19,1840.22,mobile,0.0,0.0,0.0,Low,['No individually suspicious telemetry signals correlated with this transaction']
TXNbc1af663-a,CUST00568,2026-07-05 06:40:43,343.96,mobile,0.0,0.0,0.0,Low,['No individually suspicious telemetry signals correlated with this transaction']
TXNbb2c23cb-3,CUST00568,2026-07-05 07:58:28,910.43,web,0.0,0.0,0.0,Low,['No individually suspicious telemetry signals correlated with this transaction']
TXNb5e5f62a-9,CUST00568,2026-07-05 12:01:53,4947.76,mobile,0.0,0.0,0.0,Low,['No individually suspicious telemetry signals correlated with this transaction']
TXNfab8cd39-d,CUST00568,2026-07-10 08:51:59,461.19,mobile,0.0,0.0,0.0,Low,['No individually suspicious telemetry signals correlated with this transaction']
TXN16b3c475-4,CUST00568,2026-07-12 00:40:14,3329.12,web,0.0,0.0,0.0,Low,['No individually suspicious telemetry signals correlated with this transaction']
TXNf20d3aea-a,CUST00568,2026-07-12 01:14:54,1892.13,mobile,0.0,0.0,0.0,Low,['No individually suspicious telemetry signals correlated with this transaction']
TXN5bf2e8db-7,CUST00569,2026-07-02 03:54:58,3204.12,mobile,0.0,0.0,0.0,Low,['No individually suspicious telemetry signals correlated with this transaction']
TXNb2092e71-2,CUST00569,2026-07-11 02:11:37,1785.14,mobile,0.0,0.0,0.0,Low,['No individually suspicious telemetry signals correlated with this transaction']
TXNe8c44e4c-5,CUST00014,2026-06-29 13:46:43,354.02,web,0.0,0.0,0.0,Low,['No individually suspicious telemetry signals correlated with this transaction']
TXNfabf8aef-6,CUST00014,2026-06-30 05:39:55,2037.04,mobile,0.0,0.0,0.0,Low,['No individually suspicious telemetry signals correlated with this transaction']
TXN5450c61f-1,CUST00014,2026-07-08 20:12:37,1237.63,atm,0.0,0.0,0.0,Low,['No individually suspicious telemetry signals correlated with this transaction']
TXN0394fc90-7,CUST00573,2026-06-17 03:21:31,4668.67,mobile,0.0,0.0,0.0,Low,['No individually suspicious telemetry signals correlated with this transaction']
TXNf83f136d-d,CUST00573,2026-06-17 04:29:54,20513.75,web,0.0,0.0,0.0,Low,['No individually suspicious telemetry signals correlated with this transaction']
TXN5caf5c6a-6,CUST00573,2026-06-18 15:36:27,9176.65,atm,0.0,0.0,0.0,Low,['No individually suspicious telemetry signals correlated with this transaction']
TXN0a6368f2-e,CUST00573,2026-07-02 20:22:47,5420.22,web,0.0,0.0,0.0,Low,['No individually suspicious telemetry signals correlated with this transaction']
TXN26366874-b,CUST00569,2026-07-12 20:38:40,6642.11,mobile,0.0,0.0,0.0,Low,['No individually suspicious telemetry signals correlated with this transaction']
TXNe2e6e895-5,CUST00570,2026-06-16 19:58:45,1263.87,mobile,0.0,0.0,0.0,Low,['No individually suspicious telemetry signals correlated with this transaction']
TXNfbff1829-a,CUST00570,2026-06-22 22:42:51,306.34,mobile,0.0,0.0,0.0,Low,['No individually suspicious telemetry signals correlated with this transaction']
TXNef55c8e2-3,CUST00570,2026-06-23 23:18:49,1367.85,mobile,0.0,0.0,0.0,Low,['No individually suspicious telemetry signals correlated with this transaction']
TXN80dac46f-2,CUST00570,2026-06-24 20:34:00,632.33,mobile,0.0,0.0,0.0,Low,['No individually suspicious telemetry signals correlated with this transaction']
TXN39681e1d-8,CUST00570,2026-06-26 07:01:00,816.6,mobile,0.0,0.0,0.0,Low,['No individually suspicious telemetry signals correlated with this transaction']
TXN75a8457d-7,CUST00570,2026-06-29 02:56:09,511.1,mobile,0.0,0.0,0.0,Low,['No individually suspicious telemetry signals correlated with this transaction']
TXNb71a72c1-5,CUST00570,2026-07-06 15:11:15,9334.67,mobile,0.0,0.0,0.0,Low,['No individually suspicious telemetry signals correlated with this transaction']
TXN95a5de44-e,CUST00570,2026-07-09 10:16:49,1377.35,branch,0.0,0.0,0.0,Low,['No individually suspicious telemetry signals correlated with this transaction']
TXN6557ecee-4,CUST00570,2026-07-11 19:01:54,7733.62,web,0.0,0.0,0.0,Low,['No individually suspicious telemetry signals correlated with this transaction']
TXNfa709240-a,CUST00571,2026-06-18 17:06:24,3821.19,atm,0.0,0.0,0.0,Low,['No individually suspicious telemetry signals correlated with this transaction']
TXNaec13f6e-6,CUST00571,2026-06-19 14:00:34,2381.47,web,0.0,0.0,0.0,Low,['No individually suspicious telemetry signals correlated with this transaction']
TXNa54427ec-b,CUST00012,2026-06-22 12:04:03,1718.97,mobile,0.0,0.0,0.0,Low,['No individually suspicious telemetry signals correlated with this transaction']
TXN904ada37-5,CUST00012,2026-06-25 06:28:41,1775.39,atm,0.0,0.0,0.0,Low,['No individually suspicious telemetry signals correlated with this transaction']
TXNf1da833d-1,CUST00012,2026-06-25 09:22:30,964.58,mobile,0.0,0.0,0.0,Low,['No individually suspicious telemetry signals correlated with this transaction']
TXN42bb8f63-4,CUST00012,2026-07-10 08:22:35,7322.28,web,0.0,0.0,0.0,Low,['No individually suspicious telemetry signals correlated with this transaction']
TXN44f760a8-b,CUST00012,2026-07-10 10:22:23,1061.37,mobile,0.0,0.0,0.0,Low,['No individually suspicious telemetry signals correlated with this transaction']
TXN82ece8aa-d,CUST00013,2026-06-29 17:49:30,3833.97,web,0.0,0.0,0.0,Low,['No individually suspicious telemetry signals correlated with this transaction']
TXNc9ac376c-f,CUST00013,2026-07-14 05:00:57,4682.9,mobile,0.0,0.0,0.0,Low,['No individually suspicious telemetry signals correlated with this transaction']
TXNd2524487-6,CUST00013,2026-07-14 19:52:55,7477.12,branch,0.0,0.0,0.0,Low,['No individually suspicious telemetry signals correlated with this transaction']
TXN2575dbd1-4,CUST00014,2026-06-18 15:05:07,1195.68,web,0.0,0.0,0.0,Low,['No individually suspicious telemetry signals correlated with this transaction']
TXN0a76e404-9,CUST00571,2026-07-06 11:05:49,1684.4,mobile,0.0,0.0,0.0,Low,['No individually suspicious telemetry signals correlated with this transaction']
TXNaf0caa3c-1,CUST00571,2026-07-07 04:05:37,2936.29,mobile,0.0,0.0,0.0,Low,['No individually suspicious telemetry signals correlated with this transaction']
TXNf05ad4ec-3,CUST00572,2026-06-26 16:22:13,2160.93,mobile,0.0,0.0,0.0,Low,['No individually suspicious telemetry signals correlated with this transaction']
TXN0777cad1-c,CUST00572,2026-06-29 23:52:00,874.44,web,0.0,0.0,0.0,Low,['No individually suspicious telemetry signals correlated with this transaction']
TXN14c6e496-9,CUST00572,2026-07-02 20:12:31,250.46,branch,0.0,0.0,0.0,Low,['No individually suspicious telemetry signals correlated with this transaction']
TXN645261f7-6,CUST00572,2026-07-14 10:55:16,228.74,atm,0.0,0.0,0.0,Low,['No individually suspicious telemetry signals correlated with this transaction']
TXNf721e45e-d,CUST00572,2026-07-14 13:52:08,6937.12,mobile,0.0,0.0,0.0,Low,['No individually suspicious telemetry signals correlated with this transaction']
TXNa873abc8-1,CUST00576,2026-07-09 11:58:01,617.47,mobile,0.0,0.0,0.0,Low,['No individually suspicious telemetry signals correlated with this transaction']
TXN61592130-a,CUST00576,2026-07-14 14:54:00,1241.89,mobile,0.0,0.0,0.0,Low,['No individually suspicious telemetry signals correlated with this transaction']
TXNa3b44efe-2,CUST00576,2026-07-15 07:44:01,719.47,atm,0.0,0.0,0.0,Low,['No individually suspicious telemetry signals correlated with this transaction']
TXNf805d526-5,CUST00573,2026-07-10 09:23:17,9536.11,mobile,0.0,0.0,0.0,Low,['No individually suspicious telemetry signals correlated with this transaction']
TXNc881464b-c,CUST00573,2026-07-11 18:31:29,9789.68,mobile,0.0,0.0,0.0,Low,['No individually suspicious telemetry signals correlated with this transaction']
TXN92010309-1,CUST00573,2026-07-16 10:50:48,577.34,mobile,0.0,0.0,0.0,Low,['No individually suspicious telemetry signals correlated with this transaction']
TXN58029d89-6,CUST00574,2026-06-19 17:42:13,1437.47,web,0.0,0.0,0.0,Low,['No individually suspicious telemetry signals correlated with this transaction']
TXN643a6898-6,CUST00574,2026-06-27 12:53:27,9819.17,mobile,0.0,0.0,0.0,Low,['No individually suspicious telemetry signals correlated with this transaction']
TXN62a5aa21-2,CUST00574,2026-07-02 00:49:37,1708.66,web,0.0,0.0,0.0,Low,['No individually suspicious telemetry signals correlated with this transaction']
TXNb79fa51d-3,CUST00574,2026-07-04 02:25:46,487.41,web,0.0,0.0,0.0,Low,['No individually suspicious telemetry signals correlated with this transaction']
TXNf7f9efbc-4,CUST00574,2026-07-06 21:40:01,1312.75,mobile,0.0,0.0,0.0,Low,['No individually suspicious telemetry signals correlated with this transaction']
TXN4e6120f3-a,CUST00574,2026-07-08 19:44:53,837.04,web,0.0,0.0,0.0,Low,['No individually suspicious telemetry signals correlated with this transaction']
TXN0942f1cd-a,CUST00574,2026-07-09 06:00:34,800.01,mobile,0.0,0.0,0.0,Low,['No individually suspicious telemetry signals correlated with this transaction']
TXN3094f256-7,CUST00574,2026-07-11 20:09:12,3483.98,web,0.0,0.0,0.0,Low,['No individually suspicious telemetry signals correlated with this transaction']
TXN0a0ef615-f,CUST00575,2026-06-20 16:43:24,7122.13,mobile,0.0,0.0,0.0,Low,['No individually suspicious telemetry signals correlated with this transaction']
TXN6c092d0a-9,CUST00011,2026-07-11 14:19:00,5142.44,mobile,0.0,0.0,0.0,Low,['No individually suspicious telemetry signals correlated with this transaction']
TXN072a5087-6,CUST00578,2026-06-19 07:39:57,436.58,web,0.0,0.0,0.0,Low,['No individually suspicious telemetry signals correlated with this transaction']
TXNb87618a0-e,CUST00578,2026-06-21 18:43:52,2041.15,mobile,0.0,0.0,0.0,Low,['No individually suspicious telemetry signals correlated with this transaction']
TXNab204463-d,CUST00578,2026-07-03 14:58:28,877.17,web,0.0,0.0,0.0,Low,['No individually suspicious telemetry signals correlated with this transaction']
TXN66c09e7b-7,CUST00578,2026-07-05 20:23:43,645.36,mobile,0.0,0.0,0.0,Low,['No individually suspicious telemetry signals correlated with this transaction']
TXNc742bbaf-7,CUST00578,2026-07-06 03:50:38,4466.09,atm,0.0,0.0,0.0,Low,['No individually suspicious telemetry signals correlated with this transaction']
TXNb098a176-e,CUST00578,2026-07-13 05:22:19,652.85,web,0.0,0.0,0.0,Low,['No individually suspicious telemetry signals correlated with this transaction']
TXN445f1ad1-b,CUST00578,2026-07-16 00:58:56,3761.7,web,0.0,0.0,0.0,Low,['No individually suspicious telemetry signals correlated with this transaction']
TXNea8b34b9-e,CUST00579,2026-06-20 18:46:43,1785.1,web,0.0,0.0,0.0,Low,['No individually suspicious telemetry signals correlated with this transaction']
TXNf2fb122f-7,CUST00575,2026-06-20 21:14:23,507.5,web,0.0,0.0,0.0,Low,['No individually suspicious telemetry signals correlated with this transaction']
TXNf0dac80a-5,CUST00575,2026-06-30 02:09:59,5605.86,mobile,0.0,0.0,0.0,Low,['No individually suspicious telemetry signals correlated with this transaction']
TXNeb6d3598-2,CUST00575,2026-07-04 00:07:22,951.54,web,0.0,0.0,0.0,Low,['No individually suspicious telemetry signals correlated with this transaction']
TXNe32a2082-3,CUST00576,2026-06-18 05:50:24,3167.85,web,0.0,0.0,0.0,Low,['No individually suspicious telemetry signals correlated with this transaction']
TXNafef2e1c-f,CUST00576,2026-06-23 14:53:46,11749.5,atm,0.0,0.0,0.0,Low,['No individually suspicious telemetry signals correlated with this transaction']
TXNe84dfaa4-4,CUST00576,2026-06-27 22:27:17,2555.29,mobile,0.0,0.0,0.0,Low,['No individually suspicious telemetry signals correlated with this transaction']
TXN9f6e292a-b,CUST00576,2026-07-02 23:59:44,4579.47,web,0.0,0.0,0.0,Low,['No individually suspicious telemetry signals correlated with this transaction']
TXNf66037cf-f,CUST00576,2026-07-07 07:08:15,4033.38,mobile,0.0,0.0,0.0,Low,['No individually suspicious telemetry signals correlated with this transaction']
TXNa71372ab-3,CUST00009,2026-07-06 07:57:54,2802.57,web,0.0,0.0,0.0,Low,['No individually suspicious telemetry signals correlated with this transaction']
TXN0bd18d4a-4,CUST00009,2026-07-13 12:57:07,3931.81,mobile,0.0,0.0,0.0,Low,['No individually suspicious telemetry signals correlated with this transaction']
TXN7d8da92b-9,CUST00010,2026-06-28 19:31:54,701.46,web,0.0,0.0,0.0,Low,['No individually suspicious telemetry signals correlated with this transaction']
TXNe92915a3-8,CUST00010,2026-07-05 15:51:18,3253.96,web,0.0,0.0,0.0,Low,['No individually suspicious telemetry signals correlated with this transaction']
TXNe79524eb-8,CUST00010,2026-07-09 08:40:33,2323.41,atm,0.0,0.0,0.0,Low,['No individually suspicious telemetry signals correlated with this transaction']
TXNb01c337e-3,CUST00010,2026-07-10 22:54:26,5681.95,web,0.0,0.0,0.0,Low,['No individually suspicious telemetry signals correlated with this transaction']
TXN9b2e18c0-5,CUST00010,2026-07-13 15:56:06,812.88,mobile,0.0,0.0,0.0,Low,['No individually suspicious telemetry signals correlated with this transaction']
TXN371831f3-d,CUST00011,2026-06-22 16:58:51,465.99,web,0.0,0.0,0.0,Low,['No individually suspicious telemetry signals correlated with this transaction']
TXN0b73ca1c-d,CUST00011,2026-06-22 21:41:50,449.54,mobile,0.0,0.0,0.0,Low,['No individually suspicious telemetry signals correlated with this transaction']
TXN470367f7-5,CUST00011,2026-06-29 06:40:09,773.13,web,0.0,0.0,0.0,Low,['No individually suspicious telemetry signals correlated with this transaction']
TXN8d548038-9,CUST00011,2026-07-04 00:07:13,1445.92,branch,0.0,0.0,0.0,Low,['No individually suspicious telemetry signals correlated with this transaction']
TXN3eda9150-3,CUST00577,2026-07-08 02:39:38,1157.31,mobile,0.0,0.0,0.0,Low,['No individually suspicious telemetry signals correlated with this transaction']
TXNb4d70339-1,CUST00577,2026-07-08 11:07:21,568.98,web,0.0,0.0,0.0,Low,['No individually suspicious telemetry signals correlated with this transaction']
TXNe3931b79-2,CUST00577,2026-07-13 07:20:49,1164.13,mobile,0.0,0.0,0.0,Low,['No individually suspicious telemetry signals correlated with this transaction']
TXNf3098246-3,CUST00577,2026-07-15 07:18:03,750.89,web,0.0,0.0,0.0,Low,['No individually suspicious telemetry signals correlated with this transaction']
TXN7fd7559e-4,CUST00578,2026-06-17 14:37:37,466.36,atm,0.0,0.0,0.0,Low,['No individually suspicious telemetry signals correlated with this transaction']
TXN1ab01dc1-3,CUST00581,2026-07-07 04:44:08,2931.98,web,0.0,0.0,0.0,Low,['No individually suspicious telemetry signals correlated with this transaction']
TXN5b345ede-d,CUST00581,2026-07-07 11:19:26,737.42,mobile,0.0,0.0,0.0,Low,['No individually suspicious telemetry signals correlated with this transaction']
TXNfdba93eb-7,CUST00579,2026-06-21 06:31:04,10389.17,web,0.0,0.0,0.0,Low,['No individually suspicious telemetry signals correlated with this transaction']
TXN3309cd89-f,CUST00579,2026-06-24 00:13:21,440.27,branch,0.0,0.0,0.0,Low,['No individually suspicious telemetry signals correlated with this transaction']
TXN05aa0cd3-5,CUST00579,2026-06-27 17:05:49,1373.68,mobile,0.0,0.0,0.0,Low,['No individually suspicious telemetry signals correlated with this transaction']
TXNc6e4472d-9,CUST00579,2026-07-06 00:07:09,914.56,mobile,0.0,0.0,0.0,Low,['No individually suspicious telemetry signals correlated with this transaction']
TXN0207006d-e,CUST00579,2026-07-07 16:44:40,3233.74,web,0.0,0.0,0.0,Low,['No individually suspicious telemetry signals correlated with this transaction']
TXN6fc41bf6-3,CUST00579,2026-07-11 21:19:58,972.72,web,0.0,0.0,0.0,Low,['No individually suspicious telemetry signals correlated with this transaction']
TXNe7ebff3f-3,CUST00579,2026-07-14 22:53:54,1430.87,mobile,0.0,0.0,0.0,Low,['No individually suspicious telemetry signals correlated with this transaction']
TXN2d555314-1,CUST00579,2026-07-15 02:47:37,1317.55,web,0.0,0.0,0.0,Low,['No individually suspicious telemetry signals correlated with this transaction']
TXNb8c4535c-4,CUST00579,2026-07-15 18:06:41,4729.92,mobile,0.0,0.0,0.0,Low,['No individually suspicious telemetry signals correlated with this transaction']
TXNec32006d-d,CUST00580,2026-06-18 13:45:30,2780.03,web,0.0,0.0,0.0,Low,['No individually suspicious telemetry signals correlated with this transaction']
TXN619c03d1-9,CUST00580,2026-06-24 19:00:22,3737.4,atm,0.0,0.0,0.0,Low,['No individually suspicious telemetry signals correlated with this transaction']
TXN7259e6c4-d,CUST00580,2026-06-27 02:00:43,5880.54,mobile,0.0,0.0,0.0,Low,['No individually suspicious telemetry signals correlated with this transaction']
TXN15a905b4-0,CUST00009,2026-07-04 10:39:33,3919.21,web,0.0,0.0,0.0,Low,['No individually suspicious telemetry signals correlated with this transaction']
TXN2bee2fff-8,CUST00009,2026-07-05 19:11:05,11059.06,web,0.0,0.0,0.0,Low,['No individually suspicious telemetry signals correlated with this transaction']
TXN7f808dbc-a,CUST00582,2026-07-01 01:37:31,1476.35,mobile,0.0,0.0,0.0,Low,['No individually suspicious telemetry signals correlated with this transaction']
TXN75ed76cf-c,CUST00582,2026-07-04 09:05:15,13187.08,branch,0.0,0.0,0.0,Low,['No individually suspicious telemetry signals correlated with this transaction']
TXN31a9b14c-7,CUST00582,2026-07-04 14:23:59,6813.73,mobile,0.0,0.0,0.0,Low,['No individually suspicious telemetry signals correlated with this transaction']
TXNd0ce2457-5,CUST00582,2026-07-07 19:41:03,7498.12,mobile,0.0,0.0,0.0,Low,['No individually suspicious telemetry signals correlated with this transaction']
TXNbd37414a-4,CUST00582,2026-07-13 15:56:05,1523.41,web,0.0,0.0,0.0,Low,['No individually suspicious telemetry signals correlated with this transaction']
TXN96a805bb-b,CUST00580,2026-06-27 07:23:55,1559.36,web,0.0,0.0,0.0,Low,['No individually suspicious telemetry signals correlated with this transaction']
TXN2e7cdb3f-4,CUST00580,2026-06-29 06:53:31,3517.93,mobile,0.0,0.0,0.0,Low,['No individually suspicious telemetry signals correlated with this transaction']
TXNaaee3f08-f,CUST00580,2026-07-01 11:30:31,1972.79,atm,0.0,0.0,0.0,Low,['No individually suspicious telemetry signals correlated with this transaction']
TXN3d56400b-2,CUST00580,2026-07-09 17:25:27,8761.9,web,0.0,0.0,0.0,Low,['No individually suspicious telemetry signals correlated with this transaction']
TXNd094805e-1,CUST00580,2026-07-11 16:10:16,553.66,web,0.0,0.0,0.0,Low,['No individually suspicious telemetry signals correlated with this transaction']
TXNd04a8ff9-e,CUST00580,2026-07-12 14:06:37,567.67,mobile,0.0,0.0,0.0,Low,['No individually suspicious telemetry signals correlated with this transaction']
TXN8b61d80d-a,CUST00581,2026-06-21 11:18:28,772.01,web,0.0,0.0,0.0,Low,['No individually suspicious telemetry signals correlated with this transaction']
TXNbada092a-5,CUST00581,2026-06-26 14:42:06,4647.97,atm,0.0,0.0,0.0,Low,['No individually suspicious telemetry signals correlated with this transaction']
TXNa54720e0-8,CUST00581,2026-06-27 18:11:09,16054.58,atm,0.0,0.0,0.0,Low,['No individually suspicious telemetry signals correlated with this transaction']
TXNa864a116-3,CUST00581,2026-07-01 04:29:59,13048.5,atm,0.0,0.0,0.0,Low,['No individually suspicious telemetry signals correlated with this transaction']
TXNcaea5bfb-3,CUST00581,2026-07-02 03:58:39,2312.21,atm,0.0,0.0,0.0,Low,['No individually suspicious telemetry signals correlated with this transaction']
TXNd3d17709-a,CUST00583,2026-06-30 10:00:19,3555.6,atm,0.0,0.0,0.0,Low,['No individually suspicious telemetry signals correlated with this transaction']
TXNa119ca40-c,CUST00583,2026-07-01 01:21:09,313.22,atm,0.0,0.0,0.0,Low,['No individually suspicious telemetry signals correlated with this transaction']
TXN6932317a-8,CUST00583,2026-07-01 01:23:54,1116.75,mobile,0.0,0.0,0.0,Low,['No individually suspicious telemetry signals correlated with this transaction']
TXNad3c919f-d,CUST00583,2026-07-05 09:17:20,557.78,mobile,0.0,0.0,0.0,Low,['No individually suspicious telemetry signals correlated with this transaction']
TXNe7a9f866-3,CUST00583,2026-07-14 06:46:48,3024.13,mobile,0.0,0.0,0.0,Low,['No individually suspicious telemetry signals correlated with this transaction']
TXNbabfbd99-2,CUST00584,2026-06-17 22:27:06,646.87,web,0.0,0.0,0.0,Low,['No individually suspicious telemetry signals correlated with this transaction']
TXNcab0d331-b,CUST00584,2026-06-18 01:21:58,4637.19,mobile,0.0,0.0,0.0,Low,['No individually suspicious telemetry signals correlated with this transaction']
TXN60ca13d1-3,CUST00584,2026-06-21 01:16:12,1346.33,web,0.0,0.0,0.0,Low,['No individually suspicious telemetry signals correlated with this transaction']
TXN36a7581e-4,CUST00581,2026-07-07 18:12:10,167.84,atm,0.0,0.0,0.0,Low,['No individually suspicious telemetry signals correlated with this transaction']
TXNee926321-2,CUST00581,2026-07-09 18:58:03,1162.94,mobile,0.0,0.0,0.0,Low,['No individually suspicious telemetry signals correlated with this transaction']
TXNea88d27d-1,CUST00581,2026-07-10 16:28:03,4737.3,mobile,0.0,0.0,0.0,Low,['No individually suspicious telemetry signals correlated with this transaction']
TXN73eb0a4e-0,CUST00581,2026-07-12 14:29:49,1057.54,mobile,0.0,0.0,0.0,Low,['No individually suspicious telemetry signals correlated with this transaction']
TXN517e71e0-4,CUST00581,2026-07-15 16:42:18,697.42,atm,0.0,0.0,0.0,Low,['No individually suspicious telemetry signals correlated with this transaction']
TXNe3a14f5d-6,CUST00582,2026-06-23 03:16:22,2516.75,web,0.0,0.0,0.0,Low,['No individually suspicious telemetry signals correlated with this transaction']
TXNae269692-d,CUST00582,2026-06-24 10:41:52,1571.23,branch,0.0,0.0,0.0,Low,['No individually suspicious telemetry signals correlated with this transaction']
TXNdea43dfd-2,CUST00582,2026-06-28 20:16:07,1832.77,web,0.0,0.0,0.0,Low,['No individually suspicious telemetry signals correlated with this transaction']
TXNfffcff63-7,CUST00007,2026-07-02 00:07:37,4485.25,web,0.0,0.0,0.0,Low,['No individually suspicious telemetry signals correlated with this transaction']
TXNdcb9d394-e,CUST00007,2026-07-05 14:27:14,1242.1,atm,0.0,0.0,0.0,Low,['No individually suspicious telemetry signals correlated with this transaction']
TXNb198047f-4,CUST00007,2026-07-14 10:51:59,3490.88,mobile,0.0,0.0,0.0,Low,['No individually suspicious telemetry signals correlated with this transaction']
TXN64cfd9b9-0,CUST00007,2026-07-16 05:02:07,3747.4,web,0.0,0.0,0.0,Low,['No individually suspicious telemetry signals correlated with this transaction']
TXN89fab5cc-9,CUST00008,2026-06-20 19:45:50,1070.59,branch,0.0,0.0,0.0,Low,['No individually suspicious telemetry signals correlated with this transaction']
TXNa6d5dac6-c,CUST00008,2026-06-22 04:43:23,2316.43,mobile,0.0,0.0,0.0,Low,['No individually suspicious telemetry signals correlated with this transaction']
TXNc891c9c6-8,CUST00008,2026-06-26 02:59:48,2112.1,mobile,0.0,0.0,0.0,Low,['No individually suspicious telemetry signals correlated with this transaction']
TXN1e0914d2-e,CUST00008,2026-06-26 08:40:53,434.19,mobile,0.0,0.0,0.0,Low,['No individually suspicious telemetry signals correlated with this transaction']
TXN105dd35c-7,CUST00008,2026-07-05 23:14:22,1920.9,web,0.0,0.0,0.0,Low,['No individually suspicious telemetry signals correlated with this transaction']
TXN727dda84-8,CUST00008,2026-07-07 10:30:39,778.74,atm,0.0,0.0,0.0,Low,['No individually suspicious telemetry signals correlated with this transaction']
TXN41bb0e0d-8,CUST00009,2026-06-29 05:01:06,2368.34,mobile,0.0,0.0,0.0,Low,['No individually suspicious telemetry signals correlated with this transaction']
TXNefa107ee-e,CUST00583,2026-06-17 18:05:40,4211.69,web,0.0,0.0,0.0,Low,['No individually suspicious telemetry signals correlated with this transaction']
TXN270a4855-d,CUST00583,2026-06-19 08:14:35,1152.98,web,0.0,0.0,0.0,Low,['No individually suspicious telemetry signals correlated with this transaction']
TXN31ea2821-3,CUST00583,2026-06-24 08:13:59,857.62,atm,0.0,0.0,0.0,Low,['No individually suspicious telemetry signals correlated with this transaction']
TXN89797b17-e,CUST00583,2026-06-26 08:58:23,336.17,web,0.0,0.0,0.0,Low,['No individually suspicious telemetry signals correlated with this transaction']
TXNbdf1de53-e,CUST00583,2026-06-28 20:38:23,251.58,mobile,0.0,0.0,0.0,Low,['No individually suspicious telemetry signals correlated with this transaction']
TXN84e69ef9-a,CUST00584,2026-06-22 14:04:20,1249.07,web,0.0,0.0,0.0,Low,['No individually suspicious telemetry signals correlated with this transaction']
TXN37b5ba07-e,CUST00584,2026-06-22 23:42:04,12065.09,web,0.0,0.0,0.0,Low,['No individually suspicious telemetry signals correlated with this transaction']
TXN7bdd42e3-2,CUST00584,2026-06-23 20:34:59,2575.16,mobile,0.0,0.0,0.0,Low,['No individually suspicious telemetry signals correlated with this transaction']
TXN2fb1eb40-4,CUST00584,2026-06-25 14:03:45,2795.32,mobile,0.0,0.0,0.0,Low,['No individually suspicious telemetry signals correlated with this transaction']
TXN7e8f7fe9-1,CUST00584,2026-06-26 15:13:09,1829.41,web,0.0,0.0,0.0,Low,['No individually suspicious telemetry signals correlated with this transaction']
TXN094f5166-0,CUST00584,2026-06-28 05:12:34,3169.53,branch,0.0,0.0,0.0,Low,['No individually suspicious telemetry signals correlated with this transaction']
TXN3a099c80-4,CUST00584,2026-07-01 17:11:34,4036.43,web,0.0,0.0,0.0,Low,['No individually suspicious telemetry signals correlated with this transaction']
TXNb58d4c97-5,CUST00584,2026-07-02 09:26:46,6913.17,mobile,0.0,0.0,0.0,Low,['No individually suspicious telemetry signals correlated with this transaction']
TXN08fb27dc-e,CUST00584,2026-07-06 22:28:21,2878.06,web,0.0,0.0,0.0,Low,['No individually suspicious telemetry signals correlated with this transaction']
TXNd8c024a9-a,CUST00584,2026-07-08 11:06:26,15939.92,web,0.0,0.0,0.0,Low,['No individually suspicious telemetry signals correlated with this transaction']
TXNce5e137f-8,CUST00584,2026-07-15 01:30:57,4017.09,web,0.0,0.0,0.0,Low,['No individually suspicious telemetry signals correlated with this transaction']
TXN935b67b4-2,CUST00585,2026-06-19 13:00:44,1433.74,web,0.0,0.0,0.0,Low,['No individually suspicious telemetry signals correlated with this transaction']
TXNdc1c4e12-e,CUST00585,2026-06-19 17:27:35,1120.78,web,0.0,0.0,0.0,Low,['No individually suspicious telemetry signals correlated with this transaction']
TXN06dba492-b,CUST00585,2026-06-24 11:18:43,764.66,mobile,0.0,0.0,0.0,Low,['No individually suspicious telemetry signals correlated with this transaction']
TXN9d88e7a4-f,CUST00585,2026-06-28 10:59:55,1120.25,web,0.0,0.0,0.0,Low,['No individually suspicious telemetry signals correlated with this transaction']
TXN534234cf-1,CUST00007,2026-06-30 04:19:03,543.0,mobile,0.0,0.0,0.0,Low,['No individually suspicious telemetry signals correlated with this transaction']
TXN244226d7-2,CUST00589,2026-06-25 23:28:06,1781.8,mobile,0.0,0.0,0.0,Low,['No individually suspicious telemetry signals correlated with this transaction']
TXN433d65c2-c,CUST00589,2026-06-26 02:35:47,4474.1,mobile,0.0,0.0,0.0,Low,['No individually suspicious telemetry signals correlated with this transaction']
TXN7c115895-d,CUST00585,2026-07-04 00:00:31,1207.54,mobile,0.0,0.0,0.0,Low,['No individually suspicious telemetry signals correlated with this transaction']
TXN20b8d865-5,CUST00585,2026-07-04 19:06:48,1270.2,atm,0.0,0.0,0.0,Low,['No individually suspicious telemetry signals correlated with this transaction']
TXNe8d7ea29-3,CUST00585,2026-07-05 00:21:14,273.82,atm,0.0,0.0,0.0,Low,['No individually suspicious telemetry signals correlated with this transaction']
TXN26994648-2,CUST00585,2026-07-14 18:50:02,2515.35,web,0.0,0.0,0.0,Low,['No individually suspicious telemetry signals correlated with this transaction']
TXN8d1d37a3-0,CUST00586,2026-06-20 13:30:29,1009.53,mobile,0.0,0.0,0.0,Low,['No individually suspicious telemetry signals correlated with this transaction']
TXNb0f1d209-7,CUST00586,2026-06-26 14:40:15,2667.06,atm,0.0,0.0,0.0,Low,['No individually suspicious telemetry signals correlated with this transaction']
TXN599a20f1-8,CUST00586,2026-06-28 05:01:07,530.09,branch,0.0,0.0,0.0,Low,['No individually suspicious telemetry signals correlated with this transaction']
TXNc81e4c13-e,CUST00586,2026-06-30 12:10:59,3496.82,branch,0.0,0.0,0.0,Low,['No individually suspicious telemetry signals correlated with this transaction']
TXN9daeceaa-b,CUST00586,2026-06-30 23:55:47,2170.3,web,0.0,0.0,0.0,Low,['No individually suspicious telemetry signals correlated with this transaction']
TXN498e6ba4-0,CUST00586,2026-07-02 17:44:49,4807.03,mobile,0.0,0.0,0.0,Low,['No individually suspicious telemetry signals correlated with this transaction']
TXN65a815a3-7,CUST00586,2026-07-04 00:49:30,7564.66,mobile,0.0,0.0,0.0,Low,['No individually suspicious telemetry signals correlated with this transaction']
TXN5aa249bf-c,CUST00586,2026-07-05 21:15:12,7323.67,web,0.0,0.0,0.0,Low,['No individually suspicious telemetry signals correlated with this transaction']
TXNd08ef8b5-c,CUST00586,2026-07-07 19:05:22,3797.91,mobile,0.0,0.0,0.0,Low,['No individually suspicious telemetry signals correlated with this transaction']
TXN6c589836-3,CUST00586,2026-07-12 12:25:10,1533.08,mobile,0.0,0.0,0.0,Low,['No individually suspicious telemetry signals correlated with this transaction']
TXNb8f91075-a,CUST00005,2026-07-04 02:45:24,3454.73,atm,0.0,0.0,0.0,Low,['No individually suspicious telemetry signals correlated with this transaction']
TXN4d7d10f3-7,CUST00005,2026-07-05 13:50:58,4493.91,branch,0.0,0.0,0.0,Low,['No individually suspicious telemetry signals correlated with this transaction']
TXNc69e17c9-6,CUST00005,2026-07-07 19:17:32,1330.39,web,0.0,0.0,0.0,Low,['No individually suspicious telemetry signals correlated with this transaction']
TXN399557cb-8,CUST00006,2026-06-25 10:04:19,5586.99,web,0.0,0.0,0.0,Low,['No individually suspicious telemetry signals correlated with this transaction']
TXNa43366c9-7,CUST00006,2026-07-02 08:42:45,1962.47,web,0.0,0.0,0.0,Low,['No individually suspicious telemetry signals correlated with this transaction']
TXNabb558e1-c,CUST00006,2026-07-06 05:21:38,17299.87,web,0.0,0.0,0.0,Low,['No individually suspicious telemetry signals correlated with this transaction']
TXN1ddb4f15-1,CUST00006,2026-07-06 22:20:58,9417.28,web,0.0,0.0,0.0,Low,['No individually suspicious telemetry signals correlated with this transaction']
TXN76b35303-c,CUST00006,2026-07-10 08:51:45,1212.64,web,0.0,0.0,0.0,Low,['No individually suspicious telemetry signals correlated with this transaction']
TXN67c3bd9e-2,CUST00007,2026-06-27 09:32:47,3255.16,mobile,0.0,0.0,0.0,Low,['No individually suspicious telemetry signals correlated with this transaction']
TXN4c618a43-6,CUST00007,2026-06-29 03:42:50,524.38,mobile,0.0,0.0,0.0,Low,['No individually suspicious telemetry signals correlated with this transaction']
TXN09e002f0-6,CUST00587,2026-06-28 08:07:03,1559.98,mobile,0.0,0.0,0.0,Low,['No individually suspicious telemetry signals correlated with this transaction']
TXNc3b5b2bd-1,CUST00587,2026-07-01 21:06:59,4000.25,mobile,0.0,0.0,0.0,Low,['No individually suspicious telemetry signals correlated with this transaction']
TXN7f720ffc-9,CUST00587,2026-07-15 01:29:21,250.68,web,0.0,0.0,0.0,Low,['No individually suspicious telemetry signals correlated with this transaction']
TXN8f6a9f1b-a,CUST00588,2026-06-19 15:38:26,1071.3,mobile,0.0,0.0,0.0,Low,['No individually suspicious telemetry signals correlated with this transaction']
TXNb4c21dd6-2,CUST00588,2026-07-06 12:39:31,663.78,mobile,0.0,0.0,0.0,Low,['No individually suspicious telemetry signals correlated with this transaction']
TXN3347216c-7,CUST00589,2026-06-16 14:40:45,1228.4,mobile,0.0,0.0,0.0,Low,['No individually suspicious telemetry signals correlated with this transaction']
TXN505739f3-1,CUST00592,2026-07-02 15:24:31,293.14,web,0.0,0.0,0.0,Low,['No individually suspicious telemetry signals correlated with this transaction']
TXN496d4895-c,CUST00592,2026-07-04 00:02:23,1272.95,mobile,0.0,0.0,0.0,Low,['No individually suspicious telemetry signals correlated with this transaction']
TXN79e49119-c,CUST00592,2026-07-05 10:29:02,1827.67,branch,0.0,0.0,0.0,Low,['No individually suspicious telemetry signals correlated with this transaction']
TXN421e0683-d,CUST00589,2026-07-08 13:06:47,161.93,atm,0.0,0.0,0.0,Low,['No individually suspicious telemetry signals correlated with this transaction']
TXNa1592b44-d,CUST00589,2026-07-08 15:24:13,631.0,mobile,0.0,0.0,0.0,Low,['No individually suspicious telemetry signals correlated with this transaction']
TXNc3155e4b-b,CUST00589,2026-07-11 23:05:35,2235.24,mobile,0.0,0.0,0.0,Low,['No individually suspicious telemetry signals correlated with this transaction']
TXN1b2b5f8b-a,CUST00590,2026-06-17 09:58:53,1381.37,web,0.0,0.0,0.0,Low,['No individually suspicious telemetry signals correlated with this transaction']
TXNbd95c7f5-d,CUST00590,2026-06-21 12:06:59,793.76,mobile,0.0,0.0,0.0,Low,['No individually suspicious telemetry signals correlated with this transaction']
TXN8f6a201a-5,CUST00590,2026-06-23 22:43:36,2046.78,mobile,0.0,0.0,0.0,Low,['No individually suspicious telemetry signals correlated with this transaction']
TXNd5471932-3,CUST00590,2026-06-26 14:01:41,14112.78,mobile,0.0,0.0,0.0,Low,['No individually suspicious telemetry signals correlated with this transaction']
TXN0ea20820-6,CUST00590,2026-06-29 23:44:53,1979.15,mobile,0.0,0.0,0.0,Low,['No individually suspicious telemetry signals correlated with this transaction']
TXN40f62c58-4,CUST00590,2026-06-30 11:54:05,1328.81,web,0.0,0.0,0.0,Low,['No individually suspicious telemetry signals correlated with this transaction']
TXN3ea0dd43-c,CUST00590,2026-07-04 03:38:41,3907.08,mobile,0.0,0.0,0.0,Low,['No individually suspicious telemetry signals correlated with this transaction']
TXNbbf7f858-2,CUST00590,2026-07-11 17:02:10,11927.84,mobile,0.0,0.0,0.0,Low,['No individually suspicious telemetry signals correlated with this transaction']
TXNb8d8e96c-c,CUST00590,2026-07-14 10:56:39,1800.28,mobile,0.0,0.0,0.0,Low,['No individually suspicious telemetry signals correlated with this transaction']
TXN2c281bbd-f,CUST00005,2026-06-27 22:19:52,5250.89,mobile,0.0,0.0,0.0,Low,['No individually suspicious telemetry signals correlated with this transaction']
TXNac58d464-e,CUST00593,2026-07-01 22:14:29,664.73,web,0.0,0.0,0.0,Low,['No individually suspicious telemetry signals correlated with this transaction']
TXNfa33dec0-6,CUST00593,2026-07-04 12:05:41,2355.81,mobile,0.0,0.0,0.0,Low,['No individually suspicious telemetry signals correlated with this transaction']
TXN7f2487bc-8,CUST00594,2026-06-21 12:18:14,7046.47,mobile,0.0,0.0,0.0,Low,['No individually suspicious telemetry signals correlated with this transaction']
TXNaba78b51-e,CUST00594,2026-06-22 16:17:38,5123.27,web,0.0,0.0,0.0,Low,['No individually suspicious telemetry signals correlated with this transaction']
TXNcfab07f4-0,CUST00594,2026-06-26 00:57:26,450.64,web,0.0,0.0,0.0,Low,['No individually suspicious telemetry signals correlated with this transaction']
TXN603fea1d-b,CUST00594,2026-07-02 23:03:40,794.78,web,0.0,0.0,0.0,Low,['No individually suspicious telemetry signals correlated with this transaction']
TXN97477da7-3,CUST00594,2026-07-05 08:21:09,712.67,web,0.0,0.0,0.0,Low,['No individually suspicious telemetry signals correlated with this transaction']
TXN0f6924f3-2,CUST00594,2026-07-08 17:13:12,1086.91,atm,0.0,0.0,0.0,Low,['No individually suspicious telemetry signals correlated with this transaction']
TXN4588d5c7-6,CUST00594,2026-07-14 16:24:06,1940.55,web,0.0,0.0,0.0,Low,['No individually suspicious telemetry signals correlated with this transaction']
TXN2650d902-1,CUST00595,2026-06-27 23:23:03,8881.96,web,0.0,0.0,0.0,Low,['No individually suspicious telemetry signals correlated with this transaction']
TXNe37001f6-d,CUST00590,2026-07-15 00:01:41,1255.45,mobile,0.0,0.0,0.0,Low,['No individually suspicious telemetry signals correlated with this transaction']
TXN4e0d4d6f-f,CUST00591,2026-06-29 07:14:35,3100.18,web,0.0,0.0,0.0,Low,['No individually suspicious telemetry signals correlated with this transaction']
TXN46997fc2-7,CUST00591,2026-06-30 06:04:40,3753.82,mobile,0.0,0.0,0.0,Low,['No individually suspicious telemetry signals correlated with this transaction']
TXN019db91e-3,CUST00591,2026-07-10 19:14:17,3537.8,mobile,0.0,0.0,0.0,Low,['No individually suspicious telemetry signals correlated with this transaction']
TXN6595fa90-4,CUST00591,2026-07-15 12:22:35,1626.44,mobile,0.0,0.0,0.0,Low,['No individually suspicious telemetry signals correlated with this transaction']
TXN8fca9026-a,CUST00592,2026-06-29 11:48:10,1809.16,mobile,0.0,0.0,0.0,Low,['No individually suspicious telemetry signals correlated with this transaction']
TXN07e79181-3,CUST00598,2026-07-06 13:53:32,629.02,web,0.0,0.0,0.0,Low,['No individually suspicious telemetry signals correlated with this transaction']
TXN4a9f6c5c-7,CUST00000,2026-07-14 12:04:16,11143.82,web,0.0,0.0,0.0,Low,['No individually suspicious telemetry signals correlated with this transaction']
TXN27177e59-5,CUST00000,2026-07-16 07:51:13,2353.93,atm,0.0,0.0,0.0,Low,['No individually suspicious telemetry signals correlated with this transaction']
TXNd91b1cb6-3,CUST00001,2026-06-19 09:46:01,3086.96,web,0.0,0.0,0.0,Low,['No individually suspicious telemetry signals correlated with this transaction']
TXN399e4d08-c,CUST00001,2026-06-28 04:03:21,16163.44,mobile,0.0,0.0,0.0,Low,['No individually suspicious telemetry signals correlated with this transaction']
TXNec5412b4-0,CUST00001,2026-07-07 15:15:52,2785.56,mobile,0.0,0.0,0.0,Low,['No individually suspicious telemetry signals correlated with this transaction']
TXN05855672-f,CUST00002,2026-06-17 20:16:39,463.73,mobile,0.0,0.0,0.0,Low,['No individually suspicious telemetry signals correlated with this transaction']
TXN592aa87b-f,CUST00002,2026-06-18 07:06:44,3656.23,mobile,0.0,0.0,0.0,Low,['No individually suspicious telemetry signals correlated with this transaction']
TXNdb55daf5-2,CUST00002,2026-06-19 15:03:48,5077.61,web,0.0,0.0,0.0,Low,['No individually suspicious telemetry signals correlated with this transaction']
TXNe9917f60-a,CUST00002,2026-06-27 23:06:40,2534.23,mobile,0.0,0.0,0.0,Low,['No individually suspicious telemetry signals correlated with this transaction']
TXN126301a0-6,CUST00002,2026-06-29 01:03:14,585.3,web,0.0,0.0,0.0,Low,['No individually suspicious telemetry signals correlated with this transaction']
TXN4c91ef0e-6,CUST00002,2026-06-30 10:25:52,470.85,web,0.0,0.0,0.0,Low,['No individually suspicious telemetry signals correlated with this transaction']
TXN6c24dcaa-5,CUST00002,2026-07-10 01:30:41,1321.6,web,0.0,0.0,0.0,Low,['No individually suspicious telemetry signals correlated with this transaction']
TXN0ddb0654-c,CUST00003,2026-06-20 21:12:52,1469.12,mobile,0.0,0.0,0.0,Low,['No individually suspicious telemetry signals correlated with this transaction']
TXN93c09687-2,CUST00003,2026-06-22 08:33:31,2319.0,web,0.0,0.0,0.0,Low,['No individually suspicious telemetry signals correlated with this transaction']
TXN4dd7cb5c-b,CUST00003,2026-06-23 07:45:52,495.09,mobile,0.0,0.0,0.0,Low,['No individually suspicious telemetry signals correlated with this transaction']
TXNaaaa7602-2,CUST00595,2026-07-13 03:04:56,2868.43,mobile,0.0,0.0,0.0,Low,['No individually suspicious telemetry signals correlated with this transaction']
TXN6d2616e2-2,CUST00596,2026-06-16 16:44:17,464.52,branch,0.0,0.0,0.0,Low,['No individually suspicious telemetry signals correlated with this transaction']
TXN094d4b8a-6,CUST00596,2026-06-17 14:56:18,4206.71,web,0.0,0.0,0.0,Low,['No individually suspicious telemetry signals correlated with this transaction']
TXN9ecc4181-f,CUST00596,2026-06-20 13:03:15,632.24,mobile,0.0,0.0,0.0,Low,['No individually suspicious telemetry signals correlated with this transaction']
TXNb7696e0e-c,CUST00596,2026-07-03 17:00:16,366.11,atm,0.0,0.0,0.0,Low,['No individually suspicious telemetry signals correlated with this transaction']
TXN797d3028-8,CUST00596,2026-07-04 22:11:44,2015.4,mobile,0.0,0.0,0.0,Low,['No individually suspicious telemetry signals correlated with this transaction']
TXN3b38102b-7,CUST00596,2026-07-07 01:32:38,487.22,atm,0.0,0.0,0.0,Low,['No individually suspicious telemetry signals correlated with this transaction']
TXNfc2edb04-9,CUST00597,2026-06-17 10:15:06,11728.96,web,0.0,0.0,0.0,Low,['No individually suspicious telemetry signals correlated with this transaction']
TXNc3bf7d44-a,CUST00597,2026-06-22 10:42:23,1275.33,branch,0.0,0.0,0.0,Low,['No individually suspicious telemetry signals correlated with this transaction']
TXNa6145f1b-7,CUST00597,2026-06-23 11:56:48,294.45,web,0.0,0.0,0.0,Low,['No individually suspicious telemetry signals correlated with this transaction']
TXN3cbb32de-5,CUST00597,2026-07-05 08:45:08,704.17,atm,0.0,0.0,0.0,Low,['No individually suspicious telemetry signals correlated with this transaction']
TXN87c97761-f,CUST00597,2026-07-05 18:22:33,298.23,mobile,0.0,0.0,0.0,Low,['No individually suspicious telemetry signals correlated with this transaction']
TXN61d9e819-c,CUST00598,2026-06-20 09:07:04,5018.46,branch,0.0,0.0,0.0,Low,['No individually suspicious telemetry signals correlated with this transaction']
TXN9258b0c0-a,CUST00598,2026-06-21 18:51:35,5676.16,web,0.0,0.0,0.0,Low,['No individually suspicious telemetry signals correlated with this transaction']
TXN9a452aca-1,CUST00598,2026-07-05 16:41:16,1582.18,atm,0.0,0.0,0.0,Low,['No individually suspicious telemetry signals correlated with this transaction']
TXN353fce99-e,CUST00598,2026-07-06 04:23:40,1108.2,mobile,0.0,0.0,0.0,Low,['No individually suspicious telemetry signals correlated with this transaction']
