txn_id,customer_id,timestamp,amount,channel,merchant_category,is_new_beneficiary,txn_velocity_1h,telemetry_events_in_window,has_new_device_login,has_new_geo_login,failed_logins_in_window,minutes_since_last_login,correlated_risk_event,label_fraud,log_amount
TXN0f0e5767-6,CUST00000,2026-07-09 04:26:18,3588.16,mobile,wire_transfer,0,1,0,0,0,0,999.0,0,0,8.185673470817056
TXN4a9f6c5c-7,CUST00000,2026-07-14 12:04:16,11143.82,web,wire_transfer,0,1,0,0,0,0,999.0,0,0,9.318730094949302
TXN27177e59-5,CUST00000,2026-07-16 07:51:13,2353.93,atm,electronics,0,1,0,0,0,0,999.0,0,0,7.764266282017244
TXNd91b1cb6-3,CUST00001,2026-06-19 09:46:01,3086.96,web,travel,0,1,0,0,0,0,999.0,0,0,8.035265957692896
TXN399e4d08-c,CUST00001,2026-06-28 04:03:21,16163.44,mobile,wire_transfer,0,1,0,0,0,0,999.0,0,0,9.690569046812785
TXNec5412b4-0,CUST00001,2026-07-07 15:15:52,2785.56,mobile,jewellery,0,1,0,0,0,0,999.0,0,0,7.932563139166073
TXN05855672-f,CUST00002,2026-06-17 20:16:39,463.73,mobile,jewellery,0,1,0,0,0,0,999.0,0,0,6.1414565917863815
TXN592aa87b-f,CUST00002,2026-06-18 07:06:44,3656.23,mobile,travel,0,1,0,0,0,0,999.0,0,0,8.204461309253455
TXNdb55daf5-2,CUST00002,2026-06-19 15:03:48,5077.61,web,jewellery,0,1,0,0,0,0,999.0,0,0,8.53279288108394
TXN4849032c-4,CUST00002,2026-06-25 01:02:15,3345.16,web,retail,0,1,1,1,0,0,7.0,0,0,8.115568698694007
TXNe9917f60-a,CUST00002,2026-06-27 23:06:40,2534.23,mobile,retail,0,1,0,0,0,0,999.0,0,0,7.838039641692623
TXN126301a0-6,CUST00002,2026-06-29 01:03:14,585.3,web,travel,0,1,0,0,0,0,999.0,0,0,6.373831603970169
TXN4c91ef0e-6,CUST00002,2026-06-30 10:25:52,470.85,web,travel,0,1,0,0,0,0,999.0,0,0,6.156661138467342
TXN6c24dcaa-5,CUST00002,2026-07-10 01:30:41,1321.6,web,electronics,0,1,0,0,0,0,999.0,0,0,7.1873547752405615
TXN18e9ef77-6,CUST00003,2026-06-20 13:47:06,55425.59,web,wire_transfer,1,1,1,1,1,3,12.0,1,1,10.922814721488463
TXN0ddb0654-c,CUST00003,2026-06-20 21:12:52,1469.12,mobile,jewellery,0,1,0,0,0,0,999.0,0,0,7.293099309094079
TXN93c09687-2,CUST00003,2026-06-22 08:33:31,2319.0,web,jewellery,0,1,0,0,0,0,999.0,0,0,7.749322464660356
TXN4dd7cb5c-b,CUST00003,2026-06-23 07:45:52,495.09,mobile,grocery,0,1,0,0,0,0,999.0,0,0,6.206757361877478
TXNca9128fb-c,CUST00003,2026-07-06 06:11:50,6059.82,atm,wire_transfer,0,1,0,0,0,0,999.0,0,0,8.709600383440662
TXNb37bdb99-3,CUST00003,2026-07-10 02:02:48,221.77,web,retail,0,1,0,0,0,0,999.0,0,0,5.406139849076783
TXN7b814ce1-b,CUST00003,2026-07-11 23:58:20,2104.19,mobile,retail,0,1,0,0,0,0,999.0,0,0,7.652161003325838
TXN83f38f4e-f,CUST00004,2026-06-19 03:41:52,2135.28,web,jewellery,0,1,0,0,0,0,999.0,0,0,7.66682127763137
TXN35b33f54-2,CUST00004,2026-06-22 10:27:46,15557.08,web,travel,0,1,0,0,0,0,999.0,0,0,9.652335396802606
TXN5b078b11-1,CUST00004,2026-06-23 12:50:03,815.51,mobile,wire_transfer,0,1,0,0,0,0,999.0,0,0,6.705039159732949
TXN1a1940e4-9,CUST00004,2026-06-25 00:04:10,1723.51,mobile,travel,0,1,0,0,0,0,999.0,0,0,7.452698231142339
TXN5cbad410-0,CUST00004,2026-06-27 22:53:16,2141.03,branch,utilities,0,1,1,1,0,0,23.0,0,0,7.669509256511858
TXN6f0eebef-9,CUST00004,2026-06-28 18:44:47,15668.29,web,travel,0,1,0,0,0,0,999.0,0,0,9.659458024814944
TXNdbc21e42-f,CUST00004,2026-06-28 20:17:16,1145.76,atm,retail,0,1,0,0,0,0,999.0,0,0,7.04469585373575
TXNf1efa963-2,CUST00004,2026-07-01 11:02:44,1029.14,mobile,grocery,1,1,0,0,0,0,999.0,0,0,6.937449994317176
TXNfb924354-f,CUST00004,2026-07-04 16:33:46,834.7,web,retail,0,1,0,0,0,0,999.0,0,0,6.7282696970073905
TXN2b10a823-d,CUST00004,2026-07-07 01:44:27,222.32,web,utilities,0,1,0,0,0,0,999.0,0,0,5.40860572044216
TXN32167340-b,CUST00004,2026-07-14 20:47:21,68395.94,mobile,wire_transfer,1,1,1,1,1,4,15.0,1,1,11.133083365767813
TXN2c281bbd-f,CUST00005,2026-06-27 22:19:52,5250.89,mobile,jewellery,0,1,0,0,0,0,999.0,0,0,8.566343290801218
TXN1e69d7ef-0,CUST00005,2026-06-27 23:24:17,4028.62,atm,electronics,1,1,0,0,0,0,999.0,0,0,8.301427357690912
TXNb8f91075-a,CUST00005,2026-07-04 02:45:24,3454.73,atm,wire_transfer,0,1,0,0,0,0,999.0,0,0,8.14778900187203
TXN4d7d10f3-7,CUST00005,2026-07-05 13:50:58,4493.91,branch,travel,0,1,0,0,0,0,999.0,0,0,8.410700924458332
TXNc69e17c9-6,CUST00005,2026-07-07 19:17:32,1330.39,web,jewellery,0,1,0,0,0,0,999.0,0,0,7.1939787882476045
TXNfcc2ed18-9,CUST00006,2026-06-16 15:35:00,33064.42,mobile,wire_transfer,0,1,0,0,0,0,999.0,0,0,10.406243302281228
TXN71f34593-a,CUST00006,2026-06-24 06:48:48,2631.57,web,grocery,1,1,0,0,0,0,999.0,0,0,7.8757158343478615
TXN399557cb-8,CUST00006,2026-06-25 10:04:19,5586.99,web,jewellery,0,1,0,0,0,0,999.0,0,0,8.628374930826217
TXNa43366c9-7,CUST00006,2026-07-02 08:42:45,1962.47,web,retail,0,1,0,0,0,0,999.0,0,0,7.582468595062533
TXN61d15db2-a,CUST00006,2026-07-02 15:38:58,4627.82,web,jewellery,1,1,0,0,0,0,999.0,0,0,8.440057254986819
TXNabb558e1-c,CUST00006,2026-07-06 05:21:38,17299.87,web,travel,0,1,0,0,0,0,999.0,0,0,9.758512068238762
TXN1ddb4f15-1,CUST00006,2026-07-06 22:20:58,9417.28,web,jewellery,0,1,0,0,0,0,999.0,0,0,9.150407760665237
TXN76b35303-c,CUST00006,2026-07-10 08:51:45,1212.64,web,electronics,0,1,0,0,0,0,999.0,0,0,7.101379387280218
TXN97c6eb3c-c,CUST00007,2026-06-22 19:34:09,4179.05,atm,wire_transfer,0,1,1,1,0,0,2.0,0,0,8.33807848716975
TXN67c3bd9e-2,CUST00007,2026-06-27 09:32:47,3255.16,mobile,retail,0,1,0,0,0,0,999.0,0,0,8.088303865964239
TXN4c618a43-6,CUST00007,2026-06-29 03:42:50,524.38,mobile,grocery,0,1,0,0,0,0,999.0,0,0,6.264121810291653
TXN534234cf-1,CUST00007,2026-06-30 04:19:03,543.0,mobile,electronics,0,1,0,0,0,0,999.0,0,0,6.298949246855942
TXNfffcff63-7,CUST00007,2026-07-02 00:07:37,4485.25,web,jewellery,0,1,0,0,0,0,999.0,0,0,8.408772442461817
TXNdcb9d394-e,CUST00007,2026-07-05 14:27:14,1242.1,atm,jewellery,0,1,0,0,0,0,999.0,0,0,7.12536353879767
TXNb198047f-4,CUST00007,2026-07-14 10:51:59,3490.88,mobile,utilities,0,1,0,0,0,0,999.0,0,0,8.158195552107859
TXN64cfd9b9-0,CUST00007,2026-07-16 05:02:07,3747.4,web,retail,0,1,0,0,0,0,999.0,0,0,8.229084361249669
TXN89fab5cc-9,CUST00008,2026-06-20 19:45:50,1070.59,branch,utilities,0,1,0,0,0,0,999.0,0,0,6.976898805786673
TXNa6d5dac6-c,CUST00008,2026-06-22 04:43:23,2316.43,mobile,grocery,0,1,0,0,0,0,999.0,0,0,7.748214092021588
TXNc891c9c6-8,CUST00008,2026-06-26 02:59:48,2112.1,mobile,jewellery,0,1,0,0,0,0,999.0,0,0,7.655911342572882
TXN1e0914d2-e,CUST00008,2026-06-26 08:40:53,434.19,mobile,jewellery,0,1,0,0,0,0,999.0,0,0,6.075782717336559
TXNb1f9ab31-9,CUST00008,2026-06-29 10:08:55,877.49,mobile,electronics,0,1,1,1,0,0,2.0,0,0,6.778204524523093
TXN0a054950-1,CUST00008,2026-06-30 05:40:50,143492.25,mobile,wire_transfer,1,1,1,1,1,3,2.0,1,1,11.87404327474795
TXN105dd35c-7,CUST00008,2026-07-05 23:14:22,1920.9,web,grocery,0,1,0,0,0,0,999.0,0,0,7.561069559040359
TXN727dda84-8,CUST00008,2026-07-07 10:30:39,778.74,atm,grocery,0,1,0,0,0,0,999.0,0,0,6.6589605307824
TXN351c586a-c,CUST00008,2026-07-08 12:36:28,10270.17,atm,electronics,1,1,0,0,0,0,999.0,0,0,9.237096220484386
TXN4c6f9a45-8,CUST00009,2026-06-17 00:01:26,1580.42,web,jewellery,0,1,1,1,0,0,21.0,0,0,7.36607845657848
TXN41bb0e0d-8,CUST00009,2026-06-29 05:01:06,2368.34,mobile,electronics,0,1,0,0,0,0,999.0,0,0,7.770366714333481
TXN15a905b4-0,CUST00009,2026-07-04 10:39:33,3919.21,web,wire_transfer,0,1,0,0,0,0,999.0,0,0,8.273900502778181
TXN2bee2fff-8,CUST00009,2026-07-05 19:11:05,11059.06,web,wire_transfer,0,1,0,0,0,0,999.0,0,0,9.311095700016402
TXNa71372ab-3,CUST00009,2026-07-06 07:57:54,2802.57,web,retail,0,1,0,0,0,0,999.0,0,0,7.938648884041026
TXNa87d21ff-f,CUST00009,2026-07-07 01:10:10,29607.47,web,travel,1,1,0,0,0,0,999.0,0,0,10.295815748028085
TXN0bd18d4a-4,CUST00009,2026-07-13 12:57:07,3931.81,mobile,travel,0,1,0,0,0,0,999.0,0,0,8.27710946208614
TXN7d8da92b-9,CUST00010,2026-06-28 19:31:54,701.46,web,electronics,0,1,0,0,0,0,999.0,0,0,6.554588460085006
TXNe92915a3-8,CUST00010,2026-07-05 15:51:18,3253.96,web,utilities,0,1,0,0,0,0,999.0,0,0,8.08793526578068
TXNe79524eb-8,CUST00010,2026-07-09 08:40:33,2323.41,atm,grocery,0,1,0,0,0,0,999.0,0,0,7.7512215223772065
TXNb01c337e-3,CUST00010,2026-07-10 22:54:26,5681.95,web,travel,0,1,0,0,0,0,999.0,0,0,8.645225743088437
TXN9b2e18c0-5,CUST00010,2026-07-13 15:56:06,812.88,mobile,utilities,0,1,0,0,0,0,999.0,0,0,6.701812934987702
TXN88baef4a-a,CUST00010,2026-07-15 12:59:27,23661.64,web,jewellery,1,1,0,0,0,0,999.0,0,0,10.071652712034677
TXN371831f3-d,CUST00011,2026-06-22 16:58:51,465.99,web,jewellery,0,1,0,0,0,0,999.0,0,0,6.146307844163399
TXN0b73ca1c-d,CUST00011,2026-06-22 21:41:50,449.54,mobile,wire_transfer,0,1,0,0,0,0,999.0,0,0,6.110446863339847
TXN24444f64-3,CUST00011,2026-06-23 09:12:14,3006.37,mobile,travel,1,1,0,0,0,0,999.0,0,0,8.008821221644437
TXN470367f7-5,CUST00011,2026-06-29 06:40:09,773.13,web,jewellery,0,1,0,0,0,0,999.0,0,0,6.651739818142582
TXN8d548038-9,CUST00011,2026-07-04 00:07:13,1445.92,branch,travel,0,1,0,0,0,0,999.0,0,0,7.277192438302836
TXN6c092d0a-9,CUST00011,2026-07-11 14:19:00,5142.44,mobile,utilities,0,1,0,0,0,0,999.0,0,0,8.54547739529453
TXNa54427ec-b,CUST00012,2026-06-22 12:04:03,1718.97,mobile,utilities,0,1,0,0,0,0,999.0,0,0,7.450062127794923
TXN904ada37-5,CUST00012,2026-06-25 06:28:41,1775.39,atm,wire_transfer,0,1,0,0,0,0,999.0,0,0,7.482338494039346
TXNf1da833d-1,CUST00012,2026-06-25 09:22:30,964.58,mobile,travel,0,1,0,0,0,0,999.0,0,0,6.872728957058459
TXN3429ce3b-8,CUST00012,2026-07-03 19:22:33,5173.91,branch,grocery,0,1,1,1,0,0,19.0,0,0,8.551577226677992
TXN29cf4c70-e,CUST00012,2026-07-07 20:37:30,5996.29,mobile,utilities,1,1,0,0,0,0,999.0,0,0,8.699062979511412
TXNf0b0e729-6,CUST00012,2026-07-09 04:14:57,1897.35,mobile,electronics,1,1,0,0,0,0,999.0,0,0,7.5487403668058874
TXN42bb8f63-4,CUST00012,2026-07-10 08:22:35,7322.28,web,utilities,0,1,0,0,0,0,999.0,0,0,8.898813594025857
TXN44f760a8-b,CUST00012,2026-07-10 10:22:23,1061.37,mobile,wire_transfer,0,1,0,0,0,0,999.0,0,0,6.968257540371663
TXNaf194390-1,CUST00013,2026-06-21 15:34:49,821.28,atm,utilities,1,1,0,0,0,0,999.0,0,0,6.712080969657472
TXN4526ed62-1,CUST00013,2026-06-22 10:07:47,918.45,mobile,grocery,0,1,1,1,0,0,2.0,0,0,6.823775665186862
TXN82ece8aa-d,CUST00013,2026-06-29 17:49:30,3833.97,web,wire_transfer,0,1,0,0,0,0,999.0,0,0,8.25191689108497
TXNf6c9dd38-0,CUST00013,2026-07-10 16:20:28,1055.86,web,travel,1,1,0,0,0,0,999.0,0,0,6.963057526766792
TXNc9ac376c-f,CUST00013,2026-07-14 05:00:57,4682.9,mobile,retail,0,1,0,0,0,0,999.0,0,0,8.451886375215585
TXNd2524487-6,CUST00013,2026-07-14 19:52:55,7477.12,branch,retail,0,1,0,0,0,0,999.0,0,0,8.919736702479716
TXN2575dbd1-4,CUST00014,2026-06-18 15:05:07,1195.68,web,electronics,0,1,0,0,0,0,999.0,0,0,7.087306334813424
TXNe8c44e4c-5,CUST00014,2026-06-29 13:46:43,354.02,web,retail,0,1,0,0,0,0,999.0,0,0,5.872174125916658
TXNfabf8aef-6,CUST00014,2026-06-30 05:39:55,2037.04,mobile,retail,0,1,0,0,0,0,999.0,0,0,7.619743840675439
TXN5450c61f-1,CUST00014,2026-07-08 20:12:37,1237.63,atm,wire_transfer,0,1,0,0,0,0,999.0,0,0,7.121761209105198
TXN460db751-3,CUST00014,2026-07-14 03:07:03,286.14,mobile,jewellery,1,1,0,0,0,0,999.0,0,0,5.659969901699548
TXNe0218caf-b,CUST00015,2026-06-20 19:54:42,2620.79,mobile,utilities,0,1,0,0,0,0,999.0,0,0,7.871612569582966
TXN8d3a5b2d-8,CUST00015,2026-06-21 00:17:29,269.86,mobile,travel,0,1,0,0,0,0,999.0,0,0,5.601602082227226
TXN195c663b-9,CUST00015,2026-06-21 03:58:40,10410.19,atm,grocery,0,1,0,0,0,0,999.0,0,0,9.250636468236186
TXN59518620-8,CUST00015,2026-06-23 23:34:47,1521.23,mobile,electronics,0,1,0,0,0,0,999.0,0,0,7.327931643955995
TXN6714272a-d,CUST00015,2026-06-27 09:14:49,15494.02,web,wire_transfer,0,1,0,0,0,0,999.0,0,0,9.648273960959964
TXN1f9deccd-e,CUST00015,2026-06-28 21:17:14,423.04,mobile,jewellery,0,1,1,1,0,0,17.0,0,0,6.049827790404897
TXN4830effe-d,CUST00015,2026-07-01 13:17:39,477.62,atm,grocery,0,1,1,1,0,0,7.0,0,0,6.1709069631510935
TXNad851456-b,CUST00015,2026-07-04 09:01:33,1292.08,web,electronics,0,1,0,0,0,0,999.0,0,0,7.164782248474284
TXNce8a5306-d,CUST00015,2026-07-06 00:49:32,1353.38,mobile,jewellery,0,1,0,0,0,0,999.0,0,0,7.211099064023541
TXN51683612-2,CUST00015,2026-07-08 02:58:40,4742.81,atm,electronics,0,1,0,0,0,0,999.0,0,0,8.464595889285295
TXNf3a80aa0-6,CUST00015,2026-07-13 01:28:59,1188.4,branch,electronics,1,1,0,0,0,0,999.0,0,0,7.081204257272494
TXN2e408d57-6,CUST00015,2026-07-15 15:26:51,5221.66,mobile,jewellery,0,1,0,0,0,0,999.0,0,0,8.56076212962969
TXNb695c2bf-8,CUST00016,2026-06-30 14:41:36,553.34,web,retail,0,1,0,0,0,0,999.0,0,0,6.317778216910709
TXN44725ab7-b,CUST00016,2026-07-01 02:00:05,5183.79,atm,grocery,0,1,0,0,0,0,999.0,0,0,8.553484618396942
TXN6b1205aa-9,CUST00016,2026-07-09 01:21:50,374.69,web,grocery,0,1,0,0,0,0,999.0,0,0,5.92876433524405
TXN248607c2-2,CUST00016,2026-07-09 16:27:27,861.63,mobile,utilities,0,1,0,0,0,0,999.0,0,0,6.7599858621853794
TXN4251d2f0-2,CUST00016,2026-07-10 13:05:32,5950.91,web,wire_transfer,0,1,0,0,0,0,999.0,0,0,8.691467455430862
TXNc70c15e3-b,CUST00016,2026-07-11 10:10:16,110404.09,mobile,wire_transfer,1,1,1,1,1,3,17.0,1,1,11.61191151683479
TXNa3a22f35-b,CUST00016,2026-07-14 02:23:31,91.48,mobile,retail,0,1,0,0,0,0,999.0,0,0,4.5269924049240675
TXN77fa7bbc-c,CUST00017,2026-06-17 06:57:15,984.87,mobile,wire_transfer,0,1,0,0,0,0,999.0,0,0,6.893524500068423
TXNf3dea9dc-4,CUST00017,2026-06-25 08:17:16,540.85,atm,retail,1,1,0,0,0,0,999.0,0,0,6.294989210369004
TXN705faecd-2,CUST00017,2026-07-03 18:08:17,244281.56,web,wire_transfer,1,1,1,1,1,4,20.0,1,1,12.406080867059464
TXN1641d960-d,CUST00018,2026-06-25 14:05:39,503.57,mobile,retail,0,1,0,0,0,0,999.0,0,0,6.223706581407451
TXNb7ed70cf-f,CUST00018,2026-06-30 22:47:04,22496.22,mobile,wire_transfer,0,1,0,0,0,0,999.0,0,0,10.021147025003339
TXN3a9048cc-d,CUST00018,2026-07-08 08:13:38,107124.31,mobile,wire_transfer,1,1,1,1,1,3,12.0,1,1,11.58175454971153
TXN3d730c3b-b,CUST00019,2026-06-24 20:05:10,3350.01,web,electronics,0,1,0,0,0,0,999.0,0,0,8.117017071916683
TXNceefd2c9-7,CUST00019,2026-07-05 16:12:18,547.57,atm,retail,0,1,0,0,0,0,999.0,0,0,6.307314892356402
TXNa27a2bda-1,CUST00019,2026-07-12 10:35:35,1038.75,mobile,electronics,1,1,0,0,0,0,999.0,0,0,6.946735578623021
TXN9347f486-2,CUST00019,2026-07-15 17:14:58,309.28,web,travel,0,1,0,0,0,0,999.0,0,0,5.73747511562267
TXNc544a049-6,CUST00019,2026-07-15 19:46:21,10304.42,mobile,wire_transfer,1,1,0,0,0,0,999.0,0,0,9.240425249408139
TXN492d85a7-b,CUST00019,2026-07-16 10:33:35,652.13,mobile,wire_transfer,0,1,0,0,0,0,999.0,0,0,6.481776190626265
TXNf2ca2002-f,CUST00020,2026-06-17 04:09:59,1285.31,mobile,jewellery,1,1,0,0,0,0,999.0,0,0,7.159532933290632
TXNfe85544c-3,CUST00020,2026-06-18 23:19:43,528.14,mobile,retail,0,1,0,0,0,0,999.0,0,0,6.271253047128145
TXN7f702973-7,CUST00020,2026-06-23 13:07:00,7427.03,web,electronics,0,1,0,0,0,0,999.0,0,0,8.913015961236654
TXN1febc9af-b,CUST00020,2026-06-23 16:37:31,197225.66,mobile,wire_transfer,1,1,1,1,1,3,3.0,1,1,12.192108904710732
TXN30afe613-9,CUST00020,2026-06-23 21:35:05,5551.12,web,electronics,0,1,0,0,0,0,999.0,0,0,8.621935115785918
TXNeeb47b07-8,CUST00020,2026-06-25 15:17:36,1094.28,atm,utilities,0,1,0,0,0,0,999.0,0,0,6.998765317325501
TXN88c982ec-b,CUST00020,2026-06-26 06:34:34,4319.17,mobile,jewellery,0,1,0,0,0,0,999.0,0,0,8.371050032315743
TXNeba332b1-f,CUST00020,2026-07-07 11:04:09,12628.7,branch,jewellery,0,1,1,1,0,0,19.0,0,0,9.44380646209331
TXN01ddc628-b,CUST00020,2026-07-09 09:19:29,133.55,mobile,electronics,0,1,0,0,0,0,999.0,0,0,4.901935877172915
TXNad411244-f,CUST00020,2026-07-12 15:29:38,5700.05,mobile,travel,0,1,0,0,0,0,999.0,0,0,8.648405647384282
TXNf1e7ada0-e,CUST00020,2026-07-14 14:11:21,560.78,web,grocery,0,1,0,0,0,0,999.0,0,0,6.3311103141788525
TXN0ad7d77c-9,CUST00021,2026-06-18 07:07:41,3265.45,web,electronics,0,1,0,0,0,0,999.0,0,0,8.09145904726024
TXNc3828725-e,CUST00021,2026-06-27 18:11:23,280.43,web,grocery,1,1,0,0,0,0,999.0,0,0,5.639883748805969
TXN56847457-1,CUST00021,2026-06-27 18:25:11,2520.12,web,grocery,0,2,0,0,0,0,999.0,0,0,7.832458526213736
TXN2ba4d656-6,CUST00021,2026-06-30 11:33:24,32914.54,web,electronics,0,1,0,0,0,0,999.0,0,0,10.40170016566137
TXN0d08367e-f,CUST00021,2026-07-03 08:00:34,1219.74,mobile,electronics,1,1,0,0,0,0,999.0,0,0,7.107212511222778
TXN22212e52-d,CUST00021,2026-07-06 18:00:01,966.16,atm,retail,0,1,0,0,0,0,999.0,0,0,6.87436394195241
TXN2cc09f87-3,CUST00021,2026-07-14 11:33:30,5471.28,mobile,retail,0,1,0,0,0,0,999.0,0,0,8.60745062758391
TXN2b24ef63-f,CUST00021,2026-07-16 04:26:37,3664.81,branch,jewellery,0,1,1,1,0,0,23.0,0,0,8.206804599451534
TXNedda1677-4,CUST00022,2026-06-20 16:25:15,2108.26,web,utilities,0,1,0,0,0,0,999.0,0,0,7.654092454056188
TXN83f9b580-a,CUST00022,2026-06-24 02:07:08,1959.94,web,retail,0,1,0,0,0,0,999.0,0,0,7.581179229093889
TXN64c46086-9,CUST00022,2026-06-24 08:46:25,934.09,web,travel,0,1,0,0,0,0,999.0,0,0,6.840642781340802
TXNd4ec0595-3,CUST00022,2026-07-02 23:08:30,8587.41,branch,jewellery,0,1,0,0,0,0,999.0,0,0,9.058168898893106
TXN00926d61-3,CUST00022,2026-07-03 23:43:41,2537.97,web,jewellery,0,1,0,0,0,0,999.0,0,0,7.83951376595941
TXN7bae0f3b-4,CUST00022,2026-07-05 10:48:55,1519.87,branch,jewellery,0,1,0,0,0,0,999.0,0,0,7.327037818521047
TXNdb992f51-c,CUST00022,2026-07-09 05:48:14,4232.57,mobile,travel,0,1,0,0,0,0,999.0,0,0,8.350800887727729
TXNd92d9519-9,CUST00023,2026-06-17 09:07:25,25112.27,mobile,travel,0,1,0,0,0,0,999.0,0,0,10.131151670674026
TXN4c60b543-5,CUST00023,2026-06-18 01:14:51,1659.8,atm,travel,0,1,0,0,0,0,999.0,0,0,7.4150546929715695
TXN0182144d-5,CUST00023,2026-06-24 04:47:19,777.34,mobile,jewellery,0,1,0,0,0,0,999.0,0,0,6.657163446708698
TXN66edef30-2,CUST00023,2026-06-29 00:23:04,576.17,branch,jewellery,0,1,0,0,0,0,999.0,0,0,6.358136850496991
TXNef775124-0,CUST00023,2026-07-10 11:13:53,5248.23,mobile,utilities,0,1,0,0,0,0,999.0,0,0,8.565836678162395
TXN59875c7d-0,CUST00023,2026-07-16 11:30:46,1094.75,mobile,grocery,0,1,0,0,0,0,999.0,0,0,6.999194339298919
TXN6e4928ac-1,CUST00024,2026-06-18 18:22:54,2873.23,web,grocery,0,1,0,0,0,0,999.0,0,0,7.963540091272683
TXN4008d4da-a,CUST00024,2026-06-21 10:41:05,9076.65,atm,retail,0,1,0,0,0,0,999.0,0,0,9.113570627525416
TXN6924e248-2,CUST00024,2026-06-21 13:20:03,1278.46,web,electronics,0,1,0,0,0,0,999.0,0,0,7.154193392899369
TXN01c4e229-7,CUST00024,2026-06-21 21:14:37,1386.35,branch,jewellery,0,1,0,0,0,0,999.0,0,0,7.235150731668378
TXN8772df4a-1,CUST00024,2026-06-23 20:08:08,8899.07,atm,jewellery,0,1,1,1,0,0,16.0,0,0,9.093814420857841
TXN5fd2bec3-6,CUST00024,2026-06-24 14:37:22,3153.01,web,jewellery,0,1,0,0,0,0,999.0,0,0,8.056429938095002
TXN23cecf1e-2,CUST00024,2026-06-26 07:13:09,650.64,mobile,electronics,0,1,1,1,0,0,16.0,0,0,6.479492262197969
TXNe466c937-6,CUST00024,2026-07-04 01:20:21,2921.52,mobile,travel,0,1,0,0,0,0,999.0,0,0,7.980201536778752
TXNa801f15e-7,CUST00024,2026-07-04 03:47:03,3814.64,mobile,utilities,0,1,0,0,0,0,999.0,0,0,8.246863688495273
TXN44fcc054-c,CUST00024,2026-07-11 01:24:44,487.84,web,jewellery,1,1,1,0,0,0,0.8333333333333334,0,0,6.1920352375698
TXN017cc74e-6,CUST00025,2026-06-16 19:40:30,519.35,mobile,jewellery,0,1,0,0,0,0,999.0,0,0,6.254501662083868
TXNb58f67b6-d,CUST00025,2026-06-30 10:05:51,5191.08,web,retail,0,1,0,0,0,0,999.0,0,0,8.554889666585712
TXN48ef30ff-3,CUST00025,2026-07-06 15:31:12,6250.74,mobile,wire_transfer,0,1,0,0,0,0,999.0,0,0,8.740615103984359
TXN08175dd0-e,CUST00025,2026-07-07 07:36:53,5304.46,mobile,electronics,0,1,0,0,0,0,999.0,0,0,8.576491757939262
TXN6bca4f86-6,CUST00025,2026-07-12 05:05:14,212.28,mobile,utilities,0,1,1,1,0,0,17.0,0,0,5.362605856430399
TXN665e467f-e,CUST00026,2026-06-23 19:52:18,1608.89,atm,retail,0,1,0,0,0,0,999.0,0,0,7.383921132663021
TXNc0476d80-5,CUST00026,2026-07-05 14:11:18,5182.46,web,wire_transfer,0,1,0,0,0,0,999.0,0,0,8.55322806593972
TXNae864837-c,CUST00026,2026-07-05 23:57:25,1010.46,branch,utilities,0,1,0,0,0,0,999.0,0,0,6.919150110596011
TXNfba13732-a,CUST00026,2026-07-07 23:38:29,3975.77,mobile,retail,0,1,0,0,0,0,999.0,0,0,8.288225210998236
TXNf2c8c25e-3,CUST00026,2026-07-11 13:21:52,6072.12,web,travel,0,1,0,0,0,0,999.0,0,0,8.711627755293993
TXN7d338ca2-6,CUST00026,2026-07-11 14:45:17,23322.38,branch,retail,0,1,0,0,0,0,999.0,0,0,10.057211569927341
TXNbdecb67a-e,CUST00026,2026-07-11 17:35:08,7021.6,branch,electronics,0,1,0,0,0,0,999.0,0,0,8.856888798820052
TXN9e1be56d-3,CUST00027,2026-06-21 00:08:33,13204.98,web,travel,0,1,0,0,0,0,999.0,0,0,9.488425036290247
TXN15263fef-7,CUST00027,2026-06-22 14:48:25,1124.12,web,grocery,0,1,0,0,0,0,999.0,0,0,7.025644975616703
TXN2fd6129a-8,CUST00027,2026-06-24 06:26:43,2513.64,mobile,jewellery,0,1,0,0,0,0,999.0,0,0,7.829884931135085
TXNaf374e8c-c,CUST00027,2026-06-26 10:59:52,1328.87,atm,grocery,0,1,0,0,0,0,999.0,0,0,7.192836472077606
TXNcaef3c9e-1,CUST00027,2026-07-03 04:58:20,2198.56,mobile,travel,0,1,0,0,0,0,999.0,0,0,7.69601261934374
TXN98daae8c-f,CUST00027,2026-07-06 03:16:59,1161.92,web,travel,1,1,0,0,0,0,999.0,0,0,7.058689362534459
TXNd4701dd2-a,CUST00027,2026-07-07 23:08:05,1053.49,web,jewellery,0,1,0,0,0,0,999.0,0,0,6.960812516706486
TXN7aededf4-6,CUST00027,2026-07-12 14:09:19,5027.68,mobile,wire_transfer,0,1,0,0,0,0,999.0,0,0,8.522912803206886
TXN21a496a8-6,CUST00027,2026-07-13 09:00:10,1792.81,atm,wire_transfer,0,1,0,0,0,0,999.0,0,0,7.492097128425862
TXN581848c5-2,CUST00027,2026-07-16 03:10:07,1394.72,branch,wire_transfer,0,1,0,0,0,0,999.0,0,0,7.241165690138947
TXNc86022c4-b,CUST00028,2026-06-18 19:36:46,1123.8,web,retail,0,1,0,0,0,0,999.0,0,0,7.025360521056401
TXN1d71f339-c,CUST00028,2026-06-29 01:23:45,959.21,mobile,jewellery,0,1,0,0,0,0,999.0,0,0,6.86715201053959
TXN6ddd5c02-d,CUST00028,2026-07-04 14:33:06,1964.99,mobile,grocery,0,1,1,1,0,0,5.0,0,0,7.583751214224186
TXNb371d64d-f,CUST00028,2026-07-07 00:32:04,1872.32,branch,retail,0,1,0,0,0,0,999.0,0,0,7.535467536756576
TXN256df639-e,CUST00029,2026-06-21 14:35:53,204.35,mobile,grocery,0,1,0,0,0,0,999.0,0,0,5.324715840402567
TXNb33d9c7c-4,CUST00029,2026-06-22 19:32:05,6230.76,web,electronics,1,1,0,0,0,0,999.0,0,0,8.737414075897595
TXN461bcbc3-0,CUST00029,2026-06-23 07:04:42,330.49,web,grocery,0,1,0,0,0,0,999.0,0,0,5.803597643258398
TXN304c9c7b-2,CUST00029,2026-06-27 23:04:23,184.04,atm,grocery,0,1,0,0,0,0,999.0,0,0,5.220572017923184
TXN1ed68b71-3,CUST00029,2026-06-30 07:30:28,19156.69,web,jewellery,0,1,0,0,0,0,999.0,0,0,9.860459480582145
TXN331bd602-9,CUST00029,2026-07-04 00:54:25,347.55,web,utilities,0,1,0,0,0,0,999.0,0,0,5.853781691932408
TXN615eca80-0,CUST00029,2026-07-06 12:04:35,4857.09,mobile,retail,0,1,0,0,0,0,999.0,0,0,8.488400635532956
TXNa1001bc8-9,CUST00029,2026-07-12 09:19:34,1395.77,atm,utilities,0,1,0,0,0,0,999.0,0,0,7.241917707191459
TXNbaff361a-b,CUST00029,2026-07-14 06:56:07,7331.87,web,electronics,0,1,0,0,0,0,999.0,0,0,8.900122259858106
TXN00231f70-0,CUST00030,2026-06-22 05:32:51,1867.2,web,electronics,0,1,0,0,0,0,999.0,0,0,7.532730679438749
TXNe525aeaf-5,CUST00030,2026-06-22 18:44:40,393.88,branch,grocery,0,1,0,0,0,0,999.0,0,0,5.978581921276969
TXNb62a7941-5,CUST00030,2026-06-23 12:10:31,18189.61,web,electronics,0,1,0,0,0,0,999.0,0,0,9.808660805859176
TXN5256f928-b,CUST00030,2026-06-24 02:43:53,2905.85,branch,travel,0,1,0,0,0,0,999.0,0,0,7.974825299640368
TXN0fb49d98-7,CUST00030,2026-07-05 15:57:17,858.04,atm,grocery,0,1,0,0,0,0,999.0,0,0,6.755815486674259
TXN0d394b57-a,CUST00030,2026-07-07 01:19:21,2794.22,branch,wire_transfer,0,1,0,0,0,0,999.0,0,0,7.935666094477263
TXN5d13539c-4,CUST00030,2026-07-10 06:21:24,2111.75,web,electronics,0,1,0,0,0,0,999.0,0,0,7.655745695424591
TXN38c6430f-3,CUST00030,2026-07-12 01:07:55,2555.23,mobile,grocery,0,1,0,0,0,0,999.0,0,0,7.846288795799624
TXN7dc4f12b-f,CUST00031,2026-06-22 05:10:46,1760.16,mobile,travel,0,1,0,0,0,0,999.0,0,0,7.473727961836264
TXN47b885fa-7,CUST00031,2026-06-22 06:22:20,2931.88,web,electronics,1,1,0,0,0,0,999.0,0,0,7.983740154400263
TXNcf5e7840-b,CUST00031,2026-06-22 10:31:20,213.57,web,retail,0,1,0,0,0,0,999.0,0,0,5.36863602545699
TXN215bdef5-d,CUST00031,2026-06-26 23:10:14,4148.3,mobile,wire_transfer,0,1,0,0,0,0,999.0,0,0,8.330694924298772
TXN6e4ff4a4-1,CUST00031,2026-07-04 10:35:55,7293.63,web,retail,0,1,0,0,0,0,999.0,0,0,8.894893739999592
TXN96c2e045-c,CUST00031,2026-07-06 18:30:37,1800.49,web,travel,0,1,0,0,0,0,999.0,0,0,7.496369379242961
TXN1c8d23b4-4,CUST00031,2026-07-10 02:08:39,378.25,mobile,utilities,0,1,0,0,0,0,999.0,0,0,5.938195618228642
TXNaed690cc-0,CUST00031,2026-07-15 02:57:43,4567.7,mobile,travel,0,1,0,0,0,0,999.0,0,0,8.426983979525755
TXNd141b9e4-a,CUST00032,2026-06-18 17:23:01,7868.84,branch,electronics,0,1,1,1,0,0,8.0,0,0,8.970793010836296
TXN4d2d8efd-5,CUST00032,2026-06-20 15:12:33,1117.1,mobile,grocery,0,1,0,0,0,0,999.0,0,0,7.0193860951533225
TXN721df83c-b,CUST00032,2026-06-20 19:08:41,1651.63,atm,wire_transfer,1,1,0,0,0,0,999.0,0,0,7.410123237315435
TXNf11afc00-1,CUST00032,2026-07-01 11:50:02,2532.84,web,retail,0,1,0,0,0,0,999.0,0,0,7.837491217608979
TXN9a11ddf4-b,CUST00032,2026-07-02 06:54:15,3148.55,mobile,grocery,0,1,0,0,0,0,999.0,0,0,8.055014864471769
TXN3cfe18e9-5,CUST00032,2026-07-02 21:35:33,2599.63,web,electronics,0,1,0,0,0,0,999.0,0,0,7.8635090023501135
TXNf7e47c8c-9,CUST00032,2026-07-06 09:15:05,3208.61,mobile,electronics,0,1,0,0,0,0,999.0,0,0,8.073904713415804
TXN1b3ac54c-e,CUST00032,2026-07-08 21:01:46,1209.25,web,wire_transfer,0,1,1,1,0,0,9.0,0,0,7.0985822288198035
TXN959677e9-3,CUST00032,2026-07-15 21:42:10,738.48,mobile,utilities,0,1,0,0,0,0,999.0,0,0,6.605947236484245
TXNa13ecf15-7,CUST00033,2026-06-17 15:06:13,2103.65,mobile,utilities,0,1,0,0,0,0,999.0,0,0,7.651904461508114
TXNc2d01c42-f,CUST00033,2026-06-19 01:36:11,2208.77,branch,grocery,0,1,0,0,0,0,999.0,0,0,7.700643716697701
TXN861550f6-6,CUST00033,2026-06-21 07:43:55,3167.37,web,travel,0,1,0,0,0,0,999.0,0,0,8.060972539043846
TXNe43f05c8-4,CUST00033,2026-06-26 11:46:48,517.63,mobile,wire_transfer,0,1,0,0,0,0,999.0,0,0,6.251190719483879
TXN58eb3e59-f,CUST00033,2026-07-02 01:19:45,7576.82,mobile,retail,0,1,0,0,0,0,999.0,0,0,8.93298083832732
TXN27571245-b,CUST00033,2026-07-09 14:23:19,3104.44,web,retail,0,1,0,0,0,0,999.0,0,0,8.040910691252417
TXN6fa5f03f-e,CUST00033,2026-07-12 03:03:00,986.69,mobile,travel,1,1,0,0,0,0,999.0,0,0,6.895368883331088
TXN6b0ffa79-3,CUST00033,2026-07-12 07:39:40,1405.31,mobile,retail,0,1,0,0,0,0,999.0,0,0,7.2487245317092
TXNd89939ba-d,CUST00033,2026-07-14 15:13:40,732.16,mobile,jewellery,0,1,0,0,0,0,999.0,0,0,6.597363959103647
TXN7eba0464-6,CUST00034,2026-06-19 00:26:32,3231.25,mobile,jewellery,0,1,0,0,0,0,999.0,0,0,8.080933768134663
TXN70100d7e-2,CUST00034,2026-06-22 02:04:46,1570.12,mobile,travel,0,1,0,0,0,0,999.0,0,0,7.359544019806967
TXN8373edf3-d,CUST00034,2026-06-27 23:31:55,223.71,web,jewellery,0,1,0,0,0,0,999.0,0,0,5.414810681983841
TXNca77736e-8,CUST00034,2026-06-28 21:44:33,2097.94,web,utilities,0,1,0,0,0,0,999.0,0,0,7.649187734371577
TXN30b05a0b-b,CUST00034,2026-07-02 05:44:27,3152.25,mobile,jewellery,0,1,0,0,0,0,999.0,0,0,8.056188945967303
TXN4a26eb59-2,CUST00034,2026-07-02 06:59:28,411.63,mobile,wire_transfer,1,1,0,0,0,0,999.0,0,0,6.02255130764008
TXN0f9027d5-9,CUST00034,2026-07-05 10:18:45,1327.06,mobile,utilities,0,1,0,0,0,0,999.0,0,0,7.1914745097386525
TXN8fffe845-6,CUST00034,2026-07-06 06:16:42,394.78,mobile,retail,0,1,0,0,0,0,999.0,0,0,5.980858501320758
TXN462e9af3-9,CUST00034,2026-07-06 06:30:41,1262.87,web,retail,0,2,0,0,0,0,999.0,0,0,7.141933721316308
TXN9794b389-3,CUST00035,2026-06-22 14:18:04,939.21,mobile,electronics,0,1,0,0,0,0,999.0,0,0,6.846103254568354
TXN9b72a9fe-6,CUST00035,2026-06-27 20:19:38,4875.13,atm,retail,0,1,0,0,0,0,999.0,0,0,8.492107151443461
TXNedba84d1-e,CUST00035,2026-07-10 19:02:45,1876.96,mobile,utilities,0,1,0,0,0,0,999.0,0,0,7.53794136028685
TXN00ebf725-2,CUST00035,2026-07-14 22:56:26,1114.69,web,utilities,0,1,0,0,0,0,999.0,0,0,7.0172283265760855
TXNdf96048a-4,CUST00036,2026-06-22 11:16:42,478.89,atm,wire_transfer,0,1,0,0,0,0,999.0,0,0,6.173556910972577
TXN80fa3363-7,CUST00036,2026-06-24 15:57:12,4061.44,web,grocery,0,1,0,0,0,0,999.0,0,0,8.309539057298158
TXN4bde7d88-3,CUST00036,2026-06-30 13:00:00,2072.67,web,utilities,1,1,1,1,0,0,4.0,0,0,7.637075263304226
TXN8897c497-0,CUST00036,2026-07-04 22:54:39,447.46,branch,jewellery,0,1,0,0,0,0,999.0,0,0,6.105819491345384
TXN1e7d8f7b-8,CUST00036,2026-07-09 21:47:15,1189.35,mobile,travel,0,1,0,0,0,0,999.0,0,0,7.082002660508517
TXN471b0cc7-e,CUST00036,2026-07-12 10:15:32,3494.74,web,travel,1,1,0,0,0,0,999.0,0,0,8.159300363300405
TXN4242fc5c-8,CUST00036,2026-07-13 10:47:57,838.75,web,retail,0,1,0,0,0,0,999.0,0,0,6.733104228492402
TXNa3bdd4d6-0,CUST00036,2026-07-14 21:45:35,1502.48,atm,travel,1,1,0,0,0,0,999.0,0,0,7.3155377000454616
TXNfae2d4a8-a,CUST00037,2026-06-30 01:35:33,47829.88,web,wire_transfer,1,1,1,1,1,3,9.0,1,1,10.77542673499976
TXN35c0c003-d,CUST00037,2026-07-01 22:51:03,185.25,atm,travel,0,1,0,0,0,0,999.0,0,0,5.227089857259669
TXNf8e351ea-9,CUST00037,2026-07-03 02:01:39,42076.73,mobile,grocery,0,1,0,0,0,0,999.0,0,0,10.647273901089594
TXNa60da1aa-0,CUST00037,2026-07-08 11:27:17,5391.98,mobile,wire_transfer,0,1,0,0,0,0,999.0,0,0,8.592853386819318
TXN4398018f-8,CUST00038,2026-06-16 16:59:08,682.22,atm,wire_transfer,0,1,0,0,0,0,999.0,0,0,6.526816916050569
TXNa845f723-8,CUST00038,2026-06-16 21:49:23,2814.37,mobile,travel,0,1,0,0,0,0,999.0,0,0,7.942848970657615
TXN02aa1c76-d,CUST00038,2026-06-20 06:19:15,28233.76,web,jewellery,0,1,0,0,0,0,999.0,0,0,10.248309121982269
TXNf2491816-1,CUST00038,2026-06-22 23:48:06,2510.15,web,retail,0,1,0,0,0,0,999.0,0,0,7.828496094529903
TXN418860b9-2,CUST00038,2026-07-04 18:30:37,384.65,atm,travel,0,1,0,0,0,0,999.0,0,0,5.954930222380008
TXNfc3a156a-5,CUST00038,2026-07-05 13:38:05,3918.46,web,jewellery,0,1,0,0,0,0,999.0,0,0,8.273709168193362
TXNbb0084fa-3,CUST00038,2026-07-08 02:40:06,1406.97,web,travel,0,1,0,0,0,0,999.0,0,0,7.249904229672812
TXNe5f95507-6,CUST00038,2026-07-13 11:32:34,1254.09,atm,wire_transfer,0,1,0,0,0,0,999.0,0,0,7.13496256214203
TXN34c6d620-8,CUST00039,2026-06-18 06:52:13,3734.01,mobile,wire_transfer,0,1,0,0,0,0,999.0,0,0,8.225505774939505
TXNf216880d-6,CUST00039,2026-06-20 20:49:06,656.01,atm,wire_transfer,0,1,0,0,0,0,999.0,0,0,6.487699239068929
TXNa13a9da2-9,CUST00039,2026-06-21 21:15:43,2193.23,atm,grocery,0,1,0,0,0,0,999.0,0,0,7.693586466699003
TXN653d171f-c,CUST00039,2026-06-24 18:37:12,123018.17,web,wire_transfer,1,1,1,1,1,2,7.0,1,1,11.720095475869172
TXN5302e6e2-3,CUST00039,2026-06-26 15:36:11,4351.1,mobile,jewellery,0,1,0,0,0,0,999.0,0,0,8.378413766212967
TXNa05095fa-d,CUST00039,2026-06-27 05:39:20,536.36,mobile,electronics,0,1,0,0,0,0,999.0,0,0,6.286668260958609
TXNb8fc7513-1,CUST00039,2026-06-30 03:32:43,265.33,web,wire_transfer,0,1,0,0,0,0,999.0,0,0,5.584736141375288
TXNf0636972-c,CUST00039,2026-07-08 01:58:13,7731.79,mobile,wire_transfer,1,1,0,0,0,0,999.0,0,0,8.95322500789735
TXN2e2f2127-b,CUST00040,2026-06-16 14:16:39,782.31,branch,wire_transfer,0,1,0,0,0,0,999.0,0,0,6.663528530792404
TXNd0cb079f-2,CUST00040,2026-06-17 14:56:01,9960.37,branch,wire_transfer,0,1,0,0,0,0,999.0,0,0,9.206469891320285
TXN4f66a914-0,CUST00040,2026-06-19 00:25:28,1291.27,atm,travel,0,1,0,0,0,0,999.0,0,0,7.164155640837792
TXN25f93ab9-5,CUST00040,2026-06-19 15:47:16,470.81,mobile,grocery,0,1,0,0,0,0,999.0,0,0,6.156576362170743
TXNd147a0bf-2,CUST00040,2026-07-06 06:02:41,2121.69,mobile,wire_transfer,0,1,0,0,0,0,999.0,0,0,7.660439431258004
TXN7ef74fdb-1,CUST00040,2026-07-11 21:25:56,8665.38,web,travel,0,1,0,0,0,0,999.0,0,0,9.06720645086538
TXNbad4f3e0-3,CUST00040,2026-07-15 18:30:50,12903.54,web,retail,0,1,0,0,0,0,999.0,0,0,9.465334466418614
TXN91d51b06-3,CUST00040,2026-07-16 07:53:37,4771.97,mobile,grocery,0,1,0,0,0,0,999.0,0,0,8.470724031631022
TXN6d283989-1,CUST00041,2026-06-27 09:37:03,4841.98,mobile,electronics,0,1,0,0,0,0,999.0,0,0,8.48528551272301
TXNa52680b3-e,CUST00041,2026-07-01 20:26:54,266.56,mobile,utilities,0,1,0,0,0,0,999.0,0,0,5.589343840250208
TXN1987e6d0-9,CUST00041,2026-07-02 11:34:28,3137.84,mobile,wire_transfer,0,1,0,0,0,0,999.0,0,0,8.051608583895833
TXNc01d1c62-b,CUST00041,2026-07-07 01:47:10,6528.48,branch,utilities,0,1,0,0,0,0,999.0,0,0,8.7840825866341
TXN3016cecc-9,CUST00041,2026-07-10 13:23:11,833.74,mobile,jewellery,1,1,0,0,0,0,999.0,0,0,6.727120299117386
TXNb96c2da0-1,CUST00041,2026-07-14 06:13:05,1455.2,atm,wire_transfer,0,1,0,0,0,0,999.0,0,0,7.283585581960611
TXN1c2b498f-0,CUST00042,2026-06-17 20:28:26,1830.24,web,jewellery,1,1,0,0,0,0,999.0,0,0,7.512748611999614
TXN8ad8c568-1,CUST00042,2026-06-18 02:50:53,1052.51,mobile,jewellery,0,1,0,0,0,0,999.0,0,0,6.959882725368154
TXN21d67c73-0,CUST00042,2026-06-28 01:42:30,3315.84,branch,jewellery,1,1,0,0,0,0,999.0,0,0,8.106767801425487
TXN44852295-1,CUST00042,2026-07-02 16:39:31,4751.9,web,utilities,0,1,0,0,0,0,999.0,0,0,8.466510237049107
TXNd49cc547-c,CUST00042,2026-07-02 17:29:26,128471.62,web,wire_transfer,1,2,1,1,1,3,14.0,1,1,11.763471086683975
TXN0267c983-f,CUST00042,2026-07-08 04:09:32,1010.48,web,retail,0,1,0,0,0,0,999.0,0,0,6.919169883797391
TXN9981d28f-a,CUST00042,2026-07-15 15:00:34,592.4,web,jewellery,1,1,0,0,0,0,999.0,0,0,6.385868707856721
TXNe473b0b0-9,CUST00043,2026-06-19 05:00:00,4077.95,web,travel,0,1,0,0,0,0,999.0,0,0,8.31359488133608
TXNda4bdf2d-5,CUST00043,2026-06-22 16:35:23,327.25,mobile,jewellery,0,1,0,0,0,0,999.0,0,0,5.793775513182905
TXN23a49571-3,CUST00043,2026-07-01 03:14:21,10129.02,web,electronics,1,1,0,0,0,0,999.0,0,0,9.223258571574442
TXN4eb0c866-2,CUST00043,2026-07-05 23:59:40,1157.18,mobile,jewellery,0,1,0,0,0,0,999.0,0,0,7.054605086467839
TXN3e6a41f1-2,CUST00043,2026-07-15 14:33:23,3561.95,web,grocery,1,1,0,0,0,0,999.0,0,0,8.178344132389212
TXN056de195-1,CUST00044,2026-06-21 09:59:50,1550.33,mobile,wire_transfer,0,1,0,0,0,0,999.0,0,0,7.34686790650252
TXNe2eed64b-8,CUST00044,2026-06-21 11:38:31,11257.73,mobile,wire_transfer,1,1,0,0,0,0,999.0,0,0,9.328899106700238
TXN004f5362-2,CUST00044,2026-06-25 21:34:38,1387.06,atm,utilities,0,1,0,0,0,0,999.0,0,0,7.2356623677981675
TXN447809c0-b,CUST00044,2026-07-05 03:17:57,84700.65,web,wire_transfer,1,1,1,1,1,3,19.0,1,1,11.346890360969883
TXN8b6daa25-1,CUST00044,2026-07-08 13:02:15,2066.76,web,grocery,0,1,0,0,0,0,999.0,0,0,7.634221174734908
TXNafe9c3dc-a,CUST00045,2026-06-18 13:09:26,1039.43,web,retail,0,1,0,0,0,0,999.0,0,0,6.947389368222211
TXNebf3ef99-3,CUST00045,2026-06-19 10:28:38,5691.88,mobile,grocery,0,1,0,0,0,0,999.0,0,0,8.646971550211449
TXNf4dafcc8-1,CUST00045,2026-06-23 12:28:17,509.73,mobile,grocery,0,1,0,0,0,0,999.0,0,0,6.235841074830201
TXNe6d037c6-d,CUST00045,2026-06-23 15:44:38,395.61,web,grocery,0,1,0,0,0,0,999.0,0,0,5.982953430089554
TXN5c494d63-1,CUST00045,2026-06-26 05:27:00,882.62,web,utilities,0,1,0,0,0,0,999.0,0,0,6.784027105966126
TXN49793220-d,CUST00045,2026-06-27 16:17:19,5723.09,web,utilities,0,1,0,0,0,0,999.0,0,0,8.652438863823173
TXN3a0761d9-0,CUST00045,2026-06-28 22:35:41,136519.48,mobile,wire_transfer,1,1,1,1,1,2,13.0,1,1,11.82422991898282
TXN6cdcd3be-a,CUST00045,2026-07-02 10:52:08,1209.91,mobile,electronics,0,1,0,0,0,0,999.0,0,0,7.099127422046479
TXN15b5bc25-e,CUST00045,2026-07-03 01:56:12,1899.53,mobile,electronics,0,1,0,0,0,0,999.0,0,0,7.549888073624369
TXNafcfea4d-6,CUST00045,2026-07-03 20:48:05,3009.35,mobile,grocery,0,1,0,0,0,0,999.0,0,0,8.009811630052802
TXNfda2f9a0-2,CUST00045,2026-07-04 09:43:05,2305.35,branch,grocery,0,1,0,0,0,0,999.0,0,0,7.743421467282405
TXN5a7284a2-2,CUST00045,2026-07-08 02:01:29,1030.8,mobile,utilities,0,1,0,0,0,0,999.0,0,0,6.939060128810549
TXN26aeaf29-9,CUST00045,2026-07-09 04:33:47,2729.66,web,travel,0,1,0,0,0,0,999.0,0,0,7.912298617201949
TXN1387bcda-5,CUST00045,2026-07-13 15:48:23,625.77,atm,electronics,0,1,0,0,0,0,999.0,0,0,6.440579647179448
TXN55b85720-8,CUST00045,2026-07-13 23:33:02,1153.05,branch,grocery,0,1,0,0,0,0,999.0,0,0,7.051032773685759
TXN1cf85164-1,CUST00046,2026-06-17 12:27:34,605.11,atm,utilities,0,1,1,1,0,0,14.0,0,0,6.407061487748703
TXNf9f15e65-c,CUST00046,2026-06-17 13:02:24,105368.13,mobile,wire_transfer,1,2,1,1,1,2,16.0,1,1,11.565224987939956
TXNe830257d-c,CUST00046,2026-06-20 01:54:10,1180.23,mobile,grocery,1,1,0,0,0,0,999.0,0,0,7.074311547447687
TXN5e7e2813-a,CUST00046,2026-06-25 10:39:37,515.24,atm,retail,0,1,0,0,0,0,999.0,0,0,6.2465717736275845
TXN2586dcd1-a,CUST00046,2026-06-30 07:00:05,3209.47,mobile,travel,0,1,0,0,0,0,999.0,0,0,8.074172622851556
TXNc9f279a8-1,CUST00046,2026-06-30 14:32:44,2811.89,mobile,wire_transfer,0,1,0,0,0,0,999.0,0,0,7.941967703566009
TXN45665e79-1,CUST00046,2026-07-02 14:14:35,78.4,atm,electronics,0,1,0,0,0,0,999.0,0,0,4.37449836825309
TXN725aa10d-6,CUST00046,2026-07-02 23:54:57,95.27,atm,utilities,0,1,0,0,0,0,999.0,0,0,4.567156743789875
TXNfa61726a-e,CUST00046,2026-07-03 23:19:28,365.86,mobile,retail,0,1,0,0,0,0,999.0,0,0,5.904980303886204
TXNf1abf7a0-c,CUST00047,2026-06-18 17:49:16,5993.86,web,grocery,0,1,0,0,0,0,999.0,0,0,8.698657714394939
TXN7e8450d7-5,CUST00047,2026-06-19 16:10:13,20258.11,mobile,utilities,0,1,0,0,0,0,999.0,0,0,9.916359847913784
TXNba098484-f,CUST00047,2026-06-21 21:17:17,3827.31,mobile,utilities,0,1,1,1,0,0,12.0,0,0,8.250178731530115
TXNf90c9f84-b,CUST00047,2026-06-25 19:19:29,4205.83,web,wire_transfer,0,1,0,0,0,0,999.0,0,0,8.344464673931656
TXN52b3a0d1-1,CUST00047,2026-06-28 03:47:41,5212.18,mobile,travel,0,1,0,0,0,0,999.0,0,0,8.558945313233952
TXNc47d336f-2,CUST00047,2026-07-12 01:54:50,469.28,branch,grocery,0,1,0,0,0,0,999.0,0,0,6.15332826199954
TXN62186d10-3,CUST00047,2026-07-12 11:51:57,24390.49,mobile,utilities,0,1,0,0,0,0,999.0,0,0,10.101989579954918
TXNa2f87dea-c,CUST00047,2026-07-15 14:31:31,1804.64,mobile,wire_transfer,0,1,0,0,0,0,999.0,0,0,7.498670378558787
TXN89eb56c1-7,CUST00048,2026-06-19 02:03:04,132.12,web,travel,0,1,0,0,0,0,999.0,0,0,4.8912509770728985
TXN1567f88e-6,CUST00048,2026-06-20 10:50:48,2702.5,web,jewellery,0,1,0,0,0,0,999.0,0,0,7.90230250882206
TXN894539ec-8,CUST00048,2026-07-11 04:10:36,2234.82,branch,electronics,0,1,0,0,0,0,999.0,0,0,7.712363330140165
TXN86e5edf4-6,CUST00049,2026-06-19 15:34:57,1731.81,mobile,electronics,0,1,0,0,0,0,999.0,0,0,7.457499647236538
TXN2233212a-f,CUST00049,2026-06-26 08:30:45,783.37,web,utilities,0,1,0,0,0,0,999.0,0,0,6.664880847797839
TXNe94f03ec-0,CUST00049,2026-07-01 08:30:52,1172.66,mobile,electronics,0,1,0,0,0,0,999.0,0,0,7.0678823502663235
TXN165607c0-b,CUST00049,2026-07-02 02:57:04,2989.72,web,grocery,0,1,0,0,0,0,999.0,0,0,8.003269440072007
TXN340a22d7-0,CUST00049,2026-07-10 12:28:28,1172.95,web,grocery,0,1,0,0,0,0,999.0,0,0,7.068129410043267
TXNcfb0d68d-b,CUST00049,2026-07-11 05:12:45,322.16,mobile,grocery,0,1,0,0,0,0,999.0,0,0,5.778147556611508
TXN5cc624ef-0,CUST00049,2026-07-14 20:23:20,781.6,web,utilities,0,1,0,0,0,0,999.0,0,0,6.662621709776312
TXNb21eafab-f,CUST00050,2026-06-20 12:01:28,3321.58,mobile,grocery,0,1,1,1,0,0,13.0,0,0,8.10849686855185
TXN23ac64e5-d,CUST00050,2026-06-20 13:53:59,13047.24,mobile,grocery,0,1,0,0,0,0,999.0,0,0,9.476408537755233
TXNd96da200-d,CUST00050,2026-07-04 15:51:59,539.72,mobile,retail,0,1,0,0,0,0,999.0,0,0,6.292901584792099
TXNee6c69f7-f,CUST00050,2026-07-07 04:26:42,865.77,web,electronics,0,1,0,0,0,0,999.0,0,0,6.764773659003271
TXNbf3b1681-0,CUST00050,2026-07-07 22:36:15,13073.31,mobile,wire_transfer,1,1,0,0,0,0,999.0,0,0,9.478404515074068
TXN35f2e254-3,CUST00050,2026-07-10 15:40:46,616.38,mobile,electronics,1,1,0,0,0,0,999.0,0,0,6.42548471763342
TXNd5d318cf-2,CUST00050,2026-07-14 20:21:55,707.09,mobile,grocery,0,1,0,0,0,0,999.0,0,0,6.562571204258897
TXN6cb9b655-f,CUST00051,2026-06-19 23:07:38,447.55,mobile,grocery,0,1,0,0,0,0,999.0,0,0,6.106020158005292
TXNbbab3b0e-6,CUST00051,2026-06-20 07:03:42,645.32,web,utilities,1,1,0,0,0,0,999.0,0,0,6.471294737171453
TXN1b2375d0-b,CUST00051,2026-06-26 01:06:34,9796.42,web,travel,0,1,0,0,0,0,999.0,0,0,9.189874364692146
TXN7a114e56-1,CUST00051,2026-06-29 19:46:27,1599.66,mobile,grocery,0,1,0,0,0,0,999.0,0,0,7.378171323173137
TXN242ac30f-5,CUST00051,2026-06-30 04:22:24,4520.93,atm,jewellery,0,1,0,0,0,0,999.0,0,0,8.41669417284194
TXN78428071-2,CUST00051,2026-07-05 19:07:38,91.99,mobile,wire_transfer,0,1,0,0,0,0,999.0,0,0,4.5324919604901055
TXN0331bd0d-1,CUST00051,2026-07-06 04:44:34,154808.44,web,wire_transfer,1,1,1,1,1,3,5.0,1,1,11.949950220190587
TXN6a9f687a-d,CUST00051,2026-07-09 09:55:28,4678.22,web,jewellery,0,1,0,0,0,0,999.0,0,0,8.450886708354593
TXN287e09f1-d,CUST00051,2026-07-12 20:47:14,2512.4,atm,retail,0,1,0,0,0,0,999.0,0,0,7.829391697181045
TXN71a84189-5,CUST00052,2026-06-20 16:03:09,2763.7,mobile,utilities,0,1,0,0,0,0,999.0,0,0,7.924687408974141
TXN785e02ee-4,CUST00052,2026-07-09 06:07:11,1427.31,web,electronics,0,1,1,1,0,0,5.0,0,0,7.264247206174327
TXN8706f724-b,CUST00052,2026-07-09 12:45:38,455.39,mobile,grocery,0,1,1,1,0,0,7.0,0,0,6.1233477071431475
TXN0f5c365a-2,CUST00053,2026-06-17 23:04:25,2117.82,mobile,grocery,0,1,0,0,0,0,999.0,0,0,7.658614608931089
TXN9aab1efb-0,CUST00053,2026-07-01 08:01:01,1647.18,branch,retail,0,1,0,0,0,0,999.0,0,0,7.4074269278059575
TXN290c9e51-8,CUST00053,2026-07-03 17:12:42,2150.61,mobile,electronics,0,1,0,0,0,0,999.0,0,0,7.673971678092321
TXN0361b157-b,CUST00053,2026-07-06 18:38:29,3916.39,mobile,electronics,0,1,0,0,0,0,999.0,0,0,8.27318089470385
TXN420fd9a8-d,CUST00054,2026-06-23 06:06:13,1709.18,mobile,travel,0,1,0,0,0,0,999.0,0,0,7.444353907114823
TXN744cc6ae-e,CUST00054,2026-07-02 07:54:36,3970.68,web,grocery,0,1,1,1,0,0,19.0,0,0,8.28694445797198
TXNee7385d8-6,CUST00054,2026-07-05 00:16:05,2116.75,mobile,electronics,1,1,0,0,0,0,999.0,0,0,7.6581094833116605
TXN178926f3-f,CUST00054,2026-07-05 06:13:41,1025.06,mobile,retail,0,1,0,0,0,0,999.0,0,0,6.9334815035530175
TXN6c726915-d,CUST00054,2026-07-06 01:57:31,2539.97,web,wire_transfer,0,1,0,0,0,0,999.0,0,0,7.840301176875025
TXN4e583dde-8,CUST00054,2026-07-15 18:32:56,1840.4,atm,grocery,0,1,0,0,0,0,999.0,0,0,7.518281430853746
TXN7a37f3d6-7,CUST00055,2026-06-17 00:52:14,7656.37,mobile,jewellery,0,1,0,0,0,0,999.0,0,0,8.943423861742712
TXN6680c5e3-3,CUST00055,2026-06-21 13:32:01,4238.81,web,utilities,1,1,1,1,0,0,18.0,0,0,8.352273735901191
TXNf9da4f55-b,CUST00055,2026-07-05 05:35:57,693.14,mobile,utilities,0,1,0,0,0,0,999.0,0,0,6.5426736692688525
TXNf37985df-f,CUST00055,2026-07-08 10:04:36,653.32,web,travel,1,1,0,0,0,0,999.0,0,0,6.483596528426719
TXN13c3fc1b-d,CUST00055,2026-07-11 22:57:54,947.15,mobile,retail,0,1,0,0,0,0,999.0,0,0,6.854512717586418
TXN646d2e33-3,CUST00055,2026-07-15 18:58:11,2201.79,web,utilities,0,1,0,0,0,0,999.0,0,0,7.697480017701247
TXN300ffa68-4,CUST00056,2026-06-18 09:32:13,2473.11,web,travel,0,1,0,0,0,0,999.0,0,0,7.813636014373063
TXN6c99ce56-a,CUST00056,2026-06-26 12:33:58,1873.64,mobile,utilities,0,1,0,0,0,0,999.0,0,0,7.536171919970152
TXN3d51d528-0,CUST00056,2026-06-29 20:54:43,5882.85,mobile,utilities,0,1,0,0,0,0,999.0,0,0,8.67996658853438
TXN67b4a019-a,CUST00056,2026-07-05 11:40:14,5062.99,mobile,retail,0,1,0,0,0,0,999.0,0,0,8.529909989098524
TXN1b4142aa-8,CUST00056,2026-07-05 21:08:40,8704.85,web,utilities,0,1,0,0,0,0,999.0,0,0,9.071750492466915
TXN0dfef633-2,CUST00056,2026-07-06 19:29:12,1147.38,web,retail,0,1,0,0,0,0,999.0,0,0,7.0461075325606
TXNede02d33-a,CUST00056,2026-07-08 15:38:08,208.59,mobile,jewellery,0,1,0,0,0,0,999.0,0,0,5.345153241385068
TXN1ab9f662-1,CUST00056,2026-07-09 13:09:31,9031.56,mobile,grocery,0,1,0,0,0,0,999.0,0,0,9.108591105678947
TXN02cf63a8-9,CUST00056,2026-07-14 03:11:59,8758.16,atm,electronics,0,1,0,0,0,0,999.0,0,0,9.077855288921699
TXNc75f41dc-9,CUST00056,2026-07-15 00:28:39,1313.57,mobile,wire_transfer,0,1,0,0,0,0,999.0,0,0,7.181264894939232
TXNacb83fce-b,CUST00057,2026-06-21 14:35:43,3079.87,web,jewellery,0,1,0,0,0,0,999.0,0,0,8.032967303613646
TXN0b7ce5c6-9,CUST00057,2026-06-25 00:02:12,2391.67,mobile,utilities,0,1,0,0,0,0,999.0,0,0,7.7801651761841955
TXN50814407-3,CUST00057,2026-06-27 01:07:12,2240.43,atm,electronics,0,1,0,0,0,0,999.0,0,0,7.714869334020191
TXNfb04c6b1-0,CUST00057,2026-06-28 03:15:54,318.21,atm,utilities,0,1,0,0,0,0,999.0,0,0,5.765849193405734
TXN15c52392-4,CUST00057,2026-06-30 22:33:10,3001.62,mobile,jewellery,0,1,0,0,0,0,999.0,0,0,8.007240519849914
TXN7bdac670-c,CUST00057,2026-07-07 11:24:20,835.54,web,wire_transfer,0,1,0,0,0,0,999.0,0,0,6.729274337574116
TXNe581c1bc-6,CUST00057,2026-07-08 09:22:42,1188.51,mobile,utilities,0,1,0,0,0,0,999.0,0,0,7.0812967366013275
TXN06103d84-2,CUST00057,2026-07-08 22:09:25,2488.97,mobile,wire_transfer,0,1,0,0,0,0,999.0,0,0,7.820025941193402
TXN808eadf2-1,CUST00057,2026-07-08 22:27:50,2746.12,mobile,wire_transfer,0,2,0,0,0,0,999.0,0,0,7.918308369160084
TXNf56febb1-4,CUST00057,2026-07-12 14:30:34,1078.17,mobile,retail,0,1,0,0,0,0,999.0,0,0,6.983947506138002
TXN5b182716-b,CUST00057,2026-07-13 08:05:11,8486.94,mobile,travel,1,1,1,1,0,0,14.0,0,0,9.04640161146582
TXN17dcabf5-5,CUST00057,2026-07-14 02:29:05,273.44,mobile,wire_transfer,0,1,0,0,0,0,999.0,0,0,5.61473265782269
TXN9bd65068-b,CUST00058,2026-06-18 04:07:52,2703.59,atm,grocery,0,1,0,0,0,0,999.0,0,0,7.902705608628002
TXNc4c557d8-e,CUST00058,2026-06-18 19:38:23,213.64,atm,jewellery,0,1,0,0,0,0,999.0,0,0,5.368962206117368
TXN099396ff-d,CUST00058,2026-06-23 03:00:41,632.65,mobile,wire_transfer,0,1,0,0,0,0,999.0,0,0,6.451496751528073
TXN3b482d28-b,CUST00058,2026-06-24 08:00:20,1484.06,mobile,retail,0,1,0,0,0,0,999.0,0,0,7.303210454460983
TXNb7f330ad-c,CUST00058,2026-06-24 16:15:44,778.25,mobile,jewellery,1,1,0,0,0,0,999.0,0,0,6.658331918647447
TXNae742530-c,CUST00058,2026-06-25 02:29:44,4835.09,mobile,grocery,0,1,0,0,0,0,999.0,0,0,8.483861821983348
TXN7a199807-6,CUST00058,2026-06-25 22:29:47,4078.56,mobile,retail,0,1,0,0,0,0,999.0,0,0,8.313744418445463
TXN806a29ad-f,CUST00058,2026-06-29 18:21:43,1351.54,mobile,travel,0,1,0,0,0,0,999.0,0,0,7.209739585144677
TXNa03e7003-e,CUST00058,2026-07-07 17:59:06,1036.07,mobile,jewellery,0,1,0,0,0,0,999.0,0,0,6.944154708362142
TXNaeb00fb9-2,CUST00058,2026-07-08 21:31:11,3197.23,mobile,grocery,0,1,0,0,0,0,999.0,0,0,8.070352810757752
TXNff3c03a6-3,CUST00059,2026-06-17 04:57:48,2465.72,mobile,utilities,0,1,0,0,0,0,999.0,0,0,7.810644611912029
TXNf540838e-1,CUST00059,2026-06-19 13:36:00,11110.33,mobile,retail,0,1,0,0,0,0,999.0,0,0,9.315720587439966
TXN21962a11-c,CUST00059,2026-06-21 11:45:46,131.18,mobile,travel,0,1,0,0,0,0,999.0,0,0,4.8841646300423065
TXN03d33907-c,CUST00059,2026-06-21 17:27:38,1745.42,atm,travel,0,1,0,0,0,0,999.0,0,0,7.4653232573002555
TXNfe914b95-a,CUST00059,2026-06-24 15:35:51,904.94,web,retail,0,1,0,0,0,0,999.0,0,0,6.808973078684433
TXN4f3e2a2c-d,CUST00059,2026-06-25 16:50:19,1875.96,web,grocery,0,1,0,0,0,0,999.0,0,0,7.53740872575741
TXNaed0cbcf-c,CUST00059,2026-06-26 05:00:00,18942.16,mobile,electronics,1,1,0,0,0,0,999.0,0,0,9.849198195484416
TXN0a3e4918-6,CUST00059,2026-06-26 07:02:30,2849.73,branch,travel,0,1,0,0,0,0,999.0,0,0,7.9553303808152345
TXN9f9bc7bd-5,CUST00059,2026-07-15 12:57:35,174.79,mobile,jewellery,0,1,0,0,0,0,999.0,0,0,5.1692901008118
TXN2b729d66-5,CUST00060,2026-06-17 01:57:33,338.13,mobile,electronics,0,1,0,0,0,0,999.0,0,0,5.826383514696429
TXNb5ed7ce8-2,CUST00060,2026-06-21 10:37:17,3932.9,web,jewellery,0,1,0,0,0,0,999.0,0,0,8.277386579205489
TXN5a765b48-5,CUST00060,2026-06-27 02:38:30,1136.34,mobile,jewellery,0,1,0,0,0,0,999.0,0,0,7.036447481590994
TXN11730df2-2,CUST00060,2026-06-30 00:25:35,3966.58,web,travel,1,1,0,0,0,0,999.0,0,0,8.285911616028404
TXNf8c01007-1,CUST00060,2026-07-01 22:27:30,839.15,branch,wire_transfer,0,1,0,0,0,0,999.0,0,0,6.733580447323951
TXN7fb8b6c6-1,CUST00060,2026-07-02 04:45:02,415.88,mobile,electronics,0,1,0,0,0,0,999.0,0,0,6.032798410600959
TXNec95ccf1-a,CUST00060,2026-07-02 14:51:44,303.96,mobile,jewellery,0,1,0,0,0,0,999.0,0,0,5.720180620465837
TXNc35d8f64-4,CUST00060,2026-07-05 08:42:41,6758.17,web,jewellery,0,1,0,0,0,0,999.0,0,0,8.81865538043371
TXNcc214b4e-f,CUST00060,2026-07-07 06:31:00,1829.32,mobile,utilities,1,1,0,0,0,0,999.0,0,0,7.512246093936625
TXNfc73e358-4,CUST00060,2026-07-14 03:10:19,6185.74,mobile,retail,0,1,0,0,0,0,999.0,0,0,8.730163571050106
TXNae3acdf2-e,CUST00061,2026-06-17 03:29:09,914.2,mobile,grocery,0,1,0,0,0,0,999.0,0,0,6.8191426206255334
TXNe09dd9e8-4,CUST00061,2026-06-18 08:09:52,244.1,mobile,wire_transfer,0,1,0,0,0,0,999.0,0,0,5.501666290534067
TXN8331d711-5,CUST00061,2026-06-22 12:32:09,949.39,mobile,wire_transfer,0,1,0,0,0,0,999.0,0,0,6.856872426667503
TXN279163f4-0,CUST00061,2026-06-27 14:48:57,1079.18,atm,travel,0,1,0,0,0,0,999.0,0,0,6.984882972897586
TXN504b10c8-f,CUST00061,2026-06-28 07:45:04,377.46,web,retail,0,1,0,0,0,0,999.0,0,0,5.936110386975904
TXN0e9b65bb-a,CUST00061,2026-07-01 21:57:33,11632.55,web,jewellery,1,1,0,0,0,0,999.0,0,0,9.361648443990806
TXN5d0c8205-0,CUST00061,2026-07-02 18:25:33,2404.38,mobile,grocery,0,1,0,0,0,0,999.0,0,0,7.785463174216524
TXNb32281f3-3,CUST00061,2026-07-06 15:23:09,139.96,web,travel,0,1,0,0,0,0,999.0,0,0,4.94847616218787
TXN0aecc94d-a,CUST00061,2026-07-08 00:58:42,6676.87,web,travel,0,1,0,0,0,0,999.0,0,0,8.806554353407858
TXN69c718ee-a,CUST00061,2026-07-10 17:03:30,1094.39,mobile,utilities,0,1,0,0,0,0,999.0,0,0,6.998865743222685
TXN68b666d6-6,CUST00061,2026-07-11 07:23:18,1060.89,web,utilities,0,1,0,0,0,0,999.0,0,0,6.967805618282871
TXN88fd5890-a,CUST00062,2026-06-23 08:53:48,1783.75,branch,utilities,1,1,0,0,0,0,999.0,0,0,7.48703362838257
TXNdfc8e060-6,CUST00062,2026-06-25 09:50:45,937.08,mobile,retail,1,1,0,0,0,0,999.0,0,0,6.843835233215905
TXN6035d9af-4,CUST00062,2026-06-26 11:47:40,1159.32,web,wire_transfer,0,1,0,0,0,0,999.0,0,0,7.056451108126431
TXNda948cdf-6,CUST00062,2026-06-27 07:09:57,4122.48,web,electronics,0,1,1,1,0,0,24.0,0,0,8.324452746013073
TXN1bbcb748-b,CUST00062,2026-06-27 23:19:16,1119.52,web,electronics,0,1,0,0,0,0,999.0,0,0,7.0215481422561625
TXN659e2deb-e,CUST00062,2026-07-01 14:52:50,2941.13,mobile,utilities,0,1,0,0,0,0,999.0,0,0,7.986889087812603
TXN5953ff90-1,CUST00062,2026-07-10 08:48:17,348.94,mobile,utilities,1,1,0,0,0,0,999.0,0,0,5.857761711216474
TXN1bef39f1-7,CUST00062,2026-07-15 06:27:53,1494.98,web,jewellery,0,1,0,0,0,0,999.0,0,0,7.3105367894611
TXN1d447f41-7,CUST00063,2026-06-24 15:27:41,272.09,web,electronics,0,1,0,0,0,0,999.0,0,0,5.609801411185307
TXN66ca0baf-3,CUST00063,2026-06-25 01:33:44,791.71,web,travel,0,1,1,1,0,0,10.0,0,0,6.675457454876446
TXN57a911b3-5,CUST00063,2026-07-08 06:16:25,301.66,branch,utilities,0,1,0,0,0,0,999.0,0,0,5.7126100632588805
TXN366f4268-7,CUST00063,2026-07-09 20:36:16,5804.09,mobile,travel,0,1,0,0,0,0,999.0,0,0,8.666490397887777
TXN9175fc63-5,CUST00064,2026-06-20 12:58:23,1289.08,web,travel,0,1,0,0,0,0,999.0,0,0,7.162459510936712
TXNc632554b-9,CUST00064,2026-06-23 22:01:24,2944.63,web,utilities,0,1,0,0,0,0,999.0,0,0,7.988077995109188
TXN8b8a7166-0,CUST00064,2026-07-07 12:58:59,4351.28,web,jewellery,0,1,0,0,0,0,999.0,0,0,8.378455124701457
TXNcefc0e85-e,CUST00064,2026-07-09 00:11:34,2021.19,mobile,travel,0,1,0,0,0,0,999.0,0,0,7.6119363615357845
TXN2540647b-7,CUST00064,2026-07-09 21:34:17,1831.94,mobile,electronics,0,1,0,0,0,0,999.0,0,0,7.513676514079739
TXN14eae37c-6,CUST00065,2026-06-18 09:14:11,1484.8,branch,retail,0,1,0,0,0,0,999.0,0,0,7.303708626717706
TXNe51bdfff-1,CUST00065,2026-06-19 07:13:50,2660.2,web,electronics,0,1,0,0,0,0,999.0,0,0,7.886532427867732
TXNf69f239b-5,CUST00065,2026-06-28 06:21:41,203.89,web,jewellery,0,1,0,0,0,0,999.0,0,0,5.322473249759108
TXN36cf9429-8,CUST00065,2026-06-28 21:23:51,6839.32,web,jewellery,0,1,0,0,0,0,999.0,0,0,8.830589793148008
TXN4087be6a-4,CUST00065,2026-07-06 16:27:56,457.37,branch,wire_transfer,0,1,0,0,0,0,999.0,0,0,6.127676718232733
TXN362465c1-0,CUST00065,2026-07-09 06:43:32,3580.94,mobile,utilities,1,1,0,0,0,0,999.0,0,0,8.183659832061608
TXN2448ef43-1,CUST00065,2026-07-10 06:22:06,5136.18,mobile,grocery,1,1,0,0,0,0,999.0,0,0,8.544259569759944
TXNc234af07-f,CUST00065,2026-07-10 19:21:27,5280.04,web,travel,0,1,0,0,0,0,999.0,0,0,8.571878327001293
TXN2f1fc132-4,CUST00065,2026-07-11 05:44:12,3916.67,web,wire_transfer,0,1,0,0,0,0,999.0,0,0,8.273252368310974
TXN73905263-b,CUST00065,2026-07-13 22:58:54,1994.23,mobile,jewellery,0,1,0,0,0,0,999.0,0,0,7.598514610899339
TXNfa82f65d-6,CUST00065,2026-07-15 22:04:14,4606.42,web,travel,0,1,0,0,0,0,999.0,0,0,8.435423326398123
TXN6fd1134e-b,CUST00066,2026-06-17 02:22:26,161.14,mobile,retail,0,1,0,0,0,0,999.0,0,0,5.088460159559561
TXN32d7cc22-2,CUST00066,2026-06-17 20:55:14,1719.77,web,wire_transfer,0,1,0,0,0,0,999.0,0,0,7.450527144049807
TXN8f97b21d-0,CUST00066,2026-06-20 09:36:45,1716.0,web,utilities,0,1,0,0,0,0,999.0,0,0,7.448333860897476
TXN32d4d3a5-9,CUST00066,2026-06-24 13:11:54,2278.5,atm,travel,0,1,0,0,0,0,999.0,0,0,7.731711399653496
TXNc8aae0c8-b,CUST00066,2026-06-28 12:15:32,4582.18,web,wire_transfer,0,1,0,0,0,0,999.0,0,0,8.430148359321537
TXN92004957-b,CUST00066,2026-07-05 03:47:51,684.84,mobile,grocery,0,1,0,0,0,0,999.0,0,0,6.5306443643705006
TXN9417e0f5-a,CUST00066,2026-07-10 19:17:44,11626.22,branch,wire_transfer,0,1,0,0,0,0,999.0,0,0,9.361104179965475
TXNaa000756-5,CUST00066,2026-07-14 22:49:56,141855.64,mobile,wire_transfer,1,1,1,1,1,2,11.0,1,1,11.862572249152018
TXN7b4bcaf8-6,CUST00066,2026-07-15 21:23:01,700.99,web,wire_transfer,0,1,0,0,0,0,999.0,0,0,6.553919158910105
TXNbbfecb11-f,CUST00067,2026-06-20 19:32:42,459.93,mobile,grocery,0,1,0,0,0,0,999.0,0,0,6.133246187649421
TXNbbae2fbd-b,CUST00067,2026-07-03 05:14:48,2965.53,atm,travel,0,1,0,0,0,0,999.0,0,0,7.995148198575255
TXNe58118d1-2,CUST00067,2026-07-05 19:40:08,830.22,web,retail,0,1,0,0,0,0,999.0,0,0,6.722894501093232
TXNcac19d2e-1,CUST00067,2026-07-06 18:49:06,818.74,web,wire_transfer,0,1,0,0,0,0,999.0,0,0,6.708987216809241
TXN43470982-6,CUST00067,2026-07-07 10:05:33,524.15,mobile,travel,0,1,0,0,0,0,999.0,0,0,6.263683936068785
TXN7fdbabc1-2,CUST00067,2026-07-10 08:53:56,999.58,mobile,retail,0,1,0,0,0,0,999.0,0,0,6.908335110847146
TXNc63e0e47-8,CUST00068,2026-06-20 15:51:21,827.69,mobile,travel,1,1,0,0,0,0,999.0,0,0,6.719846140689151
TXN300a491a-f,CUST00068,2026-06-21 19:13:18,1011.27,atm,utilities,1,1,0,0,0,0,999.0,0,0,6.9199506126820145
TXNdb75dada-d,CUST00068,2026-06-21 20:26:12,3482.57,web,jewellery,0,1,0,0,0,0,999.0,0,0,8.155812909000586
TXNfcfd348c-0,CUST00068,2026-06-23 00:30:29,3392.55,mobile,utilities,0,1,0,0,0,0,999.0,0,0,8.129631850085659
TXN09572517-1,CUST00068,2026-06-25 19:33:43,40725.81,web,wire_transfer,1,1,1,1,1,4,13.0,1,1,10.614641876927065
TXNa3900655-7,CUST00068,2026-06-26 06:06:47,1348.47,mobile,utilities,0,1,0,0,0,0,999.0,0,0,7.207467201755235
TXNf481b9cb-9,CUST00069,2026-06-16 20:25:10,4343.72,web,jewellery,0,1,0,0,0,0,999.0,0,0,8.376716593735798
TXN3754c5ec-6,CUST00069,2026-06-17 22:33:50,1125.84,web,electronics,0,1,0,0,0,0,999.0,0,0,7.027172534129695
TXN5d21a235-d,CUST00069,2026-06-21 04:49:44,14698.86,mobile,jewellery,1,1,0,0,0,0,999.0,0,0,9.595593248911952
TXN30efcbd3-f,CUST00069,2026-06-21 09:27:04,4389.56,mobile,travel,0,1,0,0,0,0,999.0,0,0,8.387212060576164
TXN5a0ae917-6,CUST00069,2026-06-28 03:09:02,2330.23,branch,wire_transfer,0,1,0,0,0,0,999.0,0,0,7.754151304266853
TXNffc19ef6-a,CUST00069,2026-07-02 20:06:33,1152.44,mobile,travel,0,1,0,0,0,0,999.0,0,0,7.050504060656269
TXN1fef4fb0-d,CUST00069,2026-07-10 02:08:42,45.5,web,travel,0,1,0,0,0,0,999.0,0,0,3.8394523125933104
TXN4e954929-e,CUST00069,2026-07-15 18:31:41,1048.34,web,jewellery,0,1,0,0,0,0,999.0,0,0,6.9559166740891545
TXN6d0473e7-8,CUST00069,2026-07-16 03:38:38,3967.87,mobile,travel,0,1,1,1,0,0,19.0,0,0,8.28623669840437
TXN55f8bbb8-c,CUST00070,2026-06-21 08:42:54,2524.92,mobile,jewellery,0,1,0,0,0,0,999.0,0,0,7.834360631783417
TXN75757602-2,CUST00070,2026-06-23 05:47:13,551.2,mobile,retail,0,1,0,0,0,0,999.0,0,0,6.3139102994960545
TXN8d814215-2,CUST00070,2026-06-30 01:36:11,1847.4,branch,jewellery,0,1,0,0,0,0,999.0,0,0,7.522075678996111
TXN6f959489-8,CUST00070,2026-07-04 09:15:06,10382.8,web,wire_transfer,0,1,0,0,0,0,999.0,0,0,9.24800217835777
TXNa8dbe9a1-d,CUST00070,2026-07-09 13:38:50,244814.32,web,wire_transfer,1,1,1,1,1,2,5.0,1,1,12.408259409361502
TXN043486c3-a,CUST00071,2026-06-21 09:02:21,7555.16,web,travel,0,1,0,0,0,0,999.0,0,0,8.930118403622195
TXN1a8a76f3-6,CUST00071,2026-06-23 10:47:42,5199.59,atm,grocery,0,1,0,0,0,0,999.0,0,0,8.556527359671707
TXNa22eb45b-1,CUST00071,2026-07-01 03:05:46,5951.86,atm,grocery,0,1,0,0,0,0,999.0,0,0,8.691627055322673
TXNa254da12-6,CUST00071,2026-07-02 03:22:15,1127.1,mobile,travel,0,1,0,0,0,0,999.0,0,0,7.028290080610875
TXNf01a5097-9,CUST00071,2026-07-02 07:15:51,432.15,web,utilities,0,1,0,0,0,0,999.0,0,0,6.071084088336149
TXN1966d047-d,CUST00071,2026-07-05 22:13:34,1127.91,web,jewellery,1,1,0,0,0,0,999.0,0,0,7.029007844408798
TXNd655005d-c,CUST00071,2026-07-07 06:33:30,5225.19,branch,electronics,0,1,0,0,0,0,999.0,0,0,8.561437802097817
TXN9fb30a4d-c,CUST00071,2026-07-10 23:56:39,251.24,mobile,electronics,0,1,0,0,0,0,999.0,0,0,5.530381015236806
TXN1d4ff1c8-6,CUST00072,2026-06-21 14:52:51,6556.97,mobile,wire_transfer,1,1,0,0,0,0,999.0,0,0,8.788436382828714
TXNc6e19fd7-3,CUST00072,2026-06-24 18:34:07,417.51,web,wire_transfer,0,1,0,0,0,0,999.0,0,0,6.036700784506657
TXNf35757c5-7,CUST00072,2026-07-02 08:24:03,360.87,atm,jewellery,0,1,0,0,0,0,999.0,0,0,5.891285031306071
TXNce4d89f3-9,CUST00072,2026-07-09 03:51:53,1206.45,mobile,electronics,0,1,0,0,0,0,999.0,0,0,7.096265976801903
TXNda095b0c-4,CUST00072,2026-07-09 21:46:01,3915.85,web,utilities,0,1,0,0,0,0,999.0,0,0,8.273043038319349
TXNc8ddd9bb-b,CUST00073,2026-06-20 21:22:20,2333.92,web,travel,0,1,0,0,0,0,999.0,0,0,7.755732908274098
TXNe8724434-6,CUST00073,2026-06-23 02:10:03,6175.53,branch,wire_transfer,0,1,0,0,0,0,999.0,0,0,8.728511904084801
TXNcb33478a-f,CUST00073,2026-06-29 00:09:32,866.71,web,wire_transfer,0,1,0,0,0,0,999.0,0,0,6.76585755745356
TXNac5d7133-6,CUST00073,2026-06-30 15:00:43,956.9,mobile,retail,0,1,0,0,0,0,999.0,0,0,6.864743388388846
TXN81ef8162-3,CUST00073,2026-07-03 03:53:13,1240.95,mobile,wire_transfer,0,1,0,0,0,0,999.0,0,0,7.1244380040341095
TXNa89f5f9d-e,CUST00073,2026-07-05 00:39:18,2240.79,web,jewellery,0,1,0,0,0,0,999.0,0,0,7.715029932875824
TXNe71594ff-d,CUST00073,2026-07-07 17:05:52,3265.69,atm,utilities,0,1,0,0,0,0,999.0,0,0,8.091532518822186
TXNf08aba21-0,CUST00073,2026-07-14 11:03:22,3129.95,web,grocery,1,1,0,0,0,0,999.0,0,0,8.049091751860026
TXNe8b81813-e,CUST00073,2026-07-15 05:57:48,1660.3,branch,wire_transfer,0,1,0,0,0,0,999.0,0,0,7.415355707392433
TXN64305373-f,CUST00074,2026-06-21 16:10:53,2415.28,mobile,grocery,0,1,0,0,0,0,999.0,0,0,7.789984446379245
TXN6e15c527-f,CUST00074,2026-06-22 15:09:31,2514.09,web,grocery,0,1,0,0,0,0,999.0,0,0,7.830063867181832
TXNd73cad84-5,CUST00074,2026-07-04 22:57:33,843.12,web,retail,0,1,0,0,0,0,999.0,0,0,6.738294664584112
TXN2ba009ec-5,CUST00074,2026-07-07 01:38:40,24557.29,mobile,travel,0,1,0,0,0,0,999.0,0,0,10.10880475442995
TXN06b81c8a-0,CUST00074,2026-07-14 07:24:20,2059.34,mobile,jewellery,0,1,0,0,0,0,999.0,0,0,7.630626296708304
TXNbdc242a8-d,CUST00074,2026-07-15 03:28:10,2044.2,web,jewellery,0,1,0,0,0,0,999.0,0,0,7.623250863205844
TXNba65983d-f,CUST00075,2026-06-18 04:00:48,981.89,web,travel,0,1,0,0,0,0,999.0,0,0,6.890497211545856
TXN5170a2ef-e,CUST00075,2026-06-22 11:50:45,386.6,mobile,jewellery,0,1,0,0,0,0,999.0,0,0,5.959973880016611
TXNf07bf9bb-2,CUST00075,2026-06-23 13:57:06,455.06,web,jewellery,0,1,0,0,0,0,999.0,0,0,6.1226243798060045
TXN64b078a7-a,CUST00075,2026-07-01 20:04:50,1333.31,mobile,travel,0,1,0,0,0,0,999.0,0,0,7.19616958328673
TXN3b20d154-6,CUST00075,2026-07-09 17:14:23,18037.42,web,utilities,0,1,0,0,0,0,999.0,0,0,9.800259206632427
TXNee93a4d0-c,CUST00075,2026-07-10 18:20:50,863.6,web,utilities,0,1,0,0,0,0,999.0,0,0,6.762266972233531
TXNc31db215-d,CUST00076,2026-06-19 01:14:39,1797.91,branch,jewellery,0,1,0,0,0,0,999.0,0,0,7.4949362049058825
TXN52891c31-f,CUST00076,2026-06-24 05:28:24,4288.55,branch,grocery,0,1,0,0,0,0,999.0,0,0,8.363937111315291
TXN93b1ee1d-a,CUST00076,2026-06-26 17:22:55,1012.19,atm,jewellery,0,1,0,0,0,0,999.0,0,0,6.920859048359114
TXN20572e73-c,CUST00076,2026-07-04 18:53:50,4213.02,mobile,jewellery,0,1,0,0,0,0,999.0,0,0,8.346172340437352
TXNc520d50f-a,CUST00076,2026-07-05 11:37:17,3968.8,mobile,wire_transfer,0,1,0,0,0,0,999.0,0,0,8.286470994578478
TXN06905ba5-1,CUST00076,2026-07-07 00:10:31,255.84,web,travel,0,1,0,0,0,0,999.0,0,0,5.548453322925848
TXNd65bc676-4,CUST00076,2026-07-10 03:59:02,2803.55,web,travel,0,1,0,0,0,0,999.0,0,0,7.938998377279393
TXN067965ab-6,CUST00077,2026-06-19 03:03:29,1921.23,atm,wire_transfer,0,1,0,0,0,0,999.0,0,0,7.561241249384239
TXN1c66021e-1,CUST00077,2026-06-22 06:24:53,2577.96,mobile,electronics,0,1,0,0,0,0,999.0,0,0,7.855141495873512
TXNf8ef32ee-e,CUST00077,2026-06-22 20:30:37,7476.4,mobile,jewellery,0,1,0,0,0,0,999.0,0,0,8.919640416960982
TXNb9ef9fa8-3,CUST00077,2026-06-23 15:58:22,6317.76,mobile,electronics,0,1,0,0,0,0,999.0,0,0,8.751278265359023
TXNfc1bb61a-a,CUST00077,2026-06-23 17:05:40,506.42,web,electronics,0,1,0,0,0,0,999.0,0,0,6.229339063022186
TXNfbc1085b-2,CUST00077,2026-06-24 10:43:04,17215.74,web,electronics,0,1,0,0,0,0,999.0,0,0,9.753637445309133
TXN60cb9e17-c,CUST00077,2026-06-24 15:59:38,2805.72,branch,retail,0,1,0,0,0,0,999.0,0,0,7.939771820763017
TXN9e3bc735-0,CUST00077,2026-06-25 23:17:55,1398.15,web,grocery,0,1,0,0,0,0,999.0,0,0,7.243620188360347
TXNa70bba9c-3,CUST00077,2026-06-25 23:57:16,979.99,web,retail,0,2,0,0,0,0,999.0,0,0,6.888562265833489
TXNc7101f3d-a,CUST00077,2026-06-30 15:08:04,302.46,atm,utilities,0,1,1,1,0,0,18.0,0,0,5.715249806097095
TXN0d3f69ed-a,CUST00077,2026-07-09 12:06:18,156247.48,web,wire_transfer,1,1,1,1,1,2,7.0,1,1,11.959202839551331
TXN24ce1460-e,CUST00077,2026-07-11 12:31:31,523.22,web,grocery,0,1,0,0,0,0,999.0,0,0,6.261911443538058
TXN319ec58b-4,CUST00077,2026-07-14 10:43:05,1874.14,mobile,jewellery,0,1,0,0,0,0,999.0,0,0,7.536438602283761
TXNe9a7f5e0-5,CUST00078,2026-06-17 01:31:04,217.22,mobile,retail,0,1,1,1,0,0,8.0,0,0,5.3855037282269524
TXN4312153d-4,CUST00078,2026-06-20 20:24:16,4676.28,web,jewellery,0,1,1,1,0,0,5.0,0,0,8.450472023370294
TXN13cf44fe-1,CUST00078,2026-07-05 01:10:47,1179.25,mobile,wire_transfer,0,1,0,0,0,0,999.0,0,0,7.073481559426396
TXN6b7f0864-a,CUST00078,2026-07-07 13:14:47,2919.44,mobile,utilities,1,1,0,0,0,0,999.0,0,0,7.979489568842
TXN19c59f2d-6,CUST00078,2026-07-11 05:54:00,5453.76,mobile,grocery,0,1,0,0,0,0,999.0,0,0,8.604243900965665
TXN69eb337c-0,CUST00078,2026-07-14 07:09:46,1294.87,web,wire_transfer,0,1,0,0,0,0,999.0,0,0,7.166937563238997
TXNa02cbed2-f,CUST00078,2026-07-15 06:45:14,1451.88,mobile,electronics,0,1,0,0,0,0,999.0,0,0,7.281303072410243
TXN1f683d6f-9,CUST00078,2026-07-15 10:34:17,1383.84,branch,wire_transfer,0,1,1,1,0,0,15.0,0,0,7.233339888482385
TXN999921ec-9,CUST00079,2026-06-16 18:12:10,1103.34,web,jewellery,0,1,0,0,0,0,999.0,0,0,7.007003150438194
TXNa2307350-5,CUST00079,2026-06-19 13:58:51,221.41,web,jewellery,0,1,1,1,0,0,22.0,0,0,5.404522525394353
TXN58c6d166-f,CUST00079,2026-06-22 04:41:41,5784.27,mobile,grocery,0,1,0,0,0,0,999.0,0,0,8.663070310967347
TXN1e014975-0,CUST00079,2026-06-22 12:34:28,2594.83,web,utilities,0,1,0,0,0,0,999.0,0,0,7.861661590317625
TXN293e16b3-c,CUST00079,2026-06-25 11:24:44,4215.49,mobile,wire_transfer,1,1,0,0,0,0,999.0,0,0,8.346758307376641
TXNa197339c-9,CUST00079,2026-07-10 05:13:02,401.27,mobile,jewellery,0,1,0,0,0,0,999.0,0,0,5.99712350495966
TXNe754d4c3-0,CUST00079,2026-07-13 11:51:25,6187.09,atm,jewellery,0,1,0,0,0,0,999.0,0,0,8.73038175586644
TXN85915036-2,CUST00080,2026-06-18 09:36:18,3793.33,mobile,utilities,0,1,0,0,0,0,999.0,0,0,8.24126312615369
TXN89344b06-0,CUST00080,2026-06-20 14:34:41,3761.39,branch,grocery,0,1,0,0,0,0,999.0,0,0,8.232809672749356
TXN1f20c257-e,CUST00080,2026-06-20 18:19:07,327.47,web,jewellery,0,1,0,0,0,0,999.0,0,0,5.7944455095534435
TXN078d27e5-3,CUST00080,2026-06-30 17:49:55,80399.5,web,wire_transfer,1,1,1,1,1,3,19.0,1,1,11.294775674053193
TXN5d697934-d,CUST00080,2026-07-01 02:13:27,759.73,mobile,grocery,0,1,0,0,0,0,999.0,0,0,6.6342784985859495
TXN155c8139-3,CUST00080,2026-07-10 07:24:26,3543.84,web,grocery,0,1,0,0,0,0,999.0,0,0,8.173248303956122
TXNc2ce56bd-8,CUST00080,2026-07-12 22:18:12,1563.68,mobile,wire_transfer,1,1,0,0,0,0,999.0,0,0,7.355436609223381
TXN33013b08-7,CUST00081,2026-06-21 07:21:14,9218.57,web,retail,0,1,0,0,0,0,999.0,0,0,9.12908367771903
TXN77902ddf-4,CUST00081,2026-06-23 00:21:49,3256.69,web,utilities,0,1,0,0,0,0,999.0,0,0,8.088773634235887
TXN32a807cc-2,CUST00081,2026-06-24 10:16:51,229.94,mobile,retail,0,1,1,1,0,0,25.0,0,0,5.44215793652371
TXNb544f70c-5,CUST00081,2026-06-25 15:07:18,342.76,mobile,jewellery,0,1,0,0,0,0,999.0,0,0,5.839943739466739
TXN6fa1c232-7,CUST00081,2026-06-29 23:11:21,937.75,mobile,grocery,0,1,0,0,0,0,999.0,0,0,6.844549203078344
TXN2067902b-f,CUST00081,2026-07-03 14:14:46,647.05,web,grocery,0,1,0,0,0,0,999.0,0,0,6.473967853869384
TXNec1f0155-6,CUST00081,2026-07-13 04:37:12,534.52,mobile,electronics,0,1,0,0,0,0,999.0,0,0,6.283238237463016
TXN1a574cee-6,CUST00082,2026-06-19 22:12:21,3799.6,web,travel,0,1,0,0,0,0,999.0,0,0,8.242914227987256
TXN620f4af4-9,CUST00082,2026-06-20 19:39:44,1419.39,mobile,travel,0,1,0,0,0,0,999.0,0,0,7.258686760773804
TXNd1c06099-a,CUST00082,2026-06-21 06:06:58,2024.16,mobile,utilities,0,1,1,1,0,0,16.0,0,0,7.613403988765008
TXN5199839c-d,CUST00082,2026-06-21 20:08:52,384.6,web,electronics,1,1,0,0,0,0,999.0,0,0,5.9548005627363905
TXN5a58abba-9,CUST00082,2026-06-23 14:29:10,1571.6,atm,utilities,0,1,0,0,0,0,999.0,0,0,7.360485579557416
TXN966b91e7-c,CUST00082,2026-06-25 20:25:37,273.79,web,grocery,0,1,0,0,0,0,999.0,0,0,5.616007169584166
TXN6ef7ffc3-7,CUST00082,2026-07-01 20:35:11,1685.61,branch,electronics,0,1,0,0,0,0,999.0,0,0,7.43047587621107
TXNb7a745e2-e,CUST00082,2026-07-07 03:33:39,1426.61,branch,utilities,0,1,0,0,0,0,999.0,0,0,7.263756996354711
TXN34b16488-c,CUST00082,2026-07-11 07:51:22,35663.17,web,electronics,0,1,0,0,0,0,999.0,0,0,10.481901822325819
TXN98a91187-6,CUST00082,2026-07-15 19:15:12,688.67,mobile,travel,0,1,0,0,0,0,999.0,0,0,6.5362132223185325
TXNe3b2f985-2,CUST00083,2026-06-21 14:20:13,1303.0,web,retail,0,1,0,0,0,0,999.0,0,0,7.1731917424865985
TXN252151f9-5,CUST00083,2026-06-24 01:09:37,3850.52,web,utilities,0,1,0,0,0,0,999.0,0,0,8.256223154561571
TXN65f76d06-5,CUST00083,2026-06-24 18:56:06,1122.45,mobile,jewellery,0,1,0,0,0,0,999.0,0,0,7.02415958685224
TXN40c8c7a3-8,CUST00083,2026-07-01 09:09:22,7673.15,web,jewellery,0,1,0,0,0,0,999.0,0,0,8.945612817136587
TXNcf1d46be-2,CUST00083,2026-07-03 06:09:20,12438.03,atm,wire_transfer,0,1,0,0,0,0,999.0,0,0,9.42859438897649
TXN9a980457-4,CUST00083,2026-07-12 04:16:59,636.75,mobile,grocery,0,1,1,1,0,0,5.0,0,0,6.457946357021921
TXN2f981e44-c,CUST00083,2026-07-12 07:27:16,1209.95,web,jewellery,0,1,0,0,0,0,999.0,0,0,7.099160454509134
TXNf34bfa59-a,CUST00083,2026-07-13 06:35:35,5810.27,mobile,retail,0,1,0,0,0,0,999.0,0,0,8.667554414599216
TXN37164f31-1,CUST00083,2026-07-15 06:05:28,717.27,mobile,retail,0,1,0,0,0,0,999.0,0,0,6.576845542929431
TXN02774ef3-1,CUST00084,2026-06-29 11:30:30,7914.08,mobile,wire_transfer,0,1,0,0,0,0,999.0,0,0,8.976525079655064
TXN3b8ede31-e,CUST00084,2026-07-03 16:26:29,3595.34,web,grocery,0,1,0,0,0,0,999.0,0,0,8.187671940621433
TXNb780606a-0,CUST00084,2026-07-04 11:15:24,215.4,web,utilities,0,1,0,0,0,0,999.0,0,0,5.377128546972327
TXN9145aa38-7,CUST00084,2026-07-06 19:17:21,1854.53,web,utilities,0,1,0,0,0,0,999.0,0,0,7.5259256485186965
TXN489af195-6,CUST00084,2026-07-07 06:22:56,2236.78,web,wire_transfer,0,1,0,0,0,0,999.0,0,0,7.7132395819845
TXNceb380ac-e,CUST00085,2026-06-20 08:35:41,3229.28,mobile,utilities,0,1,0,0,0,0,999.0,0,0,8.080324099766077
TXN92ee4820-1,CUST00085,2026-06-24 12:22:14,2021.01,web,retail,0,1,0,0,0,0,999.0,0,0,7.611847345166605
TXN37abaed7-8,CUST00085,2026-06-27 14:31:46,7637.7,mobile,jewellery,1,1,0,0,0,0,999.0,0,0,8.940982710614147
TXNb75d2f0c-4,CUST00085,2026-07-01 08:07:17,2841.51,mobile,travel,0,1,0,0,0,0,999.0,0,0,7.952442743648406
TXNd03a9ed2-5,CUST00085,2026-07-07 01:58:36,293.8,web,wire_transfer,0,1,0,0,0,0,999.0,0,0,5.686297160315181
TXNaea03292-6,CUST00085,2026-07-13 09:38:34,118.33,branch,jewellery,0,1,1,1,0,0,10.0,0,0,4.781892764381564
TXN1e87c27e-6,CUST00086,2026-06-16 20:29:37,803.11,web,wire_transfer,0,1,0,0,0,0,999.0,0,0,6.68973607574092
TXN0bfa8cd5-7,CUST00086,2026-06-22 13:16:34,8127.66,mobile,grocery,0,1,0,0,0,0,999.0,0,0,9.003151367309059
TXN0490eb68-4,CUST00086,2026-06-24 16:21:15,689.27,web,jewellery,0,1,0,0,0,0,999.0,0,0,6.537082825399551
TXN99f75c76-2,CUST00086,2026-07-03 06:01:29,3847.68,mobile,wire_transfer,0,1,0,0,0,0,999.0,0,0,8.255485511350024
TXN0cb68029-3,CUST00086,2026-07-10 15:59:06,1390.16,web,wire_transfer,0,1,0,0,0,0,999.0,0,0,7.23789321047031
TXN3c862582-6,CUST00086,2026-07-12 03:17:39,4085.43,web,retail,0,1,0,0,0,0,999.0,0,0,8.315427007236487
TXN5133577b-4,CUST00087,2026-06-18 05:16:40,1177.74,branch,grocery,0,1,0,0,0,0,999.0,0,0,7.072201350348585
TXN565f2ea8-0,CUST00087,2026-06-22 05:19:23,765.36,mobile,electronics,0,1,0,0,0,0,999.0,0,0,6.641652033227792
TXN784aee43-1,CUST00087,2026-06-26 20:14:23,201487.48,mobile,wire_transfer,1,1,1,1,1,2,15.0,1,1,12.213487487518657
TXN6a429bd5-c,CUST00087,2026-06-27 01:21:46,14567.93,branch,wire_transfer,0,1,0,0,0,0,999.0,0,0,9.586646457920098
TXN9364ecb5-d,CUST00087,2026-06-27 10:13:26,3738.75,mobile,travel,0,1,0,0,0,0,999.0,0,0,8.22677404325457
TXN88914b26-e,CUST00087,2026-06-28 14:59:51,1764.65,atm,jewellery,0,1,0,0,0,0,999.0,0,0,7.476274173526599
TXNf783b6f6-d,CUST00087,2026-07-04 21:40:38,16118.16,mobile,retail,0,1,0,0,0,0,999.0,0,0,9.687763905521747
TXN7636ae1c-e,CUST00087,2026-07-11 10:29:08,489.12,mobile,retail,0,1,0,0,0,0,999.0,0,0,6.194650259081246
TXN146b9fbc-6,CUST00088,2026-06-19 06:59:18,3849.55,mobile,grocery,0,1,0,0,0,0,999.0,0,0,8.255971274221578
TXNe914ae70-f,CUST00088,2026-06-23 23:05:09,649.3,mobile,electronics,1,1,0,0,0,0,999.0,0,0,6.477433794875106
TXN4c66d04f-6,CUST00088,2026-06-25 12:53:22,1218.22,mobile,retail,1,1,0,0,0,0,999.0,0,0,7.105966588997309
TXNf00d5a65-5,CUST00088,2026-06-28 15:25:41,1895.68,mobile,electronics,0,1,0,0,0,0,999.0,0,0,7.547860268304535
TXN23841977-0,CUST00088,2026-06-29 13:58:08,186.45,mobile,electronics,0,1,0,0,0,0,999.0,0,0,5.233512143181921
TXN7e6ae55c-5,CUST00088,2026-06-30 23:36:13,2555.21,mobile,retail,0,1,0,0,0,0,999.0,0,0,7.846280971746921
TXN39590149-0,CUST00088,2026-07-04 04:40:05,3848.9,mobile,utilities,0,1,0,0,0,0,999.0,0,0,8.255802452918525
TXN7e4b4f10-7,CUST00088,2026-07-10 09:16:31,4034.95,mobile,grocery,0,1,0,0,0,0,999.0,0,0,8.302996992893293
TXN39f18027-6,CUST00089,2026-06-16 18:46:09,2112.62,mobile,jewellery,0,1,0,0,0,0,999.0,0,0,7.656157396251679
TXNb95f22d5-3,CUST00089,2026-06-21 20:56:05,11394.43,mobile,retail,0,1,0,0,0,0,999.0,0,0,9.340967676816861
TXN0d700c8b-d,CUST00089,2026-06-22 06:24:11,15963.86,mobile,grocery,0,1,0,0,0,0,999.0,0,0,9.678145335927846
TXN612a9cc6-c,CUST00089,2026-06-22 14:56:40,397.29,mobile,grocery,1,1,0,0,0,0,999.0,0,0,5.98718038316893
TXN0b070a68-c,CUST00089,2026-06-22 16:28:16,3665.07,mobile,jewellery,0,1,0,0,0,0,999.0,0,0,8.206875522598152
TXN0143d636-f,CUST00089,2026-06-26 03:50:32,806.82,branch,wire_transfer,0,1,0,0,0,0,999.0,0,0,6.694339261426438
TXNecc38555-2,CUST00089,2026-06-27 23:32:53,11732.86,mobile,jewellery,0,1,0,0,0,0,999.0,0,0,9.370233958274353
TXN85924e5f-1,CUST00089,2026-06-28 12:11:19,303.04,web,electronics,0,1,0,0,0,0,999.0,0,0,5.71715927169784
TXNa30c1e0e-6,CUST00089,2026-06-30 03:33:01,546.93,web,jewellery,0,1,1,1,0,0,20.0,0,0,6.306147541562644
TXN25e36ccd-d,CUST00089,2026-06-30 04:48:50,1985.87,web,jewellery,0,1,0,0,0,0,999.0,0,0,7.594315815147273
TXNb01ba134-5,CUST00089,2026-07-05 09:02:28,195.8,mobile,retail,0,1,0,0,0,0,999.0,0,0,5.282187984618153
TXN4de5f4af-f,CUST00089,2026-07-05 21:53:21,1429.32,web,wire_transfer,0,1,0,0,0,0,999.0,0,0,7.265653474443565
TXNd0ef0cd4-5,CUST00089,2026-07-06 22:33:55,4742.67,web,retail,0,1,0,0,0,0,999.0,0,0,8.46456637670661
TXNdc83f96f-5,CUST00089,2026-07-07 19:53:15,18653.6,mobile,travel,0,1,0,0,0,0,999.0,0,0,9.833848043452715
TXN1eb1dc0c-7,CUST00089,2026-07-15 11:39:23,12254.3,web,electronics,0,1,0,0,0,0,999.0,0,0,9.413713775466748
TXNd9a3ac28-e,CUST00089,2026-07-16 11:34:17,257.94,mobile,grocery,0,1,0,0,0,0,999.0,0,0,5.556596374630502
TXN7a59697d-9,CUST00090,2026-06-21 12:04:45,291.16,web,grocery,0,1,0,0,0,0,999.0,0,0,5.677301597406604
TXN7b92a41d-b,CUST00090,2026-06-23 17:16:42,3746.17,mobile,utilities,0,1,0,0,0,0,999.0,0,0,8.228756167393554
TXN47d1931c-f,CUST00090,2026-06-25 15:48:55,2157.52,branch,grocery,0,1,0,0,0,0,999.0,0,0,7.6771780806463745
TXNc425d020-4,CUST00090,2026-06-29 19:04:18,576.5,branch,utilities,0,1,0,0,0,0,999.0,0,0,6.358708442395948
TXN3e0c5ec5-d,CUST00090,2026-07-06 06:32:08,2367.58,web,wire_transfer,0,1,0,0,0,0,999.0,0,0,7.770045898445278
TXN5a5ed7eb-1,CUST00090,2026-07-16 10:14:11,11571.53,mobile,jewellery,1,1,0,0,0,0,999.0,0,0,9.356389465254626
TXN7cd6572f-3,CUST00091,2026-06-16 12:37:27,841.97,mobile,wire_transfer,0,1,0,0,0,0,999.0,0,0,6.736931370180004
TXN8390bd94-8,CUST00091,2026-06-25 11:21:15,8228.58,mobile,electronics,0,1,0,0,0,0,999.0,0,0,9.015490259562092
TXNdb19de67-b,CUST00091,2026-06-27 17:37:57,4021.75,mobile,electronics,0,1,0,0,0,0,999.0,0,0,8.29972102733926
TXN77d8b428-3,CUST00091,2026-06-28 11:44:21,913.42,mobile,retail,0,1,0,0,0,0,999.0,0,0,6.8182899845073734
TXN3664cafa-0,CUST00091,2026-06-29 13:41:39,1226.66,mobile,travel,0,1,0,0,0,0,999.0,0,0,7.112865197406523
TXNd06200e3-3,CUST00091,2026-06-30 08:25:06,2492.57,web,grocery,1,1,0,0,0,0,999.0,0,0,7.821470697581912
TXNf1c2fa18-c,CUST00091,2026-07-01 06:36:04,126877.32,web,wire_transfer,1,1,1,1,1,2,8.0,1,1,11.750983795923512
TXN1b0c9092-8,CUST00091,2026-07-04 01:02:38,646.53,web,grocery,0,1,0,0,0,0,999.0,0,0,6.473165124546728
TXN133ca9cf-1,CUST00091,2026-07-11 06:02:03,1470.1,mobile,retail,0,1,0,0,0,0,999.0,0,0,7.293765699256166
TXNa7c10adb-7,CUST00091,2026-07-13 06:51:23,1662.43,web,utilities,0,1,0,0,0,0,999.0,0,0,7.416637014621237
TXN11925880-3,CUST00092,2026-06-25 17:52:16,1650.12,mobile,electronics,0,1,0,0,0,0,999.0,0,0,7.40920912450112
TXNeaacabb4-3,CUST00092,2026-07-04 12:56:11,1414.63,mobile,travel,0,1,0,0,0,0,999.0,0,0,7.255329940673992
TXN73d2939e-f,CUST00092,2026-07-05 03:26:59,3988.16,mobile,retail,0,1,0,0,0,0,999.0,0,0,8.291335961404345
TXN33f92a87-8,CUST00092,2026-07-15 17:11:19,13383.11,mobile,grocery,0,1,0,0,0,0,999.0,0,0,9.501823461401566
TXNafaf20ec-2,CUST00093,2026-06-20 03:14:27,3691.43,branch,grocery,0,1,0,0,0,0,999.0,0,0,8.21404005687987
TXN79eae461-0,CUST00093,2026-06-22 04:48:52,4723.13,atm,retail,0,1,0,0,0,0,999.0,0,0,8.460438695990263
TXN760116cf-2,CUST00093,2026-06-23 23:02:28,1680.39,mobile,utilities,0,1,0,0,0,0,999.0,0,0,7.427376111258745
TXN8ce0bd8f-e,CUST00093,2026-06-24 14:29:36,3066.73,web,wire_transfer,0,1,0,0,0,0,999.0,0,0,8.028693153399336
TXN6e4c1501-8,CUST00093,2026-06-25 17:35:18,1514.2,web,electronics,0,1,0,0,0,0,999.0,0,0,7.323302722431814
TXN1c36036f-b,CUST00093,2026-06-28 18:12:48,2912.63,atm,jewellery,0,1,0,0,0,0,999.0,0,0,7.977155005460697
TXN3649f585-6,CUST00093,2026-06-30 13:28:26,1327.4,mobile,grocery,1,1,0,0,0,0,999.0,0,0,7.191730489502592
TXN93c6267d-d,CUST00093,2026-07-09 12:28:52,1264.73,branch,utilities,0,1,0,0,0,0,999.0,0,0,7.14340430981663
TXN5a19d7ab-7,CUST00093,2026-07-11 22:13:40,26077.08,branch,grocery,0,1,0,0,0,0,999.0,0,0,10.16885039369863
TXN75fa0ebe-e,CUST00093,2026-07-13 16:51:01,199.11,branch,travel,0,1,0,0,0,0,999.0,0,0,5.298867215353472
TXN84c42de1-7,CUST00094,2026-06-29 01:33:51,5995.51,mobile,utilities,0,1,0,0,0,0,999.0,0,0,8.698932912309841
TXN0cc46000-a,CUST00094,2026-06-29 12:50:32,5882.71,web,utilities,0,1,0,0,0,0,999.0,0,0,8.679942794306859
TXNe5228d31-0,CUST00094,2026-06-29 23:36:35,14489.98,branch,travel,0,1,0,0,0,0,999.0,0,0,9.581281665877972
TXN0c941263-1,CUST00094,2026-07-11 05:21:08,1790.3,mobile,jewellery,0,1,0,0,0,0,999.0,0,0,7.490696892221057
TXN46a3110a-9,CUST00094,2026-07-11 09:27:00,7149.04,web,wire_transfer,0,1,0,0,0,0,999.0,0,0,8.874873230077998
TXN70fbb28e-0,CUST00094,2026-07-12 08:22:20,212977.68,web,wire_transfer,1,1,1,1,1,2,18.0,1,1,12.26894734578512
TXN1c6fec01-f,CUST00094,2026-07-12 09:38:57,1675.19,mobile,retail,0,1,0,0,0,0,999.0,0,0,7.424278639771816
TXN307fc576-4,CUST00094,2026-07-14 06:18:33,546.76,mobile,wire_transfer,1,1,1,1,0,0,23.0,0,0,6.305837234812808
TXNed92b753-b,CUST00094,2026-07-15 23:27:38,637.67,mobile,utilities,1,1,0,0,0,0,999.0,0,0,6.459387889055757
TXN7ec391ef-4,CUST00095,2026-06-17 00:07:35,1026.15,atm,utilities,0,1,0,0,0,0,999.0,0,0,6.93454325573852
TXN3d1fd7c0-4,CUST00095,2026-06-19 00:01:30,729.91,web,utilities,0,1,0,0,0,0,999.0,0,0,6.594290333154962
TXN4684833e-1,CUST00095,2026-06-26 16:38:08,564.15,web,retail,0,1,0,0,0,0,999.0,0,0,6.33709118263674
TXN649423aa-6,CUST00095,2026-07-13 03:57:06,6208.34,mobile,utilities,0,1,0,0,0,0,999.0,0,0,8.733809889086148
TXNb3133c8e-9,CUST00095,2026-07-15 21:03:43,822.98,branch,travel,1,1,0,0,0,0,999.0,0,0,6.7141462577702455
TXNd2f629ca-b,CUST00095,2026-07-16 04:25:41,873.82,mobile,retail,0,1,0,0,0,0,999.0,0,0,6.774018150909814
TXN55082167-2,CUST00096,2026-06-25 07:28:42,754.86,web,jewellery,0,1,0,0,0,0,999.0,0,0,6.627856173845454
TXNbd350d2a-7,CUST00096,2026-06-26 09:34:56,17944.03,web,jewellery,0,1,0,0,0,0,999.0,0,0,9.795068475355178
TXNe8646e0c-8,CUST00096,2026-06-26 12:11:33,529.24,atm,utilities,0,1,0,0,0,0,999.0,0,0,6.273329734238198
TXN00cb9caa-b,CUST00096,2026-06-28 23:49:43,596.7,atm,wire_transfer,0,1,0,0,0,0,999.0,0,0,6.393088955830208
TXN341d85cd-c,CUST00096,2026-06-30 01:51:44,814.22,mobile,retail,0,1,0,0,0,0,999.0,0,0,6.703458015464287
TXNb01c9191-e,CUST00096,2026-07-05 16:44:53,2457.26,mobile,utilities,0,1,0,0,0,0,999.0,0,0,7.807209061586498
TXNae7303c0-5,CUST00096,2026-07-07 13:32:03,9066.02,mobile,electronics,1,1,0,0,0,0,999.0,0,0,9.112398933444881
TXNb4b2ce14-4,CUST00096,2026-07-14 19:32:54,1101.57,mobile,wire_transfer,0,1,0,0,0,0,999.0,0,0,7.005399097368957
TXN2bb4a408-1,CUST00097,2026-06-19 23:56:34,2367.18,mobile,electronics,0,1,0,0,0,0,999.0,0,0,7.769877006628529
TXNf6558f35-2,CUST00097,2026-06-25 16:02:15,3636.81,web,wire_transfer,0,1,0,0,0,0,999.0,0,0,8.19913713121614
TXN6d8c5504-7,CUST00097,2026-06-30 04:36:19,1588.53,mobile,utilities,0,1,0,0,0,0,999.0,0,0,7.371193654032453
TXNf9705e4b-2,CUST00097,2026-07-05 15:16:23,1095.52,web,utilities,1,1,0,0,0,0,999.0,0,0,6.99989680754568
TXN4d171ebc-5,CUST00098,2026-06-16 13:24:36,671.5,atm,retail,0,1,0,0,0,0,999.0,0,0,6.511002111475994
TXN3a710f9e-d,CUST00098,2026-06-16 22:56:50,2844.52,branch,retail,0,1,0,0,0,0,999.0,0,0,7.953501106660193
TXN794ceef2-f,CUST00098,2026-06-17 01:44:04,267.31,web,electronics,0,1,1,1,0,0,25.0,0,0,5.592143028447777
TXNa9d52401-4,CUST00098,2026-06-17 12:42:32,731.88,atm,retail,0,1,0,0,0,0,999.0,0,0,6.596981977706953
TXN0b90b03d-1,CUST00098,2026-06-18 14:57:39,6848.21,mobile,jewellery,1,1,0,0,0,0,999.0,0,0,8.83188859613828
TXN7570b0ac-5,CUST00098,2026-06-21 11:29:53,438.62,web,jewellery,0,1,0,0,0,0,999.0,0,0,6.085910717399927
TXNdf8b4008-7,CUST00098,2026-06-21 20:12:02,1844.29,atm,jewellery,0,1,0,0,0,0,999.0,0,0,7.520391725694714
TXNae1782f6-9,CUST00098,2026-06-23 10:10:57,934.86,branch,grocery,1,1,0,0,0,0,999.0,0,0,6.841465892640915
TXN55eef366-b,CUST00098,2026-07-01 10:07:46,1100.55,mobile,utilities,0,1,0,0,0,0,999.0,0,0,7.004473557858574
TXNc1472ff2-2,CUST00098,2026-07-02 22:15:10,4613.54,atm,retail,0,1,0,0,0,0,999.0,0,0,8.436967466996158
TXNdd7902fc-d,CUST00098,2026-07-05 04:15:32,660.49,web,wire_transfer,0,1,0,0,0,0,999.0,0,0,6.49449486628277
TXN84909370-e,CUST00098,2026-07-05 05:00:13,8616.22,mobile,wire_transfer,0,2,0,0,0,0,999.0,0,0,9.061517805841095
TXN027deb45-d,CUST00098,2026-07-06 00:57:05,1736.73,mobile,grocery,0,1,0,0,0,0,999.0,0,0,7.460334942778989
TXN19991b39-1,CUST00098,2026-07-09 19:44:10,223106.04,web,wire_transfer,1,1,1,1,1,4,11.0,1,1,12.315406935279107
TXN59ccc94a-b,CUST00098,2026-07-12 21:15:15,590.1,web,wire_transfer,0,1,0,0,0,0,999.0,0,0,6.381985207830324
TXN60b61367-f,CUST00099,2026-06-16 14:32:18,1036.87,atm,utilities,0,1,0,0,0,0,999.0,0,0,6.94492581503476
TXN6e43b319-f,CUST00099,2026-06-21 13:04:42,249682.9,mobile,wire_transfer,1,1,1,1,1,3,3.0,1,1,12.427950996816262
TXN7bfeadd1-9,CUST00099,2026-06-21 22:57:56,2077.88,web,retail,0,1,0,0,0,0,999.0,0,0,7.639584566134427
TXN461fe028-f,CUST00099,2026-06-23 14:47:19,2275.01,mobile,electronics,0,1,0,0,0,0,999.0,0,0,7.7301791889096805
TXN16daa8f5-b,CUST00099,2026-06-29 09:12:52,439.46,atm,wire_transfer,0,1,0,0,0,0,999.0,0,0,6.087819635350745
TXN84f16d9d-a,CUST00099,2026-06-30 04:20:14,5799.47,mobile,grocery,0,1,0,0,0,0,999.0,0,0,8.665694227734154
TXN93dc8eea-3,CUST00099,2026-07-01 03:20:50,12097.57,web,travel,0,1,0,0,0,0,999.0,0,0,9.400842542782629
TXN25dccca2-0,CUST00099,2026-07-04 00:00:19,981.61,branch,retail,0,1,0,0,0,0,999.0,0,0,6.890212296763975
TXN8b7fa47e-a,CUST00099,2026-07-09 17:24:49,1927.61,atm,retail,0,1,0,0,0,0,999.0,0,0,7.56455481517121
TXN5b7117bd-2,CUST00099,2026-07-15 14:35:52,4190.75,mobile,electronics,0,1,0,0,0,0,999.0,0,0,8.340873586817917
TXN3862abcf-d,CUST00099,2026-07-15 20:18:03,5663.59,mobile,electronics,0,1,0,0,0,0,999.0,0,0,8.641989796615253
TXNd58c449e-5,CUST00100,2026-06-20 13:25:18,2281.8,web,electronics,0,1,0,0,0,0,999.0,0,0,7.733158038662553
TXNae50f96e-7,CUST00100,2026-06-23 06:21:13,685.78,mobile,utilities,0,1,0,0,0,0,999.0,0,0,6.532014008040194
TXN2cc9abb6-8,CUST00100,2026-06-25 07:53:47,1240.96,web,travel,0,1,0,0,0,0,999.0,0,0,7.124446055855633
TXNcae2f489-f,CUST00100,2026-06-26 08:50:16,1306.97,branch,retail,0,1,0,0,0,0,999.0,0,0,7.176231595974299
TXNcb9aefff-6,CUST00100,2026-06-27 03:32:33,15745.26,web,utilities,0,1,0,0,0,0,999.0,0,0,9.664358155738153
TXNfcc1c48c-7,CUST00100,2026-06-30 00:26:53,4584.5,mobile,travel,0,1,0,0,0,0,999.0,0,0,8.430654429998999
TXN96d26487-6,CUST00100,2026-07-02 16:30:54,2987.7,mobile,wire_transfer,0,1,0,0,0,0,999.0,0,0,8.002593789230673
TXNed5f24c3-7,CUST00100,2026-07-03 11:01:09,914.52,mobile,jewellery,0,1,0,0,0,0,999.0,0,0,6.819492209861745
TXN46b821c7-f,CUST00100,2026-07-05 02:26:35,2286.82,mobile,electronics,0,1,0,0,0,0,999.0,0,0,7.735354678076266
TXN594de8d7-a,CUST00100,2026-07-07 01:48:00,3244.88,web,electronics,0,1,0,0,0,0,999.0,0,0,8.085141778814473
TXN1c35730b-4,CUST00100,2026-07-09 12:09:51,6817.49,branch,retail,1,1,0,0,0,0,999.0,0,0,8.827393318698588
TXN945b3711-0,CUST00100,2026-07-10 09:55:20,1445.7,web,jewellery,0,1,0,0,0,0,999.0,0,0,7.277040379635545
TXNe0f3ee66-5,CUST00101,2026-06-23 07:14:33,1334.74,web,wire_transfer,0,1,0,0,0,0,999.0,0,0,7.1972407243790135
TXN108ab4de-4,CUST00101,2026-06-23 10:41:46,5336.45,mobile,retail,0,1,0,0,0,0,999.0,0,0,8.582503289811504
TXN7d05955b-0,CUST00101,2026-06-24 04:17:06,274.07,mobile,travel,0,1,0,0,0,0,999.0,0,0,5.617025610729919
TXN29a099de-a,CUST00101,2026-06-27 09:39:46,564.29,mobile,utilities,1,1,0,0,0,0,999.0,0,0,6.3373388738025085
TXN5a2d6aee-6,CUST00101,2026-06-28 09:29:56,3616.27,mobile,grocery,0,1,0,0,0,0,999.0,0,0,8.19347487666404
TXN0cc66163-0,CUST00101,2026-07-06 17:15:06,153.53,mobile,utilities,0,1,0,0,0,0,999.0,0,0,5.040388252245603
TXN74300ccc-0,CUST00101,2026-07-07 02:49:17,1393.49,mobile,wire_transfer,1,1,0,0,0,0,999.0,0,0,7.240284036012789
TXN4a2f2373-f,CUST00101,2026-07-13 06:32:40,4437.49,branch,electronics,0,1,0,0,0,0,999.0,0,0,8.39806950749243
TXNd3520a91-4,CUST00101,2026-07-14 17:37:16,3785.44,mobile,jewellery,0,1,0,0,0,0,999.0,0,0,8.239181542660472
TXNbba95ec4-f,CUST00102,2026-06-17 00:39:41,1128.73,mobile,electronics,0,1,0,0,0,0,999.0,0,0,7.029733945103044
TXN8f8d4107-c,CUST00102,2026-06-17 03:23:24,1768.86,mobile,utilities,1,1,0,0,0,0,999.0,0,0,7.47865572639442
TXNb69415c7-1,CUST00102,2026-06-18 01:25:17,1376.54,web,utilities,0,1,0,0,0,0,999.0,0,0,7.228054578717995
TXNeb1313b7-9,CUST00102,2026-07-08 13:17:37,1787.35,web,jewellery,0,1,0,0,0,0,999.0,0,0,7.489048686017753
TXN8082a0ee-d,CUST00102,2026-07-09 07:48:16,276.97,mobile,travel,0,1,0,0,0,0,999.0,0,0,5.627513194198474
TXN083a1c27-3,CUST00102,2026-07-14 06:30:15,519.26,web,wire_transfer,0,1,0,0,0,0,999.0,0,0,6.254328686617124
TXN62e0adf7-a,CUST00103,2026-06-22 13:47:27,467.96,web,electronics,0,1,0,0,0,0,999.0,0,0,6.150517476962582
TXN3facabcc-5,CUST00103,2026-06-24 02:41:09,5608.84,mobile,retail,0,1,0,0,0,0,999.0,0,0,8.632277477610916
TXNe7773701-f,CUST00103,2026-06-27 03:02:40,1869.0,mobile,jewellery,0,1,0,0,0,0,999.0,0,0,7.533693709848633
TXNe03d1b30-a,CUST00103,2026-07-04 23:16:47,1652.62,mobile,jewellery,0,1,0,0,0,0,999.0,0,0,7.410722103117832
TXN2c5d849c-4,CUST00103,2026-07-09 05:46:03,4275.3,web,wire_transfer,0,1,0,0,0,0,999.0,0,0,8.360843428711034
TXNeb91d7bc-4,CUST00103,2026-07-13 15:37:30,6491.24,web,retail,0,1,1,1,0,0,10.0,0,0,8.77836289652787
TXN760e36aa-a,CUST00104,2026-06-25 14:44:14,1366.59,web,wire_transfer,0,1,1,1,0,0,16.0,0,0,7.2208053456588575
TXN4c1e172a-1,CUST00104,2026-06-26 18:53:34,7050.82,web,jewellery,0,1,0,0,0,0,999.0,0,0,8.861041018518149
TXN3313f36c-8,CUST00104,2026-06-28 03:04:21,1061.75,mobile,grocery,1,1,0,0,0,0,999.0,0,0,6.9686151672389
TXNc84bbdf5-6,CUST00104,2026-06-28 04:00:38,1092.44,mobile,grocery,0,2,0,0,0,0,999.0,0,0,6.997083968926927
TXN5aac72b1-7,CUST00104,2026-07-01 18:23:13,565.9,web,wire_transfer,0,1,0,0,0,0,999.0,0,0,6.340182921330258
TXNb1b2b9c6-7,CUST00104,2026-07-01 18:30:45,561.33,mobile,travel,1,2,0,0,0,0,999.0,0,0,6.3320888661780135
TXNaf66dc57-e,CUST00104,2026-07-03 19:31:34,5562.41,web,electronics,0,1,0,0,0,0,999.0,0,0,8.623966508599828
TXN4001570a-3,CUST00104,2026-07-04 02:34:40,4246.5,web,jewellery,0,1,0,0,0,0,999.0,0,0,8.354085853546087
TXN23a10fdd-9,CUST00104,2026-07-07 02:15:15,609.35,mobile,retail,1,1,0,0,0,0,999.0,0,0,6.414032563115809
TXN18963a6e-6,CUST00104,2026-07-13 20:48:14,3049.91,branch,electronics,1,1,0,0,0,0,999.0,0,0,8.023195185756506
TXNf62162ab-6,CUST00105,2026-06-22 18:53:53,569.6,web,retail,0,1,1,1,0,0,5.0,0,0,6.3466884387794
TXNe99d6b91-0,CUST00105,2026-07-10 22:42:40,732.69,mobile,jewellery,0,1,0,0,0,0,999.0,0,0,6.598086596078203
TXNc44b04e8-f,CUST00106,2026-06-17 15:35:43,3265.83,web,electronics,0,1,0,0,0,0,999.0,0,0,8.091575374740595
TXN23fd6ade-c,CUST00106,2026-06-18 07:35:01,493.21,mobile,utilities,0,1,1,1,0,0,14.0,0,0,6.202960528072575
TXNc960b851-4,CUST00106,2026-06-20 07:45:13,509.36,atm,retail,0,1,0,0,0,0,999.0,0,0,6.235116359053542
TXN5f843666-8,CUST00106,2026-06-27 17:47:55,18442.74,atm,jewellery,0,1,0,0,0,0,999.0,0,0,9.822480296502015
TXN9826a55f-5,CUST00107,2026-06-17 05:24:30,3925.89,mobile,jewellery,0,1,0,0,0,0,999.0,0,0,8.275603042981206
TXN767a92b7-0,CUST00107,2026-06-22 20:51:22,1861.67,mobile,travel,0,1,1,1,0,0,13.0,0,0,7.529766221256176
TXNe660a8e0-8,CUST00107,2026-06-23 08:07:00,701.61,web,utilities,0,1,0,0,0,0,999.0,0,0,6.554801972579857
TXNfc75de3d-d,CUST00107,2026-06-23 21:33:37,167.3,web,electronics,1,1,0,0,0,0,999.0,0,0,5.12574810119676
TXN15ac37f0-0,CUST00107,2026-07-05 07:37:35,997.2,mobile,grocery,0,1,0,0,0,0,999.0,0,0,6.905953657035509
TXN849c30c6-d,CUST00107,2026-07-07 10:02:11,4831.69,mobile,wire_transfer,0,1,0,0,0,0,999.0,0,0,8.48315852743323
TXN0db4897a-4,CUST00107,2026-07-10 20:25:46,8119.92,web,wire_transfer,0,1,0,0,0,0,999.0,0,0,9.002198727230319
TXN203d54c9-6,CUST00107,2026-07-11 21:40:25,1698.88,branch,travel,0,1,0,0,0,0,999.0,0,0,7.438312939317546
TXN90c0e607-4,CUST00108,2026-06-20 17:33:27,2652.95,web,electronics,0,1,1,1,0,0,9.0,0,0,7.883804375227122
TXN279f5df0-d,CUST00108,2026-06-22 18:16:39,931.8,mobile,grocery,0,1,0,0,0,0,999.0,0,0,6.838190815596228
TXNdd43b0cf-5,CUST00108,2026-06-30 20:24:30,6986.55,mobile,travel,0,1,0,0,0,0,999.0,0,0,8.851885273072815
TXN95a97dd7-b,CUST00108,2026-07-03 15:42:14,3002.46,mobile,utilities,0,1,0,0,0,0,999.0,0,0,8.007520236405629
TXNe522266c-3,CUST00108,2026-07-05 23:07:40,771.53,mobile,grocery,0,1,0,0,0,0,999.0,0,0,6.649670842969299
TXN8429e12c-3,CUST00108,2026-07-07 23:01:12,4400.3,web,utilities,0,1,0,0,0,0,999.0,0,0,8.389655230813709
TXNb78a2037-b,CUST00108,2026-07-08 20:48:08,2381.99,mobile,electronics,0,1,0,0,0,0,999.0,0,0,7.776111280698833
TXNf79f8fa9-b,CUST00108,2026-07-14 02:37:20,1351.82,web,travel,0,1,0,0,0,0,999.0,0,0,7.209946581626475
TXN33611134-b,CUST00109,2026-06-19 06:28:41,2017.89,web,utilities,0,1,0,0,0,0,999.0,0,0,7.610303134411579
TXN1a85fd69-3,CUST00109,2026-06-27 07:52:24,2266.52,mobile,electronics,0,1,1,1,0,0,19.0,0,0,7.726442002237053
TXNb819b15d-4,CUST00109,2026-07-01 17:25:24,1811.59,mobile,wire_transfer,0,1,0,0,0,0,999.0,0,0,7.502512040668466
TXN817c6779-d,CUST00109,2026-07-03 10:32:31,770.34,web,wire_transfer,0,1,0,0,0,0,999.0,0,0,6.648129262090512
TXN8513176c-1,CUST00109,2026-07-04 17:51:50,153.53,mobile,electronics,0,1,0,0,0,0,999.0,0,0,5.040388252245603
TXN7bd50aeb-6,CUST00109,2026-07-05 18:28:27,1044.31,web,utilities,0,1,0,0,0,0,999.0,0,0,6.95206877112449
TXNce3ce7ce-0,CUST00109,2026-07-08 08:23:43,4141.28,mobile,wire_transfer,1,1,0,0,0,0,999.0,0,0,8.329001639863883
TXNed113faf-0,CUST00109,2026-07-09 01:35:34,749.67,mobile,utilities,0,1,0,0,0,0,999.0,0,0,6.620966141078948
TXN272c7482-0,CUST00109,2026-07-13 17:22:47,867.78,mobile,jewellery,1,1,0,0,0,0,999.0,0,0,6.7670899286568735
TXN058b5ee1-a,CUST00110,2026-06-19 12:42:05,992.75,branch,travel,0,1,0,0,0,0,999.0,0,0,6.901485665968542
TXN3c243b45-d,CUST00110,2026-06-19 15:06:53,219326.95,mobile,wire_transfer,1,1,1,1,1,3,12.0,1,1,12.298323377265186
TXN334a34a8-8,CUST00110,2026-06-23 09:08:11,1622.67,mobile,electronics,1,1,0,0,0,0,999.0,0,0,7.392444298102863
TXN706ad042-a,CUST00110,2026-06-24 01:27:05,3540.63,branch,utilities,0,1,0,0,0,0,999.0,0,0,8.17234235212974
TXN1f89cec2-9,CUST00110,2026-07-02 01:02:40,2140.85,web,grocery,0,1,0,0,0,0,999.0,0,0,7.669425220544414
TXN82f2a59e-2,CUST00110,2026-07-07 00:44:16,5299.14,mobile,wire_transfer,0,1,0,0,0,0,999.0,0,0,8.57548851428568
TXNbe9e01a9-d,CUST00110,2026-07-09 11:33:43,2303.36,mobile,utilities,0,1,0,0,0,0,999.0,0,0,7.742558259610022
TXN42a1279b-8,CUST00110,2026-07-09 14:50:09,632.67,mobile,electronics,1,1,0,0,0,0,999.0,0,0,6.451528314195753
TXN63b1a52e-9,CUST00111,2026-06-16 23:34:15,52050.03,mobile,wire_transfer,1,1,1,1,1,2,6.0,1,1,10.859979862512068
TXNccc34f70-b,CUST00111,2026-06-26 03:23:31,431.46,mobile,electronics,0,1,0,0,0,0,999.0,0,0,6.069489836545749
TXN96b93974-f,CUST00111,2026-06-29 02:16:40,2721.37,mobile,retail,1,1,1,1,0,0,5.0,0,0,7.909258103437469
TXNa83db2df-e,CUST00111,2026-07-01 20:46:01,8344.57,mobile,electronics,0,1,0,0,0,0,999.0,0,0,9.029486138137175
TXN467248f6-a,CUST00111,2026-07-07 07:16:43,439.64,mobile,jewellery,0,1,0,0,0,0,999.0,0,0,6.08822821554029
TXN488e5bd8-0,CUST00111,2026-07-07 16:53:24,1187.4,mobile,wire_transfer,0,1,0,0,0,0,999.0,0,0,7.080363143588452
TXN4a1954ec-4,CUST00111,2026-07-08 09:56:36,457.13,atm,grocery,0,1,0,0,0,0,999.0,0,0,6.1271529866332
TXNd0411dec-6,CUST00111,2026-07-12 11:54:36,189.78,web,utilities,0,1,0,0,0,0,999.0,0,0,5.251120931717062
TXN08b9b2e9-4,CUST00111,2026-07-14 13:59:20,1023.42,web,travel,0,1,0,0,0,0,999.0,0,0,6.9318818777583715
TXN902a73ae-b,CUST00112,2026-06-17 06:51:51,71874.61,web,wire_transfer,1,1,1,1,1,3,14.0,1,1,11.18269226502016
TXNdc6bf2c8-d,CUST00112,2026-06-27 02:42:50,5381.98,web,utilities,0,1,0,0,0,0,999.0,0,0,8.59099740315372
TXN8356ed61-6,CUST00112,2026-07-03 09:32:56,6717.12,mobile,utilities,0,1,0,0,0,0,999.0,0,0,8.812563632471772
TXN23a9654d-f,CUST00112,2026-07-06 05:28:29,6435.28,mobile,wire_transfer,1,1,0,0,0,0,999.0,0,0,8.769706012448731
TXN28874d02-f,CUST00112,2026-07-08 07:30:20,1788.86,web,grocery,1,1,0,0,0,0,999.0,0,0,7.489892683485557
TXN75566ff1-b,CUST00112,2026-07-08 08:56:21,52920.11,mobile,wire_transfer,1,1,1,1,1,3,8.0,1,1,10.876557593065607
TXNe879c9a6-0,CUST00112,2026-07-10 17:53:46,7688.46,atm,retail,0,1,0,0,0,0,999.0,0,0,8.947605838967755
TXNe70d8d07-5,CUST00112,2026-07-13 00:14:11,1217.5,web,grocery,0,1,0,0,0,0,999.0,0,0,7.1053758730652605
TXN26c25405-a,CUST00112,2026-07-14 12:03:47,1549.5,branch,travel,0,1,0,0,0,0,999.0,0,0,7.346332738540504
TXNdbd165a3-b,CUST00113,2026-06-22 13:20:19,1218.96,web,wire_transfer,0,1,0,0,0,0,999.0,0,0,7.106573350304554
TXNd6de0902-e,CUST00113,2026-06-25 00:50:16,951.37,web,travel,0,1,0,0,0,0,999.0,0,0,6.8589536147465795
TXNc8f3332a-4,CUST00113,2026-07-06 14:24:27,469.89,mobile,travel,0,1,0,0,0,0,999.0,0,0,6.154624521092828
TXNec68fc07-4,CUST00113,2026-07-07 04:09:00,6595.79,web,jewellery,0,1,0,0,0,0,999.0,0,0,8.794338446064996
TXN2e2d0681-a,CUST00113,2026-07-07 17:43:01,1868.28,web,wire_transfer,0,1,0,0,0,0,999.0,0,0,7.533308608968838
TXNf66a015b-6,CUST00113,2026-07-15 09:05:57,547.67,mobile,electronics,0,1,0,0,0,0,999.0,0,0,6.307497167884594
TXN114c440d-6,CUST00114,2026-06-18 02:01:23,3670.76,web,jewellery,0,1,0,0,0,0,999.0,0,0,8.208426390127233
TXN425ca2e3-8,CUST00114,2026-06-20 20:26:08,3154.11,web,grocery,0,1,0,0,0,0,999.0,0,0,8.056778639660719
TXN81c974a0-e,CUST00114,2026-06-21 07:36:20,923.38,branch,jewellery,0,1,0,0,0,0,999.0,0,0,6.829123242510611
TXN96bf02dd-5,CUST00114,2026-06-21 12:47:25,2073.88,web,jewellery,0,1,0,0,0,0,999.0,0,0,7.637658599667202
TXNaa4e8b03-1,CUST00114,2026-06-25 23:50:39,365.34,atm,retail,0,1,0,0,0,0,999.0,0,0,5.903561863932071
TXNbb9ddc31-d,CUST00114,2026-06-27 07:40:23,3354.76,web,grocery,0,1,0,0,0,0,999.0,0,0,8.118433551323076
TXNade81084-e,CUST00114,2026-07-09 00:32:15,1745.45,mobile,jewellery,0,1,0,0,0,0,999.0,0,0,7.465340435151135
TXN95a15905-5,CUST00114,2026-07-12 22:39:38,1203.43,mobile,electronics,0,1,0,0,0,0,999.0,0,0,7.09376170496558
TXN2c8fabbc-e,CUST00115,2026-06-24 22:23:43,710.51,mobile,travel,0,1,0,0,0,0,999.0,0,0,6.567389472244913
TXNf92b7b46-c,CUST00115,2026-07-04 16:12:51,5397.7,atm,grocery,0,1,0,0,0,0,999.0,0,0,8.59391346282892
TXN7108022a-1,CUST00115,2026-07-05 14:14:54,1032.77,atm,jewellery,0,1,0,0,0,0,999.0,0,0,6.940967593188234
TXN3b45d977-c,CUST00115,2026-07-05 17:09:01,8880.73,mobile,travel,0,1,1,1,0,0,20.0,0,0,9.091751636831118
TXNba68e69f-2,CUST00115,2026-07-06 14:59:36,568.04,mobile,retail,0,1,0,0,0,0,999.0,0,0,6.343950730425259
TXN1afd943c-3,CUST00115,2026-07-06 15:10:47,320.45,web,retail,0,2,0,0,0,0,999.0,0,0,5.772842010587696
TXNa19c7caf-9,CUST00115,2026-07-07 07:56:26,3083.73,mobile,wire_transfer,0,1,0,0,0,0,999.0,0,0,8.034219412250048
TXN09943e76-1,CUST00115,2026-07-07 09:00:33,1569.06,mobile,electronics,0,1,0,0,0,0,999.0,0,0,7.358869114172629
TXN73131038-b,CUST00115,2026-07-07 17:36:35,2530.65,mobile,wire_transfer,0,1,0,0,0,0,999.0,0,0,7.836626543061621
TXNa32c5e99-f,CUST00115,2026-07-10 23:30:07,808.86,mobile,grocery,0,1,0,0,0,0,999.0,0,0,6.696861393221843
TXNead217d1-c,CUST00115,2026-07-11 03:21:04,874.0,mobile,wire_transfer,0,1,1,0,0,0,15.65,0,0,6.774223886357614
TXN0fda6ca4-1,CUST00115,2026-07-15 14:59:14,2392.76,mobile,utilities,0,1,0,0,0,0,999.0,0,0,7.780620630465922
TXN874db4a6-d,CUST00116,2026-06-20 07:46:35,1175.29,web,retail,0,1,0,0,0,0,999.0,0,0,7.070120696697582
TXN16054b9e-3,CUST00116,2026-06-22 20:05:58,9467.01,branch,wire_transfer,0,1,0,0,0,0,999.0,0,0,9.155674026822586
TXNadc90caa-7,CUST00116,2026-06-26 09:24:02,31.27,mobile,retail,0,1,0,0,0,0,999.0,0,0,3.4741380060638702
TXN321a9240-3,CUST00116,2026-06-29 03:11:24,2342.56,atm,utilities,0,1,0,0,0,0,999.0,0,0,7.759426419765974
TXNbdfdcc7b-3,CUST00116,2026-07-15 07:13:51,743.66,mobile,grocery,0,1,0,0,0,0,999.0,0,0,6.612927738369485
TXN917bc866-6,CUST00117,2026-06-20 12:39:33,82732.26,web,wire_transfer,1,1,1,1,1,4,13.0,1,1,11.32337697670219
TXN87352231-a,CUST00117,2026-06-25 06:26:47,2791.83,mobile,electronics,0,1,0,0,0,0,999.0,0,0,7.934810697640895
TXN08825d14-3,CUST00117,2026-06-30 21:56:23,36101.99,mobile,jewellery,0,1,0,0,0,0,999.0,0,0,10.494130966375895
TXNf5b79271-a,CUST00117,2026-07-03 21:14:29,551.14,mobile,wire_transfer,0,1,0,0,0,0,999.0,0,0,6.313801637308577
TXN01572a56-e,CUST00117,2026-07-04 20:31:35,4577.47,web,wire_transfer,1,1,0,0,0,0,999.0,0,0,8.42912016016201
TXN5738db52-1,CUST00117,2026-07-14 14:59:49,3106.32,atm,retail,0,1,0,0,0,0,999.0,0,0,8.041515897330676
TXNf52eaf63-b,CUST00117,2026-07-15 10:16:02,308.93,mobile,utilities,0,1,0,0,0,0,999.0,0,0,5.736346465529464
TXN351d1137-d,CUST00118,2026-06-26 14:18:19,3956.65,mobile,electronics,0,1,0,0,0,0,999.0,0,0,8.283405693753238
TXN8037b969-7,CUST00118,2026-07-06 14:02:52,622.69,mobile,wire_transfer,1,1,0,0,0,0,999.0,0,0,6.435653450054175
TXNe65664ac-9,CUST00118,2026-07-06 21:13:38,1398.82,mobile,travel,0,1,0,0,0,0,999.0,0,0,7.244098935908764
TXNcd35637c-2,CUST00118,2026-07-08 09:18:41,9166.46,atm,utilities,0,1,0,0,0,0,999.0,0,0,9.123415536696257
TXN91b3f921-1,CUST00119,2026-06-18 00:38:32,185.97,mobile,travel,0,1,0,0,0,0,999.0,0,0,5.230948176177183
TXNd4018a45-e,CUST00119,2026-06-22 01:44:17,690.83,atm,retail,0,1,0,0,0,0,999.0,0,0,6.53934026069726
TXN7fab9b07-1,CUST00119,2026-06-24 04:32:08,7532.44,web,travel,0,1,0,0,0,0,999.0,0,0,8.927107055784061
TXNa01ed90e-6,CUST00119,2026-06-25 04:10:25,2019.28,web,wire_transfer,0,1,0,0,0,0,999.0,0,0,7.610991394650623
TXN8a60b332-9,CUST00119,2026-06-25 20:40:51,259.31,web,grocery,1,1,0,0,0,0,999.0,0,0,5.561873228473508
TXN846a4a71-c,CUST00119,2026-07-09 23:47:49,2299.95,branch,grocery,0,1,0,0,0,0,999.0,0,0,7.741077360116527
TXNd24289ea-3,CUST00119,2026-07-11 08:13:32,1155.8,web,utilities,0,1,0,0,0,0,999.0,0,0,7.0534128514045005
TXN0f344fe1-c,CUST00120,2026-06-19 14:52:32,330.07,mobile,retail,0,1,0,0,0,0,999.0,0,0,5.802329833380781
TXN5b9facde-b,CUST00120,2026-06-27 04:02:24,343.04,mobile,wire_transfer,0,1,1,1,0,0,22.0,0,0,5.840757929683279
TXN4feeea91-8,CUST00120,2026-06-28 15:22:46,853.6,mobile,wire_transfer,0,1,1,1,0,0,22.0,0,0,6.750633523209925
TXNd11756d5-8,CUST00120,2026-06-28 18:50:25,347.28,web,travel,0,1,0,0,0,0,999.0,0,0,5.853006753960415
TXN2869b5ee-d,CUST00120,2026-06-29 11:45:56,962.85,mobile,utilities,0,1,0,0,0,0,999.0,0,0,6.8709356808436
TXN0843280a-0,CUST00120,2026-06-29 16:31:23,3599.56,atm,grocery,1,1,0,0,0,0,999.0,0,0,8.188844667902247
TXN8bc2d46d-0,CUST00120,2026-06-30 03:29:06,418.26,branch,retail,0,1,0,0,0,0,999.0,0,0,6.038491252535736
TXN88cfffa2-1,CUST00120,2026-07-03 10:05:38,6176.8,web,wire_transfer,0,1,0,0,0,0,999.0,0,0,8.728717500018288
TXN3354b4be-4,CUST00120,2026-07-05 02:16:50,1603.76,mobile,grocery,0,1,0,0,0,0,999.0,0,0,7.380729491672706
TXNfc24a159-e,CUST00120,2026-07-10 04:21:54,1137.09,mobile,electronics,0,1,0,0,0,0,999.0,0,0,7.037106697675127
TXN848be725-d,CUST00120,2026-07-10 13:39:03,189.45,mobile,electronics,0,1,0,0,0,0,999.0,0,0,5.249389692924613
TXNc1e158aa-e,CUST00120,2026-07-12 06:04:30,1796.05,mobile,retail,1,1,0,0,0,0,999.0,0,0,7.493901710547838
TXN95309450-1,CUST00120,2026-07-15 00:34:44,2339.44,mobile,jewellery,0,1,0,0,0,0,999.0,0,0,7.758094224863569
TXN39a9a8a9-8,CUST00121,2026-06-18 21:51:28,383.83,atm,electronics,1,1,0,0,0,0,999.0,0,0,5.95280167833059
TXNce3fde9a-1,CUST00121,2026-06-20 00:37:55,1457.24,mobile,travel,0,1,0,0,0,0,999.0,0,0,7.2849855080755175
TXN21249735-f,CUST00121,2026-06-20 03:10:35,8965.69,web,wire_transfer,0,1,0,0,0,0,999.0,0,0,9.101271879148918
TXNbd4211d1-9,CUST00121,2026-06-26 19:12:07,1516.04,web,retail,0,1,0,0,0,0,999.0,0,0,7.324516346832153
TXN121d87ac-f,CUST00121,2026-06-27 19:03:19,9342.26,web,electronics,0,1,0,0,0,0,999.0,0,0,9.142410506726423
TXN9c291269-e,CUST00121,2026-07-01 18:21:51,2837.43,mobile,travel,0,1,0,0,0,0,999.0,0,0,7.951006361394242
TXN0ff4c2d6-e,CUST00121,2026-07-02 03:57:02,1397.88,mobile,utilities,0,1,0,0,0,0,999.0,0,0,7.243427195432581
TXNceb7803e-c,CUST00121,2026-07-02 11:09:38,937.58,mobile,grocery,0,1,1,0,0,0,999.0,0,0,6.844368094801734
TXN1aa3c18e-0,CUST00121,2026-07-07 15:03:04,5624.12,mobile,travel,0,1,1,1,0,0,5.0,0,0,8.634997560178402
TXNe3346bd8-1,CUST00121,2026-07-16 00:15:35,3569.56,branch,jewellery,0,1,0,0,0,0,999.0,0,0,8.18047772521711
TXN7a438217-6,CUST00122,2026-06-29 19:43:01,2949.48,mobile,retail,0,1,0,0,0,0,999.0,0,0,7.989723147962133
TXNee662c46-0,CUST00123,2026-06-17 12:46:47,10233.92,mobile,wire_transfer,0,1,0,0,0,0,999.0,0,0,9.233560681748282
TXNaf001605-a,CUST00123,2026-06-18 09:34:42,688.57,mobile,retail,1,1,0,0,0,0,999.0,0,0,6.536068214922901
TXN7b6fb65b-8,CUST00123,2026-06-21 02:49:21,2607.09,atm,electronics,0,1,0,0,0,0,999.0,0,0,7.866373431653569
TXN60920068-c,CUST00123,2026-06-29 20:01:04,417.19,mobile,travel,0,1,0,0,0,0,999.0,0,0,6.035935874704811
TXN9baefd9e-8,CUST00123,2026-07-06 01:18:30,812.85,mobile,grocery,0,1,0,0,0,0,999.0,0,0,6.701776073837507
TXNc82585fa-c,CUST00123,2026-07-14 10:48:27,1715.43,branch,electronics,0,1,0,0,0,0,999.0,0,0,7.448001831407876
TXNe05f039c-d,CUST00123,2026-07-15 16:43:03,4609.12,mobile,electronics,0,1,0,0,0,0,999.0,0,0,8.436009166020673
TXN0bb8382f-9,CUST00124,2026-06-18 19:55:40,1950.39,branch,retail,0,1,0,0,0,0,999.0,0,0,7.576297218134738
TXNcec7b903-e,CUST00124,2026-06-19 01:09:23,699.38,mobile,jewellery,1,1,0,0,0,0,999.0,0,0,6.551623044892627
TXN9d9b72b9-e,CUST00124,2026-06-22 09:27:22,20364.12,atm,grocery,1,1,0,0,0,0,999.0,0,0,9.92157891252771
TXN704532d5-2,CUST00124,2026-06-22 15:08:13,2132.08,mobile,utilities,0,1,0,0,0,0,999.0,0,0,7.665322223628314
TXN178cb5a0-3,CUST00124,2026-06-24 18:17:14,7758.96,mobile,wire_transfer,0,1,0,0,0,0,999.0,0,0,8.956732458524804
TXN0e8fed60-d,CUST00124,2026-06-24 18:27:31,1404.85,branch,grocery,0,2,0,0,0,0,999.0,0,0,7.248397381046292
TXN5a0ed9b7-5,CUST00124,2026-06-27 08:59:44,187.09,mobile,retail,0,1,0,0,0,0,999.0,0,0,5.236920571682713
TXNeb068b1e-6,CUST00124,2026-07-02 04:09:28,330.0,atm,wire_transfer,0,1,0,0,0,0,999.0,0,0,5.802118375377063
TXN69bea8c9-3,CUST00124,2026-07-04 09:46:32,10230.87,atm,grocery,0,1,0,0,0,0,999.0,0,0,9.233262637939498
TXN1d96dc53-2,CUST00124,2026-07-05 14:15:35,1210.88,mobile,electronics,0,1,0,0,0,0,999.0,0,0,7.099928151826466
TXNb38adf82-6,CUST00124,2026-07-13 12:18:41,8089.09,web,electronics,0,1,0,0,0,0,999.0,0,0,8.998395134836144
TXNdf8db157-0,CUST00124,2026-07-16 05:54:22,3957.66,web,electronics,0,1,1,1,0,0,17.0,0,0,8.283660863145412
TXNa8575900-7,CUST00125,2026-06-20 22:57:14,3557.03,mobile,travel,0,1,0,0,0,0,999.0,0,0,8.176962299893438
TXN21351574-4,CUST00125,2026-06-30 02:51:16,2277.9,mobile,wire_transfer,0,1,0,0,0,0,999.0,0,0,7.731448149388726
TXN506a8dd3-0,CUST00125,2026-07-06 13:31:20,35645.02,web,wire_transfer,0,1,1,1,0,0,19.0,0,0,10.48139277865641
TXNe3f2df80-a,CUST00125,2026-07-12 02:41:08,3203.05,mobile,electronics,0,1,0,0,0,0,999.0,0,0,8.072170913559619
TXNd03c9c2c-b,CUST00126,2026-06-19 10:12:57,4344.48,mobile,wire_transfer,0,1,0,0,0,0,999.0,0,0,8.376891503404606
TXNe97c0ea5-3,CUST00126,2026-06-21 16:51:57,378.57,web,utilities,1,1,0,0,0,0,999.0,0,0,5.939039033054211
TXN34b34dcb-8,CUST00126,2026-06-26 11:52:50,3922.73,web,retail,0,1,0,0,0,0,999.0,0,0,8.27479801097847
TXN692c6843-e,CUST00126,2026-06-29 23:42:18,6294.31,mobile,wire_transfer,0,1,0,0,0,0,999.0,0,0,8.747560190698815
TXN8d28eef5-c,CUST00126,2026-07-01 15:18:10,903.58,web,wire_transfer,0,1,0,0,0,0,999.0,0,0,6.807470747579786
TXN138d8006-1,CUST00126,2026-07-03 15:17:09,1006.78,web,jewellery,0,1,0,0,0,0,999.0,0,0,6.915505170842197
TXN51a0bd7c-4,CUST00126,2026-07-04 03:40:32,386.96,mobile,electronics,0,1,0,0,0,0,999.0,0,0,5.960902241525342
TXNdbd7b4b4-e,CUST00126,2026-07-05 04:37:39,10900.37,mobile,retail,0,1,0,0,0,0,999.0,0,0,9.296643748392546
TXN3e84455f-a,CUST00126,2026-07-10 23:47:54,7557.33,mobile,utilities,0,1,0,0,0,0,999.0,0,0,8.930405545300797
TXN1ab88733-8,CUST00126,2026-07-11 10:13:44,4386.19,mobile,electronics,0,1,0,0,0,0,999.0,0,0,8.386444210007264
TXN7c781b98-9,CUST00126,2026-07-14 12:32:09,1752.55,web,utilities,0,1,0,0,0,0,999.0,0,0,7.4693975835734765
TXN4d7efc8e-b,CUST00126,2026-07-15 04:00:33,168.31,web,grocery,0,1,0,0,0,0,999.0,0,0,5.131731354140141
TXNf710900b-d,CUST00127,2026-06-18 22:06:16,1182.37,web,retail,0,1,0,0,0,0,999.0,0,0,7.0761215792367915
TXNdac5609e-4,CUST00127,2026-06-19 01:54:35,5523.37,atm,grocery,0,1,0,0,0,0,999.0,0,0,8.616924492735043
TXNd61968aa-7,CUST00127,2026-06-25 16:43:29,1407.33,mobile,grocery,0,1,0,0,0,0,999.0,0,0,7.250159884256458
TXNf3fac150-7,CUST00127,2026-07-05 01:40:15,589.48,web,electronics,0,1,0,0,0,0,999.0,0,0,6.380935765461797
TXN092e9fab-2,CUST00127,2026-07-05 18:27:16,3507.72,web,grocery,0,1,0,0,0,0,999.0,0,0,8.163006577586103
TXN70b6052f-b,CUST00127,2026-07-07 22:11:56,5676.35,mobile,retail,1,1,0,0,0,0,999.0,0,0,8.644239853551436
TXN855fecc6-f,CUST00127,2026-07-08 20:55:31,1313.58,mobile,retail,0,1,0,0,0,0,999.0,0,0,7.181272501960512
TXN8d8f2868-b,CUST00127,2026-07-12 06:31:34,2947.05,web,travel,1,1,0,0,0,0,999.0,0,0,7.988899213816686
TXNb993c041-5,CUST00127,2026-07-13 05:09:03,4435.21,mobile,electronics,0,1,1,1,0,0,14.0,0,0,8.397555687295656
TXN9696e833-4,CUST00127,2026-07-15 23:43:42,642.9,web,electronics,1,1,0,0,0,0,999.0,0,0,6.467543434544138
TXN0803ad31-4,CUST00128,2026-06-16 15:37:11,4138.01,mobile,grocery,0,1,1,1,0,0,21.0,0,0,8.328211907788337
TXN04d340e8-7,CUST00128,2026-06-19 16:43:03,221.31,web,travel,0,1,0,0,0,0,999.0,0,0,5.4040728042139
TXNd4022243-e,CUST00128,2026-06-25 14:16:19,5211.11,mobile,electronics,0,1,0,0,0,0,999.0,0,0,8.558740043164006
TXNc125798e-9,CUST00128,2026-06-28 02:00:42,3524.57,mobile,wire_transfer,1,1,0,0,0,0,999.0,0,0,8.167797404301648
TXN611b92ab-3,CUST00128,2026-06-29 12:33:13,2237.56,web,utilities,0,1,0,0,0,0,999.0,0,0,7.713588080984976
TXN88516447-6,CUST00128,2026-07-03 09:01:18,1464.53,web,wire_transfer,0,1,0,0,0,0,999.0,0,0,7.289972230770491
TXN71ab4711-6,CUST00128,2026-07-06 03:20:45,3855.38,mobile,retail,0,1,0,0,0,0,999.0,0,0,8.25748419859277
TXNefede7bb-5,CUST00128,2026-07-09 15:27:49,1884.23,web,jewellery,0,1,0,0,0,0,999.0,0,0,7.541805108353894
TXN9f1c9fd4-d,CUST00129,2026-06-16 23:20:26,722.73,web,electronics,0,1,0,0,0,0,999.0,0,0,6.584418394653915
TXNc0d978e7-c,CUST00129,2026-06-17 02:50:13,2119.09,web,electronics,0,1,0,0,0,0,999.0,0,0,7.659213819595151
TXN07001750-c,CUST00129,2026-06-25 02:49:12,240.55,branch,retail,0,1,0,0,0,0,999.0,0,0,5.4870764910004155
TXNc8594dfb-6,CUST00129,2026-07-10 04:55:09,855.87,atm,electronics,1,1,0,0,0,0,999.0,0,0,6.753286215142734
TXNc4ddfe54-9,CUST00130,2026-06-17 03:47:59,3143.45,atm,travel,0,1,0,0,0,0,999.0,0,0,8.053394273078002
TXNc09d557f-b,CUST00130,2026-06-17 08:15:42,206.37,web,travel,0,1,0,0,0,0,999.0,0,0,5.334504637309749
TXNeeb687c3-b,CUST00130,2026-06-21 01:24:47,3996.73,mobile,jewellery,0,1,0,0,0,0,999.0,0,0,8.293481979012954
TXN6c8073b7-7,CUST00130,2026-06-28 23:49:20,1017.34,web,travel,0,1,1,1,0,0,23.0,0,0,6.925929129561001
TXNfdab0afa-d,CUST00130,2026-07-08 11:20:10,2569.61,web,travel,0,1,0,0,0,0,999.0,0,0,7.851898503810844
TXN8da4afbe-1,CUST00130,2026-07-11 23:58:58,5221.8,web,jewellery,0,1,0,0,0,0,999.0,0,0,8.560788935533884
TXNe85fda55-2,CUST00131,2026-06-17 12:08:56,4451.34,mobile,electronics,0,1,1,1,0,0,25.0,0,0,8.401185079650093
TXNaebeca58-c,CUST00131,2026-06-23 09:00:52,2050.91,mobile,retail,0,1,0,0,0,0,999.0,0,0,7.626526345679674
TXNa72d0bf4-c,CUST00131,2026-07-02 13:52:15,284.58,mobile,electronics,0,1,0,0,0,0,999.0,0,0,5.654522200002149
TXN4bbb2e9a-8,CUST00131,2026-07-04 20:08:36,211913.94,mobile,wire_transfer,1,1,1,1,1,4,5.0,1,1,12.2639402467262
TXNffb1c192-1,CUST00131,2026-07-07 09:49:32,5970.47,mobile,wire_transfer,1,1,0,0,0,0,999.0,0,0,8.694748407232511
TXNf5d68c8f-2,CUST00131,2026-07-11 15:19:00,591.37,web,jewellery,0,1,0,0,0,0,999.0,0,0,6.3841314396528475
TXN44cca057-5,CUST00131,2026-07-12 01:53:27,20190.41,mobile,wire_transfer,0,1,0,0,0,0,999.0,0,0,9.913012545421173
TXN09e218a7-6,CUST00131,2026-07-12 22:52:25,601.91,atm,electronics,0,1,0,0,0,0,999.0,0,0,6.401767931856395
TXNfe1be3e9-b,CUST00131,2026-07-15 10:05:29,1207.02,web,travel,0,1,0,0,0,0,999.0,0,0,7.096737934649097
TXN8d2bb00b-9,CUST00132,2026-06-22 11:48:47,492.21,mobile,travel,1,1,0,0,0,0,999.0,0,0,6.200935046834842
TXNc96782fb-c,CUST00132,2026-06-23 04:27:14,261.48,mobile,travel,0,1,0,0,0,0,999.0,0,0,5.570174888652846
TXN09791408-7,CUST00132,2026-06-23 15:25:12,2718.71,web,utilities,0,1,0,0,0,0,999.0,0,0,7.9082805359589186
TXN0328a80d-9,CUST00132,2026-06-29 21:51:04,1043.33,mobile,retail,0,1,0,0,0,0,999.0,0,0,6.95113081045007
TXN046b96f9-7,CUST00132,2026-06-30 12:01:13,4283.23,mobile,retail,0,1,0,0,0,0,999.0,0,0,8.362696118268406
TXNa34321bf-7,CUST00132,2026-06-30 13:37:12,450.22,web,wire_transfer,0,1,0,0,0,0,999.0,0,0,6.111955025442605
TXNa928a5b2-9,CUST00132,2026-07-03 03:56:37,1677.19,atm,retail,0,1,0,0,0,0,999.0,0,0,7.425471110652872
TXN70c0a4f6-1,CUST00132,2026-07-03 14:24:26,229525.51,web,wire_transfer,1,1,1,1,1,3,20.0,1,1,12.343773813794312
TXN145d2f7e-f,CUST00132,2026-07-08 12:46:59,740.53,mobile,travel,0,1,0,0,0,0,999.0,0,0,6.608715619289569
TXNd8fbd542-4,CUST00132,2026-07-08 14:08:44,613.55,web,jewellery,0,1,0,0,0,0,999.0,0,0,6.42089029266099
TXN689ab92d-3,CUST00132,2026-07-10 03:11:31,5243.94,mobile,jewellery,0,1,0,0,0,0,999.0,0,0,8.565019081298807
TXNa793eb81-1,CUST00133,2026-06-18 01:26:31,35774.18,web,travel,0,1,0,0,0,0,999.0,0,0,10.485009635858535
TXN2cabb9ad-a,CUST00133,2026-06-20 16:12:04,368.93,web,utilities,0,1,0,0,0,0,999.0,0,0,5.913313798550549
TXNa7ee2f23-9,CUST00133,2026-06-26 01:12:14,930.4,mobile,retail,0,1,0,0,0,0,999.0,0,0,6.836688830548277
TXNfdf1d205-b,CUST00133,2026-06-26 04:26:31,3200.23,mobile,electronics,0,1,0,0,0,0,999.0,0,0,8.071290389934672
TXN0420521e-4,CUST00133,2026-07-01 02:45:46,2507.29,mobile,travel,0,1,0,0,0,0,999.0,0,0,7.827356525052231
TXN513cd464-9,CUST00133,2026-07-01 03:52:54,48289.16,web,utilities,0,1,0,0,0,0,999.0,0,0,10.784983092177486
TXN3a5b171c-b,CUST00133,2026-07-02 03:42:58,11847.36,atm,utilities,0,1,0,0,0,0,999.0,0,0,9.379944740361108
TXN81b85934-a,CUST00133,2026-07-05 06:00:11,1054.08,mobile,retail,0,1,0,0,0,0,999.0,0,0,6.961371872419151
TXN7eb3a98f-d,CUST00133,2026-07-10 20:51:52,3060.65,web,jewellery,0,1,0,0,0,0,999.0,0,0,8.026709265308162
TXN1bf2235c-5,CUST00134,2026-07-01 16:58:29,404.07,web,wire_transfer,0,1,0,0,0,0,999.0,0,0,6.004059891677685
TXN343c1752-3,CUST00134,2026-07-06 09:59:09,7563.71,web,grocery,1,1,0,0,0,0,999.0,0,0,8.931249291052776
TXN0b73a040-b,CUST00134,2026-07-07 17:01:01,1685.83,mobile,grocery,0,1,0,0,0,0,999.0,0,0,7.430606306869574
TXNd972c236-d,CUST00134,2026-07-08 21:17:01,1084.3,web,electronics,0,1,0,0,0,0,999.0,0,0,6.98961172545197
TXN1cf98855-7,CUST00134,2026-07-09 05:42:03,380.94,mobile,electronics,0,1,0,0,0,0,999.0,0,0,5.945263528207268
TXNf9a013be-5,CUST00135,2026-06-16 18:56:08,1470.21,web,jewellery,0,1,0,0,0,0,999.0,0,0,7.293840470439387
TXN9b622c0a-5,CUST00135,2026-06-19 02:22:26,198.25,web,electronics,0,1,0,0,0,0,999.0,0,0,5.294560317670324
TXN4b47b715-f,CUST00135,2026-06-21 16:43:15,1563.72,mobile,retail,0,1,0,0,0,0,999.0,0,0,7.355462173229262
TXN4878383a-e,CUST00135,2026-06-22 16:17:09,1254.89,web,grocery,0,1,0,0,0,0,999.0,0,0,7.135599763574991
TXN1246d2a5-6,CUST00135,2026-07-01 04:18:35,7734.51,web,grocery,0,1,0,0,0,0,999.0,0,0,8.953576694899546
TXNd44260d2-5,CUST00135,2026-07-06 22:24:20,1438.93,mobile,utilities,0,1,0,0,0,0,999.0,0,0,7.272349780277377
TXN5fed5cb7-a,CUST00135,2026-07-08 20:11:45,2155.17,atm,retail,1,1,1,1,0,0,10.0,0,0,7.676088778642119
TXNb67cb2ac-9,CUST00136,2026-06-16 19:30:56,2528.8,atm,grocery,0,1,0,0,0,0,999.0,0,0,7.835895527213442
TXN1b3206f0-0,CUST00136,2026-06-19 01:46:23,3848.27,web,grocery,0,1,0,0,0,0,999.0,0,0,8.255638798913896
TXN60fba34c-3,CUST00136,2026-06-22 01:38:43,2163.79,mobile,utilities,0,1,0,0,0,0,999.0,0,0,7.680078638041479
TXN266a8b90-e,CUST00136,2026-06-22 09:29:27,7191.22,web,wire_transfer,0,1,0,0,0,0,999.0,0,0,8.880755165227544
TXNbdf68eb0-c,CUST00136,2026-06-24 00:19:35,2514.3,mobile,travel,0,1,0,0,0,0,999.0,0,0,7.830147359714268
TXN5027b309-c,CUST00136,2026-07-10 13:04:18,2953.11,mobile,wire_transfer,0,1,0,0,0,0,999.0,0,0,7.990952700041894
TXN5e4908c8-2,CUST00136,2026-07-13 22:47:21,3403.7,web,travel,0,1,1,1,0,0,11.0,0,0,8.132912108975203
TXNf486a251-1,CUST00137,2026-06-19 04:50:26,793.24,branch,travel,0,1,0,0,0,0,999.0,0,0,6.677385682576188
TXNa8350a40-0,CUST00137,2026-06-22 09:00:55,1204.67,web,utilities,0,1,0,0,0,0,999.0,0,0,7.094790708002312
TXNc33a8761-6,CUST00137,2026-07-09 11:56:59,1388.07,mobile,grocery,0,1,0,0,0,0,999.0,0,0,7.236389737452832
TXNfe08a540-e,CUST00138,2026-06-25 10:25:36,980.73,atm,jewellery,0,1,0,0,0,0,999.0,0,0,6.889316321465533
TXNff70abaa-8,CUST00138,2026-06-29 03:14:17,847.23,atm,wire_transfer,0,1,0,0,0,0,999.0,0,0,6.743151825431763
TXNcc5732f2-8,CUST00139,2026-06-24 18:58:04,264.8,web,wire_transfer,0,1,0,0,0,0,999.0,0,0,5.582744146279145
TXN1f09bd6b-b,CUST00139,2026-06-25 11:19:00,3222.26,mobile,wire_transfer,0,1,0,0,0,0,999.0,0,0,8.078148548744833
TXN93432c76-d,CUST00139,2026-07-05 05:30:49,9744.51,web,retail,0,1,0,0,0,0,999.0,0,0,9.184561945102786
TXN5424aae4-3,CUST00139,2026-07-07 02:57:58,2619.65,mobile,travel,0,1,0,0,0,0,999.0,0,0,7.8711776575885635
TXN5097ce46-7,CUST00139,2026-07-08 01:51:21,3477.41,mobile,travel,0,1,0,0,0,0,999.0,0,0,8.154330571807762
TXNb16d3da7-1,CUST00139,2026-07-09 05:09:04,4918.51,atm,electronics,0,1,0,0,0,0,999.0,0,0,8.500964211030658
TXNa8c12f22-7,CUST00139,2026-07-09 14:45:53,1184.7,web,travel,0,1,0,0,0,0,999.0,0,0,7.078088596464025
TXNfa3bc921-c,CUST00139,2026-07-13 21:21:04,416.59,mobile,grocery,0,1,0,0,0,0,999.0,0,0,6.034500089921557
TXN5122f001-7,CUST00139,2026-07-15 01:57:34,1041.03,web,wire_transfer,0,1,0,0,0,0,999.0,0,0,6.9489260126858134
TXNbbe43aa7-8,CUST00139,2026-07-16 11:02:30,3024.37,mobile,utilities,0,1,0,0,0,0,999.0,0,0,8.014788677034774
TXNc94b3a6f-7,CUST00140,2026-06-23 07:09:27,641.92,mobile,jewellery,0,1,0,0,0,0,999.0,0,0,6.46602029970094
TXNf525d556-b,CUST00140,2026-06-24 04:26:59,1638.23,mobile,jewellery,0,1,0,0,0,0,999.0,0,0,7.401981898367759
TXN14669189-5,CUST00140,2026-06-26 17:34:35,369.33,mobile,wire_transfer,0,1,0,0,0,0,999.0,0,0,5.914394500030922
TXNecfbc936-2,CUST00140,2026-07-04 18:40:50,4385.82,branch,grocery,0,1,0,0,0,0,999.0,0,0,8.386359870007603
TXNd3ec1562-9,CUST00140,2026-07-05 14:57:36,6204.71,mobile,jewellery,0,1,0,0,0,0,999.0,0,0,8.733225114944531
TXN1391d18a-8,CUST00140,2026-07-11 09:44:27,2949.35,mobile,wire_transfer,0,1,1,1,0,0,3.0,0,0,7.989679086364012
TXN7bf18cf4-a,CUST00140,2026-07-13 20:06:52,2843.3,mobile,wire_transfer,0,1,1,1,0,0,25.0,0,0,7.953072270592023
TXNe8c5a3b0-c,CUST00140,2026-07-14 11:08:02,5289.11,web,grocery,0,1,0,0,0,0,999.0,0,0,8.573594318587004
TXN6b2b0c27-1,CUST00141,2026-06-19 12:08:59,9465.76,web,retail,1,1,0,0,0,0,999.0,0,0,9.155541994587516
TXN1e32e3e1-5,CUST00141,2026-06-19 18:43:29,2582.71,mobile,jewellery,0,1,0,0,0,0,999.0,0,0,7.856981629502168
TXN81496136-6,CUST00141,2026-06-27 17:57:18,15841.93,mobile,retail,0,1,0,0,0,0,999.0,0,0,9.670478623010172
TXN32b6f533-c,CUST00141,2026-06-27 23:40:44,1026.31,mobile,utilities,0,1,1,1,0,0,22.0,0,0,6.934699014429683
TXN743de03a-e,CUST00141,2026-07-05 03:29:22,1801.54,web,electronics,0,1,0,0,0,0,999.0,0,0,7.496952060313711
TXN7e83e815-9,CUST00141,2026-07-09 15:03:40,109562.48,mobile,wire_transfer,1,1,1,1,1,3,2.0,1,1,11.604259386289874
TXNaa7898aa-9,CUST00141,2026-07-12 00:10:29,1825.75,mobile,wire_transfer,0,1,0,0,0,0,999.0,0,0,7.510293710671327
TXNcbbd3732-4,CUST00141,2026-07-14 16:35:36,1931.21,mobile,grocery,0,1,0,0,0,0,999.0,0,0,7.566419704517693
TXN20a0c244-5,CUST00142,2026-06-17 16:14:42,2573.5,web,wire_transfer,1,1,0,0,0,0,999.0,0,0,7.853410619486196
TXN19dad534-b,CUST00142,2026-06-17 22:19:21,10479.09,branch,travel,1,1,0,0,0,0,999.0,0,0,9.257232545624419
TXN3dcead91-8,CUST00142,2026-06-18 02:43:35,609.93,atm,retail,0,1,0,0,0,0,999.0,0,0,6.414982386323598
TXNb61d1f43-8,CUST00142,2026-06-20 00:54:47,4272.98,mobile,travel,0,1,0,0,0,0,999.0,0,0,8.360300756410961
TXN2abc4b2f-b,CUST00142,2026-06-26 04:42:26,879.85,mobile,electronics,0,1,0,0,0,0,999.0,0,0,6.780887350373149
TXN83d04bac-2,CUST00142,2026-06-30 09:19:05,1031.05,mobile,wire_transfer,0,1,0,0,0,0,999.0,0,0,6.939302394480267
TXNd577c131-0,CUST00142,2026-07-08 07:43:00,3674.45,mobile,wire_transfer,0,1,0,0,0,0,999.0,0,0,8.209430853130264
TXN635b729c-e,CUST00142,2026-07-12 03:46:53,1974.18,atm,utilities,1,1,1,1,0,0,20.0,0,0,7.5884148124228
TXN562e121f-e,CUST00143,2026-06-25 11:53:42,1668.79,web,wire_transfer,0,1,0,0,0,0,999.0,0,0,7.420453149000801
TXN5639117a-1,CUST00143,2026-07-06 07:23:10,4005.17,web,jewellery,1,1,0,0,0,0,999.0,0,0,8.29559095167085
TXN12e1725b-0,CUST00143,2026-07-09 11:56:19,2349.57,web,travel,0,1,0,0,0,0,999.0,0,0,7.762413130918424
TXN1b96ee81-9,CUST00143,2026-07-10 14:05:10,14446.49,mobile,utilities,0,1,0,0,0,0,999.0,0,0,9.57827597603042
TXNf32de530-5,CUST00143,2026-07-13 14:55:46,717.05,atm,jewellery,1,1,0,0,0,0,999.0,0,0,6.576539204506628
TXN6f8963b3-d,CUST00144,2026-06-20 07:02:38,2217.29,mobile,grocery,0,1,0,0,0,0,999.0,0,0,7.704491907785484
TXNb33aa6b9-7,CUST00144,2026-06-22 05:23:43,1751.57,web,retail,0,1,0,0,0,0,999.0,0,0,7.468838561049706
TXNb944e469-2,CUST00144,2026-07-02 13:32:58,7810.12,mobile,jewellery,0,1,0,0,0,0,999.0,0,0,8.963303638441975
TXNa17e34b0-6,CUST00144,2026-07-07 06:05:14,1213.53,web,jewellery,1,1,0,0,0,0,999.0,0,0,7.10211244966041
TXN47802d60-9,CUST00145,2026-06-18 01:36:10,1038.97,mobile,travel,0,1,1,1,0,0,12.0,0,0,6.946947145565514
TXN3b759faa-1,CUST00145,2026-06-19 09:11:47,1495.76,mobile,grocery,0,1,0,0,0,0,999.0,0,0,7.3110580509256184
TXN2d3dab8a-7,CUST00145,2026-06-21 21:10:41,1743.54,web,travel,0,1,0,0,0,0,999.0,0,0,7.4642461895700345
TXN26fa466b-1,CUST00145,2026-06-24 03:55:25,721.52,branch,retail,0,1,0,0,0,0,999.0,0,0,6.582745101264357
TXN97d20300-9,CUST00145,2026-06-28 05:14:58,11138.96,atm,grocery,0,1,0,0,0,0,999.0,0,0,9.318293922810556
TXNd1f2789b-e,CUST00145,2026-06-28 16:52:51,2590.73,mobile,travel,1,1,0,0,0,0,999.0,0,0,7.860080885379775
TXN0c5c9940-5,CUST00145,2026-07-02 12:01:21,3968.74,branch,wire_transfer,0,1,0,0,0,0,999.0,0,0,8.286455880352715
TXN741a5b09-a,CUST00145,2026-07-05 21:07:28,17775.13,web,grocery,0,1,0,0,0,0,999.0,0,0,9.785611825083993
TXN62524390-5,CUST00146,2026-06-18 05:11:59,807.37,mobile,retail,0,1,1,1,0,0,2.0,0,0,6.695019874499445
TXN8673173a-e,CUST00146,2026-06-19 12:37:04,1193.77,mobile,retail,0,1,0,0,0,0,999.0,0,0,7.085708977221903
TXNbb21d347-f,CUST00146,2026-06-21 13:14:24,5300.9,mobile,grocery,0,1,0,0,0,0,999.0,0,0,8.575820525863861
TXN2a6445d3-4,CUST00146,2026-06-26 00:33:34,246.36,web,jewellery,0,1,0,0,0,0,999.0,0,0,5.5108447653990575
TXN507a61a9-9,CUST00146,2026-06-27 13:21:14,970.89,mobile,retail,1,1,0,0,0,0,999.0,0,0,6.879242629332096
TXN473bccd4-8,CUST00146,2026-07-03 12:04:47,131.15,mobile,travel,0,1,0,0,0,0,999.0,0,0,4.883937641050299
TXNf1eef895-d,CUST00146,2026-07-09 17:48:33,18640.52,branch,travel,0,1,0,0,0,0,999.0,0,0,9.833146629979343
TXNed944378-d,CUST00146,2026-07-13 20:56:24,7937.39,atm,wire_transfer,0,1,0,0,0,0,999.0,0,0,8.979465762899551
TXNf41978cd-2,CUST00146,2026-07-15 12:53:32,800.91,web,retail,0,1,0,0,0,0,999.0,0,0,6.686996382118069
TXN7c9428af-4,CUST00147,2026-06-17 09:04:55,635.39,web,retail,0,1,0,0,0,0,999.0,0,0,6.455811582952369
TXN8d5a9549-3,CUST00147,2026-06-20 23:10:37,1262.34,web,utilities,0,1,0,0,0,0,999.0,0,0,7.1415142864392935
TXN47543604-a,CUST00147,2026-07-03 03:46:13,4289.31,mobile,retail,0,1,0,0,0,0,999.0,0,0,8.364114270383618
TXN2b589b3f-e,CUST00147,2026-07-04 19:30:08,1145.49,web,electronics,0,1,0,0,0,0,999.0,0,0,7.044460380061927
TXN2b39e995-c,CUST00147,2026-07-12 12:44:19,16057.29,web,jewellery,1,1,0,0,0,0,999.0,0,0,9.683980506115747
TXN4269f091-e,CUST00147,2026-07-13 04:15:58,9434.69,mobile,electronics,1,1,0,0,0,0,999.0,0,0,9.152254587084125
TXN1b2aa4e4-c,CUST00147,2026-07-16 09:17:16,8539.8,branch,travel,0,1,0,0,0,0,999.0,0,0,9.052609959210205
TXNf2a83faa-f,CUST00148,2026-06-20 05:28:58,435.97,mobile,grocery,0,1,0,0,0,0,999.0,0,0,6.079864542853495
TXN5e9a35cf-0,CUST00148,2026-06-22 19:07:49,830.99,web,electronics,0,1,0,0,0,0,999.0,0,0,6.723820421518208
TXNb75c3825-1,CUST00148,2026-06-28 08:31:13,495.14,web,travel,0,1,0,0,0,0,999.0,0,0,6.206858144962131
TXN0a2cbb1b-e,CUST00148,2026-06-28 15:10:50,5158.98,atm,retail,1,1,0,0,0,0,999.0,0,0,8.548687982499105
TXN742f790e-d,CUST00148,2026-07-01 04:41:35,550.9,branch,jewellery,0,1,0,0,0,0,999.0,0,0,6.3133668704454555
TXN71e007b0-b,CUST00148,2026-07-03 19:53:11,1982.79,atm,jewellery,0,1,0,0,0,0,999.0,0,0,7.592764435468459
TXN89b4db80-8,CUST00148,2026-07-07 18:57:16,4306.94,mobile,retail,0,1,0,0,0,0,999.0,0,0,8.368215110602687
TXN1eb46d3b-d,CUST00148,2026-07-12 18:47:56,1134.49,web,retail,0,1,0,0,0,0,999.0,0,0,7.0348195548137475
TXN7d058c07-0,CUST00148,2026-07-15 17:51:55,904.93,web,utilities,0,1,0,0,0,0,999.0,0,0,6.808962040364907
TXN38f1f1ab-c,CUST00149,2026-06-18 05:47:19,7330.11,branch,wire_transfer,0,1,0,0,0,0,999.0,0,0,8.899882215885262
TXN230681aa-d,CUST00149,2026-06-20 07:23:46,4681.31,mobile,utilities,0,1,0,0,0,0,999.0,0,0,8.451546856879935
TXNcdbb6c1f-5,CUST00149,2026-06-22 11:00:42,3306.72,mobile,jewellery,0,1,0,0,0,0,999.0,0,0,8.104014409272141
TXN7e45fee4-6,CUST00149,2026-07-06 10:39:22,1055.67,web,grocery,0,1,0,0,0,0,999.0,0,0,6.962877732772373
TXN281f45ff-5,CUST00149,2026-07-08 12:40:19,2917.35,branch,retail,0,1,0,0,0,0,999.0,0,0,7.9787736670578076
TXNab30f1b1-b,CUST00149,2026-07-11 19:00:11,2131.94,mobile,wire_transfer,0,1,0,0,0,0,999.0,0,0,7.665256588680494
TXN7416386b-4,CUST00150,2026-06-18 03:19:43,218.6,mobile,grocery,0,1,0,0,0,0,999.0,0,0,5.391807709635375
TXN09d1c11f-e,CUST00150,2026-06-18 15:44:52,937.13,mobile,electronics,0,1,0,0,0,0,999.0,0,0,6.843888532153669
TXNac0d8818-8,CUST00150,2026-06-20 14:26:30,13244.44,mobile,jewellery,0,1,0,0,0,0,999.0,0,0,9.491408621237445
TXNb481acde-e,CUST00150,2026-07-07 10:15:01,3371.67,web,wire_transfer,0,1,0,0,0,0,999.0,0,0,8.1234599945209
TXNb01cad4e-b,CUST00150,2026-07-10 13:07:59,2805.11,mobile,electronics,0,1,0,0,0,0,999.0,0,0,7.93955446160466
TXNdf42eabd-6,CUST00151,2026-06-19 06:32:52,3738.59,atm,grocery,0,1,0,0,0,0,999.0,0,0,8.226731258730796
TXN7f297630-b,CUST00151,2026-06-24 09:22:59,1492.12,branch,electronics,0,1,0,0,0,0,999.0,0,0,7.308623169393011
TXNa2807710-3,CUST00151,2026-06-28 01:33:16,5936.01,mobile,retail,0,1,0,0,0,0,999.0,0,0,8.688960918621623
TXN842ca512-f,CUST00151,2026-06-29 19:41:26,1816.1,mobile,utilities,0,1,0,0,0,0,999.0,0,0,7.504997102655011
TXN3217f93c-a,CUST00151,2026-06-30 10:52:00,1537.49,atm,grocery,0,1,0,0,0,0,999.0,0,0,7.338556694903469
TXN36d5187b-b,CUST00151,2026-06-30 20:39:39,2377.3,mobile,electronics,1,1,0,0,0,0,999.0,0,0,7.774141225727652
TXNd66f3fff-a,CUST00151,2026-07-02 19:43:21,353.19,branch,travel,0,1,0,0,0,0,999.0,0,0,5.869833492313257
TXN3ef433df-0,CUST00151,2026-07-07 13:44:06,678.66,atm,jewellery,0,1,0,0,0,0,999.0,0,0,6.52159267312847
TXN30bdf7be-5,CUST00151,2026-07-12 18:57:01,1572.24,web,retail,0,1,0,0,0,0,999.0,0,0,7.3608924661179715
TXN7c08a960-2,CUST00151,2026-07-14 07:07:49,1871.64,web,jewellery,0,1,0,0,0,0,999.0,0,0,7.53510447895165
TXNf2fda085-0,CUST00151,2026-07-15 04:31:00,514.26,mobile,retail,0,1,0,0,0,0,999.0,0,0,6.244671627636577
TXNab00764e-4,CUST00152,2026-06-29 00:35:59,217.1,web,travel,0,1,0,0,0,0,999.0,0,0,5.384953673207583
TXN7d9def75-1,CUST00152,2026-06-29 19:32:51,965.57,mobile,wire_transfer,0,1,0,0,0,0,999.0,0,0,6.873753722306122
TXNb01f90e7-6,CUST00152,2026-07-02 01:58:47,1710.53,atm,jewellery,0,1,0,0,0,0,999.0,0,0,7.445142986300404
TXN5944a69c-a,CUST00152,2026-07-03 21:56:36,1202.11,web,jewellery,0,1,0,0,0,0,999.0,0,0,7.092665149865961
TXNf44f5031-a,CUST00152,2026-07-06 08:03:58,1103.18,mobile,retail,0,1,0,0,0,0,999.0,0,0,7.006858257025158
TXNa18af1fd-6,CUST00152,2026-07-08 23:06:46,23285.68,mobile,retail,0,1,0,0,0,0,999.0,0,0,10.055636802266267
TXNa1497b65-c,CUST00152,2026-07-10 12:38:02,354.27,mobile,wire_transfer,0,1,0,0,0,0,999.0,0,0,5.872878063773937
TXNb5c1f027-3,CUST00152,2026-07-16 00:22:13,2677.58,mobile,travel,0,1,0,0,0,0,999.0,0,0,7.893042082338123
TXNd73794d5-4,CUST00152,2026-07-16 03:05:03,5819.95,web,retail,0,1,0,0,0,0,999.0,0,0,8.669218757645426
TXN3f555c7d-5,CUST00153,2026-06-17 06:46:44,6337.73,web,jewellery,0,1,0,0,0,0,999.0,0,0,8.754433711908037
TXN380bd4cb-1,CUST00153,2026-06-18 08:51:28,2625.1,mobile,grocery,0,1,0,0,0,0,999.0,0,0,7.873255134868839
TXN6b6a838e-4,CUST00153,2026-06-19 10:51:07,1829.14,branch,travel,0,1,0,0,0,0,999.0,0,0,7.512147745641522
TXN2d1b143e-1,CUST00153,2026-07-12 17:39:35,493.61,web,grocery,0,1,0,0,0,0,999.0,0,0,6.203769573241197
TXNe595e3fa-e,CUST00153,2026-07-14 15:37:17,1400.38,mobile,grocery,0,1,0,0,0,0,999.0,0,0,7.245212744391753
TXN8b1d2284-5,CUST00153,2026-07-16 11:57:47,592.54,web,utilities,1,1,0,0,0,0,999.0,0,0,6.3861046085773125
TXN65e92e49-b,CUST00154,2026-06-20 06:14:09,2399.37,mobile,travel,0,1,0,0,0,0,999.0,0,0,7.783378171120244
TXNa91decb2-5,CUST00154,2026-06-21 19:11:04,3025.91,mobile,electronics,1,1,0,0,0,0,999.0,0,0,8.015297576171376
TXNdd2fb568-c,CUST00154,2026-06-23 10:41:58,1481.9,mobile,grocery,0,1,1,1,0,0,13.0,0,0,7.301754908981024
TXNcf1ca021-6,CUST00154,2026-06-26 22:20:24,615.69,mobile,grocery,1,1,0,0,0,0,999.0,0,0,6.424366466526266
TXNd9da5f47-e,CUST00154,2026-06-30 14:53:28,246.26,branch,grocery,1,1,1,1,0,0,10.0,0,0,5.510440414578781
TXN4496a883-4,CUST00154,2026-06-30 18:36:29,1428.88,web,utilities,0,1,0,0,0,0,999.0,0,0,7.265345803648885
TXNafedc6c3-6,CUST00154,2026-07-02 18:17:12,2018.92,branch,wire_transfer,0,1,0,0,0,0,999.0,0,0,7.6108131856505965
TXNe1d5fcea-c,CUST00154,2026-07-06 16:38:23,2458.35,mobile,electronics,0,1,0,0,0,0,999.0,0,0,7.807652366369858
TXNaccc1507-4,CUST00154,2026-07-11 04:04:30,4027.86,web,wire_transfer,0,1,0,0,0,0,999.0,0,0,8.301238736511173
TXN8ff01845-0,CUST00154,2026-07-16 01:34:51,32652.49,mobile,travel,0,1,0,0,0,0,999.0,0,0,10.39370702026317
TXN7c4a14cf-4,CUST00155,2026-06-20 06:04:27,354.18,branch,utilities,0,1,0,0,0,0,999.0,0,0,5.87262470322645
TXN72984bb6-4,CUST00155,2026-06-22 09:15:27,317.51,atm,grocery,0,1,0,0,0,0,999.0,0,0,5.763653871693592
TXN42bd31c4-6,CUST00155,2026-06-23 18:50:58,1049.82,mobile,wire_transfer,1,1,0,0,0,0,999.0,0,0,6.957326090747882
TXNa2e25753-5,CUST00155,2026-07-14 09:16:12,1709.06,web,wire_transfer,0,1,0,0,0,0,999.0,0,0,7.444283736600444
TXNe028c315-9,CUST00155,2026-07-15 23:19:30,2771.84,web,grocery,0,1,0,0,0,0,999.0,0,0,7.927627344708415
TXN55525e11-b,CUST00156,2026-06-20 05:03:48,1032.9,atm,wire_transfer,0,1,0,0,0,0,999.0,0,0,6.941093338592648
TXNf34574ae-0,CUST00156,2026-06-22 02:28:13,3329.57,web,electronics,0,1,0,0,0,0,999.0,0,0,8.110898739497546
TXNc4196c8a-c,CUST00156,2026-06-27 16:22:37,83.55,mobile,electronics,0,1,1,1,0,0,16.0,0,0,4.4373430753445895
TXNf7df9baf-f,CUST00156,2026-06-28 08:18:51,533.95,mobile,jewellery,0,1,0,0,0,0,999.0,0,0,6.282173284584616
TXNc790b84c-3,CUST00156,2026-07-01 21:15:40,3829.32,mobile,jewellery,0,1,0,0,0,0,999.0,0,0,8.250703629598346
TXN21144198-5,CUST00156,2026-07-04 01:43:11,2261.29,mobile,travel,0,1,0,0,0,0,999.0,0,0,7.7241328535866955
TXN61127927-c,CUST00156,2026-07-06 09:35:53,2461.93,mobile,travel,0,1,0,0,0,0,999.0,0,0,7.80910697709141
TXNb7c315a2-d,CUST00157,2026-06-20 10:57:40,763.12,mobile,grocery,0,1,0,0,0,0,999.0,0,0,6.638724844895451
TXN0c995e2d-a,CUST00157,2026-06-22 13:57:47,994.5,branch,utilities,0,1,0,0,0,0,999.0,0,0,6.903245123504251
TXN69d445f3-5,CUST00157,2026-06-25 05:37:01,6206.22,atm,retail,0,1,0,0,0,0,999.0,0,0,8.733468409639247
TXNd690efa9-2,CUST00157,2026-06-29 03:14:49,2413.31,web,travel,0,1,0,0,0,0,999.0,0,0,7.789168810976856
TXN8914bc96-5,CUST00157,2026-07-06 06:54:31,7260.77,web,wire_transfer,0,1,1,1,0,0,10.0,0,0,8.890378879756941
TXN3fab0c74-b,CUST00157,2026-07-06 19:44:03,10510.26,mobile,grocery,0,1,0,0,0,0,999.0,0,0,9.260202342508292
TXNd8718196-0,CUST00157,2026-07-09 07:25:36,9712.46,web,utilities,0,1,0,0,0,0,999.0,0,0,9.181267831490226
TXN2951c8a7-c,CUST00157,2026-07-14 11:06:08,1077.25,web,jewellery,0,1,0,0,0,0,999.0,0,0,6.983094635527952
TXNd0207ede-1,CUST00158,2026-06-18 16:42:20,1941.06,mobile,travel,0,1,0,0,0,0,999.0,0,0,7.571504544357521
TXNca957c2e-6,CUST00158,2026-06-22 22:13:52,1358.83,web,grocery,0,1,0,0,0,0,999.0,0,0,7.215114970916947
TXN13974770-1,CUST00158,2026-06-25 09:44:08,1888.25,web,grocery,0,1,0,0,0,0,999.0,0,0,7.543935203900829
TXNa1ad9f14-3,CUST00158,2026-06-28 05:17:31,3487.83,web,retail,0,1,0,0,0,0,999.0,0,0,8.157321715436781
TXNe06a46b2-b,CUST00158,2026-06-30 13:02:54,11553.02,web,wire_transfer,0,1,0,0,0,0,999.0,0,0,9.354788707341964
TXN08a5ad03-3,CUST00158,2026-07-02 20:12:52,895.74,web,grocery,1,1,0,0,0,0,999.0,0,0,6.798765964970231
TXN0528d309-6,CUST00158,2026-07-04 10:56:03,434.24,web,electronics,0,1,0,0,0,0,999.0,0,0,6.075897603082812
TXN66979d0f-a,CUST00158,2026-07-06 08:22:24,1882.36,web,wire_transfer,0,1,0,0,0,0,999.0,0,0,7.5408126946641705
TXN4878917a-2,CUST00158,2026-07-07 00:05:00,18168.87,mobile,electronics,0,1,0,0,0,0,999.0,0,0,9.8075200067141
TXN86cc556b-f,CUST00158,2026-07-07 10:38:26,1280.36,mobile,utilities,0,1,0,0,0,0,999.0,0,0,7.15567729286004
TXN8aacb783-d,CUST00158,2026-07-07 18:59:27,1744.83,mobile,wire_transfer,0,1,0,0,0,0,999.0,0,0,7.464985366252585
TXNb417dee1-b,CUST00158,2026-07-11 05:27:49,20512.68,mobile,retail,0,1,0,0,0,0,999.0,0,0,9.928847259642637
TXN187666ec-2,CUST00159,2026-06-21 04:53:42,552.53,mobile,electronics,0,1,0,0,0,0,999.0,0,0,6.316315951221901
TXN6cd6cedf-5,CUST00159,2026-06-25 03:52:10,3661.75,branch,retail,0,1,0,0,0,0,999.0,0,0,8.205969510381422
TXN4d59f68e-0,CUST00159,2026-06-26 17:27:38,760.72,mobile,travel,0,1,0,0,0,0,999.0,0,0,6.635579034090616
TXNdbfb491a-9,CUST00159,2026-07-07 05:07:45,3587.6,mobile,electronics,0,1,0,0,0,0,999.0,0,0,8.185517433278566
TXN6420b22a-c,CUST00159,2026-07-13 21:15:38,2637.2,web,grocery,0,1,0,0,0,0,999.0,0,0,7.87785214541482
TXN198493ce-3,CUST00159,2026-07-16 09:04:59,616.41,mobile,travel,0,1,0,0,0,0,999.0,0,0,6.425533308891862
TXNf392b60b-6,CUST00160,2026-06-17 18:01:57,1378.53,mobile,travel,0,1,0,0,0,0,999.0,0,0,7.229498140430664
TXN48cff1da-7,CUST00160,2026-06-21 03:49:12,1066.68,mobile,jewellery,0,1,0,0,0,0,999.0,0,0,6.973243349155297
TXN68054a24-f,CUST00160,2026-06-21 15:38:17,4979.72,branch,wire_transfer,0,1,0,0,0,0,999.0,0,0,8.513329737881515
TXN9381ebb3-a,CUST00160,2026-06-22 06:07:19,3291.46,mobile,electronics,0,1,0,0,0,0,999.0,0,0,8.099390284720556
TXN81b01ca4-8,CUST00160,2026-06-24 16:43:38,1123.38,mobile,retail,0,1,0,0,0,0,999.0,0,0,7.0249870516098625
TXN6df5fa4a-4,CUST00160,2026-06-24 17:16:22,2964.24,mobile,travel,0,2,1,1,0,0,5.0,0,0,7.9947132525067675
TXN93efe8f0-3,CUST00160,2026-07-08 12:46:22,1820.78,mobile,retail,0,1,0,0,0,0,999.0,0,0,7.507569324096974
TXNfe3f5662-0,CUST00160,2026-07-12 16:56:50,20016.33,web,utilities,1,1,0,0,0,0,999.0,0,0,9.904353677341724
TXNb6eea1cf-8,CUST00160,2026-07-14 05:27:20,4058.81,mobile,electronics,0,1,0,0,0,0,999.0,0,0,8.30889145347116
TXNd6f34d9b-b,CUST00161,2026-06-18 05:31:08,565.82,branch,wire_transfer,1,1,0,0,0,0,999.0,0,0,6.340041793009098
TXN1579bc24-3,CUST00161,2026-06-18 08:41:20,3805.33,mobile,wire_transfer,0,1,0,0,0,0,999.0,0,0,8.244420749299728
TXNf12d0664-d,CUST00161,2026-06-20 02:19:09,74244.67,web,travel,0,1,0,0,0,0,999.0,0,0,11.215134738466157
TXN7a0ffa86-5,CUST00161,2026-06-20 17:12:13,40822.99,mobile,wire_transfer,1,1,1,1,1,3,20.0,1,1,10.617025177789829
TXNb062259e-5,CUST00161,2026-06-20 19:21:23,8691.16,branch,jewellery,0,1,0,0,0,0,999.0,0,0,9.070176748938147
TXN4f842010-a,CUST00161,2026-06-22 03:41:19,409.7,branch,jewellery,1,1,0,0,0,0,999.0,0,0,6.017863020962513
TXNc56dbe29-6,CUST00161,2026-06-22 07:44:27,236.73,mobile,electronics,0,1,1,1,0,0,19.0,0,0,5.471135575910181
TXN0f163af8-3,CUST00161,2026-06-23 03:28:13,228.53,web,jewellery,0,1,0,0,0,0,999.0,0,0,5.4360337399118706
TXNd5963842-5,CUST00161,2026-06-25 13:59:34,2051.72,web,travel,0,1,0,0,0,0,999.0,0,0,7.626921021940636
TXN696f9074-4,CUST00161,2026-06-25 23:58:54,585.38,mobile,utilities,0,1,0,0,0,0,999.0,0,0,6.3739680435788
TXNdf15e667-6,CUST00161,2026-06-26 21:32:54,6209.64,mobile,retail,0,1,0,0,0,0,999.0,0,0,8.734019229198571
TXNa1420851-c,CUST00161,2026-06-27 07:09:48,1848.25,web,travel,0,1,0,0,0,0,999.0,0,0,7.522535430467977
TXN7d1d3494-c,CUST00161,2026-06-29 06:30:11,1267.14,web,wire_transfer,0,1,0,0,0,0,999.0,0,0,7.145306538997063
TXNd68bc80f-9,CUST00161,2026-07-01 21:56:45,1152.54,mobile,grocery,0,1,0,0,0,0,999.0,0,0,7.05059075408236
TXN8f962ff2-1,CUST00161,2026-07-02 18:41:46,1164.67,mobile,wire_transfer,0,1,0,0,0,0,999.0,0,0,7.061051307985116
TXNf5a02c0a-5,CUST00161,2026-07-03 10:16:09,2430.11,web,wire_transfer,0,1,0,0,0,0,999.0,0,0,7.796103222161203
TXN358fb73f-b,CUST00161,2026-07-16 04:07:10,2326.23,mobile,utilities,1,1,0,0,0,0,999.0,0,0,7.752433998125748
TXN851ab93f-2,CUST00162,2026-06-22 00:16:45,753.73,mobile,electronics,0,1,0,0,0,0,999.0,0,0,6.626360069395172
TXN6cfacecc-1,CUST00162,2026-06-30 10:41:43,3448.89,mobile,electronics,0,1,0,0,0,0,999.0,0,0,8.146097625459127
TXN761c7a2b-5,CUST00162,2026-07-01 01:38:33,5649.41,atm,travel,0,1,0,0,0,0,999.0,0,0,8.639483387879356
TXN209595a4-6,CUST00162,2026-07-07 03:00:14,520.54,mobile,electronics,0,1,0,0,0,0,999.0,0,0,6.256785973321061
TXN8e07d8fc-8,CUST00162,2026-07-10 07:08:59,4117.56,web,electronics,0,1,0,0,0,0,999.0,0,0,8.323258866686015
TXNbbaa6e4a-f,CUST00162,2026-07-12 21:07:20,2183.21,web,retail,0,1,0,0,0,0,999.0,0,0,7.689009486088465
TXN1d191f64-f,CUST00163,2026-07-06 12:01:05,2740.38,web,retail,0,1,0,0,0,0,999.0,0,0,7.916216722228245
TXN3286af00-2,CUST00163,2026-07-09 23:35:47,525.18,atm,jewellery,0,1,0,0,0,0,999.0,0,0,6.2656433595220165
TXN864b789a-c,CUST00164,2026-06-19 10:50:27,903.34,web,travel,0,1,0,0,0,0,999.0,0,0,6.807205395876661
TXNdfcc8eb4-b,CUST00164,2026-07-01 22:03:07,339.51,mobile,jewellery,0,1,0,0,0,0,999.0,0,0,5.830444493733943
TXN025ec446-6,CUST00164,2026-07-05 20:29:43,159.3,mobile,retail,0,1,0,0,0,0,999.0,0,0,5.0770470596155075
TXN7ec469d8-6,CUST00164,2026-07-11 03:15:56,5595.68,mobile,jewellery,0,1,0,0,0,0,999.0,0,0,8.629928843771097
TXN4a4a5612-2,CUST00165,2026-06-17 11:12:30,15858.91,branch,retail,0,1,0,0,0,0,999.0,0,0,9.671549820519523
TXNcd853347-3,CUST00165,2026-06-20 21:09:07,2738.02,web,travel,0,1,0,0,0,0,999.0,0,0,7.915355471171432
TXNfee91972-6,CUST00165,2026-06-27 03:05:35,4382.73,mobile,jewellery,1,1,0,0,0,0,999.0,0,0,8.385655239140016
TXN78dc340b-4,CUST00165,2026-07-04 01:52:28,5630.33,web,utilities,0,1,0,0,0,0,999.0,0,0,8.636100927693029
TXNe15680e9-e,CUST00165,2026-07-08 05:32:02,20119.78,mobile,grocery,0,1,1,1,0,0,23.0,0,0,9.909508390857866
TXN5287e5f4-8,CUST00165,2026-07-12 12:30:01,4772.55,mobile,wire_transfer,1,1,0,0,0,0,999.0,0,0,8.470845541877836
TXN5f0a74fb-b,CUST00165,2026-07-13 08:10:06,1471.52,mobile,retail,0,1,0,0,0,0,999.0,0,0,7.294730497776457
TXN9055e085-5,CUST00165,2026-07-16 06:33:03,5598.35,web,utilities,0,1,0,0,0,0,999.0,0,0,8.63040579855786
TXN794f9276-d,CUST00166,2026-06-17 11:20:05,82246.52,web,wire_transfer,1,1,1,1,1,3,18.0,1,1,11.317488516197354
TXNff0614bb-b,CUST00166,2026-06-24 08:02:58,943.47,atm,travel,0,1,0,0,0,0,999.0,0,0,6.850623923599635
TXNfe4995a4-1,CUST00166,2026-07-01 03:14:01,704.79,mobile,wire_transfer,0,1,0,0,0,0,999.0,0,0,6.559317742821161
TXN54867db3-e,CUST00166,2026-07-05 16:49:17,2082.44,atm,utilities,0,1,1,1,0,0,1.0,0,0,7.6417756527516625
TXN2de1bda4-6,CUST00166,2026-07-05 19:37:50,2088.24,web,retail,0,1,0,0,0,0,999.0,0,0,7.6445556424634855
TXN2a0b83f4-2,CUST00166,2026-07-13 08:14:05,239.11,web,retail,1,1,0,0,0,0,999.0,0,0,5.481097151672685
TXNc4596172-9,CUST00167,2026-06-27 06:56:36,1575.91,branch,grocery,0,1,0,0,0,0,999.0,0,0,7.363222514947651
TXNb3932fb8-4,CUST00167,2026-06-28 12:08:08,249156.54,mobile,wire_transfer,1,1,1,1,1,3,13.0,1,1,12.425840666145477
TXN183f36db-5,CUST00167,2026-06-29 14:34:16,13205.57,atm,retail,1,1,0,0,0,0,999.0,0,0,9.488469712022056
TXNe958c430-d,CUST00167,2026-06-29 19:17:27,1383.33,web,retail,0,1,0,0,0,0,999.0,0,0,7.232971547061839
TXN3150e60d-e,CUST00167,2026-07-02 05:10:08,1516.13,mobile,wire_transfer,1,1,0,0,0,0,999.0,0,0,7.324575671128436
TXN1806699f-b,CUST00167,2026-07-04 20:14:06,421.43,web,utilities,0,1,0,0,0,0,999.0,0,0,6.04602375259733
TXN584f218a-3,CUST00167,2026-07-05 11:41:32,11262.4,mobile,grocery,0,1,0,0,0,0,999.0,0,0,9.32931380993363
TXN982e2afd-7,CUST00167,2026-07-06 15:57:10,10999.13,mobile,wire_transfer,0,1,0,0,0,0,999.0,0,0,9.305662369892492
TXNbab4eb77-9,CUST00167,2026-07-14 11:19:22,1924.0,web,travel,0,1,0,0,0,0,999.0,0,0,7.562681246721884
TXNa2e768d7-5,CUST00167,2026-07-15 20:43:36,1943.74,atm,retail,0,1,0,0,0,0,999.0,0,0,7.572883571024557
TXN935e2c27-5,CUST00168,2026-06-20 13:26:28,2735.28,mobile,utilities,0,1,0,0,0,0,999.0,0,0,7.914354612687431
TXN3768d6aa-f,CUST00168,2026-06-23 19:28:32,1140.94,mobile,wire_transfer,0,1,0,0,0,0,999.0,0,0,7.040483849431159
TXN2da6b974-4,CUST00168,2026-06-27 09:02:59,1418.01,web,retail,0,1,0,0,0,0,999.0,0,0,7.257714724351561
TXN206faddb-1,CUST00168,2026-06-27 18:26:03,1961.38,mobile,electronics,0,1,0,0,0,0,999.0,0,0,7.581913301290225
TXN13e9e070-5,CUST00168,2026-06-27 22:39:22,759.89,mobile,wire_transfer,0,1,0,0,0,0,999.0,0,0,6.634488800764666
TXN00af085d-2,CUST00168,2026-06-28 17:37:44,3544.99,mobile,wire_transfer,0,1,0,0,0,0,999.0,0,0,8.173572666551214
TXN8fa50e32-4,CUST00168,2026-06-30 07:22:36,8444.03,atm,grocery,0,1,0,0,0,0,999.0,0,0,9.041333381633459
TXNa513964e-9,CUST00168,2026-07-01 13:53:12,2011.05,mobile,jewellery,0,1,0,0,0,0,999.0,0,0,7.606909381805484
TXN1a5ca752-2,CUST00168,2026-07-04 14:16:15,1013.04,web,wire_transfer,1,1,0,0,0,0,999.0,0,0,6.921697631104842
TXN33dcd09c-a,CUST00168,2026-07-05 01:32:16,29339.0,mobile,electronics,0,1,0,0,0,0,999.0,0,0,10.286707051696972
TXN9d6ba3b5-c,CUST00168,2026-07-06 05:38:48,2924.34,atm,travel,0,1,0,0,0,0,999.0,0,0,7.981165992226931
TXN9ad28c4a-9,CUST00168,2026-07-10 06:40:18,1054.48,web,retail,0,1,0,0,0,0,999.0,0,0,6.961750918743149
TXN2310c9fb-0,CUST00168,2026-07-13 10:23:50,2280.74,atm,wire_transfer,1,1,1,1,0,0,19.0,0,0,7.732693588786309
TXN79b8023d-2,CUST00168,2026-07-13 19:15:16,13578.54,web,grocery,0,1,0,0,0,0,999.0,0,0,9.51631952719582
TXNe8c347d0-a,CUST00168,2026-07-14 00:10:57,12446.66,web,retail,0,1,1,1,0,0,4.0,0,0,9.42928793242047
TXNbcbd6eeb-c,CUST00168,2026-07-16 10:15:40,449.07,atm,grocery,0,1,0,0,0,0,999.0,0,0,6.10940312622241
TXN4d747649-5,CUST00169,2026-06-17 03:52:25,2846.18,mobile,wire_transfer,0,1,0,0,0,0,999.0,0,0,7.954084309726243
TXN6ce763e1-7,CUST00169,2026-06-21 14:23:05,945.4,mobile,retail,0,1,0,0,0,0,999.0,0,0,6.852665312664177
TXN4719c1a8-d,CUST00169,2026-06-24 13:20:26,4490.92,mobile,grocery,0,1,0,0,0,0,999.0,0,0,8.41003550626074
TXN3da34aca-1,CUST00169,2026-06-26 01:56:59,501.84,mobile,retail,1,1,0,0,0,0,999.0,0,0,6.22027202804663
TXNb1f20ebf-7,CUST00169,2026-06-28 16:42:54,5389.27,web,utilities,0,1,0,0,0,0,999.0,0,0,8.59235075541282
TXN9afa3fb4-e,CUST00169,2026-06-30 18:47:43,1085.98,web,wire_transfer,0,1,0,0,0,0,999.0,0,0,6.991158487687912
TXN2a869922-f,CUST00169,2026-07-02 03:36:25,560.22,web,travel,0,1,0,0,0,0,999.0,0,0,6.330112985512036
TXN51251262-8,CUST00169,2026-07-05 21:20:28,1849.4,mobile,retail,0,1,0,0,0,0,999.0,0,0,7.5231571109172295
TXNc61f98b1-6,CUST00169,2026-07-07 02:12:29,310.85,web,wire_transfer,0,1,0,0,0,0,999.0,0,0,5.742522302972132
TXN5ae0bb5a-7,CUST00169,2026-07-10 03:37:17,4269.22,mobile,jewellery,0,1,0,0,0,0,999.0,0,0,8.359420627143688
TXN6fef2c5d-d,CUST00169,2026-07-16 07:21:41,344.19,branch,travel,0,1,0,0,0,0,999.0,0,0,5.844094990075883
TXNa6ef8273-6,CUST00170,2026-06-16 23:26:33,4413.68,mobile,utilities,0,1,0,0,0,0,999.0,0,0,8.392690630230044
TXNddbb3fa4-0,CUST00170,2026-06-19 18:06:59,4481.45,branch,retail,0,1,0,0,0,0,999.0,0,0,8.407925050927394
TXN1ec80917-a,CUST00170,2026-06-23 01:40:53,2969.35,mobile,wire_transfer,0,1,0,0,0,0,999.0,0,0,7.9964350699714
TXNe054dba1-8,CUST00170,2026-06-24 02:16:51,1690.83,mobile,wire_transfer,0,1,0,0,0,0,999.0,0,0,7.433566062305198
TXNc54f87ad-7,CUST00170,2026-06-25 14:39:23,3115.75,mobile,retail,0,1,0,0,0,0,999.0,0,0,8.044546071225085
TXN30e4541b-f,CUST00170,2026-06-27 11:20:36,5247.73,mobile,retail,0,1,0,0,0,0,999.0,0,0,8.565741421560089
TXNeee5b33e-2,CUST00170,2026-06-29 19:54:34,2944.28,mobile,jewellery,0,1,0,0,0,0,999.0,0,0,7.987959167966892
TXN3222504f-0,CUST00170,2026-07-01 08:13:29,2209.05,mobile,jewellery,0,1,0,0,0,0,999.0,0,0,7.700770418690259
TXN6c905f13-b,CUST00170,2026-07-02 13:41:01,306.31,mobile,grocery,0,1,0,0,0,0,999.0,0,0,5.7278570100973765
TXN07ca07d8-d,CUST00171,2026-06-16 12:17:15,987.41,mobile,retail,0,1,0,0,0,0,999.0,0,0,6.896097591424667
TXNb44aad77-b,CUST00171,2026-06-16 15:06:42,1683.7,web,utilities,1,1,0,0,0,0,999.0,0,0,7.4293427853921585
TXN5415668e-4,CUST00171,2026-06-20 06:15:58,5470.1,web,retail,0,1,1,1,0,0,13.0,0,0,8.607234972090897
TXN31e43850-8,CUST00171,2026-06-28 20:48:16,1538.97,web,wire_transfer,0,1,0,0,0,0,999.0,0,0,7.339518214698447
TXNea725584-5,CUST00171,2026-06-30 02:12:24,564.75,mobile,grocery,1,1,0,0,0,0,999.0,0,0,6.338152284513646
TXN7886f504-e,CUST00171,2026-07-07 20:16:29,1031.67,mobile,electronics,0,1,0,0,0,0,999.0,0,0,6.939902960192455
TXN03539b9a-e,CUST00171,2026-07-11 20:32:39,2408.7,web,jewellery,0,1,0,0,0,0,999.0,0,0,7.787257537408456
TXNa5b01639-0,CUST00171,2026-07-14 10:41:15,957.16,web,grocery,0,1,0,0,0,0,999.0,0,0,6.865014778639251
TXN0ea66dbf-a,CUST00171,2026-07-16 08:26:16,2002.66,mobile,utilities,0,1,0,0,0,0,999.0,0,0,7.602730787132112
TXN65f69897-7,CUST00171,2026-07-16 09:33:38,2501.52,web,electronics,0,1,1,1,0,0,13.0,0,0,7.825053503165432
TXNb69b8391-e,CUST00172,2026-06-29 23:35:12,255.35,web,jewellery,0,1,0,0,0,0,999.0,0,0,5.546543698229709
TXN8bab9c9c-c,CUST00172,2026-07-01 15:13:43,4507.73,atm,travel,0,1,0,0,0,0,999.0,0,0,8.41377079638867
TXNbffbce28-7,CUST00172,2026-07-04 19:35:50,1744.54,web,wire_transfer,0,1,0,0,0,0,999.0,0,0,7.464819242352416
TXN7458d92c-a,CUST00172,2026-07-10 18:58:45,3550.37,web,utilities,0,1,0,0,0,0,999.0,0,0,8.175088723516188
TXN5e99c568-0,CUST00172,2026-07-15 21:19:11,667.56,atm,utilities,0,1,0,0,0,0,999.0,0,0,6.505126145693181
TXN1533fe82-2,CUST00173,2026-06-22 08:05:22,81380.55,mobile,wire_transfer,1,1,1,1,1,3,12.0,1,1,11.306903867823058
TXN1e92c0ae-d,CUST00173,2026-06-25 03:23:58,2240.49,mobile,travel,0,1,0,0,0,0,999.0,0,0,7.714896102287304
TXNdb9eb2e6-1,CUST00173,2026-06-25 18:30:45,3170.55,mobile,utilities,0,1,0,0,0,0,999.0,0,0,8.061975706360368
TXNb5e9489c-a,CUST00173,2026-07-03 07:06:33,1760.68,web,utilities,0,1,0,0,0,0,999.0,0,0,7.474023178197937
TXN2d49d235-b,CUST00173,2026-07-07 22:33:21,1005.96,web,jewellery,0,1,0,0,0,0,999.0,0,0,6.914691169983249
TXNbcc9c2e6-9,CUST00174,2026-06-16 18:32:29,20548.97,web,travel,1,1,0,0,0,0,999.0,0,0,9.9306147600693
TXNda42698b-f,CUST00174,2026-06-17 00:26:03,3758.85,mobile,travel,0,1,0,0,0,0,999.0,0,0,8.232134341971147
TXN5dc2fd9b-f,CUST00174,2026-06-29 19:26:08,2978.86,web,grocery,0,1,0,0,0,0,999.0,0,0,7.99963159853009
TXNac0798c7-d,CUST00174,2026-07-04 09:45:42,761.1,atm,grocery,0,1,0,0,0,0,999.0,0,0,6.636077780672072
TXNaa1c5dca-f,CUST00174,2026-07-09 08:31:57,682.47,branch,wire_transfer,0,1,0,0,0,0,999.0,0,0,6.52718276346701
TXNfc7c356d-e,CUST00174,2026-07-09 17:45:59,262.16,mobile,wire_transfer,0,1,0,0,0,0,999.0,0,0,5.572762212217797
TXNe5d20eae-5,CUST00174,2026-07-15 22:56:36,2606.1,mobile,wire_transfer,0,1,0,0,0,0,999.0,0,0,7.865993771464049
TXNaaefdbe1-d,CUST00175,2026-06-24 22:27:28,909.31,web,jewellery,0,1,0,0,0,0,999.0,0,0,6.813785200840337
TXN2c2e8ba0-1,CUST00175,2026-06-25 02:06:44,303.79,atm,utilities,1,1,0,0,0,0,999.0,0,0,5.719623014875334
TXN316482fe-1,CUST00175,2026-07-12 23:39:19,2621.16,atm,retail,0,1,0,0,0,0,999.0,0,0,7.87175368458239
TXN25c37945-8,CUST00175,2026-07-16 06:06:14,3802.17,atm,utilities,0,1,0,0,0,0,999.0,0,0,8.243590208480581
TXNa06a7de4-9,CUST00176,2026-06-16 15:45:24,1269.11,mobile,grocery,0,1,0,0,0,0,999.0,0,0,7.146858789875075
TXNee265c95-9,CUST00176,2026-06-19 15:40:40,183405.84,mobile,wire_transfer,1,1,1,1,1,2,6.0,1,1,12.119462133637938
TXN9bc88efe-4,CUST00176,2026-06-22 07:08:32,414.17,mobile,wire_transfer,0,1,0,0,0,0,999.0,0,0,6.028688074905949
TXNd79570be-b,CUST00176,2026-06-25 22:14:19,940.16,web,wire_transfer,1,1,0,0,0,0,999.0,0,0,6.847113157012576
TXNeb02c661-1,CUST00176,2026-06-29 10:39:12,20656.04,mobile,electronics,1,1,0,0,0,0,999.0,0,0,9.93581146038598
TXN68c4b51a-8,CUST00176,2026-07-01 18:06:43,876.36,mobile,grocery,0,1,0,0,0,0,999.0,0,0,6.776917398451953
TXN4fa87a65-0,CUST00176,2026-07-01 20:43:34,85575.43,mobile,wire_transfer,1,1,1,1,1,4,7.0,1,1,11.357165173746644
TXNd60b04a9-9,CUST00176,2026-07-06 01:43:50,2138.33,mobile,wire_transfer,0,1,0,0,0,0,999.0,0,0,7.668247974882685
TXN1e228ade-5,CUST00176,2026-07-14 23:43:36,958.19,web,travel,0,1,0,0,0,0,999.0,0,0,6.866089178304498
TXN161f77a1-b,CUST00176,2026-07-16 00:59:15,410.56,mobile,grocery,0,1,0,0,0,0,999.0,0,0,6.019954817507609
TXNf151ff15-a,CUST00177,2026-06-17 00:09:43,4086.53,mobile,travel,0,1,0,0,0,0,999.0,0,0,8.315696154628117
TXN497dd968-b,CUST00177,2026-06-19 02:08:24,255.22,mobile,travel,0,1,0,0,0,0,999.0,0,0,5.5460364504282875
TXNe09012d7-1,CUST00177,2026-06-20 21:30:43,981.62,mobile,retail,0,1,0,0,0,0,999.0,0,0,6.890222473689831
TXN90a67567-2,CUST00177,2026-06-23 07:36:29,5828.92,web,electronics,0,1,0,0,0,0,999.0,0,0,8.67075855712346
TXN4f7c1491-2,CUST00177,2026-06-25 18:37:53,6835.68,web,wire_transfer,0,1,0,0,0,0,999.0,0,0,8.830057512664578
TXNbf5628b9-3,CUST00177,2026-06-28 11:27:49,3258.44,mobile,wire_transfer,0,1,0,0,0,0,999.0,0,0,8.089310680463923
TXN2b5997f2-c,CUST00177,2026-07-03 01:49:15,1744.58,web,jewellery,0,1,0,0,0,0,999.0,0,0,7.464842157634618
TXNa3506764-3,CUST00177,2026-07-13 23:39:29,1596.43,branch,retail,1,1,0,0,0,0,999.0,0,0,7.37615136682528
TXN4ecad266-3,CUST00177,2026-07-15 04:44:16,610.16,web,retail,0,1,0,0,0,0,999.0,0,0,6.415358790684514
TXN85e620fe-a,CUST00178,2026-06-24 01:24:30,3439.51,web,utilities,0,1,0,0,0,0,999.0,0,0,8.143374995192591
TXN5d15c129-9,CUST00178,2026-06-24 18:37:02,1814.14,mobile,jewellery,0,1,0,0,0,0,999.0,0,0,7.503917878710427
TXNd5d4999b-3,CUST00178,2026-06-25 15:19:17,5727.44,mobile,utilities,0,1,0,0,0,0,999.0,0,0,8.653198521332769
TXN330062f1-e,CUST00178,2026-06-30 19:37:15,719.1,mobile,electronics,0,1,0,0,0,0,999.0,0,0,6.5793900912548215
TXNafe1d845-a,CUST00178,2026-07-07 13:28:33,2348.69,mobile,jewellery,0,1,0,0,0,0,999.0,0,0,7.762038683543053
TXN42650798-4,CUST00178,2026-07-10 06:45:29,934.14,mobile,travel,0,1,0,0,0,0,999.0,0,0,6.840696250700198
TXN17a85108-4,CUST00178,2026-07-11 21:23:20,3473.41,mobile,wire_transfer,0,1,0,0,0,0,999.0,0,0,8.153179959411267
TXNf31d40e2-0,CUST00179,2026-06-30 12:20:49,3064.34,mobile,wire_transfer,0,1,0,0,0,0,999.0,0,0,8.027913772071232
TXNfe66c4fa-3,CUST00179,2026-07-11 10:00:20,7459.75,web,travel,0,1,0,0,0,0,999.0,0,0,8.917411224337412
TXN27dc3b65-6,CUST00179,2026-07-13 06:40:25,651.9,atm,jewellery,0,1,0,0,0,0,999.0,0,0,6.481423978192588
TXN8365d2cf-1,CUST00180,2026-06-16 21:12:07,685.29,mobile,electronics,0,1,0,0,0,0,999.0,0,0,6.531300278921066
TXNbe3de265-d,CUST00180,2026-06-18 03:26:16,1107.29,mobile,retail,0,1,0,0,0,0,999.0,0,0,7.010573565913147
TXN37df8dfb-4,CUST00180,2026-06-21 08:45:01,369.82,mobile,travel,0,1,0,0,0,0,999.0,0,0,5.915716769669707
TXN49e785c7-c,CUST00180,2026-06-25 13:12:05,2282.59,web,electronics,0,1,0,0,0,0,999.0,0,0,7.733504045029894
TXNa560c775-5,CUST00180,2026-06-29 03:54:27,1266.1,mobile,retail,0,1,0,0,0,0,999.0,0,0,7.144486103804862
TXNf7eefd84-b,CUST00180,2026-07-04 13:44:27,5494.03,web,wire_transfer,0,1,0,0,0,0,999.0,0,0,8.611599326331463
TXNec02e881-0,CUST00180,2026-07-09 03:54:34,3065.82,web,jewellery,1,1,0,0,0,0,999.0,0,0,8.028396473119063
TXN8bf9a66d-7,CUST00181,2026-06-20 21:19:19,3228.2,mobile,jewellery,0,1,0,0,0,0,999.0,0,0,8.07998970752086
TXN5ba62f73-e,CUST00181,2026-06-22 19:20:01,178855.52,web,wire_transfer,1,1,1,1,1,2,4.0,1,1,12.094339199152689
TXN79ba19db-6,CUST00181,2026-06-24 13:51:08,1283.26,branch,grocery,0,1,0,0,0,0,999.0,0,0,7.1579379559629634
TXNe6b9f3a3-9,CUST00181,2026-07-01 01:43:38,1977.14,mobile,utilities,0,1,0,0,0,0,999.0,0,0,7.5899122882421795
TXN7062dff6-0,CUST00181,2026-07-03 07:14:18,1823.14,web,utilities,0,1,0,0,0,0,999.0,0,0,7.508863922074775
TXN9053317b-5,CUST00181,2026-07-04 14:49:36,15046.71,web,electronics,0,1,0,0,0,0,999.0,0,0,9.618981099131156
TXN779d7db4-2,CUST00181,2026-07-05 21:15:26,1933.07,web,utilities,0,1,1,1,0,0,9.0,0,0,7.567381869773956
TXN1ac7ea5b-b,CUST00181,2026-07-11 02:39:07,6612.57,mobile,electronics,0,1,0,0,0,0,999.0,0,0,8.796878877820763
TXNe729b06f-a,CUST00181,2026-07-11 22:36:13,419.09,mobile,grocery,0,1,0,0,0,0,999.0,0,0,6.040468974035796
TXNe6a98352-d,CUST00181,2026-07-14 12:49:20,1120.37,mobile,retail,0,1,0,0,0,0,999.0,0,0,7.02230643105778
TXNa190aa44-a,CUST00181,2026-07-16 10:24:19,8279.3,web,grocery,0,1,0,0,0,0,999.0,0,0,9.021634478607004
TXNbb1fdb98-6,CUST00182,2026-06-20 09:38:38,1844.71,mobile,jewellery,0,1,0,0,0,0,999.0,0,0,7.52061930629716
TXN3e5bd4af-d,CUST00182,2026-06-20 21:03:07,6998.88,web,utilities,0,1,0,0,0,0,999.0,0,0,8.853648285033367
TXN97f483d6-7,CUST00182,2026-06-23 15:50:22,135.65,mobile,utilities,0,1,0,0,0,0,999.0,0,0,4.917422912374077
TXNef4c113d-c,CUST00182,2026-06-28 06:48:53,818.52,web,retail,0,1,0,0,0,0,999.0,0,0,6.70871880301116
TXN1b9c67e0-8,CUST00182,2026-07-01 22:54:44,2842.65,web,utilities,0,1,0,0,0,0,999.0,0,0,7.952843717245798
TXN44f4d74f-c,CUST00182,2026-07-02 09:06:46,2839.61,atm,jewellery,0,1,0,0,0,0,999.0,0,0,7.951774096823849
TXN862a76f2-f,CUST00182,2026-07-02 23:57:18,1840.9,web,retail,0,1,0,0,0,0,999.0,0,0,7.518552926525057
TXN99d75477-5,CUST00182,2026-07-04 16:02:31,3229.97,mobile,utilities,0,1,0,0,0,0,999.0,0,0,8.080537680730323
TXN97d3d50e-6,CUST00182,2026-07-07 02:41:09,6878.35,web,grocery,1,1,0,0,0,0,999.0,0,0,8.836279449719994
TXN66b1f859-a,CUST00182,2026-07-09 08:31:21,2952.54,web,electronics,0,1,0,0,0,0,999.0,0,0,7.990759729909348
TXNedd24200-f,CUST00182,2026-07-09 10:16:34,271.92,web,jewellery,0,1,1,1,0,0,1.0,0,0,5.609178711947223
TXN2a983090-8,CUST00182,2026-07-10 04:55:17,1541.71,web,grocery,1,1,0,0,0,0,999.0,0,0,7.341295889138585
TXN98cb3cb4-e,CUST00182,2026-07-16 00:58:47,2825.4,mobile,utilities,0,1,0,0,0,0,999.0,0,0,7.946759096044936
TXN0dc5d7d9-f,CUST00183,2026-06-21 00:10:42,13168.7,mobile,wire_transfer,0,1,0,0,0,0,999.0,0,0,9.4856740154346
TXNcaf91924-4,CUST00183,2026-06-23 19:38:01,3047.82,mobile,electronics,0,1,0,0,0,0,999.0,0,0,8.02250990949615
TXN9167adea-f,CUST00183,2026-07-05 19:54:51,610.55,atm,wire_transfer,0,1,0,0,0,0,999.0,0,0,6.415996717933372
TXN75e913d8-2,CUST00183,2026-07-05 19:57:19,1074.58,web,jewellery,1,2,0,0,0,0,999.0,0,0,6.98061532994887
TXN589a2b88-c,CUST00183,2026-07-09 20:00:00,1367.97,mobile,electronics,0,1,0,0,0,0,999.0,0,0,7.2218139112426405
TXNa9d500dd-2,CUST00183,2026-07-10 18:29:00,7223.53,mobile,utilities,0,1,0,0,0,0,999.0,0,0,8.885237458961551
TXNb960df1f-1,CUST00184,2026-06-17 01:30:06,4589.92,web,wire_transfer,0,1,0,0,0,0,999.0,0,0,8.431835718699881
TXN8e2b4d2c-a,CUST00184,2026-06-19 03:30:36,964.12,mobile,travel,0,1,0,0,0,0,999.0,0,0,6.872252445939482
TXN334dd7aa-2,CUST00184,2026-06-20 12:16:59,238.08,mobile,wire_transfer,1,1,0,0,0,0,999.0,0,0,5.476798223956053
TXN01440fa3-5,CUST00184,2026-06-22 03:06:04,7332.22,web,jewellery,0,1,0,0,0,0,999.0,0,0,8.900169989007466
TXNdb964db1-3,CUST00184,2026-06-22 17:59:32,2106.49,web,electronics,0,1,0,0,0,0,999.0,0,0,7.653252944906272
TXN4eba12da-4,CUST00184,2026-07-06 03:14:45,1275.27,atm,retail,0,1,0,0,0,0,999.0,0,0,7.15169704026696
TXN1993edfe-5,CUST00184,2026-07-10 20:56:38,318.32,mobile,electronics,0,1,0,0,0,0,999.0,0,0,5.766193734777598
TXN76a6e2e6-d,CUST00185,2026-06-20 09:13:02,8006.54,mobile,travel,0,1,0,0,0,0,999.0,0,0,8.988138876787728
TXN78e90ae9-e,CUST00185,2026-07-07 02:04:18,206.72,web,electronics,0,1,0,0,0,0,999.0,0,0,5.336191018976118
TXN64e04880-a,CUST00185,2026-07-12 11:20:53,2135.11,branch,retail,0,1,0,0,0,0,999.0,0,0,7.666741696881443
TXN665ec4dd-2,CUST00186,2026-06-22 09:37:03,3408.17,atm,electronics,0,1,0,0,0,0,999.0,0,0,8.134224138891016
TXN88bbc5bb-6,CUST00186,2026-06-25 04:14:00,5147.3,mobile,electronics,1,1,0,0,0,0,999.0,0,0,8.546421842076366
TXNdf683491-b,CUST00186,2026-06-30 21:01:59,1603.92,web,retail,0,1,0,0,0,0,999.0,0,0,7.380829190085091
TXNab7d09b2-7,CUST00186,2026-07-02 06:13:27,610.18,mobile,retail,0,1,0,0,0,0,999.0,0,0,6.4153915148038285
TXN517fd316-2,CUST00186,2026-07-08 14:06:03,132718.27,mobile,wire_transfer,1,1,1,1,1,2,8.0,1,1,11.795991424547813
TXNeabd37da-c,CUST00186,2026-07-15 03:34:41,2851.61,mobile,grocery,0,1,0,0,0,0,999.0,0,0,7.955989643657039
TXN487f70f0-e,CUST00186,2026-07-15 14:16:04,27171.19,web,travel,0,1,0,0,0,0,999.0,0,0,10.209949302779016
TXN5cbe693e-5,CUST00187,2026-06-23 12:31:22,1244.53,web,electronics,0,1,0,0,0,0,999.0,0,0,7.127316421124319
TXN2d9be542-9,CUST00187,2026-06-28 13:40:16,2280.91,mobile,grocery,1,1,0,0,0,0,999.0,0,0,7.73276809055576
TXN00684d9c-d,CUST00187,2026-07-03 06:24:15,5203.18,branch,wire_transfer,0,1,0,0,0,0,999.0,0,0,8.55721742781208
TXN06e2ac94-9,CUST00187,2026-07-03 20:13:11,5564.48,web,grocery,0,1,0,0,0,0,999.0,0,0,8.624338513359309
TXN3ae61863-a,CUST00187,2026-07-04 14:20:16,851.6,mobile,grocery,0,1,0,0,0,0,999.0,0,0,6.74829050433111
TXN65ef2c84-c,CUST00187,2026-07-11 21:59:24,3683.41,web,retail,1,1,0,0,0,0,999.0,0,0,8.211865683256526
TXN0b53d4e6-3,CUST00188,2026-06-21 09:48:59,9575.42,mobile,wire_transfer,1,1,0,0,0,0,999.0,0,0,9.167059105925125
TXN2e0c5488-a,CUST00188,2026-06-28 23:15:40,531.89,web,wire_transfer,0,1,0,0,0,0,999.0,0,0,6.278315023879904
TXN7b0c036b-d,CUST00188,2026-06-29 04:03:31,7347.77,branch,grocery,0,1,0,0,0,0,999.0,0,0,8.902288231264045
TXN17c50a7c-6,CUST00188,2026-07-01 03:50:20,6381.36,mobile,retail,0,1,1,1,0,0,10.0,0,0,8.761293213896607
TXN4fa3baf6-4,CUST00188,2026-07-07 12:59:19,500.43,branch,jewellery,0,1,0,0,0,0,999.0,0,0,6.2174640164033885
TXNa7e70139-1,CUST00189,2026-06-16 17:53:05,2215.75,mobile,retail,0,1,0,0,0,0,999.0,0,0,7.703797438260116
TXNce9205ae-c,CUST00189,2026-06-22 19:11:22,2386.1,mobile,electronics,0,1,0,0,0,0,999.0,0,0,7.7778345190515985
TXN1b3f0866-d,CUST00189,2026-06-25 12:22:18,774.74,mobile,wire_transfer,1,1,0,0,0,0,999.0,0,0,6.653817412494517
TXNf47bffba-f,CUST00189,2026-06-28 07:59:31,518.43,web,retail,0,1,0,0,0,0,999.0,0,0,6.2527320565133016
TXN20f5128d-5,CUST00189,2026-07-01 22:40:57,206.99,mobile,utilities,1,1,0,0,0,0,999.0,0,0,5.337490001622509
TXN58a64190-1,CUST00189,2026-07-05 20:29:05,6359.45,atm,wire_transfer,0,1,0,0,0,0,999.0,0,0,8.757854408548152
TXN65f17e33-2,CUST00189,2026-07-09 10:59:23,10708.03,mobile,electronics,0,1,0,0,0,0,999.0,0,0,9.278842589778966
TXNe88081f9-c,CUST00190,2026-06-26 17:24:37,11077.43,web,utilities,0,1,0,0,0,0,999.0,0,0,9.312755253510439
TXNc7efd8e2-5,CUST00190,2026-06-28 21:54:12,1949.16,mobile,wire_transfer,0,1,1,1,0,0,16.0,0,0,7.575666699473821
TXNafb144b5-6,CUST00190,2026-07-02 06:11:48,228810.39,mobile,wire_transfer,1,1,1,1,1,3,9.0,1,1,12.340653318717255
TXN1daf7374-a,CUST00190,2026-07-08 01:44:37,1222.28,mobile,jewellery,0,1,0,0,0,0,999.0,0,0,7.109291054699896
TXN6ccb9163-4,CUST00190,2026-07-13 13:43:03,496.89,mobile,travel,0,1,1,1,0,0,22.0,0,0,6.210379169092156
TXN6c262577-6,CUST00190,2026-07-15 09:29:38,4265.1,mobile,electronics,0,1,0,0,0,0,999.0,0,0,8.358455339919239
TXNa76090e7-7,CUST00190,2026-07-16 01:54:17,1553.84,atm,grocery,0,1,0,0,0,0,999.0,0,0,7.34912792542872
TXNb522f610-e,CUST00191,2026-06-17 15:16:21,6005.49,web,travel,0,1,0,0,0,0,999.0,0,0,8.70059583029698
TXNdecceaea-6,CUST00191,2026-06-17 22:26:42,156095.54,mobile,wire_transfer,1,1,1,1,1,2,11.0,1,1,11.958229940979203
TXNd81b6bb7-5,CUST00191,2026-06-20 07:35:08,2077.55,web,grocery,0,1,0,0,0,0,999.0,0,0,7.639425814212834
TXN1c968b9b-5,CUST00191,2026-06-20 12:48:33,6379.21,mobile,grocery,0,1,0,0,0,0,999.0,0,0,8.760956291157639
TXNdf48d6fa-b,CUST00191,2026-06-22 21:26:18,3581.47,mobile,jewellery,0,1,1,1,0,0,5.0,0,0,8.18380778562679
TXN6c8f8833-f,CUST00191,2026-06-30 15:59:54,78976.95,mobile,wire_transfer,1,1,1,1,1,4,15.0,1,1,11.276923978565566
TXN01c7ea8b-2,CUST00191,2026-07-03 13:40:27,2645.61,web,electronics,0,1,0,0,0,0,999.0,0,0,7.881034854764517
TXN83d03e33-3,CUST00191,2026-07-10 07:46:23,1696.04,branch,electronics,0,1,1,0,0,0,11.266666666666667,0,0,7.436640835964095
TXNde2e7abc-1,CUST00192,2026-06-25 04:06:36,2128.87,atm,jewellery,0,1,0,0,0,0,999.0,0,0,7.66381622397704
TXN060615bf-d,CUST00192,2026-07-01 22:14:05,2246.58,web,grocery,0,1,0,0,0,0,999.0,0,0,7.717609360817957
TXNaccc8e70-5,CUST00192,2026-07-04 03:07:45,4250.49,web,wire_transfer,0,1,0,0,0,0,999.0,0,0,8.355024788712061
TXN76fab828-0,CUST00192,2026-07-05 17:04:54,1443.53,mobile,retail,0,1,0,0,0,0,999.0,0,0,7.275539288122612
TXN0cd19e0c-5,CUST00192,2026-07-05 23:20:04,3034.99,web,travel,0,1,0,0,0,0,999.0,0,0,8.018292844702454
TXN4b11c181-2,CUST00192,2026-07-06 02:39:16,156.36,web,electronics,0,1,0,0,0,0,999.0,0,0,5.058536174080804
TXN5e8a35cb-a,CUST00192,2026-07-06 19:12:54,2695.3,atm,travel,0,1,0,0,0,0,999.0,0,0,7.899635741805879
TXN250768f2-b,CUST00193,2026-06-23 05:26:53,3688.88,web,grocery,0,1,0,0,0,0,999.0,0,0,8.213349216180573
TXN091e11df-a,CUST00193,2026-06-30 12:01:10,2293.8,mobile,jewellery,0,1,1,1,0,0,17.0,0,0,7.738400972727716
TXN754182e8-f,CUST00193,2026-07-02 06:40:33,3399.47,web,utilities,0,1,0,0,0,0,999.0,0,0,8.131668936344752
TXN656e5170-b,CUST00193,2026-07-05 02:38:20,1587.23,web,electronics,0,1,1,1,0,0,9.0,0,0,7.370375467591361
TXN88f4ca54-1,CUST00193,2026-07-06 10:01:36,4596.86,mobile,retail,0,1,0,0,0,0,999.0,0,0,8.433346256838698
TXN725f875a-0,CUST00193,2026-07-08 07:39:14,515.28,mobile,jewellery,0,1,0,0,0,0,999.0,0,0,6.246649253966987
TXN539b4d73-1,CUST00193,2026-07-08 17:20:21,8877.67,mobile,jewellery,0,1,0,0,0,0,999.0,0,0,9.091407049994078
TXNbb5e14d6-5,CUST00193,2026-07-09 00:37:27,7323.41,web,wire_transfer,0,1,0,0,0,0,999.0,0,0,8.898967884566174
TXNeb34d8de-3,CUST00193,2026-07-09 09:49:08,2369.75,web,travel,1,1,0,0,0,0,999.0,0,0,7.770961639763836
TXN9bfe970a-2,CUST00193,2026-07-09 10:06:59,3041.25,branch,utilities,0,2,0,0,0,0,999.0,0,0,8.020352652216909
TXN91ae757c-8,CUST00193,2026-07-11 07:44:56,2779.95,atm,jewellery,0,1,0,0,0,0,999.0,0,0,7.930547874928146
TXNe489149f-6,CUST00193,2026-07-15 14:32:51,2108.82,web,electronics,0,1,0,0,0,0,999.0,0,0,7.654357914774301
TXNeea90156-d,CUST00193,2026-07-15 16:36:53,1546.1,atm,wire_transfer,0,1,0,0,0,0,999.0,0,0,7.344137489725023
TXNb8ba61b8-4,CUST00194,2026-06-16 20:01:10,3215.24,web,wire_transfer,0,1,1,1,0,0,7.0,0,0,8.075968254380083
TXN4d4ef3fa-b,CUST00194,2026-06-21 21:30:27,3672.92,atm,jewellery,0,1,0,0,0,0,999.0,0,0,8.209014490905448
TXN2f160f3d-0,CUST00194,2026-06-24 05:33:32,2124.14,mobile,wire_transfer,0,1,0,0,0,0,999.0,0,0,7.661592961541311
TXN56784633-1,CUST00194,2026-06-28 05:48:53,3372.0,web,electronics,0,1,1,1,0,0,16.0,0,0,8.12355783506165
TXNcffe7547-a,CUST00194,2026-06-30 17:20:55,2297.94,mobile,retail,0,1,0,0,0,0,999.0,0,0,7.740203426119004
TXN833bde78-6,CUST00194,2026-07-08 21:18:47,6114.96,web,wire_transfer,0,1,0,0,0,0,999.0,0,0,8.718657026805198
TXNcb317618-d,CUST00195,2026-07-05 20:09:57,4902.33,atm,wire_transfer,0,1,0,0,0,0,999.0,0,0,8.497669845117489
TXNf714bab7-6,CUST00195,2026-07-06 17:56:40,1552.83,branch,wire_transfer,0,1,0,0,0,0,999.0,0,0,7.348478129834116
TXN9d96bf5e-4,CUST00195,2026-07-07 18:54:50,58311.14,web,wire_transfer,1,1,0,0,0,0,999.0,0,0,10.973565583937201
TXN144be8bc-e,CUST00195,2026-07-11 17:34:22,749.46,branch,jewellery,0,1,0,0,0,0,999.0,0,0,6.620686351851672
TXN92262ecf-3,CUST00195,2026-07-15 23:10:45,1193.73,web,grocery,0,1,0,0,0,0,999.0,0,0,7.0856754974144085
TXN2f8aeb01-c,CUST00196,2026-06-21 22:14:14,332.14,web,travel,0,1,0,0,0,0,999.0,0,0,5.808562822048962
TXN2e671517-e,CUST00196,2026-06-26 16:46:00,4337.43,mobile,travel,0,1,0,0,0,0,999.0,0,0,8.375267810494645
TXN46586cb2-6,CUST00196,2026-06-29 05:50:01,557.38,web,grocery,0,1,0,0,0,0,999.0,0,0,6.325039734187821
TXN0bb5c276-a,CUST00196,2026-07-02 23:56:09,9130.28,mobile,utilities,0,1,0,0,0,0,999.0,0,0,9.119461160914557
TXN0c8033f0-c,CUST00196,2026-07-04 03:21:37,885.31,mobile,grocery,0,1,0,0,0,0,999.0,0,0,6.7870667765420345
TXN3717f44b-7,CUST00196,2026-07-07 20:41:25,1166.75,mobile,retail,1,1,0,0,0,0,999.0,0,0,7.062834099382218
TXN014b069c-4,CUST00197,2026-06-20 02:17:50,6346.85,web,wire_transfer,0,1,0,0,0,0,999.0,0,0,8.755871451877516
TXN6bb73dac-9,CUST00197,2026-06-22 17:46:30,2166.68,mobile,travel,0,1,0,0,0,0,999.0,0,0,7.681412750189352
TXN18deabfe-5,CUST00197,2026-06-23 16:27:37,2611.22,web,retail,0,1,0,0,0,0,999.0,0,0,7.8679557134957046
TXN9c83cfae-1,CUST00197,2026-06-24 04:26:08,7948.45,web,travel,0,1,0,0,0,0,999.0,0,0,8.98085802286523
TXNc8347776-0,CUST00197,2026-06-28 09:07:45,564.83,web,travel,0,1,0,0,0,0,999.0,0,0,6.338293679731189
TXNb58194e0-0,CUST00197,2026-07-04 12:04:22,3031.98,web,wire_transfer,0,1,0,0,0,0,999.0,0,0,8.017300913535616
TXN9bfc24bd-b,CUST00197,2026-07-07 20:28:36,756.23,web,utilities,0,1,0,0,0,0,999.0,0,0,6.629667038201677
TXN46573d38-2,CUST00197,2026-07-08 02:04:49,3298.51,mobile,electronics,0,1,0,0,0,0,999.0,0,0,8.10152925158112
TXNca4e5cc5-9,CUST00197,2026-07-14 02:02:14,4221.38,mobile,retail,0,1,0,0,0,0,999.0,0,0,8.348154229095174
TXN8a9cfc8d-5,CUST00198,2026-06-28 23:46:58,1411.47,web,retail,0,1,0,0,0,0,999.0,0,0,7.2530952238569935
TXN2b85ffb7-b,CUST00198,2026-07-01 18:10:53,1196.77,web,electronics,0,1,0,0,0,0,999.0,0,0,7.088216773599193
TXN7fbccd75-b,CUST00198,2026-07-03 05:02:16,4263.35,web,grocery,0,1,0,0,0,0,999.0,0,0,8.358045045028687
TXN51d41c6a-5,CUST00198,2026-07-04 04:16:45,2222.09,web,wire_transfer,0,1,0,0,0,0,999.0,0,0,7.706653398974627
TXN26daf6d1-7,CUST00198,2026-07-11 14:08:11,1915.44,mobile,grocery,0,1,0,0,0,0,999.0,0,0,7.558224577260353
TXN8ec29e07-e,CUST00198,2026-07-14 19:30:45,5525.84,mobile,grocery,1,1,0,0,0,0,999.0,0,0,8.617371502617424
TXN7c8dc9d0-a,CUST00199,2026-06-19 15:26:32,1497.2,mobile,travel,0,1,0,0,0,0,999.0,0,0,7.312019666513782
TXN87935334-f,CUST00199,2026-06-22 07:20:02,5174.66,web,travel,0,1,1,1,0,0,23.0,0,0,8.5517221462334
TXN15458478-5,CUST00199,2026-06-23 18:51:56,805.82,mobile,jewellery,0,1,0,0,0,0,999.0,0,0,6.693100595063834
TXN92419671-d,CUST00199,2026-06-25 00:20:27,6457.32,web,electronics,1,1,0,0,0,0,999.0,0,0,8.773124501035177
TXN6726f5b4-4,CUST00199,2026-07-10 01:21:08,10151.44,web,jewellery,0,1,0,0,0,0,999.0,0,0,9.225469349668574
TXN77a63918-a,CUST00199,2026-07-11 22:38:31,502.14,atm,wire_transfer,0,1,0,0,0,0,999.0,0,0,6.220868461393006
TXNc03832d0-4,CUST00199,2026-07-14 03:24:30,6646.89,atm,retail,0,1,1,1,0,0,21.0,0,0,8.802054790068668
TXN95be6c8a-9,CUST00200,2026-06-18 02:15:43,1211.1,mobile,retail,0,1,0,0,0,0,999.0,0,0,7.100109671476466
TXN1c526dd1-f,CUST00200,2026-06-22 22:25:50,2658.81,web,retail,0,1,0,0,0,0,999.0,0,0,7.886009970653174
TXNfd5baf20-7,CUST00200,2026-06-25 08:50:34,313.65,web,wire_transfer,0,1,0,0,0,0,999.0,0,0,5.751460909972942
TXN654fda31-1,CUST00200,2026-06-25 17:22:57,1295.91,web,retail,0,1,0,0,0,0,999.0,0,0,7.167739791006702
TXN899fad03-e,CUST00200,2026-06-27 14:02:07,7718.41,web,electronics,0,1,1,1,0,0,15.0,0,0,8.951493215227826
TXNdd69a596-2,CUST00200,2026-06-28 08:12:41,1532.24,web,grocery,0,1,0,0,0,0,999.0,0,0,7.335138422391232
TXN909cca67-5,CUST00200,2026-07-11 03:10:59,16774.25,mobile,grocery,0,1,0,0,0,0,999.0,0,0,9.72765986485849
TXNc3d31e5c-f,CUST00200,2026-07-12 14:29:59,4874.89,atm,jewellery,1,1,0,0,0,0,999.0,0,0,8.492057930871715
TXN48acdcf8-f,CUST00200,2026-07-14 00:15:21,1188.68,web,utilities,0,1,0,0,0,0,999.0,0,0,7.0814396423804284
TXNf2e5cecf-9,CUST00200,2026-07-16 01:41:48,6708.46,mobile,travel,1,1,0,0,0,0,999.0,0,0,8.811273749827139
TXN8cd1692d-6,CUST00201,2026-06-20 01:06:52,360.11,mobile,retail,0,1,0,0,0,0,999.0,0,0,5.889182621059753
TXNfc00814b-c,CUST00201,2026-06-21 06:29:35,1671.44,web,jewellery,1,1,0,0,0,0,999.0,0,0,7.422038916919418
TXN676a504c-d,CUST00201,2026-07-02 10:53:33,1886.9,web,grocery,0,1,0,0,0,0,999.0,0,0,7.5432203792009975
TXN8852787c-8,CUST00201,2026-07-06 06:23:10,6488.89,web,electronics,0,1,0,0,0,0,999.0,0,0,8.778000860401955
TXNa159bef3-5,CUST00201,2026-07-07 08:42:05,89782.18,web,wire_transfer,1,1,1,1,1,3,20.0,1,1,11.405152931624002
TXNafd50018-e,CUST00201,2026-07-07 23:42:54,2151.79,web,utilities,0,1,1,1,0,0,6.0,0,0,7.6745199542885665
TXN37bea260-c,CUST00201,2026-07-09 14:37:18,2233.5,mobile,grocery,0,1,0,0,0,0,999.0,0,0,7.711772768373506
TXN4764a956-9,CUST00201,2026-07-15 13:03:45,2005.9,web,grocery,1,1,0,0,0,0,999.0,0,0,7.604346521944637
TXNa2ded1de-c,CUST00201,2026-07-16 07:50:36,18944.26,web,retail,0,1,0,0,0,0,999.0,0,0,9.849309047296243
TXNa7fc1bad-7,CUST00202,2026-06-24 10:03:40,1072.88,mobile,jewellery,0,1,0,0,0,0,999.0,0,0,6.979033536982767
TXN305a1bef-6,CUST00202,2026-06-27 18:04:11,4048.71,mobile,grocery,0,1,0,0,0,0,999.0,0,0,8.306400552598557
TXN282f0aa6-7,CUST00202,2026-06-29 20:44:03,7094.54,web,grocery,0,1,0,0,0,0,999.0,0,0,8.867221696634504
TXN4949ded7-7,CUST00202,2026-07-01 01:06:09,2086.54,mobile,grocery,0,1,0,0,0,0,999.0,0,0,7.643741618218074
TXN192bb3bc-e,CUST00202,2026-07-01 06:55:56,641.62,mobile,jewellery,0,1,0,0,0,0,999.0,0,0,6.465553569757965
TXN6669f679-2,CUST00202,2026-07-07 20:41:17,10715.95,mobile,jewellery,0,1,0,0,0,0,999.0,0,0,9.27958187921737
TXNd4721e33-8,CUST00202,2026-07-10 04:04:20,1162.54,mobile,grocery,0,1,0,0,0,0,999.0,0,0,7.059222361180193
TXN3964afe6-9,CUST00202,2026-07-12 05:57:36,1027.97,web,wire_transfer,0,1,0,0,0,0,999.0,0,0,6.936313580890098
TXN6b08984b-a,CUST00202,2026-07-12 15:30:10,2537.51,atm,utilities,0,1,0,0,0,0,999.0,0,0,7.839332573713943
TXN9211d6cc-9,CUST00203,2026-06-24 02:12:17,1260.33,mobile,electronics,0,1,0,0,0,0,999.0,0,0,7.139921998794036
TXN05d86c95-f,CUST00203,2026-06-24 04:01:01,5249.28,web,utilities,0,1,0,0,0,0,999.0,0,0,8.566036687496831
TXN05d0f23a-5,CUST00203,2026-06-29 06:14:55,324.91,web,jewellery,0,1,0,0,0,0,999.0,0,0,5.7866212696317385
TXN82e6e14d-8,CUST00203,2026-07-01 19:24:19,13876.7,mobile,electronics,0,1,0,0,0,0,999.0,0,0,9.538038514278158
TXNca359116-e,CUST00203,2026-07-04 12:00:10,767.75,mobile,travel,0,1,1,1,0,0,10.0,0,0,6.644765819120727
TXNb91a7793-5,CUST00203,2026-07-06 08:16:20,1624.7,mobile,jewellery,0,1,0,0,0,0,999.0,0,0,7.393693771240178
TXNaf326af5-7,CUST00203,2026-07-06 17:44:03,1137.98,web,travel,0,1,0,0,0,0,999.0,0,0,7.037888404030506
TXNe9c7eb29-d,CUST00203,2026-07-06 17:59:03,819.7,mobile,electronics,1,2,0,0,0,0,999.0,0,0,6.710157634635666
TXN78e00f78-2,CUST00203,2026-07-08 16:18:54,8582.7,web,retail,0,1,0,0,0,0,999.0,0,0,9.057620334957967
TXN2a9d0c6a-3,CUST00203,2026-07-11 13:43:36,7271.16,branch,wire_transfer,0,1,0,0,0,0,999.0,0,0,8.89180863781549
TXN80dc4873-9,CUST00203,2026-07-16 02:09:00,594.1,mobile,wire_transfer,0,1,0,0,0,0,999.0,0,0,6.388729458650807
TXNcdbe6de6-1,CUST00204,2026-06-18 17:35:37,780.52,web,electronics,0,1,0,0,0,0,999.0,0,0,6.661240741344687
TXN3eaf5f08-2,CUST00204,2026-06-19 09:06:32,1991.33,mobile,wire_transfer,0,1,1,1,0,0,3.0,0,0,7.597060087074604
TXN3dec163c-f,CUST00204,2026-06-21 16:28:16,5752.69,mobile,utilities,0,1,0,0,0,0,999.0,0,0,8.657596667095328
TXNae991937-0,CUST00204,2026-06-23 00:27:10,1290.62,atm,retail,0,1,0,0,0,0,999.0,0,0,7.16365252343441
TXN33252134-e,CUST00204,2026-06-26 07:35:43,1012.74,mobile,wire_transfer,0,1,0,0,0,0,999.0,0,0,6.921401741015988
TXNaf051197-3,CUST00204,2026-06-26 22:28:10,1611.0,web,electronics,0,1,0,0,0,0,999.0,0,0,7.385230923066573
TXN93ddbda1-3,CUST00204,2026-07-02 07:27:02,6100.71,web,wire_transfer,0,1,0,0,0,0,999.0,0,0,8.71632433874574
TXN109792a4-4,CUST00204,2026-07-04 15:07:48,57792.41,mobile,electronics,0,1,0,0,0,0,999.0,0,0,10.964630034319567
TXN761eb7e3-f,CUST00204,2026-07-09 18:52:15,648.93,branch,grocery,0,1,0,0,0,0,999.0,0,0,6.476864664782758
TXNdf40fe04-5,CUST00204,2026-07-10 03:26:39,1660.91,mobile,grocery,0,1,0,0,0,0,999.0,0,0,7.415722822324593
TXN11e12ee9-f,CUST00204,2026-07-12 14:41:38,435.88,mobile,travel,1,1,1,1,0,0,5.0,0,0,6.079658557843898
TXN9b62d6d2-c,CUST00205,2026-06-17 13:27:33,4753.36,mobile,jewellery,1,1,0,0,0,0,999.0,0,0,8.466817370757763
TXN664101fa-5,CUST00205,2026-06-23 07:25:34,3912.3,mobile,electronics,0,1,0,0,0,0,999.0,0,0,8.272136286790136
TXNf5239f95-6,CUST00205,2026-06-28 09:42:35,636.84,mobile,grocery,0,1,0,0,0,0,999.0,0,0,6.45808746819424
TXNb9a3773d-d,CUST00205,2026-06-29 01:47:13,2541.44,mobile,wire_transfer,0,1,0,0,0,0,999.0,0,0,7.8408795288242
TXN898f3586-b,CUST00205,2026-06-29 03:45:35,641.41,web,jewellery,0,1,0,0,0,0,999.0,0,0,6.465226729136549
TXN62a40afe-d,CUST00205,2026-07-01 00:11:31,1362.34,web,grocery,1,1,0,0,0,0,999.0,0,0,7.217692850332332
TXNb6fac9b9-8,CUST00205,2026-07-01 17:47:28,330.73,branch,travel,0,1,0,0,0,0,999.0,0,0,5.80432138503481
TXN850f7bdc-d,CUST00205,2026-07-06 14:05:08,4489.87,atm,jewellery,0,1,0,0,0,0,999.0,0,0,8.409801725886318
TXNd3e7acd9-7,CUST00205,2026-07-08 03:26:30,11438.79,web,utilities,0,1,0,0,0,0,999.0,0,0,9.344852908121947
TXNcfc91b52-4,CUST00205,2026-07-09 05:38:23,1094.73,mobile,travel,0,1,0,0,0,0,999.0,0,0,6.999176086793762
TXNa117b864-8,CUST00205,2026-07-10 02:38:51,852.31,web,jewellery,0,1,0,0,0,0,999.0,0,0,6.749122904681651
TXNd8d99ad8-2,CUST00206,2026-06-18 01:22:50,4054.23,branch,jewellery,0,1,0,0,0,0,999.0,0,0,8.307762685039632
TXNb8d49cf2-1,CUST00206,2026-06-19 18:11:17,3365.24,web,grocery,1,1,0,0,0,0,999.0,0,0,8.12155167345671
TXNc99496ab-6,CUST00206,2026-07-11 08:49:41,1090.2,mobile,grocery,0,1,0,0,0,0,999.0,0,0,6.995033287089198
TXN946e8ec2-d,CUST00206,2026-07-12 15:45:30,333.13,web,grocery,0,1,0,0,0,0,999.0,0,0,5.811530138806526
TXNb58674b5-e,CUST00207,2026-06-23 21:19:55,1034.33,web,retail,0,1,0,0,0,0,999.0,0,0,6.942475495460323
TXNb197603c-a,CUST00207,2026-07-07 10:05:21,12572.63,atm,electronics,0,1,0,0,0,0,999.0,0,0,9.43935704271079
TXN43b6c6ef-3,CUST00207,2026-07-09 05:46:48,2912.94,web,utilities,0,1,0,0,0,0,999.0,0,0,7.977261396289221
TXN3e39bf9b-e,CUST00207,2026-07-11 10:16:16,1528.22,atm,retail,0,1,0,0,0,0,999.0,0,0,7.332513080470711
TXNa812cf1b-6,CUST00207,2026-07-13 14:27:20,3838.88,web,grocery,0,1,0,0,0,0,999.0,0,0,8.25319639509348
TXN734bda19-c,CUST00208,2026-06-16 19:24:10,528.28,web,electronics,1,1,0,0,0,0,999.0,0,0,6.271517592395272
TXN23d86a4f-c,CUST00208,2026-06-27 07:41:08,408.94,web,jewellery,0,1,0,0,0,0,999.0,0,0,6.016010807525982
TXN4679fe6e-9,CUST00208,2026-06-27 10:24:42,3667.04,mobile,utilities,0,1,0,0,0,0,999.0,0,0,8.207412738442304
TXNb06f0681-4,CUST00208,2026-07-07 11:46:45,1577.69,atm,electronics,0,1,0,0,0,0,999.0,0,0,7.364350668191908
TXNc1c97ab6-3,CUST00208,2026-07-14 10:11:03,546.47,mobile,grocery,0,1,0,0,0,0,999.0,0,0,6.305307665668834
TXN4e8172da-4,CUST00209,2026-06-23 21:47:50,2196.1,mobile,utilities,0,1,0,0,0,0,999.0,0,0,7.694893587962325
TXN06a4093b-4,CUST00209,2026-07-08 17:19:16,166112.74,mobile,wire_transfer,1,1,1,1,1,4,7.0,1,1,12.02042801343243
TXN90441ec6-5,CUST00209,2026-07-14 09:16:09,246616.18,web,wire_transfer,1,1,1,1,1,4,6.0,1,1,12.415592534763412
TXN3a58d606-a,CUST00210,2026-06-17 19:48:09,3643.71,mobile,electronics,0,1,0,0,0,0,999.0,0,0,8.201032080235088
TXNb68c55b2-7,CUST00210,2026-06-18 09:57:56,234.96,web,grocery,0,1,0,0,0,0,999.0,0,0,5.4636622991348744
TXN278976c9-4,CUST00210,2026-06-19 20:42:06,791.75,mobile,travel,0,1,0,0,0,0,999.0,0,0,6.675507913418457
TXN844e2e8b-f,CUST00210,2026-06-22 13:13:37,326.87,mobile,utilities,0,1,0,0,0,0,999.0,0,0,5.792617188356692
TXN9150d9b2-2,CUST00210,2026-06-25 07:33:49,963.96,mobile,grocery,0,1,0,0,0,0,999.0,0,0,6.872086649702677
TXN82330e6e-b,CUST00210,2026-06-26 03:25:47,299.25,mobile,electronics,0,1,0,0,0,0,999.0,0,0,5.704615460960093
TXN0316cde5-9,CUST00210,2026-06-26 15:01:06,1367.52,mobile,electronics,0,1,0,0,0,0,999.0,0,0,7.221485142915411
TXN20e8dae1-b,CUST00210,2026-06-26 15:16:41,3183.75,mobile,utilities,0,2,0,0,0,0,999.0,0,0,8.066129071989897
TXNa4d37418-5,CUST00210,2026-06-26 16:14:45,524.56,mobile,electronics,0,2,0,0,0,0,999.0,0,0,6.264464360773621
TXNdbf11941-4,CUST00210,2026-06-29 15:49:43,246.01,mobile,utilities,0,1,0,0,0,0,999.0,0,0,5.509428821638408
TXN954e95fb-3,CUST00210,2026-07-04 17:02:21,2469.36,mobile,jewellery,0,1,0,0,0,0,999.0,0,0,7.812119167989525
TXNe666a9b4-9,CUST00210,2026-07-14 13:46:20,1166.39,web,retail,0,1,0,0,0,0,999.0,0,0,7.062525766688801
TXN7b67caba-8,CUST00211,2026-06-17 06:48:38,2505.47,mobile,jewellery,0,1,0,0,0,0,999.0,0,0,7.8266306677510205
TXN34d88c51-4,CUST00211,2026-06-20 14:23:35,1176.0,web,jewellery,0,1,0,0,0,0,999.0,0,0,7.0707241072602764
TXN613f50db-e,CUST00211,2026-06-21 08:35:07,3252.13,mobile,travel,0,1,0,0,0,0,999.0,0,0,8.087372888785822
TXN60c336eb-5,CUST00211,2026-06-26 17:02:57,330.44,branch,jewellery,0,1,0,0,0,0,999.0,0,0,5.803446797769146
TXN8047c7e1-d,CUST00211,2026-07-03 21:33:18,3766.01,web,travel,0,1,0,0,0,0,999.0,0,0,8.23403686232085
TXN1093a05b-f,CUST00211,2026-07-07 13:49:12,9341.74,branch,wire_transfer,0,1,0,0,0,0,999.0,0,0,9.142354850085074
TXN9bcfe969-4,CUST00211,2026-07-09 09:10:33,9204.34,mobile,travel,0,1,0,0,0,0,999.0,0,0,9.127539029432628
TXNa5fc00b5-7,CUST00211,2026-07-09 16:53:09,1212.4,mobile,retail,0,1,1,1,0,0,7.0,0,0,7.101181615508198
TXNd8bb254c-8,CUST00212,2026-06-17 21:10:46,188777.24,mobile,wire_transfer,1,1,1,1,1,4,8.0,1,1,12.14832827181397
TXNf3b81fe4-1,CUST00212,2026-06-17 22:55:45,4822.39,web,travel,0,1,1,1,0,0,15.0,0,0,8.481232279333467
TXNbdcaf089-3,CUST00212,2026-06-24 23:28:02,1108.27,branch,utilities,0,1,1,1,0,0,17.0,0,0,7.011457420297063
TXN08683cbf-a,CUST00212,2026-06-25 07:35:47,10521.56,mobile,retail,0,1,0,0,0,0,999.0,0,0,9.261276802695468
TXNbf0aabdf-d,CUST00212,2026-06-26 16:27:52,920.06,atm,wire_transfer,0,1,1,1,0,0,4.0,0,0,6.825525180713165
TXN1e9d8b00-c,CUST00212,2026-07-02 04:38:16,1411.08,mobile,jewellery,0,1,0,0,0,0,999.0,0,0,7.252819073672024
TXN457f4a84-1,CUST00212,2026-07-04 14:47:27,1525.21,atm,travel,0,1,0,0,0,0,999.0,0,0,7.33054281705527
TXN725687c2-0,CUST00212,2026-07-06 06:57:06,224491.38,mobile,wire_transfer,1,1,1,1,1,4,16.0,1,1,12.32159704349486
TXNa37dafca-e,CUST00212,2026-07-09 07:22:17,857.34,web,retail,0,1,0,0,0,0,999.0,0,0,6.755000291389855
TXN1456a858-d,CUST00212,2026-07-09 08:10:29,1770.03,mobile,jewellery,0,2,0,0,0,0,999.0,0,0,7.4793165772215175
TXN3ea426b8-3,CUST00212,2026-07-11 23:54:27,6528.55,mobile,retail,1,1,0,0,0,0,999.0,0,0,8.784093307185321
TXN7fb0b7b6-5,CUST00212,2026-07-13 21:46:57,11308.72,mobile,grocery,0,1,0,0,0,0,999.0,0,0,9.333417811951367
TXNc9a5c042-c,CUST00212,2026-07-16 11:30:13,9671.79,mobile,utilities,0,1,1,1,0,0,23.0,0,0,9.17707206803269
TXNfab87bb6-0,CUST00213,2026-06-16 12:50:26,112.96,mobile,electronics,0,1,0,0,0,0,999.0,0,0,4.735847509629708
TXN4d81bc5e-8,CUST00213,2026-06-23 10:08:09,278.47,mobile,retail,0,1,0,0,0,0,999.0,0,0,5.632894952308452
TXN2ec46bfe-b,CUST00213,2026-06-27 07:27:50,10376.43,mobile,retail,1,1,0,0,0,0,999.0,0,0,9.24738853454188
TXN7a2f2c57-9,CUST00213,2026-06-27 11:34:09,1459.81,mobile,wire_transfer,0,1,0,0,0,0,999.0,0,0,7.286746355381347
TXN4708b42e-8,CUST00213,2026-06-28 23:15:55,2129.6,mobile,wire_transfer,0,1,0,0,0,0,999.0,0,0,7.664158909177097
TXNe1b33498-8,CUST00213,2026-07-02 10:52:36,3761.1,web,electronics,0,1,0,0,0,0,999.0,0,0,8.23273259111322
TXN3e72e402-3,CUST00213,2026-07-06 02:30:21,805.76,mobile,grocery,1,1,0,0,0,0,999.0,0,0,6.6930262262689455
TXNdb869a02-a,CUST00213,2026-07-09 14:13:05,2633.13,web,electronics,0,1,0,0,0,0,999.0,0,0,7.876308235679102
TXNb7a63ca5-b,CUST00213,2026-07-12 13:19:57,433.48,mobile,jewellery,0,1,0,0,0,0,999.0,0,0,6.07414991372659
TXNe7f8daa8-1,CUST00213,2026-07-14 05:32:32,617.3,mobile,utilities,0,1,0,0,0,0,999.0,0,0,6.426973776564523
TXNbbbbfd67-3,CUST00213,2026-07-16 06:54:25,1428.93,web,retail,0,1,0,0,0,0,999.0,0,0,7.2653807710068605
TXN7a71ce7b-3,CUST00214,2026-06-22 21:26:59,1599.29,mobile,travel,0,1,0,0,0,0,999.0,0,0,7.377940141804076
TXN4cca3dda-7,CUST00214,2026-06-25 08:14:46,7810.1,mobile,wire_transfer,1,1,0,0,0,0,999.0,0,0,8.963301077986419
TXN6e047758-9,CUST00214,2026-06-28 01:05:28,1534.49,mobile,travel,1,1,0,0,0,0,999.0,0,0,7.336604827323037
TXNa28af08d-c,CUST00214,2026-06-29 06:11:22,845.84,web,retail,0,1,0,0,0,0,999.0,0,0,6.741511774800739
TXN96e15645-8,CUST00214,2026-07-05 04:35:32,1901.3,web,jewellery,0,1,0,0,0,0,999.0,0,0,7.550818959374095
TXNb850b440-1,CUST00214,2026-07-09 20:08:42,225.11,web,travel,0,1,0,0,0,0,999.0,0,0,5.421021606523488
TXNfe034a0e-7,CUST00214,2026-07-11 11:25:31,5248.09,branch,travel,0,1,0,0,0,0,999.0,0,0,8.565810007228377
TXNca3e7f3a-5,CUST00214,2026-07-11 17:44:49,393.29,web,travel,0,1,0,0,0,0,999.0,0,0,5.977086679162027
TXNa48339f7-c,CUST00214,2026-07-14 12:29:18,89185.3,mobile,utilities,0,1,0,0,0,0,999.0,0,0,11.398482719328396
TXN79dd7b95-1,CUST00214,2026-07-14 15:00:47,2184.85,web,jewellery,1,1,0,0,0,0,999.0,0,0,7.689760047900884
TXNad8716e1-4,CUST00215,2026-06-22 08:08:01,1739.41,web,travel,0,1,0,0,0,0,999.0,0,0,7.46187599663558
TXN883d9b03-d,CUST00215,2026-06-22 15:03:59,2180.09,mobile,electronics,0,1,0,0,0,0,999.0,0,0,7.687580030824786
TXN683c3806-c,CUST00215,2026-06-25 13:04:40,1421.16,mobile,jewellery,0,1,0,0,0,0,999.0,0,0,7.25993212161443
TXN7bb8373c-8,CUST00215,2026-07-03 02:53:44,1344.18,web,travel,1,1,0,0,0,0,999.0,0,0,7.2042831120779205
TXNa03c67ff-4,CUST00215,2026-07-03 09:00:41,1498.39,mobile,electronics,0,1,0,0,0,0,999.0,0,0,7.312813637712321
TXNa5310be0-f,CUST00215,2026-07-04 05:44:51,1950.94,mobile,retail,0,1,0,0,0,0,999.0,0,0,7.576579028795707
TXNa1919e12-7,CUST00215,2026-07-13 03:30:56,2362.38,web,retail,0,1,0,0,0,0,999.0,0,0,7.767848076784409
TXN8271bbba-f,CUST00216,2026-06-17 07:28:45,759.85,mobile,wire_transfer,0,1,0,0,0,0,999.0,0,0,6.634436229366123
TXNc1b156bd-f,CUST00216,2026-06-20 12:39:49,676.53,branch,grocery,0,1,0,0,0,0,999.0,0,0,6.51845383221631
TXNafdc8a51-a,CUST00216,2026-06-24 04:57:24,3397.49,mobile,utilities,0,1,0,0,0,0,999.0,0,0,8.131086494307743
TXN318f7980-2,CUST00216,2026-06-27 11:36:32,9328.61,atm,jewellery,0,1,0,0,0,0,999.0,0,0,9.14094849232463
TXNdcadfda8-e,CUST00216,2026-06-27 16:27:46,674.35,web,grocery,0,1,0,0,0,0,999.0,0,0,6.515231075006773
TXN01ab1df1-7,CUST00216,2026-07-11 07:14:49,2809.34,mobile,jewellery,0,1,0,0,0,0,999.0,0,0,7.9410607514495934
TXNac482af2-6,CUST00216,2026-07-11 23:43:19,1207.39,mobile,grocery,0,1,0,0,0,0,999.0,0,0,7.0970441740727805
TXN2dc58521-2,CUST00216,2026-07-15 16:08:29,2986.9,web,grocery,0,1,0,0,0,0,999.0,0,0,8.002326078490526
TXNed7403c6-4,CUST00217,2026-06-23 02:35:28,1547.15,web,travel,1,1,0,0,0,0,999.0,0,0,7.344815948680052
TXN4e2da257-8,CUST00217,2026-06-26 07:34:32,1606.61,mobile,electronics,0,1,1,1,0,0,8.0,0,0,7.382503883008548
TXNa99f8c03-9,CUST00217,2026-06-28 06:29:23,16968.0,mobile,utilities,0,1,0,0,0,0,999.0,0,0,9.739143428972826
TXNac00cd5e-9,CUST00217,2026-06-28 16:49:11,2521.36,web,wire_transfer,0,1,0,0,0,0,999.0,0,0,7.832950250192014
TXN84372286-f,CUST00217,2026-07-05 11:32:51,16176.32,web,utilities,0,1,0,0,0,0,999.0,0,0,9.691365540304847
TXN2bf998ad-c,CUST00217,2026-07-06 10:07:19,1159.21,mobile,electronics,0,1,0,0,0,0,999.0,0,0,7.056356302198404
TXN78ccd788-8,CUST00217,2026-07-11 19:52:52,94946.33,mobile,wire_transfer,1,1,1,1,1,2,11.0,1,1,11.461077595781864
TXN3b576da7-c,CUST00217,2026-07-12 18:06:10,4013.07,branch,grocery,0,1,0,0,0,0,999.0,0,0,8.297560968167854
TXN31209ff4-2,CUST00217,2026-07-16 06:20:00,8210.4,web,retail,1,1,0,0,0,0,999.0,0,0,9.013278711660474
TXN9860f848-a,CUST00218,2026-06-19 22:10:31,1093.75,mobile,travel,0,1,0,0,0,0,999.0,0,0,6.998281305681508
TXN434a7e17-e,CUST00218,2026-06-23 20:54:49,1287.0,mobile,utilities,0,1,0,0,0,0,999.0,0,0,7.160845906664299
TXNd4488069-5,CUST00218,2026-06-27 18:30:38,2501.79,web,travel,0,1,0,0,0,0,999.0,0,0,7.825161388591214
TXNd59dcbfa-d,CUST00218,2026-07-02 09:31:46,1599.89,mobile,retail,0,1,0,0,0,0,999.0,0,0,7.378315003578188
TXNc33ffef7-6,CUST00218,2026-07-03 01:43:59,837.6,atm,retail,0,1,0,0,0,0,999.0,0,0,6.731733834736662
TXNb9f9d376-c,CUST00218,2026-07-05 23:42:43,623.9,mobile,wire_transfer,0,1,0,0,0,0,999.0,0,0,6.437591636935036
TXN4e653eee-2,CUST00218,2026-07-11 22:47:05,5842.93,mobile,wire_transfer,0,1,0,0,0,0,999.0,0,0,8.673158794701658
TXN4eda31cc-7,CUST00218,2026-07-12 18:36:46,8600.84,web,electronics,0,1,0,0,0,0,999.0,0,0,9.059731412845188
TXN46327360-c,CUST00219,2026-06-20 19:11:41,3274.82,branch,grocery,0,1,0,0,0,0,999.0,0,0,8.09432349840848
TXN68a650ce-f,CUST00219,2026-06-24 16:15:55,2871.5,atm,wire_transfer,0,1,0,0,0,0,999.0,0,0,7.962938009722911
TXNf0a30219-c,CUST00219,2026-06-28 21:37:24,200303.88,web,wire_transfer,1,1,1,1,1,3,12.0,1,1,12.207595884811944
TXN33c43cd1-b,CUST00219,2026-07-04 02:24:02,5816.09,mobile,jewellery,0,1,0,0,0,0,999.0,0,0,8.668555415683802
TXN418495a4-b,CUST00219,2026-07-07 11:52:21,1266.65,mobile,wire_transfer,1,1,0,0,0,0,999.0,0,0,7.144920071658601
TXN23d2789d-c,CUST00219,2026-07-10 03:45:01,13806.85,web,utilities,0,1,0,0,0,0,999.0,0,0,9.532992549996532
TXN960b9746-9,CUST00220,2026-06-18 10:26:45,1188.94,mobile,jewellery,0,1,0,0,0,0,999.0,0,0,7.0816581646663685
TXNc7fe8dee-0,CUST00220,2026-06-21 06:51:00,1335.35,web,retail,0,1,0,0,0,0,999.0,0,0,7.197697295834763
TXNf5b0fa1c-b,CUST00220,2026-06-28 02:00:20,6181.64,mobile,wire_transfer,0,1,0,0,0,0,999.0,0,0,8.72950064370045
TXNbd303739-8,CUST00220,2026-06-28 16:43:34,5188.66,branch,retail,1,1,0,0,0,0,999.0,0,0,8.554423463416718
TXN61e561bb-c,CUST00220,2026-06-28 17:13:03,3491.1,web,travel,0,2,0,0,0,0,999.0,0,0,8.158258553433772
TXN060fd3b6-5,CUST00220,2026-06-30 02:27:38,4521.53,atm,wire_transfer,0,1,0,0,0,0,999.0,0,0,8.41682685074662
TXN89b3889d-4,CUST00220,2026-07-05 20:30:38,200294.51,web,wire_transfer,1,1,1,1,1,2,11.0,1,1,12.207549105027223
TXN462270cb-d,CUST00220,2026-07-07 13:22:30,6037.41,web,retail,0,1,0,0,0,0,999.0,0,0,8.705896011240693
TXN0e5d8626-1,CUST00220,2026-07-08 20:48:16,7758.13,web,grocery,1,1,0,0,0,0,999.0,0,0,8.956625493490025
TXN9e1823a2-3,CUST00220,2026-07-10 01:42:19,10574.2,mobile,electronics,0,1,0,0,0,0,999.0,0,0,9.26626691626519
TXN2911268f-3,CUST00220,2026-07-10 04:24:01,2245.12,web,jewellery,0,1,0,0,0,0,999.0,0,0,7.716959562188155
TXNf3b93ebe-7,CUST00220,2026-07-15 16:59:14,2051.04,mobile,jewellery,0,1,0,0,0,0,999.0,0,0,7.626589699278059
TXN3ff5ea79-7,CUST00220,2026-07-15 19:29:04,3392.46,mobile,electronics,0,1,0,0,0,0,999.0,0,0,8.12960532883403
TXNf105c2d8-7,CUST00220,2026-07-15 22:46:21,1559.18,web,wire_transfer,0,1,0,0,0,0,999.0,0,0,7.352556478202675
TXNe17f5e53-2,CUST00221,2026-06-25 06:34:28,5063.57,mobile,travel,1,1,0,0,0,0,999.0,0,0,8.530024516731402
TXNfa286316-5,CUST00221,2026-07-06 12:10:56,713.39,atm,wire_transfer,0,1,0,0,0,0,999.0,0,0,6.571429031703961
TXN48c3a59d-e,CUST00221,2026-07-07 11:04:49,730.3,web,retail,0,1,0,0,0,0,999.0,0,0,6.594823772276905
TXN53ed75f6-3,CUST00222,2026-06-24 07:06:12,8413.8,mobile,jewellery,0,1,0,0,0,0,999.0,0,0,9.037747339259875
TXNd13b3a4d-8,CUST00222,2026-06-24 20:27:43,996.63,atm,jewellery,1,1,0,0,0,0,999.0,0,0,6.905382466086884
TXNdee7dad7-1,CUST00222,2026-06-27 13:08:21,3782.42,mobile,travel,1,1,0,0,0,0,999.0,0,0,8.238383641468053
TXN96fdad96-2,CUST00222,2026-06-28 13:45:27,2550.65,mobile,jewellery,1,1,1,1,0,0,7.0,0,0,7.844495487723702
TXNd30606ae-6,CUST00222,2026-06-28 19:21:55,1592.55,mobile,wire_transfer,0,1,0,0,0,0,999.0,0,0,7.373719510836104
TXNa9230810-c,CUST00222,2026-07-02 03:01:07,6702.87,web,jewellery,0,1,0,0,0,0,999.0,0,0,8.810440250565788
TXN23f5aea6-0,CUST00222,2026-07-03 13:52:55,1616.14,web,wire_transfer,0,1,0,0,0,0,999.0,0,0,7.3884144359158475
TXN8fd48278-3,CUST00222,2026-07-08 17:50:49,3398.68,web,wire_transfer,0,1,0,0,0,0,999.0,0,0,8.13143658852785
TXNbd32ebda-b,CUST00223,2026-06-20 21:21:41,5853.51,web,travel,0,1,0,0,0,0,999.0,0,0,8.674967583375116
TXN23e8bb05-0,CUST00223,2026-06-20 21:29:21,1628.37,web,wire_transfer,0,2,0,0,0,0,999.0,0,0,7.395948716021762
TXN5cb9635c-7,CUST00223,2026-06-21 21:53:03,1005.46,mobile,travel,0,1,0,0,0,0,999.0,0,0,6.914194502611039
TXN5c798b20-d,CUST00223,2026-06-25 12:55:46,6096.66,web,utilities,0,1,0,0,0,0,999.0,0,0,8.715660370008209
TXN6d658f44-6,CUST00223,2026-06-29 06:50:54,1179.3,mobile,travel,0,1,0,0,0,0,999.0,0,0,7.073523922435023
TXN523e901f-2,CUST00223,2026-07-04 01:08:06,7211.08,web,utilities,0,1,0,0,0,0,999.0,0,0,8.88351267688509
TXN9a86a2f5-4,CUST00223,2026-07-05 19:40:12,1092.31,web,retail,0,1,0,0,0,0,999.0,0,0,6.996965071018932
TXNbf4d4bd8-7,CUST00223,2026-07-10 01:34:45,1193.58,mobile,jewellery,0,1,0,0,0,0,999.0,0,0,7.085549938152364
TXNf8b03457-a,CUST00223,2026-07-13 17:00:45,584.47,mobile,grocery,0,1,1,1,0,0,5.0,0,0,6.372414943467149
TXNfee33607-6,CUST00224,2026-06-24 00:36:06,1565.37,web,travel,1,1,0,0,0,0,999.0,0,0,7.356516119396722
TXNdf823a94-8,CUST00224,2026-06-27 09:31:29,171.93,atm,utilities,0,1,0,0,0,0,999.0,0,0,5.1528868883378305
TXN5f9c041d-8,CUST00224,2026-06-27 09:56:23,1370.12,mobile,retail,0,2,0,0,0,0,999.0,0,0,7.223383203084317
TXN89ef698a-c,CUST00224,2026-06-27 11:06:50,1456.56,mobile,jewellery,0,1,0,0,0,0,999.0,0,0,7.284519083758124
TXN0f6eed31-8,CUST00224,2026-06-30 18:25:57,530.26,web,retail,0,1,0,0,0,0,999.0,0,0,6.275251543590878
TXNcc5015cf-7,CUST00224,2026-07-05 18:15:18,2156.52,mobile,electronics,1,1,0,0,0,0,999.0,0,0,7.67671469290303
TXN5570cefc-9,CUST00225,2026-06-17 02:28:06,1333.52,mobile,retail,0,1,0,0,0,0,999.0,0,0,7.196326955618751
TXN66c67afa-0,CUST00225,2026-06-24 19:37:37,5244.48,mobile,electronics,0,1,0,0,0,0,999.0,0,0,8.565122032372354
TXN77391bee-4,CUST00225,2026-06-28 11:39:14,3265.53,web,grocery,0,1,0,0,0,0,999.0,0,0,8.091483538380679
TXNaf178dbb-c,CUST00225,2026-07-03 20:01:17,2109.24,mobile,wire_transfer,0,1,0,0,0,0,999.0,0,0,7.654556964077575
TXN77ec2100-e,CUST00225,2026-07-04 04:03:16,6149.03,atm,travel,0,1,0,0,0,0,999.0,0,0,8.724212238837447
TXN30de0010-f,CUST00225,2026-07-04 04:41:24,799.28,atm,utilities,0,2,0,0,0,0,999.0,0,0,6.684961666432216
TXNd9fafbb9-d,CUST00225,2026-07-05 07:00:30,1045.74,web,wire_transfer,0,1,0,0,0,0,999.0,0,0,6.953435851474111
TXN135769cb-b,CUST00225,2026-07-09 23:03:15,792.48,atm,electronics,0,1,0,0,0,0,999.0,0,0,6.676428334859908
TXNf2d1235d-d,CUST00225,2026-07-10 15:12:06,3705.05,web,retail,0,1,0,0,0,0,999.0,0,0,8.21772189838948
TXNfe8db353-e,CUST00225,2026-07-11 03:13:35,2085.36,web,grocery,0,1,0,0,0,0,999.0,0,0,7.643176199769412
TXN9341dd73-a,CUST00225,2026-07-13 09:32:29,1122.24,atm,utilities,0,1,0,0,0,0,999.0,0,0,7.023972645173048
TXN8eec22a4-f,CUST00225,2026-07-14 01:52:04,1402.19,mobile,utilities,0,1,0,0,0,0,999.0,0,0,7.24650349502468
TXNc7f7040b-8,CUST00225,2026-07-14 09:03:37,3586.35,atm,electronics,0,1,0,0,0,0,999.0,0,0,8.185169047347047
TXN28815cd9-8,CUST00225,2026-07-14 16:47:32,1718.11,mobile,grocery,0,1,0,0,0,0,999.0,0,0,7.449561994027795
TXN5497062b-a,CUST00225,2026-07-15 19:49:03,4227.87,mobile,travel,0,1,0,0,0,0,999.0,0,0,8.349690096872312
TXN9faa2180-0,CUST00226,2026-06-19 07:02:44,227.19,atm,electronics,0,1,1,1,0,0,12.0,0,0,5.430178615258333
TXN8849066e-5,CUST00226,2026-06-22 23:22:18,79969.98,web,wire_transfer,1,1,1,1,1,2,18.0,1,1,11.289419097846322
TXN022f8a47-0,CUST00226,2026-06-23 16:17:34,835.88,mobile,travel,1,1,0,0,0,0,999.0,0,0,6.729680691035505
TXN2686d5c6-6,CUST00226,2026-06-29 21:40:06,581.02,web,wire_transfer,1,1,0,0,0,0,999.0,0,0,6.3665048114021685
TXN9599b267-3,CUST00226,2026-07-15 12:24:57,3760.61,web,wire_transfer,0,1,0,0,0,0,999.0,0,0,8.232602336225487
TXN30584d20-2,CUST00227,2026-06-16 19:53:37,4871.25,branch,retail,0,1,0,0,0,0,999.0,0,0,8.491311121702134
TXNb703fa9f-e,CUST00227,2026-06-23 12:02:37,435.63,web,wire_transfer,0,1,0,0,0,0,999.0,0,0,6.079086154535806
TXN0a199083-d,CUST00227,2026-06-25 22:44:51,1554.34,mobile,grocery,0,1,0,0,0,0,999.0,0,0,7.349449450230697
TXNece42aa5-9,CUST00227,2026-06-27 18:57:25,6749.24,web,grocery,0,1,0,0,0,0,999.0,0,0,8.817333338790048
TXN3348eda0-a,CUST00227,2026-07-01 12:58:21,676.33,web,wire_transfer,0,1,0,0,0,0,999.0,0,0,6.518158598758311
TXN4ef8a787-3,CUST00227,2026-07-03 21:30:26,9093.84,web,jewellery,0,1,0,0,0,0,999.0,0,0,9.115462498713917
TXN888e58e7-0,CUST00227,2026-07-16 07:11:15,231236.22,mobile,wire_transfer,1,1,1,1,1,4,12.0,1,1,12.351199388982648
TXN5938949e-8,CUST00228,2026-06-25 04:56:49,2370.63,atm,retail,0,1,0,0,0,0,999.0,0,0,7.7713327614411805
TXNe0acdb75-2,CUST00228,2026-06-29 03:30:39,2498.85,mobile,utilities,0,1,0,0,0,0,999.0,0,0,7.82398600905622
TXN3ba4807e-4,CUST00228,2026-07-03 03:58:05,2120.75,mobile,travel,0,1,0,0,0,0,999.0,0,0,7.659996498849786
TXNa87da2af-3,CUST00228,2026-07-06 02:10:33,111582.39,mobile,wire_transfer,1,1,1,1,1,2,19.0,1,1,11.622527482726854
TXN29cd4d5c-4,CUST00228,2026-07-06 06:51:30,3062.84,mobile,electronics,0,1,0,0,0,0,999.0,0,0,8.027424310175856
TXNc5b86c82-3,CUST00228,2026-07-07 09:24:24,5792.52,atm,electronics,1,1,0,0,0,0,999.0,0,0,8.664495330575804
TXNdedcc2ff-5,CUST00228,2026-07-10 12:41:15,642.42,web,travel,1,1,0,0,0,0,999.0,0,0,6.466797699183474
TXN0c994ec1-6,CUST00229,2026-06-16 14:00:51,1211.79,branch,grocery,1,1,0,0,0,0,999.0,0,0,7.100678769471528
TXN1f8424bd-7,CUST00229,2026-06-20 11:02:02,559.68,mobile,jewellery,1,1,0,0,0,0,999.0,0,0,6.329150332794857
TXN06822e13-6,CUST00229,2026-06-29 00:19:16,4567.57,mobile,grocery,1,1,0,0,0,0,999.0,0,0,8.426955524637147
TXN32d9ec3e-6,CUST00229,2026-07-02 08:49:08,1768.33,mobile,retail,0,1,0,0,0,0,999.0,0,0,7.478356222833457
TXNdaac1277-b,CUST00229,2026-07-13 13:06:05,809.19,mobile,travel,1,1,0,0,0,0,999.0,0,0,6.6972687880609705
TXN5bbf785b-9,CUST00230,2026-06-23 17:25:21,12912.67,atm,electronics,1,1,0,0,0,0,999.0,0,0,9.46604171919722
TXN29b2b32c-1,CUST00230,2026-06-24 00:12:17,1378.0,web,grocery,0,1,0,0,0,0,999.0,0,0,7.229113877793302
TXNf8205c5f-1,CUST00230,2026-06-24 20:51:08,647.79,mobile,grocery,0,1,0,0,0,0,999.0,0,0,6.475109089612137
TXNf0d1701b-1,CUST00230,2026-07-07 21:26:59,217.33,web,jewellery,0,1,0,0,0,0,999.0,0,0,5.386007679675025
TXN940bb34d-e,CUST00230,2026-07-12 11:34:10,3792.65,mobile,travel,1,1,0,0,0,0,999.0,0,0,8.241083895317072
TXN97187943-6,CUST00230,2026-07-14 01:51:34,6219.81,web,jewellery,1,1,0,0,0,0,999.0,0,0,8.73565540233506
TXN6a45d1e9-5,CUST00231,2026-06-18 09:10:31,1121.71,branch,jewellery,0,1,0,0,0,0,999.0,0,0,7.0235006845240235
TXNa6e997ae-d,CUST00231,2026-06-19 08:18:07,1879.3,atm,electronics,0,1,0,0,0,0,999.0,0,0,7.539186617561429
TXN5c42adcf-5,CUST00231,2026-06-19 16:16:14,414.05,mobile,travel,0,1,0,0,0,0,999.0,0,0,6.028398994901044
TXN7a5cd426-5,CUST00231,2026-06-25 06:12:02,596.71,web,utilities,0,1,1,1,0,0,20.0,0,0,6.393105686491656
TXN173e13d9-f,CUST00231,2026-07-01 15:06:59,1989.85,branch,retail,0,1,0,0,0,0,999.0,0,0,7.596316962200454
TXN614996d1-0,CUST00231,2026-07-02 21:05:44,3703.54,branch,wire_transfer,0,1,0,0,0,0,999.0,0,0,8.217314373476917
TXNf6295eb4-6,CUST00231,2026-07-05 09:02:17,1072.84,web,retail,0,1,1,1,0,0,22.0,0,0,6.97899628817938
TXN10b7de33-d,CUST00231,2026-07-10 07:47:10,8258.67,mobile,electronics,1,1,0,0,0,0,999.0,0,0,9.01913991414309
TXNf1e4c27a-1,CUST00231,2026-07-10 15:48:19,2905.02,mobile,utilities,0,1,0,0,0,0,999.0,0,0,7.974539726419002
TXNb382c1ae-f,CUST00231,2026-07-15 04:43:12,15295.69,mobile,grocery,1,1,0,0,0,0,999.0,0,0,9.6353917441064
TXN84c469b1-2,CUST00232,2026-06-21 13:32:23,2873.75,mobile,electronics,0,1,0,0,0,0,999.0,0,0,7.963720992928774
TXN0b9d55cd-5,CUST00232,2026-06-26 02:44:06,2085.99,mobile,wire_transfer,0,1,0,0,0,0,999.0,0,0,7.643478115498879
TXNbac8f92f-4,CUST00232,2026-06-26 06:06:10,827.98,mobile,utilities,0,1,0,0,0,0,999.0,0,0,6.72019602939192
TXNcf674365-a,CUST00232,2026-07-02 01:28:16,2001.43,atm,grocery,0,1,0,0,0,0,999.0,0,0,7.602116722026909
TXN2d675be3-3,CUST00232,2026-07-07 14:58:24,561.53,mobile,electronics,1,1,0,0,0,0,999.0,0,0,6.332444465989737
TXN040ebf47-7,CUST00232,2026-07-12 07:44:18,783.85,web,jewellery,0,1,0,0,0,0,999.0,0,0,6.665492616721216
TXN6b5341c0-2,CUST00233,2026-06-18 19:52:22,333.56,web,retail,0,1,0,0,0,0,999.0,0,0,5.812816235680323
TXN98a0db61-0,CUST00233,2026-06-19 04:12:51,5919.09,web,retail,0,1,0,0,0,0,999.0,0,0,8.686106930465193
TXNbd66c203-d,CUST00233,2026-06-20 19:54:39,1644.45,mobile,grocery,0,1,0,0,0,0,999.0,0,0,7.405769182020792
TXNc95bc917-1,CUST00233,2026-06-26 21:54:09,540.23,mobile,utilities,0,1,0,0,0,0,999.0,0,0,6.293844327132821
TXN7845a524-b,CUST00233,2026-07-01 08:23:47,4589.49,web,jewellery,0,1,1,1,0,0,20.0,0,0,8.431742051169444
TXN343e623f-7,CUST00233,2026-07-02 01:11:19,1103.45,mobile,utilities,0,1,0,0,0,0,999.0,0,0,7.007102752482836
TXN84c2f2c4-e,CUST00233,2026-07-05 04:26:33,1321.78,mobile,grocery,1,1,0,0,0,0,999.0,0,0,7.187490861549733
TXNcf35fdb9-b,CUST00233,2026-07-07 13:25:06,603.66,web,grocery,0,1,1,1,0,0,21.0,0,0,6.404666316587869
TXN5d7518d4-2,CUST00233,2026-07-11 04:43:53,1085.46,mobile,wire_transfer,1,1,0,0,0,0,999.0,0,0,6.9906799835562845
TXN5f88fe99-a,CUST00233,2026-07-14 05:25:57,1156.64,web,retail,1,1,0,0,0,0,999.0,0,0,7.054138728970463
TXN9e181620-5,CUST00233,2026-07-14 05:35:00,1567.69,web,wire_transfer,0,2,0,0,0,0,999.0,0,0,7.357996155136706
TXN8a1b0744-0,CUST00234,2026-06-23 09:03:24,1874.41,web,grocery,0,1,1,1,0,0,18.0,0,0,7.5365825811671066
TXN3902d8a7-e,CUST00234,2026-06-29 17:37:09,1969.12,mobile,retail,0,1,0,0,0,0,999.0,0,0,7.585849733582453
TXN069ccc0a-c,CUST00234,2026-06-30 14:23:20,1471.35,mobile,utilities,0,1,0,0,0,0,999.0,0,0,7.294615042764732
TXN19a12723-2,CUST00234,2026-07-01 12:52:20,646.74,mobile,wire_transfer,0,1,0,0,0,0,999.0,0,0,6.473489381268246
TXN7872d73f-e,CUST00234,2026-07-02 13:21:08,8354.9,branch,electronics,0,1,0,0,0,0,999.0,0,0,9.030723155156306
TXN24f384ef-d,CUST00234,2026-07-04 13:09:34,1431.58,atm,electronics,1,1,1,1,0,0,11.0,0,0,7.26723229345188
TXN9f35ba40-4,CUST00234,2026-07-05 00:27:59,3166.76,mobile,wire_transfer,1,1,0,0,0,0,999.0,0,0,8.06077999248881
TXNe5ecb9dc-d,CUST00234,2026-07-05 16:45:15,160002.03,web,wire_transfer,1,1,1,1,1,4,4.0,1,1,11.982948031536651
TXN10fab909-f,CUST00234,2026-07-06 13:55:31,8403.77,mobile,jewellery,0,1,0,0,0,0,999.0,0,0,9.036554680804405
TXNb8f73fad-9,CUST00234,2026-07-07 00:38:42,1850.75,web,wire_transfer,0,1,0,0,0,0,999.0,0,0,7.523886416893399
TXN76e51a12-7,CUST00234,2026-07-10 04:48:48,2949.72,mobile,retail,0,1,0,0,0,0,999.0,0,0,7.989804487350776
TXN2036971a-3,CUST00235,2026-06-21 19:23:41,8658.95,mobile,retail,0,1,0,0,0,0,999.0,0,0,9.066464227867758
TXNb79ee140-1,CUST00235,2026-06-23 10:19:33,2107.49,mobile,jewellery,1,1,0,0,0,0,999.0,0,0,7.653727330467281
TXNce31ce5c-2,CUST00235,2026-06-25 10:55:58,8562.49,mobile,wire_transfer,0,1,1,1,0,0,6.0,0,0,9.055263096324909
TXNd4c2459b-b,CUST00235,2026-06-26 05:56:06,2540.08,mobile,retail,0,1,0,0,0,0,999.0,0,0,7.840344466492411
TXN18ad8eeb-b,CUST00235,2026-06-26 07:29:38,1170.81,branch,grocery,0,1,0,0,0,0,999.0,0,0,7.0663048409537765
TXNdb5ed35a-2,CUST00235,2026-06-27 07:47:03,1513.31,mobile,retail,1,1,0,0,0,0,999.0,0,0,7.322715168652091
TXNa8c1fb64-3,CUST00235,2026-06-28 05:39:40,1750.94,mobile,travel,0,1,0,0,0,0,999.0,0,0,7.468479024334567
TXNe648d7ae-7,CUST00235,2026-06-28 22:50:35,3074.16,branch,wire_transfer,0,1,0,0,0,0,999.0,0,0,8.031112211407299
TXN402bf495-3,CUST00235,2026-07-01 22:24:18,346.93,mobile,retail,0,1,0,0,0,0,999.0,0,0,5.852001310115928
TXN52a80809-2,CUST00235,2026-07-05 19:56:30,3738.27,mobile,travel,0,1,0,0,0,0,999.0,0,0,8.226645684191308
TXN002f4aee-a,CUST00235,2026-07-10 05:11:11,167.77,mobile,grocery,0,1,0,0,0,0,999.0,0,0,5.128536841248393
TXN9d719800-e,CUST00235,2026-07-10 22:45:32,6136.45,web,utilities,0,1,0,0,0,0,999.0,0,0,8.72216462543008
TXNf4f7bfdc-5,CUST00235,2026-07-14 04:13:27,4114.62,mobile,jewellery,1,1,0,0,0,0,999.0,0,0,8.3225447700486
TXNccbdd15e-e,CUST00236,2026-06-19 15:53:00,2149.22,mobile,grocery,1,1,0,0,0,0,999.0,0,0,7.673325441468198
TXNd9caa609-e,CUST00236,2026-06-23 11:01:49,1164.74,web,travel,1,1,0,0,0,0,999.0,0,0,7.061111357483076
TXNcb505aa3-0,CUST00236,2026-06-24 17:57:56,1803.6,web,travel,0,1,0,0,0,0,999.0,0,0,7.4980942395604
TXN44482593-e,CUST00236,2026-06-27 10:25:06,585.05,mobile,utilities,0,1,0,0,0,0,999.0,0,0,6.373405110169189
TXN252d3404-a,CUST00236,2026-06-28 10:20:59,6932.56,web,travel,0,1,0,0,0,0,999.0,0,0,8.84412866879461
TXN4d156c62-a,CUST00236,2026-07-03 01:41:55,944.91,atm,travel,0,1,0,0,0,0,999.0,0,0,6.852147427105308
TXN764f6842-f,CUST00236,2026-07-03 11:54:58,2602.28,web,wire_transfer,1,1,0,0,0,0,999.0,0,0,7.864527467400072
TXN8453d803-8,CUST00236,2026-07-04 22:46:19,742.27,mobile,travel,0,1,0,0,0,0,999.0,0,0,6.611059370362454
TXN53f42383-2,CUST00236,2026-07-07 19:19:20,186.54,mobile,electronics,1,1,0,0,0,0,999.0,0,0,5.233992155991479
TXN7b142917-9,CUST00237,2026-06-18 05:00:19,4237.46,web,retail,1,1,0,0,0,0,999.0,0,0,8.351955274702997
TXN03aa96d2-2,CUST00237,2026-06-23 11:10:25,558.82,atm,wire_transfer,0,1,0,0,0,0,999.0,0,0,6.327615303488531
TXNd5db677f-0,CUST00237,2026-07-05 00:08:44,11560.12,mobile,retail,0,1,0,0,0,0,999.0,0,0,9.35540302334639
TXN30104525-5,CUST00237,2026-07-09 15:04:44,3943.52,branch,wire_transfer,0,1,1,1,0,0,22.0,0,0,8.280082552873411
TXN65924c9f-2,CUST00237,2026-07-14 00:33:00,846.28,mobile,utilities,0,1,0,0,0,0,999.0,0,0,6.742031218535414
TXNf88505f9-d,CUST00237,2026-07-16 09:44:57,99.0,mobile,wire_transfer,0,1,0,0,0,0,999.0,0,0,4.605170185988092
TXNff26cb58-5,CUST00238,2026-06-24 06:46:56,1443.42,mobile,retail,0,1,1,1,0,0,13.0,0,0,7.2754631358873345
TXN83b5ad03-c,CUST00238,2026-06-24 23:08:10,1291.87,branch,electronics,0,1,0,0,0,0,999.0,0,0,7.164619832340591
TXN574aa942-4,CUST00238,2026-07-01 01:21:34,1752.08,mobile,electronics,0,1,0,0,0,0,999.0,0,0,7.469129519932423
TXN18b47298-a,CUST00238,2026-07-03 15:12:23,4250.96,mobile,electronics,0,1,0,0,0,0,999.0,0,0,8.355135332079866
TXNbeb5ba0f-1,CUST00238,2026-07-03 23:35:16,117253.35,mobile,wire_transfer,1,1,1,1,1,3,11.0,1,1,11.67210078583355
TXNc3659e51-5,CUST00238,2026-07-06 18:41:08,557.45,web,electronics,0,1,0,0,0,0,999.0,0,0,6.325165088986836
TXN43472a28-9,CUST00238,2026-07-08 14:05:42,2621.78,web,utilities,0,1,1,1,0,0,5.0,0,0,7.871990102921928
TXNfe2181fd-7,CUST00238,2026-07-10 07:32:47,723.06,web,travel,0,1,0,0,0,0,999.0,0,0,6.584874261880121
TXNc5a24d77-7,CUST00238,2026-07-12 18:53:29,1163.02,atm,electronics,0,1,0,0,0,0,999.0,0,0,7.059634810274356
TXN58fde70b-d,CUST00239,2026-06-23 08:39:47,677.19,web,grocery,0,1,1,1,0,0,11.0,0,0,6.519427484669826
TXN1836a027-2,CUST00239,2026-06-27 00:46:33,3342.8,web,grocery,0,1,1,1,0,0,15.0,0,0,8.114863163803546
TXNd47ffd35-7,CUST00239,2026-07-04 03:24:32,1158.52,atm,grocery,0,1,0,0,0,0,999.0,0,0,7.055761405360971
TXNc82e27a3-1,CUST00239,2026-07-05 08:34:07,1739.87,web,travel,0,1,0,0,0,0,999.0,0,0,7.462140267250225
TXN068187e9-a,CUST00239,2026-07-05 20:43:56,666.43,mobile,grocery,0,1,0,0,0,0,999.0,0,0,6.503434515861418
TXNb67333e0-8,CUST00239,2026-07-06 07:35:48,470.21,mobile,travel,0,1,0,0,0,0,999.0,0,0,6.1553038545230505
TXNb195fa9f-3,CUST00240,2026-06-19 01:27:40,2050.67,mobile,retail,0,1,0,0,0,0,999.0,0,0,7.626409374644494
TXN887cedb9-c,CUST00240,2026-06-21 05:05:18,379.23,web,retail,1,1,0,0,0,0,999.0,0,0,5.940776332780459
TXNc7a9ff30-9,CUST00240,2026-06-22 20:06:27,897.34,web,electronics,0,1,0,0,0,0,999.0,0,0,6.800548615797729
TXNc6a22085-3,CUST00240,2026-06-24 01:35:06,725.54,web,grocery,0,1,0,0,0,0,999.0,0,0,6.588293539994329
TXN2ebfaf4c-8,CUST00240,2026-06-24 02:35:28,205.01,web,grocery,0,1,0,0,0,0,999.0,0,0,5.327924711300694
TXN244700ca-3,CUST00240,2026-06-24 20:47:29,4670.54,mobile,wire_transfer,0,1,0,0,0,0,999.0,0,0,8.449244060756557
TXNbe9dd48c-b,CUST00240,2026-06-26 02:27:54,1326.06,mobile,travel,0,1,0,0,0,0,999.0,0,0,7.190721248080209
TXN8da4f916-6,CUST00240,2026-07-01 01:53:54,616.63,atm,jewellery,0,1,0,0,0,0,999.0,0,0,6.425889572660367
TXNae2e7dd2-1,CUST00240,2026-07-01 10:20:07,4489.62,atm,travel,0,1,0,0,0,0,999.0,0,0,8.409746055836012
TXN2ab05af8-8,CUST00240,2026-07-03 19:34:52,1604.58,mobile,utilities,0,1,0,0,0,0,999.0,0,0,7.381240341001956
TXNf75ef2cf-1,CUST00240,2026-07-06 12:09:07,921.81,mobile,utilities,0,1,0,0,0,0,999.0,0,0,6.827423362825192
TXNe2b845b7-f,CUST00240,2026-07-08 00:06:34,16806.13,mobile,utilities,0,1,0,0,0,0,999.0,0,0,9.729558480119028
TXN87d2e18f-d,CUST00240,2026-07-16 05:24:36,9865.53,web,wire_transfer,0,1,0,0,0,0,999.0,0,0,9.19690350019676
TXNdbe38b89-a,CUST00241,2026-07-01 19:35:03,1612.58,web,jewellery,0,1,0,0,0,0,999.0,0,0,7.386210591917674
TXNee3f0127-d,CUST00241,2026-07-02 22:31:18,620.56,web,travel,0,1,0,0,0,0,999.0,0,0,6.432232446918533
TXN8a73483e-2,CUST00241,2026-07-13 18:38:47,1973.45,mobile,utilities,0,1,0,0,0,0,999.0,0,0,7.5880451575395265
TXN6c8c4bac-9,CUST00242,2026-06-22 05:59:35,1188.21,web,grocery,0,1,0,0,0,0,999.0,0,0,7.081044500103051
TXN79fee842-e,CUST00242,2026-06-23 01:59:02,908.37,atm,electronics,0,1,0,0,0,0,999.0,0,0,6.8127520520629545
TXN85915047-e,CUST00242,2026-06-23 14:51:19,39402.87,web,wire_transfer,1,1,1,1,1,2,5.0,1,1,10.581619313812682
TXNb8b758b8-2,CUST00242,2026-06-24 18:35:52,2328.35,web,grocery,0,1,0,0,0,0,999.0,0,0,7.753344537683308
TXN669f9a4a-f,CUST00242,2026-06-30 03:39:43,1493.83,web,utilities,0,1,0,0,0,0,999.0,0,0,7.3097677669844625
TXN132ab649-0,CUST00242,2026-07-04 02:12:29,4253.84,branch,grocery,0,1,0,0,0,0,999.0,0,0,8.355812437480258
TXN0c858238-4,CUST00242,2026-07-13 18:23:09,4081.17,web,electronics,0,1,0,0,0,0,999.0,0,0,8.314383988754447
TXN3fa27ffd-3,CUST00243,2026-06-17 15:18:52,2869.77,web,utilities,1,1,0,0,0,0,999.0,0,0,7.962335565452547
TXNf9f8f5f4-c,CUST00243,2026-06-20 12:47:12,6098.74,mobile,jewellery,0,1,0,0,0,0,999.0,0,0,8.7160014263022
TXN2906567d-d,CUST00243,2026-06-26 01:40:30,844.01,branch,travel,0,1,0,0,0,0,999.0,0,0,6.739348461606675
TXN39ef20ea-1,CUST00243,2026-06-28 02:13:36,287.64,web,travel,0,1,0,0,0,0,999.0,0,0,5.665180236874259
TXN6b44312a-a,CUST00243,2026-06-28 18:26:06,1704.55,mobile,travel,0,1,0,0,0,0,999.0,0,0,7.4416429183448285
TXN111ac671-f,CUST00243,2026-07-04 11:02:38,2710.57,mobile,utilities,0,1,0,0,0,0,999.0,0,0,7.9052830819169095
TXN23eaea4f-6,CUST00243,2026-07-05 14:35:44,1514.56,atm,retail,0,1,0,0,0,0,999.0,0,0,7.323540286608253
TXN23f3e5c5-4,CUST00243,2026-07-07 12:25:22,18019.38,mobile,travel,0,1,0,0,0,0,999.0,0,0,9.799258618620343
TXNab09ec62-8,CUST00243,2026-07-08 05:10:52,807.93,atm,electronics,0,1,0,0,0,0,999.0,0,0,6.6957123867388315
TXNb9d9c1dc-1,CUST00243,2026-07-08 17:42:38,1857.82,web,travel,0,1,0,0,0,0,999.0,0,0,7.527697156782808
TXNbbc41107-e,CUST00243,2026-07-14 00:21:00,1222.46,mobile,travel,0,1,0,0,0,0,999.0,0,0,7.109438189254711
TXN642830f3-3,CUST00243,2026-07-15 03:46:33,2353.15,mobile,utilities,0,1,0,0,0,0,999.0,0,0,7.763935007115508
TXNb8525de3-e,CUST00244,2026-06-22 17:44:36,4381.02,atm,retail,0,1,0,0,0,0,999.0,0,0,8.385265084270966
TXNac1cfcfc-f,CUST00244,2026-06-22 20:13:05,208.62,atm,grocery,1,1,0,0,0,0,999.0,0,0,5.345296367742031
TXNf311a3a1-4,CUST00244,2026-06-25 02:20:41,4498.62,mobile,utilities,0,1,0,0,0,0,999.0,0,0,8.411748227748333
TXN85475ee1-1,CUST00244,2026-06-29 14:54:11,1433.08,web,travel,0,1,0,0,0,0,999.0,0,0,7.268278807609051
TXNe1568c60-1,CUST00244,2026-07-01 23:12:43,417.94,atm,retail,1,1,0,0,0,0,999.0,0,0,6.03772771157762
TXN3b7039b0-7,CUST00244,2026-07-03 02:36:31,1044.76,mobile,travel,0,1,0,0,0,0,999.0,0,0,6.952499172791529
TXN9c2b4ca9-b,CUST00244,2026-07-08 08:08:29,6595.18,atm,retail,0,1,0,0,0,0,999.0,0,0,8.794245972573366
TXN53d509af-c,CUST00244,2026-07-09 07:43:50,1223.83,mobile,retail,0,1,0,0,0,0,999.0,0,0,7.1105573378384115
TXNc58b6161-1,CUST00244,2026-07-11 09:12:14,732.08,atm,jewellery,0,1,0,0,0,0,999.0,0,0,6.597254836449676
TXNd27e5846-4,CUST00244,2026-07-13 07:34:20,781.15,mobile,travel,0,1,0,0,0,0,999.0,0,0,6.662046538007779
TXN2474e10f-7,CUST00244,2026-07-14 08:21:13,11995.56,mobile,electronics,0,1,0,0,0,0,999.0,0,0,9.392375221006727
TXNa07c68c2-1,CUST00245,2026-06-17 03:40:01,588.88,web,travel,0,1,0,0,0,0,999.0,0,0,6.37991912638274
TXNf5b127e1-9,CUST00245,2026-06-20 22:42:19,13803.17,mobile,jewellery,0,1,0,0,0,0,999.0,0,0,9.532725999412998
TXN4a85fbd1-c,CUST00245,2026-06-21 15:18:14,2271.73,web,retail,0,1,0,0,0,0,999.0,0,0,7.7287370310512475
TXN542e2e6a-8,CUST00245,2026-06-25 16:36:12,19712.0,web,wire_transfer,0,1,0,0,0,0,999.0,0,0,9.889033595565978
TXN16acb78e-1,CUST00245,2026-06-26 04:27:33,410.98,atm,retail,0,1,0,0,0,0,999.0,0,0,6.020974804481923
TXN3dc559fc-5,CUST00245,2026-06-26 16:55:22,6698.12,mobile,retail,0,1,0,0,0,0,999.0,0,0,8.80973145346919
TXNd685b08b-6,CUST00245,2026-06-28 00:03:40,130.3,web,jewellery,1,1,0,0,0,0,999.0,0,0,4.877484781308751
TXNe79c797d-4,CUST00245,2026-06-29 06:43:19,5162.29,mobile,grocery,0,1,0,0,0,0,999.0,0,0,8.549329252196289
TXNdd91cf6b-b,CUST00245,2026-07-08 20:49:40,1373.86,web,travel,0,1,0,0,0,0,999.0,0,0,7.226107186735031
TXN6eb6d54b-f,CUST00245,2026-07-10 13:04:00,1158.45,web,utilities,0,1,0,0,0,0,999.0,0,0,7.055701033730444
TXNd7a29c6c-4,CUST00245,2026-07-11 03:22:43,16005.98,mobile,utilities,0,1,0,0,0,0,999.0,0,0,9.680780156092553
TXN7e99a2c2-a,CUST00245,2026-07-12 04:43:05,1449.89,mobile,jewellery,0,1,0,0,0,0,999.0,0,0,7.279932440224127
TXN1aedbcfd-a,CUST00245,2026-07-15 05:30:39,5611.45,atm,retail,0,1,0,0,0,0,999.0,0,0,8.632742623324859
TXN2b1feecd-9,CUST00245,2026-07-16 11:23:37,5309.14,mobile,grocery,0,1,0,0,0,0,999.0,0,0,8.577373479236824
TXN4051dbda-d,CUST00246,2026-06-25 15:16:01,2722.71,mobile,travel,0,1,0,0,0,0,999.0,0,0,7.909750200515382
TXN38ace486-7,CUST00246,2026-06-27 02:17:21,12040.61,mobile,jewellery,0,1,0,0,0,0,999.0,0,0,9.396123430853198
TXN034f2029-1,CUST00246,2026-06-27 13:18:28,3391.92,mobile,wire_transfer,0,1,0,0,0,0,999.0,0,0,8.129446186551654
TXN44087701-a,CUST00246,2026-06-28 04:31:05,891.01,web,wire_transfer,0,1,0,0,0,0,999.0,0,0,6.793477343279501
TXNd385d453-c,CUST00246,2026-06-28 17:12:52,5224.64,mobile,utilities,1,1,0,0,0,0,999.0,0,0,8.561332557370243
TXN7c4cec7d-c,CUST00246,2026-06-30 21:42:11,597.14,web,grocery,0,1,1,1,0,0,5.0,0,0,6.393824840262668
TXN9b4cccb0-8,CUST00247,2026-06-19 13:08:50,1708.41,web,wire_transfer,1,1,0,0,0,0,999.0,0,0,7.443903560720656
TXN1b98a0e3-9,CUST00247,2026-07-01 22:57:38,3543.19,web,travel,0,1,0,0,0,0,999.0,0,0,8.173064922026063
TXN184c4178-9,CUST00247,2026-07-01 23:44:11,7021.49,web,wire_transfer,0,2,0,0,0,0,999.0,0,0,8.856873134983081
TXN3d15d3ee-c,CUST00247,2026-07-04 11:35:52,21323.57,web,jewellery,0,1,0,0,0,0,999.0,0,0,9.967615208029969
TXN9b4bf636-6,CUST00247,2026-07-07 09:05:48,742.5,mobile,jewellery,0,1,0,0,0,0,999.0,0,0,6.61136876590021
TXNaae50490-e,CUST00247,2026-07-08 03:32:54,3441.21,mobile,wire_transfer,0,1,0,0,0,0,999.0,0,0,8.14386898595048
TXNa48687d4-c,CUST00247,2026-07-15 21:27:59,822.23,web,retail,0,1,0,0,0,0,999.0,0,0,6.713235627004493
TXN2e44d349-9,CUST00248,2026-06-17 07:05:41,3192.33,mobile,utilities,0,1,0,0,0,0,999.0,0,0,8.068819538454916
TXN6610ba20-f,CUST00248,2026-06-17 16:31:15,3032.11,atm,jewellery,0,1,0,0,0,0,999.0,0,0,8.017343774752652
TXNdd088545-9,CUST00248,2026-06-23 09:32:18,8347.42,web,electronics,0,1,0,0,0,0,999.0,0,0,9.029827578383358
TXNbe901a64-a,CUST00248,2026-06-23 18:02:41,2025.8,mobile,retail,0,1,0,0,0,0,999.0,0,0,7.614213473601755
TXNd0b66c10-6,CUST00248,2026-06-24 18:42:30,1275.62,mobile,travel,0,1,0,0,0,0,999.0,0,0,7.151971239313681
TXNe8780458-a,CUST00248,2026-06-24 21:18:11,610.89,mobile,utilities,0,1,0,0,0,0,999.0,0,0,6.416552527795323
TXN5436deb3-f,CUST00248,2026-06-26 02:24:10,19379.76,mobile,electronics,0,1,0,0,0,0,999.0,0,0,9.872036100362116
TXN70b3e6df-c,CUST00248,2026-07-06 01:48:38,3389.19,web,electronics,0,1,0,0,0,0,999.0,0,0,8.12864124600155
TXN0a349670-b,CUST00248,2026-07-08 21:50:59,747.12,mobile,jewellery,0,1,0,0,0,0,999.0,0,0,6.617563392914799
TXNb5950807-a,CUST00248,2026-07-13 00:02:21,545.1,branch,utilities,0,1,0,0,0,0,999.0,0,0,6.302802109158108
TXN74e5418d-b,CUST00249,2026-07-10 17:32:11,1109.64,mobile,jewellery,0,1,0,0,0,0,999.0,0,0,7.012691704726547
TXN69824369-e,CUST00249,2026-07-13 04:00:51,1189.44,mobile,utilities,0,1,0,0,0,0,999.0,0,0,7.082078265664825
TXN5bcc7bfb-4,CUST00250,2026-06-19 09:37:33,323.47,mobile,retail,1,1,0,0,0,0,999.0,0,0,5.782193081947429
TXN46d162d6-3,CUST00250,2026-06-27 21:58:20,821.75,web,electronics,0,1,0,0,0,0,999.0,0,0,6.712652387823449
TXN5a357945-5,CUST00250,2026-07-02 04:39:05,1477.03,web,grocery,0,1,0,0,0,0,999.0,0,0,7.298465399001746
TXNa282bbab-f,CUST00250,2026-07-02 22:28:29,571.89,web,wire_transfer,0,1,0,0,0,0,999.0,0,0,6.350693726208953
TXN53133ea1-0,CUST00250,2026-07-06 17:04:39,1200.2,web,travel,0,1,0,0,0,0,999.0,0,0,7.091076336109175
TXNa3b4a240-7,CUST00251,2026-06-21 03:21:42,5427.39,mobile,utilities,0,1,0,0,0,0,999.0,0,0,8.599397868042082
TXNbd9ed3fc-5,CUST00251,2026-06-22 17:17:10,1223.61,mobile,electronics,1,1,0,0,0,0,999.0,0,0,7.110377704942246
TXN7ff5475c-d,CUST00251,2026-07-02 08:03:04,1285.28,web,jewellery,0,1,0,0,0,0,999.0,0,0,7.159509610491428
TXNce1eaeb5-b,CUST00251,2026-07-02 13:42:49,2073.05,web,utilities,0,1,0,0,0,0,999.0,0,0,7.637258496502737
TXNdd0d3739-c,CUST00251,2026-07-03 01:24:25,1938.64,web,jewellery,0,1,0,0,0,0,999.0,0,0,7.570257667827376
TXNc7ed8888-5,CUST00251,2026-07-08 04:53:01,27087.52,mobile,utilities,0,1,0,0,0,0,999.0,0,0,10.206865300880924
TXN5a0fdf61-5,CUST00251,2026-07-09 14:47:55,986.54,web,grocery,0,1,0,0,0,0,999.0,0,0,6.895217002284031
TXN67f3e4bf-a,CUST00251,2026-07-13 20:17:23,1538.12,web,retail,0,1,0,0,0,0,999.0,0,0,7.338966103508717
TXN510861bb-3,CUST00251,2026-07-14 06:44:55,5260.47,branch,utilities,0,1,0,0,0,0,999.0,0,0,8.568165734368545
TXNea072198-1,CUST00251,2026-07-16 01:59:14,814.06,mobile,jewellery,0,1,0,0,0,0,999.0,0,0,6.703261730162972
TXN291c9094-c,CUST00251,2026-07-16 04:35:48,1513.4,mobile,utilities,0,1,0,0,0,0,999.0,0,0,7.322774599895113
TXN28c2783d-c,CUST00252,2026-06-19 08:45:53,5595.77,web,utilities,0,1,0,0,0,0,999.0,0,0,8.629944924604086
TXN33c00b7d-6,CUST00252,2026-06-20 10:43:49,5769.19,web,electronics,0,1,0,0,0,0,999.0,0,0,8.660460287902808
TXN4f7ebc54-9,CUST00252,2026-06-23 14:14:32,2693.76,web,travel,0,1,0,0,0,0,999.0,0,0,7.899064425574233
TXN8f56fffc-c,CUST00252,2026-06-25 15:15:47,2209.2,branch,grocery,0,1,0,0,0,0,999.0,0,0,7.7008382881546815
TXN7c45d65d-b,CUST00252,2026-06-29 09:55:15,5524.41,mobile,electronics,0,1,0,0,0,0,999.0,0,0,8.617112731777462
TXN7011a2be-c,CUST00252,2026-06-29 21:48:30,498.19,web,travel,0,1,0,0,0,0,999.0,0,0,6.212986784803292
TXN9e541d3e-6,CUST00252,2026-06-30 20:25:18,4822.59,web,wire_transfer,0,1,0,0,0,0,999.0,0,0,8.481273743086895
TXNa46e47a2-b,CUST00252,2026-07-01 18:01:57,1031.86,web,grocery,0,1,0,0,0,0,999.0,0,0,6.9400869323454
TXN0413d049-5,CUST00252,2026-07-02 09:13:56,886.55,mobile,grocery,0,1,0,0,0,0,999.0,0,0,6.788464857790813
TXN17e6ae99-3,CUST00252,2026-07-11 21:55:27,468.85,web,travel,0,1,0,0,0,0,999.0,0,0,6.152413494829074
TXN5714fc0b-b,CUST00253,2026-06-17 21:34:45,1660.28,web,jewellery,0,1,0,0,0,0,999.0,0,0,7.415343668555144
TXN9d091856-4,CUST00253,2026-06-26 02:25:52,729.32,web,electronics,0,1,0,0,0,0,999.0,0,0,6.5934827942568255
TXNda2a5b5f-6,CUST00253,2026-06-30 23:24:05,52178.37,mobile,wire_transfer,1,1,1,1,1,2,6.0,1,1,10.862442485026419
TXNe05ff96e-d,CUST00253,2026-07-01 17:56:16,2016.93,mobile,travel,0,1,0,0,0,0,999.0,0,0,7.609827512502206
TXNd37d8533-7,CUST00253,2026-07-02 08:26:39,361.97,web,travel,0,1,0,0,0,0,999.0,0,0,5.8943201862214964
TXN220e674e-6,CUST00253,2026-07-04 09:29:13,180.1,web,utilities,0,1,0,0,0,0,999.0,0,0,5.199049364889368
TXN27aedaae-8,CUST00253,2026-07-04 16:56:25,1553.84,web,wire_transfer,0,1,0,0,0,0,999.0,0,0,7.34912792542872
TXNea299a22-9,CUST00253,2026-07-04 18:04:55,855.86,mobile,jewellery,0,1,0,0,0,0,999.0,0,0,6.753274544692897
TXNd8528abb-1,CUST00253,2026-07-05 01:05:05,1475.37,web,grocery,0,1,0,0,0,0,999.0,0,0,7.297341651252837
TXN52e6ef74-1,CUST00253,2026-07-14 23:17:56,4057.1,mobile,retail,0,1,0,0,0,0,999.0,0,0,8.308470162763259
TXNb1f0b429-d,CUST00254,2026-06-18 04:14:06,1513.46,web,travel,0,1,0,0,0,0,999.0,0,0,7.322814218761622
TXNff9558a3-8,CUST00254,2026-06-19 12:24:37,8637.47,web,wire_transfer,0,1,0,0,0,0,999.0,0,0,9.063980762783663
TXN4bfaa29e-0,CUST00254,2026-06-21 11:08:01,1969.52,web,wire_transfer,0,1,1,1,0,0,7.0,0,0,7.586052746291746
TXNcfc01fbc-a,CUST00254,2026-06-22 21:38:09,1864.13,web,retail,0,1,1,1,0,0,10.0,0,0,7.531086034742462
TXN2fa17fe6-6,CUST00254,2026-06-24 00:34:10,2174.12,web,retail,0,1,0,0,0,0,999.0,0,0,7.684839114414636
TXN06bf79cf-4,CUST00254,2026-07-02 05:21:08,357.4,mobile,travel,0,1,0,0,0,0,999.0,0,0,5.881649681100775
TXN705f052b-d,CUST00254,2026-07-03 04:17:30,3904.16,web,electronics,0,1,0,0,0,0,999.0,0,0,8.270054034545806
TXNdb872c8f-0,CUST00254,2026-07-03 23:47:58,3878.2,branch,travel,1,1,0,0,0,0,999.0,0,0,8.263384225791143
TXNe008e8ed-3,CUST00254,2026-07-14 02:23:06,1419.33,mobile,grocery,1,1,0,0,0,0,999.0,0,0,7.258644517962116
TXNb1757e7d-f,CUST00255,2026-06-17 15:23:41,5289.45,web,wire_transfer,0,1,0,0,0,0,999.0,0,0,8.573658587396995
TXNd3d39ff9-d,CUST00255,2026-06-19 19:10:51,1346.77,mobile,grocery,1,1,0,0,0,0,999.0,0,0,7.206206653769067
TXN18bc2e3b-2,CUST00255,2026-06-20 09:56:15,288.64,web,travel,0,1,0,0,0,0,999.0,0,0,5.6686387725206195
TXN5d2d113b-f,CUST00255,2026-06-27 10:44:58,6914.96,web,retail,0,1,0,0,0,0,999.0,0,0,8.841587063096462
TXNcba9a0f0-3,CUST00255,2026-06-27 15:23:37,124.11,web,retail,0,1,0,0,0,0,999.0,0,0,4.829193350329309
TXN6e6aa3ec-4,CUST00255,2026-06-27 19:04:30,8946.65,branch,jewellery,0,1,0,0,0,0,999.0,0,0,9.099146206959006
TXNe6ffee2a-e,CUST00255,2026-06-29 03:48:04,314.79,mobile,retail,0,1,0,0,0,0,999.0,0,0,5.75507743570903
TXNecedf328-e,CUST00255,2026-07-02 00:11:48,875.29,mobile,jewellery,0,1,0,0,0,0,999.0,0,0,6.775697086379666
TXN8a55a14b-5,CUST00255,2026-07-05 17:09:02,11112.47,mobile,jewellery,0,1,0,0,0,0,999.0,0,0,9.315913165101554
TXN664d49fa-9,CUST00255,2026-07-08 06:32:17,7437.7,mobile,jewellery,0,1,0,0,0,0,999.0,0,0,8.91445138137707
TXN42f1287b-b,CUST00255,2026-07-13 13:44:58,600.16,mobile,wire_transfer,0,1,0,0,0,0,999.0,0,0,6.3988611220658935
TXNd387fcd8-c,CUST00256,2026-06-24 06:15:15,338.34,atm,jewellery,0,1,1,1,0,0,14.0,0,0,5.827002554614793
TXNfc4a013f-c,CUST00256,2026-06-24 11:16:57,876.56,mobile,utilities,0,1,0,0,0,0,999.0,0,0,6.77714532907086
TXN890d58e5-7,CUST00256,2026-06-30 03:52:29,227.86,mobile,travel,0,1,1,1,0,0,21.0,0,0,5.433110462889569
TXN592cfe25-b,CUST00256,2026-07-02 17:42:14,1772.33,mobile,travel,0,1,0,0,0,0,999.0,0,0,7.480614413966566
TXNd62c4be4-9,CUST00257,2026-06-18 12:32:15,2955.35,mobile,retail,0,1,1,1,0,0,18.0,0,0,7.991710678306613
TXN1053adba-2,CUST00257,2026-06-25 06:47:09,5387.79,atm,utilities,0,1,0,0,0,0,999.0,0,0,8.592076148905518
TXN70184f95-9,CUST00257,2026-06-26 11:31:18,3448.74,mobile,grocery,0,1,0,0,0,0,999.0,0,0,8.146054144866683
TXNa6789753-8,CUST00257,2026-06-27 15:44:53,742.59,web,jewellery,0,1,0,0,0,0,999.0,0,0,6.611489807666492
TXNf9fb722d-a,CUST00257,2026-06-30 08:29:37,2496.42,web,electronics,0,1,0,0,0,0,999.0,0,0,7.82301347797764
TXN108d692f-6,CUST00257,2026-06-30 23:54:20,1821.11,atm,wire_transfer,0,1,0,0,0,0,999.0,0,0,7.50775044921376
TXN7a0430c4-5,CUST00257,2026-07-11 07:28:26,10033.61,mobile,retail,0,1,0,0,0,0,999.0,0,0,9.213795396499131
TXN3955b110-f,CUST00257,2026-07-11 08:17:46,1379.4,web,utilities,0,2,0,0,0,0,999.0,0,0,7.230128591223848
TXN05a95733-2,CUST00257,2026-07-15 07:11:45,3283.5,atm,travel,0,1,0,0,0,0,999.0,0,0,8.096969712332527
TXN2223ab94-f,CUST00258,2026-06-18 00:21:02,3652.03,web,jewellery,1,1,0,0,0,0,999.0,0,0,8.203312239189701
TXN6e4ae071-7,CUST00258,2026-06-28 13:32:41,2763.86,mobile,retail,0,1,1,1,0,0,11.0,0,0,7.924745279763154
TXNa96bc761-3,CUST00258,2026-06-29 19:30:09,3710.15,branch,travel,0,1,0,0,0,0,999.0,0,0,8.219097080615583
TXNf46976af-1,CUST00258,2026-07-05 08:43:07,1683.02,web,electronics,0,1,0,0,0,0,999.0,0,0,7.428939071216308
TXN070f48c2-b,CUST00258,2026-07-15 11:15:10,423.05,mobile,wire_transfer,0,1,0,0,0,0,999.0,0,0,6.0498513728077095
TXN4083dcf3-9,CUST00258,2026-07-15 17:09:46,2960.61,web,electronics,0,1,1,1,0,0,17.0,0,0,7.993488318366747
TXNc124b471-b,CUST00259,2026-06-17 23:22:50,1138.77,atm,electronics,0,1,0,0,0,0,999.0,0,0,7.038581766647423
TXNc64d8e70-1,CUST00259,2026-06-21 23:10:23,17470.28,mobile,utilities,0,1,0,0,0,0,999.0,0,0,9.768313668904318
TXNf88c2664-0,CUST00259,2026-06-22 08:11:19,440.81,atm,wire_transfer,0,1,0,0,0,0,999.0,0,0,6.09087992540618
TXN3b895644-5,CUST00259,2026-06-26 22:51:09,1812.95,web,electronics,0,1,0,0,0,0,999.0,0,0,7.503262066899394
TXN963d4606-a,CUST00259,2026-06-29 06:05:51,507.56,web,jewellery,0,1,0,0,0,0,999.0,0,0,6.231583202628153
TXNc42c40ce-2,CUST00259,2026-06-30 22:34:39,648.57,web,retail,0,1,0,0,0,0,999.0,0,0,6.476310605515025
TXN82095583-e,CUST00259,2026-07-04 14:22:04,2887.35,mobile,electronics,0,1,0,0,0,0,999.0,0,0,7.968440683805398
TXNb27c1721-8,CUST00259,2026-07-14 01:53:49,9019.36,branch,retail,1,1,0,0,0,0,999.0,0,0,9.107239523568438
TXN1049f904-9,CUST00259,2026-07-14 15:29:21,1161.79,web,travel,0,1,0,0,0,0,999.0,0,0,7.058577568716541
TXNfd55c844-c,CUST00260,2026-06-18 07:17:45,986.25,web,jewellery,0,1,0,0,0,0,999.0,0,0,6.8949233001667585
TXNba89eda3-7,CUST00260,2026-06-19 13:24:44,2822.43,branch,travel,0,1,0,0,0,0,999.0,0,0,7.94570773688065
TXN078c7f1d-2,CUST00260,2026-06-24 23:54:59,1015.06,branch,grocery,0,1,0,0,0,0,999.0,0,0,6.9236876815128525
TXNfad2fd69-3,CUST00260,2026-06-26 23:02:50,3476.74,mobile,wire_transfer,0,1,0,0,0,0,999.0,0,0,8.154137936513218
TXNb3700e92-9,CUST00260,2026-06-29 16:51:33,63827.8,mobile,wire_transfer,1,1,2,1,1,4,0.4666666666666667,1,1,11.063959778136049
TXN181af69a-1,CUST00260,2026-07-09 18:16:29,9654.98,mobile,travel,1,1,0,0,0,0,999.0,0,0,9.175332691524186
TXN2944e059-b,CUST00260,2026-07-13 20:12:40,2700.22,web,wire_transfer,0,1,0,0,0,0,999.0,0,0,7.901458801789965
TXN2d6acdd4-5,CUST00261,2026-06-18 19:06:07,986.11,mobile,retail,0,1,0,0,0,0,999.0,0,0,6.894781482058375
TXN42b07e31-2,CUST00261,2026-07-04 12:33:48,704.02,web,grocery,0,1,0,0,0,0,999.0,0,0,6.5582261712042085
TXNce0ed735-6,CUST00261,2026-07-08 05:56:42,4234.05,atm,wire_transfer,1,1,0,0,0,0,999.0,0,0,8.351150413391903
TXN4083ff8f-e,CUST00261,2026-07-08 15:34:42,379.41,atm,grocery,0,1,0,0,0,0,999.0,0,0,5.9412496184434795
TXN2ed86804-5,CUST00261,2026-07-10 05:10:33,1572.89,web,wire_transfer,0,1,0,0,0,0,999.0,0,0,7.361305540893556
TXN7972c629-b,CUST00261,2026-07-13 20:11:22,1048.09,atm,electronics,0,1,0,0,0,0,999.0,0,0,6.955678400712218
TXN53ad132c-0,CUST00262,2026-06-23 12:59:45,3018.82,web,grocery,0,1,0,0,0,0,999.0,0,0,8.0129525059436
TXNcccf4d37-0,CUST00262,2026-06-24 05:44:49,2090.1,atm,grocery,0,1,0,0,0,0,999.0,0,0,7.6454455222927535
TXN5ff540ca-9,CUST00262,2026-06-26 11:47:21,2131.02,atm,electronics,1,1,0,0,0,0,999.0,0,0,7.664825166104775
TXN8e9ff74a-f,CUST00262,2026-07-02 15:44:41,4681.83,branch,wire_transfer,0,1,0,0,0,0,999.0,0,0,8.451657907008503
TXNfc31654d-f,CUST00262,2026-07-03 04:09:09,2186.65,web,jewellery,0,1,0,0,0,0,999.0,0,0,7.690583187309428
TXN59e849b6-3,CUST00262,2026-07-03 08:02:13,217730.96,web,wire_transfer,1,1,1,1,1,2,6.0,1,1,12.29102004398077
TXNe119e331-0,CUST00262,2026-07-07 10:58:48,1692.42,mobile,travel,0,1,0,0,0,0,999.0,0,0,7.4345054316970725
TXN14e1aabd-a,CUST00262,2026-07-09 04:39:30,789.82,branch,jewellery,0,1,0,0,0,0,999.0,0,0,6.673070381821368
TXN1812362f-c,CUST00262,2026-07-10 12:08:48,3370.04,web,electronics,0,1,0,0,0,0,999.0,0,0,8.12297658107882
TXN18720dc7-5,CUST00262,2026-07-12 16:13:38,520.43,atm,utilities,0,1,0,0,0,0,999.0,0,0,6.256575037243498
TXNc5a0b7c3-e,CUST00263,2026-06-21 15:59:45,1708.45,mobile,wire_transfer,0,1,0,0,0,0,999.0,0,0,7.4439269603333935
TXNd079fe4e-2,CUST00263,2026-06-25 15:25:18,2732.29,web,jewellery,0,1,0,0,0,0,999.0,0,0,7.913261290800028
TXNaee4f488-d,CUST00263,2026-07-02 18:11:11,631.6,web,travel,0,1,0,0,0,0,999.0,0,0,6.449838310871549
TXN5fc97e64-9,CUST00263,2026-07-04 14:57:06,943.98,web,electronics,0,1,0,0,0,0,999.0,0,0,6.851163763248618
TXN70d18e9e-e,CUST00263,2026-07-05 13:38:41,7112.05,mobile,travel,0,1,0,0,0,0,999.0,0,0,8.86968640409163
TXN2c21f1ed-f,CUST00263,2026-07-06 20:08:32,4469.14,atm,grocery,0,1,0,0,0,0,999.0,0,0,8.40517500702767
TXN7f8a1fca-9,CUST00263,2026-07-11 17:20:29,2614.55,mobile,retail,0,1,0,0,0,0,999.0,0,0,7.869229679431612
TXNf9cc596e-3,CUST00263,2026-07-13 05:19:08,2204.68,web,utilities,0,1,0,0,0,0,999.0,0,0,7.698791130361193
TXN2ad9c360-8,CUST00264,2026-06-19 18:05:10,835.35,mobile,retail,0,1,0,0,0,0,999.0,0,0,6.729047185758017
TXN9f40ce6a-0,CUST00264,2026-06-21 17:35:49,2149.69,web,retail,0,1,0,0,0,0,999.0,0,0,7.673543999867175
TXNef5e4a66-4,CUST00264,2026-06-25 18:32:19,1443.14,mobile,retail,0,1,0,0,0,0,999.0,0,0,7.275269267661729
TXNaedb3046-5,CUST00264,2026-06-26 13:16:27,973.08,mobile,jewellery,0,1,0,0,0,0,999.0,0,0,6.881493435793212
TXN1ecadf24-f,CUST00264,2026-06-26 15:47:13,185.05,web,retail,0,1,0,0,0,0,999.0,0,0,5.226015454792631
TXN9cfa2010-f,CUST00264,2026-07-01 01:46:34,6202.79,mobile,travel,0,1,0,0,0,0,999.0,0,0,8.73291567459394
TXNe36345fc-8,CUST00264,2026-07-01 09:09:48,5293.09,mobile,electronics,0,1,0,0,0,0,999.0,0,0,8.574346383020329
TXN3172e9f8-7,CUST00264,2026-07-03 20:32:03,2762.07,web,retail,0,1,0,0,0,0,999.0,0,0,7.9240976593835315
TXN74650ff9-f,CUST00264,2026-07-07 07:15:59,1561.49,web,electronics,0,1,1,1,0,0,22.0,0,0,7.354035981590076
TXN243191eb-5,CUST00265,2026-06-21 06:11:10,962.63,mobile,grocery,0,1,0,0,0,0,999.0,0,0,6.870707403506398
TXN10c238ba-8,CUST00265,2026-07-09 11:46:51,1201.82,atm,electronics,0,1,0,0,0,0,999.0,0,0,7.09242407884444
TXNf1aab637-7,CUST00265,2026-07-10 18:32:10,51282.56,web,wire_transfer,1,1,1,1,1,3,9.0,1,1,10.845125511961813
TXNd4eee313-8,CUST00265,2026-07-15 07:17:12,2266.6,mobile,electronics,0,1,0,0,0,0,999.0,0,0,7.726477282450149
TXN0aa5aaf2-6,CUST00266,2026-06-17 19:50:22,589.52,mobile,electronics,0,1,0,0,0,0,999.0,0,0,6.3810035046658875
TXNfb7b00c7-e,CUST00266,2026-06-20 17:09:45,737.93,web,grocery,1,1,0,0,0,0,999.0,0,0,6.605203193863628
TXNc12e3882-b,CUST00266,2026-06-21 01:31:28,1225.07,web,wire_transfer,0,1,0,0,0,0,999.0,0,0,7.111569211114189
TXNd7f64255-c,CUST00266,2026-06-28 09:53:58,1095.67,web,wire_transfer,0,1,1,1,0,0,9.0,0,0,7.0000335946003664
TXN7da2fb48-d,CUST00266,2026-07-03 13:00:31,4921.05,branch,wire_transfer,0,1,0,0,0,0,999.0,0,0,8.50148038937157
TXNd907ba3f-1,CUST00266,2026-07-15 19:15:18,19576.27,branch,retail,0,1,0,0,0,0,999.0,0,0,9.882124478375774
TXN677c25b0-6,CUST00267,2026-06-22 05:05:37,428.91,web,electronics,0,1,0,0,0,0,999.0,0,0,6.063575884455238
TXN22ae8888-5,CUST00267,2026-06-29 20:05:47,1536.37,web,electronics,0,1,0,0,0,0,999.0,0,0,7.337828443260351
TXN7d8f2305-1,CUST00267,2026-07-08 10:17:55,3466.46,mobile,utilities,1,1,0,0,0,0,999.0,0,0,8.151177616433914
TXNa4a8a844-8,CUST00267,2026-07-11 01:52:33,1977.02,mobile,grocery,0,1,0,0,0,0,999.0,0,0,7.589851623354997
TXN4aff5eee-3,CUST00267,2026-07-12 12:05:33,1062.64,web,retail,0,1,0,0,0,0,999.0,0,0,6.969452266785051
TXNa7a13e62-a,CUST00267,2026-07-13 07:51:20,5768.01,web,jewellery,0,1,0,0,0,0,999.0,0,0,8.660255767658057
TXN858c5992-8,CUST00267,2026-07-15 07:23:41,3148.14,atm,jewellery,1,1,0,0,0,0,999.0,0,0,8.054884678671044
TXN90208d23-8,CUST00267,2026-07-16 07:01:56,1164.29,mobile,retail,0,1,1,1,0,0,19.0,0,0,7.060725262061233
TXN6388f6dc-9,CUST00268,2026-06-20 05:30:09,3519.05,mobile,electronics,0,1,0,0,0,0,999.0,0,0,8.166230473036714
TXNaf1e0ecd-c,CUST00268,2026-06-25 01:47:26,3241.79,web,retail,0,1,0,0,0,0,999.0,0,0,8.084189349354018
TXNd4cd45a9-8,CUST00268,2026-06-27 08:18:22,555.29,mobile,wire_transfer,0,1,0,0,0,0,999.0,0,0,6.321289741007401
TXNc94ee2f0-f,CUST00268,2026-07-05 07:14:29,3040.88,web,jewellery,0,1,0,0,0,0,999.0,0,0,8.0202310243094
TXN16d4fdff-f,CUST00268,2026-07-10 10:47:44,2053.2,mobile,electronics,0,1,0,0,0,0,999.0,0,0,7.627641756731704
TXN524ec63c-1,CUST00268,2026-07-15 16:21:21,3382.3,mobile,retail,0,1,0,0,0,0,999.0,0,0,8.12660684353654
TXN5a0d4f8c-3,CUST00269,2026-06-18 03:04:23,5395.5,mobile,grocery,0,1,0,0,0,0,999.0,0,0,8.593505874265402
TXNd2e106a4-0,CUST00269,2026-06-19 17:59:20,1406.1,mobile,travel,0,1,0,0,0,0,999.0,0,0,7.2492861277942096
TXNbf733026-9,CUST00269,2026-06-22 03:15:14,1749.8,mobile,utilities,0,1,0,0,0,0,999.0,0,0,7.46782810531674
TXNd96688c9-8,CUST00269,2026-06-23 04:13:51,1485.55,mobile,utilities,1,1,0,0,0,0,999.0,0,0,7.304213277930327
TXN2f8a637d-f,CUST00269,2026-06-25 12:08:06,1022.74,web,retail,0,1,0,0,0,0,999.0,0,0,6.931217867109804
TXNae5ec1fc-5,CUST00269,2026-06-25 13:37:37,1876.11,web,electronics,0,1,0,0,0,0,999.0,0,0,7.53748863902492
TXN51ffdef6-b,CUST00269,2026-06-27 18:35:19,1096.06,mobile,travel,0,1,0,0,0,0,999.0,0,0,7.00038915340123
TXN6f0dc87b-d,CUST00269,2026-07-03 20:41:01,1720.08,web,grocery,0,1,0,0,0,0,999.0,0,0,7.450707279733139
TXNf77e1ee6-0,CUST00269,2026-07-04 09:05:13,2902.65,web,retail,0,1,0,0,0,0,999.0,0,0,7.973723845265178
TXN0c46d8be-b,CUST00269,2026-07-07 08:57:19,2099.08,mobile,grocery,0,1,0,0,0,0,999.0,0,0,7.649730718224005
TXN36e90637-e,CUST00269,2026-07-13 00:02:29,1028.13,mobile,travel,0,1,0,0,0,0,999.0,0,0,6.9364690641030835
TXN2c613d5c-8,CUST00269,2026-07-15 21:06:57,954.46,web,electronics,0,1,0,0,0,0,999.0,0,0,6.862192899905047
TXN9ceeaf74-a,CUST00270,2026-06-17 02:10:25,1556.1,mobile,wire_transfer,0,1,0,0,0,0,999.0,0,0,7.350580395847379
TXN1dc7deab-b,CUST00270,2026-06-28 07:54:11,1110.12,atm,jewellery,0,1,0,0,0,0,999.0,0,0,7.013123794607964
TXNea4d7ed8-d,CUST00270,2026-07-05 07:53:12,10658.95,web,wire_transfer,0,1,0,0,0,0,999.0,0,0,9.274249007277316
TXN7eca5b2d-3,CUST00270,2026-07-05 11:12:35,2147.14,mobile,retail,0,1,0,0,0,0,999.0,0,0,7.672357630413585
TXNe7867bbf-0,CUST00270,2026-07-09 13:08:05,1343.06,web,utilities,1,1,0,0,0,0,999.0,0,0,7.203450162943775
TXN61a93ecf-e,CUST00270,2026-07-12 06:05:59,768.05,mobile,jewellery,0,1,0,0,0,0,999.0,0,0,6.645155986897819
TXN40e07e0f-7,CUST00271,2026-06-18 10:32:36,1019.45,mobile,electronics,0,1,0,0,0,0,999.0,0,0,6.92799898545918
TXN2d53a810-f,CUST00271,2026-06-19 22:37:33,5121.9,mobile,utilities,0,1,0,0,0,0,999.0,0,0,8.541475963936078
TXN66e6c48a-d,CUST00271,2026-06-20 00:34:24,2487.17,web,utilities,0,1,0,0,0,0,999.0,0,0,7.819302779499097
TXN608bb508-6,CUST00271,2026-06-20 03:26:45,5719.58,mobile,retail,0,1,0,0,0,0,999.0,0,0,8.651825477834752
TXN3a769378-d,CUST00271,2026-06-23 13:24:22,3713.86,atm,retail,0,1,0,0,0,0,999.0,0,0,8.220096271381195
TXN029e435d-b,CUST00271,2026-06-24 03:15:01,272.92,mobile,grocery,0,1,1,1,0,0,3.0,0,0,5.612836092953377
TXNf0b5b7b3-3,CUST00271,2026-06-27 09:49:08,582.56,web,utilities,0,1,0,0,0,0,999.0,0,0,6.369147274203694
TXN42186e6d-a,CUST00271,2026-06-29 05:47:52,999.58,mobile,jewellery,0,1,0,0,0,0,999.0,0,0,6.908335110847146
TXNae2e69e2-6,CUST00271,2026-07-02 01:23:42,1471.79,web,retail,0,1,0,0,0,0,999.0,0,0,7.294913840107658
TXNe6ef3a0b-d,CUST00271,2026-07-04 15:22:16,2008.23,mobile,grocery,0,1,0,0,0,0,999.0,0,0,7.605506843080366
TXN9947c98a-2,CUST00271,2026-07-06 13:46:20,7689.48,atm,travel,0,1,0,0,0,0,999.0,0,0,8.947738479277339
TXNe9ea9d49-b,CUST00271,2026-07-11 05:39:56,2320.7,atm,wire_transfer,0,1,0,0,0,0,999.0,0,0,7.750054954944523
TXN3082d7e6-e,CUST00271,2026-07-13 18:24:44,1903.22,mobile,jewellery,0,1,0,0,0,0,999.0,0,0,7.551827754894848
TXNbd76bb2f-f,CUST00272,2026-06-19 13:19:25,12350.68,mobile,travel,0,1,0,0,0,0,999.0,0,0,9.42154736519322
TXNb70bc594-a,CUST00272,2026-06-30 12:38:51,187.59,web,utilities,0,1,0,0,0,0,999.0,0,0,5.239575346524274
TXNc46268d6-b,CUST00272,2026-07-01 11:00:40,2678.14,atm,electronics,0,1,0,0,0,0,999.0,0,0,7.893251126484529
TXNb149324b-a,CUST00272,2026-07-03 01:51:21,3608.92,mobile,grocery,0,1,0,0,0,0,999.0,0,0,8.191440890416555
TXNb08307e1-a,CUST00272,2026-07-05 05:49:54,443.47,web,jewellery,0,1,0,0,0,0,999.0,0,0,6.096882561112746
TXN8974e16a-2,CUST00272,2026-07-10 06:30:48,1562.66,branch,grocery,0,1,0,0,0,0,999.0,0,0,7.354784506167994
TXN1d480843-a,CUST00272,2026-07-13 16:39:57,10250.77,branch,grocery,0,1,0,0,0,0,999.0,0,0,9.235205652585403
TXNca8b6e4c-e,CUST00272,2026-07-14 08:44:40,784.98,mobile,travel,1,1,0,0,0,0,999.0,0,0,6.666931346812849
TXNe2b6a842-d,CUST00273,2026-06-25 15:26:48,3892.3,web,jewellery,0,1,1,1,0,0,21.0,0,0,8.267012406033622
TXN1c852510-1,CUST00273,2026-06-30 15:34:36,2888.53,web,utilities,0,1,0,0,0,0,999.0,0,0,7.96884913812304
TXN16251089-f,CUST00273,2026-06-30 19:43:03,2782.4,mobile,wire_transfer,0,1,0,0,0,0,999.0,0,0,7.931428480985753
TXNdb029414-4,CUST00273,2026-07-01 08:55:15,628.38,mobile,travel,0,1,0,0,0,0,999.0,0,0,6.444735207830545
TXN48e918f9-6,CUST00273,2026-07-02 05:40:43,679.37,atm,grocery,0,1,0,0,0,0,999.0,0,0,6.52263676783888
TXN63582706-d,CUST00273,2026-07-02 21:04:01,556.83,mobile,wire_transfer,0,1,0,0,0,0,999.0,0,0,6.32405425646497
TXNb190dea4-c,CUST00273,2026-07-04 16:54:18,762.99,mobile,electronics,0,1,0,0,0,0,999.0,0,0,6.638554700075623
TXNc2d031ad-1,CUST00273,2026-07-06 11:28:40,2391.18,mobile,grocery,0,1,0,0,0,0,999.0,0,0,7.779960363075441
TXN3366da87-7,CUST00273,2026-07-12 20:22:47,579.37,web,utilities,0,1,0,0,0,0,999.0,0,0,6.36366583118344
TXN6f9a544a-3,CUST00273,2026-07-14 01:59:19,3855.85,web,travel,0,1,0,0,0,0,999.0,0,0,8.257606067122708
TXN092351d9-f,CUST00273,2026-07-14 17:47:12,3698.69,web,retail,0,1,0,0,0,0,999.0,0,0,8.216004311338475
TXNbd0443f0-7,CUST00273,2026-07-15 22:01:20,1396.94,mobile,retail,0,1,0,0,0,0,999.0,0,0,7.2427550034177965
TXN80ed319c-e,CUST00274,2026-06-28 20:52:34,3910.92,branch,electronics,0,1,0,0,0,0,999.0,0,0,8.271783581047856
TXN0b33b7a0-5,CUST00274,2026-07-06 21:54:36,3512.77,mobile,retail,0,1,0,0,0,0,999.0,0,0,8.164444814129125
TXN27180985-f,CUST00274,2026-07-10 06:22:41,9574.42,web,electronics,0,1,0,0,0,0,999.0,0,0,9.166954677316605
TXNc4bfa424-3,CUST00274,2026-07-13 05:32:49,4581.59,web,travel,0,1,0,0,0,0,999.0,0,0,8.430019619455532
TXNc4e57a92-9,CUST00274,2026-07-13 05:35:33,662.59,branch,retail,1,2,0,0,0,0,999.0,0,0,6.4976644888838795
TXN39a90a45-1,CUST00275,2026-06-16 23:28:59,1181.69,mobile,grocery,0,1,0,0,0,0,999.0,0,0,7.075546783991766
TXN7647f43f-5,CUST00275,2026-06-19 03:29:58,967.79,mobile,retail,0,1,0,0,0,0,999.0,0,0,6.8760478701377155
TXN55fccc14-3,CUST00275,2026-06-30 07:06:11,4232.29,mobile,utilities,0,1,0,0,0,0,999.0,0,0,8.35073474750571
TXN40349202-f,CUST00275,2026-07-01 16:50:12,996.3,mobile,utilities,0,1,0,0,0,0,999.0,0,0,6.905051627407822
TXNd7ea8625-1,CUST00275,2026-07-03 15:55:02,1843.94,atm,utilities,1,1,0,0,0,0,999.0,0,0,7.520202035620627
TXN8c1046bf-2,CUST00275,2026-07-05 02:32:39,868.45,mobile,grocery,1,1,0,0,0,0,999.0,0,0,6.767860827828078
TXNf262e145-2,CUST00275,2026-07-07 01:08:17,249.42,mobile,wire_transfer,0,1,0,0,0,0,999.0,0,0,5.523139508240802
TXN0e721365-a,CUST00275,2026-07-13 03:02:16,712.59,web,utilities,0,1,0,0,0,0,999.0,0,0,6.5703085677146955
TXN49adb07b-8,CUST00275,2026-07-14 20:32:56,1412.86,mobile,utilities,0,1,0,0,0,0,999.0,0,0,7.254078831653724
TXN067ab1d7-7,CUST00275,2026-07-15 19:18:58,692.15,web,travel,0,1,0,0,0,0,999.0,0,0,6.541246425984385
TXN0ef473a2-9,CUST00276,2026-06-21 08:56:08,5519.51,atm,electronics,0,1,0,0,0,0,999.0,0,0,8.616225526307675
TXN1c82780f-0,CUST00276,2026-06-24 06:52:28,4543.61,mobile,wire_transfer,0,1,0,0,0,0,999.0,0,0,8.421697194348955
TXN52581086-e,CUST00276,2026-06-24 22:11:32,1536.22,atm,travel,1,1,0,0,0,0,999.0,0,0,7.337730869274799
TXNe6c9fd54-2,CUST00276,2026-06-28 02:11:17,1155.26,web,electronics,0,1,0,0,0,0,999.0,0,0,7.052945937437884
TXN849ebfa5-6,CUST00276,2026-06-29 14:15:26,2188.88,atm,retail,1,1,1,1,0,0,14.0,0,0,7.691602026788724
TXNc31dfb91-3,CUST00276,2026-07-04 22:55:17,4547.79,mobile,jewellery,0,1,0,0,0,0,999.0,0,0,8.422616542512328
TXNb87189e1-9,CUST00276,2026-07-06 05:29:34,709.21,mobile,electronics,0,1,0,0,0,0,999.0,0,0,6.5655607009505506
TXN9123f2c5-c,CUST00276,2026-07-07 23:34:55,4272.25,mobile,electronics,0,1,0,0,0,0,999.0,0,0,8.360129940836378
TXN0182c481-3,CUST00276,2026-07-15 14:43:12,730.36,atm,electronics,0,1,0,0,0,0,999.0,0,0,6.594905814583434
TXN394d9156-5,CUST00277,2026-06-17 11:52:38,1650.04,web,wire_transfer,0,1,0,0,0,0,999.0,0,0,7.409160671367404
TXNd2f18f28-a,CUST00277,2026-06-17 12:08:08,3513.99,web,grocery,0,2,0,0,0,0,999.0,0,0,8.164791959290506
TXN7447f8a1-2,CUST00277,2026-06-17 13:29:28,277.25,mobile,travel,0,1,1,1,0,0,23.0,0,0,5.628519990155654
TXNaf8422cc-4,CUST00277,2026-06-20 06:07:38,1941.61,web,wire_transfer,0,1,0,0,0,0,999.0,0,0,7.571787708695123
TXNe9058f29-7,CUST00277,2026-06-24 16:10:43,4196.4,web,utilities,0,1,0,0,0,0,999.0,0,0,8.342220564963322
TXNfae9df3f-5,CUST00277,2026-06-27 17:00:45,2368.59,mobile,electronics,0,1,0,0,0,0,999.0,0,0,7.7704722233830905
TXN7d957e47-a,CUST00277,2026-07-03 15:35:02,128862.79,mobile,wire_transfer,1,1,1,1,1,3,2.0,1,1,11.766511234024822
TXN924d4a86-e,CUST00277,2026-07-07 23:11:17,246881.7,web,wire_transfer,1,1,1,1,1,3,10.0,1,1,12.416668604024547
TXN8bab4c1b-9,CUST00277,2026-07-10 08:39:43,9890.46,mobile,grocery,0,1,0,0,0,0,999.0,0,0,9.199427037583915
TXN7aa83419-7,CUST00277,2026-07-13 20:18:09,1365.52,mobile,wire_transfer,1,1,0,0,0,0,999.0,0,0,7.220022641192229
TXNe13ae6f4-b,CUST00278,2026-06-24 04:57:41,5418.99,mobile,wire_transfer,0,1,1,1,0,0,9.0,0,0,8.597849249413539
TXN290a8303-e,CUST00278,2026-06-24 16:21:54,580.89,mobile,grocery,0,1,0,0,0,0,999.0,0,0,6.366281426431612
TXNfccc1a7d-3,CUST00278,2026-06-28 15:43:36,2000.02,mobile,travel,0,1,0,0,0,0,999.0,0,0,7.6014123295362825
TXN63719357-f,CUST00278,2026-06-29 13:32:57,609.9,mobile,travel,0,1,0,0,0,0,999.0,0,0,6.414933279655721
TXNa0624c48-d,CUST00278,2026-06-30 17:32:52,863.21,mobile,electronics,0,1,0,0,0,0,999.0,0,0,6.761815794826395
TXN0ae4e096-2,CUST00278,2026-07-05 00:24:52,113808.45,mobile,wire_transfer,1,1,1,1,1,4,8.0,1,1,11.642280837648496
TXNbb2168c4-a,CUST00278,2026-07-07 02:09:22,3069.56,mobile,travel,0,1,0,0,0,0,999.0,0,0,8.029615234369937
TXN6e8649f1-0,CUST00278,2026-07-15 14:00:29,2103.84,web,utilities,0,1,0,0,0,0,999.0,0,0,7.651994733726426
TXNdcc8c801-8,CUST00279,2026-06-16 22:11:25,33240.71,mobile,utilities,0,1,0,0,0,0,999.0,0,0,10.411560691689507
TXN75e8abfe-6,CUST00279,2026-06-19 17:48:11,808.6,mobile,retail,0,1,0,0,0,0,999.0,0,0,6.696540298533201
TXN5d08c254-9,CUST00279,2026-06-23 21:55:48,1183.0,web,utilities,0,1,0,0,0,0,999.0,0,0,7.076653815443951
TXN2213cdad-6,CUST00279,2026-06-24 15:38:53,4108.95,mobile,jewellery,0,1,0,0,0,0,999.0,0,0,8.32116614196616
TXN567a25f8-5,CUST00279,2026-06-25 00:59:22,1471.65,mobile,electronics,0,1,1,1,0,0,11.0,0,0,7.294818777909749
TXN67e2020e-f,CUST00279,2026-06-25 12:43:44,998.92,mobile,travel,0,1,0,0,0,0,999.0,0,0,6.907675275781966
TXN9181c8a2-3,CUST00279,2026-06-29 13:27:32,4357.11,atm,utilities,0,1,0,0,0,0,999.0,0,0,8.379793756122227
TXNbab3d9a3-d,CUST00279,2026-07-08 22:53:41,6708.64,web,travel,0,1,0,0,0,0,999.0,0,0,8.811300577259681
TXN5ff3fbbf-6,CUST00279,2026-07-11 09:58:29,1236.5,atm,grocery,0,1,0,0,0,0,999.0,0,0,7.120848494442845
TXNf3cecaaf-7,CUST00279,2026-07-14 07:08:16,323.56,web,jewellery,0,1,0,0,0,0,999.0,0,0,5.782470418898192
TXN3efa528c-3,CUST00279,2026-07-15 18:07:11,2147.29,web,retail,0,1,0,0,0,0,999.0,0,0,7.6724274558268055
TXN64907a63-3,CUST00280,2026-06-19 06:14:06,1431.12,mobile,utilities,1,1,0,0,0,0,999.0,0,0,7.266911142892342
TXN8af6d268-1,CUST00280,2026-06-24 01:38:51,5359.62,atm,utilities,0,1,0,0,0,0,999.0,0,0,8.58683491901719
TXNe798d9bf-4,CUST00280,2026-07-04 07:48:30,2996.27,web,travel,0,1,0,0,0,0,999.0,0,0,8.005457153348885
TXNdebf96d3-c,CUST00280,2026-07-08 14:02:54,4961.9,mobile,retail,0,1,0,0,0,0,999.0,0,0,8.50974552628108
TXNa4282ec4-2,CUST00281,2026-06-18 06:25:42,460.71,mobile,grocery,0,1,0,0,0,0,999.0,0,0,6.134936988364375
TXN330c8461-0,CUST00281,2026-06-24 08:50:41,1285.06,web,jewellery,1,1,0,0,0,0,999.0,0,0,7.159338560007794
TXNae3dc742-b,CUST00281,2026-06-24 14:26:50,150.52,web,electronics,0,1,0,0,0,0,999.0,0,0,5.020717629437768
TXNcd03a402-c,CUST00281,2026-06-30 23:42:37,1283.61,mobile,electronics,0,1,0,0,0,0,999.0,0,0,7.1582104493177585
TXN510588a9-6,CUST00281,2026-07-01 00:57:49,1906.47,mobile,travel,0,1,0,0,0,0,999.0,0,0,7.553533035643061
TXNe3d21a33-8,CUST00281,2026-07-04 19:43:55,8077.72,mobile,travel,0,1,0,0,0,0,999.0,0,0,8.996988723124442
TXNf1758208-2,CUST00281,2026-07-06 02:34:32,497.65,atm,electronics,0,1,0,0,0,0,999.0,0,0,6.211904446847877
TXN2c1e86bb-a,CUST00281,2026-07-06 04:05:26,948.11,web,grocery,0,1,0,0,0,0,999.0,0,0,6.855524703378485
TXNefe739dd-6,CUST00281,2026-07-10 06:50:26,686.53,web,electronics,0,1,1,1,0,0,5.0,0,0,6.533105464952325
TXN34da1f50-b,CUST00281,2026-07-11 17:26:35,2826.2,mobile,grocery,0,1,0,0,0,0,999.0,0,0,7.947042101565432
TXNbd0c1656-d,CUST00282,2026-06-17 06:41:23,1969.96,mobile,jewellery,0,1,0,0,0,0,999.0,0,0,7.586276012679919
TXNde952d1d-d,CUST00282,2026-06-18 23:49:21,991.32,mobile,utilities,0,1,0,0,0,0,999.0,0,0,6.900045635912084
TXNc36db2ec-e,CUST00282,2026-06-23 06:55:52,2611.34,web,travel,0,1,1,1,0,0,23.0,0,0,7.868001650378436
TXNa0ca381c-b,CUST00282,2026-06-23 09:48:33,398.3,mobile,utilities,0,1,0,0,0,0,999.0,0,0,5.989713014069176
TXN7c976337-e,CUST00282,2026-06-23 15:27:56,1747.17,mobile,grocery,0,1,0,0,0,0,999.0,0,0,7.466324805491193
TXN18d939eb-a,CUST00282,2026-06-28 18:40:23,120227.32,mobile,wire_transfer,1,1,1,1,1,3,13.0,1,1,11.697147880653329
TXN057eccfa-1,CUST00282,2026-07-04 12:54:25,3096.68,atm,electronics,0,1,0,0,0,0,999.0,0,0,8.038408723195042
TXN50c49c2b-e,CUST00283,2026-06-19 18:56:27,28381.39,mobile,utilities,0,1,0,0,0,0,999.0,0,0,10.253524161403591
TXN1706c3cd-d,CUST00283,2026-06-21 10:00:19,2948.5,mobile,retail,0,1,0,0,0,0,999.0,0,0,7.98939094344313
TXN1e521d48-6,CUST00283,2026-07-04 08:42:47,1571.96,mobile,grocery,0,1,0,0,0,0,999.0,0,0,7.360714473618614
TXN5b5073c7-e,CUST00283,2026-07-05 06:22:16,2913.82,atm,jewellery,0,1,0,0,0,0,999.0,0,0,7.977563347306826
TXN10e6e383-d,CUST00283,2026-07-09 15:52:16,525.73,mobile,jewellery,0,1,0,0,0,0,999.0,0,0,6.266688083287628
TXN72557e4e-d,CUST00283,2026-07-11 02:22:07,1061.69,mobile,retail,0,1,0,0,0,0,999.0,0,0,6.968558708340963
TXNcd65e328-1,CUST00283,2026-07-11 19:06:54,308.46,mobile,electronics,0,1,0,0,0,0,999.0,0,0,5.734828843061527
TXN2cdb1625-b,CUST00283,2026-07-13 18:17:59,3901.57,mobile,retail,0,1,0,0,0,0,999.0,0,0,8.269390589448449
TXNf53ca48b-2,CUST00283,2026-07-15 12:59:45,789.64,mobile,jewellery,0,1,0,0,0,0,999.0,0,0,6.672842744067928
TXNe16c77ac-e,CUST00283,2026-07-16 06:06:38,1329.32,web,grocery,0,1,0,0,0,0,999.0,0,0,7.193174793779659
TXN68e0c800-9,CUST00284,2026-07-07 18:46:13,3041.47,web,electronics,0,1,0,0,0,0,999.0,0,0,8.020424964500826
TXNa0f155fb-8,CUST00285,2026-06-18 06:07:28,90.5,web,grocery,0,1,0,0,0,0,999.0,0,0,4.516338972281476
TXNe156df17-2,CUST00285,2026-06-18 12:48:26,486.52,mobile,retail,0,1,0,0,0,0,999.0,0,0,6.189331315237399
TXN18d98279-7,CUST00285,2026-06-21 00:34:25,1071.6,web,travel,0,1,0,0,0,0,999.0,0,0,6.977840886548825
TXN7a14cf98-6,CUST00285,2026-06-25 22:36:04,240.69,mobile,utilities,0,1,0,0,0,0,999.0,0,0,5.487655913249886
TXNf205da82-a,CUST00285,2026-06-29 11:12:03,568.18,mobile,jewellery,0,1,0,0,0,0,999.0,0,0,6.344196728563943
TXN3fd8027f-e,CUST00285,2026-07-04 20:18:52,1338.1,mobile,wire_transfer,0,1,0,0,0,0,999.0,0,0,7.19975302550152
TXN47fefddb-f,CUST00285,2026-07-13 23:50:46,234935.29,web,wire_transfer,1,1,1,1,1,4,17.0,1,1,12.36706964998734
TXN9268b5df-9,CUST00286,2026-06-18 07:38:42,1877.37,mobile,electronics,0,1,0,0,0,0,999.0,0,0,7.538159658467056
TXN960f96d9-0,CUST00286,2026-06-23 20:40:51,268.88,mobile,grocery,0,1,0,0,0,0,999.0,0,0,5.597977415759225
TXN5cc53673-d,CUST00286,2026-06-26 17:23:07,1173.19,mobile,retail,0,1,0,0,0,0,999.0,0,0,7.0683338271570975
TXN05155381-e,CUST00286,2026-06-27 03:15:48,706.21,web,utilities,0,1,0,0,0,0,999.0,0,0,6.561327651494954
TXN5eb63bc5-e,CUST00286,2026-06-29 00:41:20,1968.03,web,grocery,0,1,0,0,0,0,999.0,0,0,7.585296314683544
TXN9fc08086-2,CUST00286,2026-07-02 13:10:36,5774.83,web,travel,0,1,0,0,0,0,999.0,0,0,8.661437248006564
TXN56fb9a22-e,CUST00286,2026-07-03 03:19:03,384.12,web,travel,0,1,0,0,0,0,999.0,0,0,5.953554974034762
TXNabf89388-f,CUST00286,2026-07-10 10:56:54,1093.69,mobile,wire_transfer,0,1,0,0,0,0,999.0,0,0,6.998226497145978
TXNeab10bcf-6,CUST00286,2026-07-15 03:08:34,540.85,web,travel,0,1,0,0,0,0,999.0,0,0,6.294989210369004
TXN9f325c4c-0,CUST00287,2026-06-23 22:33:31,873.71,branch,wire_transfer,0,1,1,1,0,0,12.0,0,0,6.773892402851598
TXNfbcb4db6-9,CUST00287,2026-06-27 03:05:53,2675.93,atm,utilities,0,1,0,0,0,0,999.0,0,0,7.892425894504581
TXNef5e0d74-f,CUST00287,2026-06-28 09:47:28,911.47,mobile,retail,0,1,0,0,0,0,999.0,0,0,6.816155208203867
TXNc95d2093-f,CUST00287,2026-06-29 00:10:30,3655.65,mobile,utilities,0,1,0,0,0,0,999.0,0,0,8.204302706705638
TXN32773b28-a,CUST00287,2026-06-29 17:07:21,12668.89,mobile,grocery,0,1,0,0,0,0,999.0,0,0,9.446983591351687
TXN060072c3-e,CUST00287,2026-07-01 17:47:11,9507.26,branch,retail,0,1,0,0,0,0,999.0,0,0,9.159916173499559
TXN40b1fb20-d,CUST00287,2026-07-02 13:53:28,1659.52,mobile,utilities,0,1,0,0,0,0,999.0,0,0,7.414886085309156
TXNfde02b7a-6,CUST00287,2026-07-04 02:55:02,1450.08,mobile,electronics,0,1,0,0,0,0,999.0,0,0,7.280063385754419
TXN4ad76a0d-5,CUST00287,2026-07-06 03:31:12,4919.48,mobile,grocery,0,1,0,0,0,0,999.0,0,0,8.5011613657032
TXN2ab8c610-e,CUST00287,2026-07-07 11:30:42,6186.79,mobile,electronics,0,1,0,0,0,0,999.0,0,0,8.730333274465512
TXNfb66bcaf-4,CUST00287,2026-07-09 20:36:28,3309.43,branch,wire_transfer,1,1,0,0,0,0,999.0,0,0,8.104833369299177
TXN02bbc915-9,CUST00288,2026-06-16 21:53:29,5913.68,mobile,electronics,0,1,0,0,0,0,999.0,0,0,8.685192675202636
TXNdf3e03c2-2,CUST00288,2026-06-20 12:33:37,1349.63,mobile,retail,0,1,0,0,0,0,999.0,0,0,7.208326429244118
TXNa81d0ecf-c,CUST00288,2026-06-27 21:55:28,18554.79,mobile,grocery,0,1,0,0,0,0,999.0,0,0,9.828537148713394
TXNb354f19d-3,CUST00288,2026-07-02 16:53:19,443.73,branch,retail,0,1,0,0,0,0,999.0,0,0,6.09746735645105
TXN553a2bad-1,CUST00288,2026-07-02 19:35:52,720.67,mobile,travel,0,1,0,0,0,0,999.0,0,0,6.581567970695458
TXN45d89da6-0,CUST00288,2026-07-05 17:46:30,2337.77,web,electronics,0,1,0,0,0,0,999.0,0,0,7.757380429128432
TXNff03f1a9-7,CUST00288,2026-07-10 02:50:12,549.22,atm,electronics,0,1,0,0,0,0,999.0,0,0,6.310318198247844
TXNb1fe69b8-0,CUST00289,2026-06-18 02:04:49,14311.77,mobile,jewellery,0,1,0,0,0,0,999.0,0,0,9.568907424747481
TXN4d7e6eeb-0,CUST00289,2026-06-20 23:33:17,1772.86,branch,jewellery,0,1,0,0,0,0,999.0,0,0,7.480913242055246
TXN7859d906-e,CUST00289,2026-06-23 20:57:43,8957.3,branch,retail,0,1,0,0,0,0,999.0,0,0,9.100335755824698
TXN60094db3-b,CUST00289,2026-07-03 20:13:37,3299.67,web,retail,1,1,0,0,0,0,999.0,0,0,8.10188075714974
TXN732af4e8-e,CUST00290,2026-06-19 15:39:48,1603.26,web,jewellery,0,1,0,0,0,0,999.0,0,0,7.380417870053615
TXN6cacf6d9-c,CUST00290,2026-06-20 11:56:23,6014.27,branch,grocery,1,1,0,0,0,0,999.0,0,0,8.702056515181901
TXN05e3d107-1,CUST00290,2026-06-24 09:41:00,249399.11,mobile,wire_transfer,1,1,1,1,1,4,8.0,1,1,12.426813753286517
TXN21e10ae8-5,CUST00290,2026-06-25 19:59:07,1846.3,web,electronics,0,1,0,0,0,0,999.0,0,0,7.521480392564592
TXNdc89e59a-5,CUST00290,2026-06-30 06:31:51,716.8,mobile,jewellery,0,1,0,0,0,0,999.0,0,0,6.576190978713507
TXN8338b815-c,CUST00290,2026-07-01 12:54:18,3490.89,mobile,retail,0,1,1,1,0,0,12.0,0,0,8.158198415890602
TXN42f76d43-b,CUST00290,2026-07-10 07:18:39,1216.17,mobile,grocery,0,1,0,0,0,0,999.0,0,0,7.1042837709888795
TXNce339ee0-1,CUST00290,2026-07-11 11:53:31,3787.67,mobile,grocery,0,1,0,0,0,0,999.0,0,0,8.239770313005568
TXN4819a23a-7,CUST00290,2026-07-12 00:56:10,386.22,mobile,grocery,0,1,0,0,0,0,999.0,0,0,5.958993006961019
TXN165effd1-c,CUST00291,2026-06-23 17:16:20,243571.88,mobile,wire_transfer,1,1,1,1,1,2,13.0,1,1,12.403171478570968
TXNaa3961be-c,CUST00291,2026-06-26 16:24:07,1475.33,atm,wire_transfer,1,1,0,0,0,0,999.0,0,0,7.297314557406525
TXN92689d81-2,CUST00291,2026-07-01 12:23:27,5171.55,web,utilities,0,1,0,0,0,0,999.0,0,0,8.551121076078536
TXN12049b0a-9,CUST00291,2026-07-02 15:39:23,350.98,web,grocery,0,1,0,0,0,0,999.0,0,0,5.863574355802065
TXN2d56e616-1,CUST00291,2026-07-05 23:18:30,734.22,mobile,utilities,0,1,0,0,0,0,999.0,0,0,6.600169774153515
TXN57549c43-c,CUST00291,2026-07-08 07:01:47,536.77,mobile,wire_transfer,1,1,0,0,0,0,999.0,0,0,6.287430959459953
TXNf7347784-a,CUST00291,2026-07-09 21:06:03,2124.0,mobile,retail,0,1,0,0,0,0,999.0,0,0,7.661527081358517
TXNc316959c-c,CUST00291,2026-07-11 04:53:00,1006.14,mobile,wire_transfer,0,1,0,0,0,0,999.0,0,0,6.914869909867544
TXNa189682b-7,CUST00291,2026-07-13 07:16:00,6487.64,web,travel,0,1,0,0,0,0,999.0,0,0,8.7778082345801
TXNb91d8c4c-0,CUST00291,2026-07-15 00:42:01,676.41,atm,utilities,1,1,0,0,0,0,999.0,0,0,6.518276702601252
TXNeb0230a0-3,CUST00292,2026-06-18 00:33:35,348.17,atm,jewellery,0,1,0,0,0,0,999.0,0,0,5.855558909621995
TXNaf838c06-c,CUST00292,2026-06-22 22:50:36,1848.29,atm,wire_transfer,0,1,0,0,0,0,999.0,0,0,7.5225570606247425
TXN0e60ec16-1,CUST00292,2026-06-24 02:22:18,1137.82,mobile,travel,1,1,0,0,0,0,999.0,0,0,7.037747917595996
TXNa01d9aeb-5,CUST00292,2026-06-25 10:19:52,1274.6,mobile,jewellery,0,1,0,0,0,0,999.0,0,0,7.151171935135903
TXN2f81d4b2-1,CUST00292,2026-06-25 13:21:39,4186.28,atm,electronics,0,1,0,0,0,0,999.0,0,0,8.339806637439755
TXNd14b049b-7,CUST00292,2026-06-28 15:58:14,2136.01,mobile,electronics,0,1,0,0,0,0,999.0,0,0,7.667162934765382
TXN17722cf0-f,CUST00292,2026-07-05 19:06:32,8577.37,web,jewellery,0,1,0,0,0,0,999.0,0,0,9.056999197744174
TXNb78bf29d-0,CUST00292,2026-07-07 00:04:17,309.09,web,jewellery,0,1,0,0,0,0,999.0,0,0,5.736862577924391
TXN9780fe9b-a,CUST00293,2026-06-25 06:18:46,1779.88,mobile,jewellery,1,1,0,0,0,0,999.0,0,0,7.484862903142074
TXN7ecc0177-f,CUST00293,2026-07-02 17:47:10,1406.48,mobile,utilities,0,1,0,0,0,0,999.0,0,0,7.249556150321414
TXN145deec7-0,CUST00293,2026-07-02 20:50:34,747.59,mobile,electronics,0,1,0,0,0,0,999.0,0,0,6.618191437112338
TXN7148c007-0,CUST00293,2026-07-04 00:16:40,1456.6,web,jewellery,0,1,0,0,0,0,999.0,0,0,7.284546526505694
TXN781e2d35-2,CUST00293,2026-07-15 19:37:11,3559.73,web,travel,0,1,0,0,0,0,999.0,0,0,8.177720859004706
TXN302dc72b-1,CUST00294,2026-06-18 09:56:01,1207.46,web,wire_transfer,0,1,0,0,0,0,999.0,0,0,7.097102100712845
TXN4bf5cf0e-9,CUST00294,2026-06-19 13:09:55,5083.26,web,electronics,0,1,0,0,0,0,999.0,0,0,8.533904771835687
TXN6508f5c4-2,CUST00294,2026-06-30 07:26:59,15766.35,mobile,electronics,0,1,0,0,0,0,999.0,0,0,9.665696625253297
TXNc19bf990-5,CUST00294,2026-06-30 14:05:58,1176.79,web,jewellery,0,1,1,1,0,0,9.0,0,0,7.071395080068585
TXN43651cb8-3,CUST00294,2026-07-10 19:47:48,1878.53,mobile,utilities,0,1,0,0,0,0,999.0,0,0,7.538777024568786
TXN934fa5c8-8,CUST00294,2026-07-11 00:20:44,1536.03,mobile,electronics,0,1,0,0,0,0,999.0,0,0,7.337607261890727
TXN1fbf23bb-b,CUST00294,2026-07-15 03:58:05,3151.98,web,grocery,0,1,0,0,0,0,999.0,0,0,8.056103316359703
TXNa3fe085b-8,CUST00294,2026-07-16 01:15:26,783.16,web,travel,0,1,1,0,0,0,7.35,0,0,6.664613081161237
TXNc172494f-9,CUST00295,2026-06-17 07:02:29,1492.65,web,wire_transfer,0,1,0,0,0,0,999.0,0,0,7.308978067832169
TXN3da325e2-b,CUST00295,2026-06-18 09:06:03,948.27,atm,wire_transfer,0,1,0,0,0,0,999.0,0,0,6.855693268155167
TXN480d0cf3-4,CUST00295,2026-06-18 11:14:14,602.79,mobile,jewellery,0,1,0,0,0,0,999.0,0,0,6.403226455360168
TXNacac1b18-b,CUST00295,2026-06-22 03:00:00,135.47,atm,electronics,0,1,0,0,0,0,999.0,0,0,4.916104810250022
TXN403e3ee2-6,CUST00295,2026-06-27 07:41:48,3388.14,mobile,travel,0,1,0,0,0,0,999.0,0,0,8.128331480874792
TXNe3fb7b87-a,CUST00295,2026-06-28 20:05:48,791.33,mobile,retail,0,1,0,0,0,0,999.0,0,0,6.674977971699642
TXNe716eb38-5,CUST00295,2026-06-29 18:48:27,686.98,web,grocery,0,1,0,0,0,0,999.0,0,0,6.533759767743368
TXNac8d8f32-1,CUST00295,2026-07-01 08:45:13,2025.21,web,wire_transfer,1,1,0,0,0,0,999.0,0,0,7.613922331954353
TXNc5798f5d-9,CUST00295,2026-07-02 10:49:55,180074.05,web,wire_transfer,1,1,1,1,1,2,16.0,1,1,12.10112898741961
TXN0fc64cf0-1,CUST00295,2026-07-05 18:30:55,391.04,mobile,retail,0,1,0,0,0,0,999.0,0,0,5.9713638754009795
TXN722899a2-b,CUST00295,2026-07-14 15:57:15,1341.54,mobile,wire_transfer,0,1,0,0,0,0,999.0,0,0,7.202318621097439
TXN2ba95b90-9,CUST00296,2026-06-16 15:52:39,2292.68,branch,retail,0,1,0,0,0,0,999.0,0,0,7.737912793626034
TXNbeb64fd8-f,CUST00296,2026-06-19 19:54:46,1686.95,mobile,utilities,0,1,0,0,0,0,999.0,0,0,7.431270053864115
TXNdf94a2f8-0,CUST00296,2026-06-20 16:41:29,1376.91,branch,utilities,0,1,0,0,0,0,999.0,0,0,7.228323137394235
TXN27165ab6-7,CUST00296,2026-06-20 23:13:22,652.22,mobile,electronics,0,1,1,1,0,0,19.0,0,0,6.481913979121144
TXN61a73056-5,CUST00296,2026-06-24 06:48:33,2463.93,web,wire_transfer,0,1,0,0,0,0,999.0,0,0,7.809918688507649
TXN5ed560c3-7,CUST00296,2026-06-24 10:57:57,675.89,mobile,jewellery,0,1,0,0,0,0,999.0,0,0,6.517508778174531
TXNba266e87-4,CUST00296,2026-06-29 00:49:00,4698.75,mobile,travel,0,1,0,0,0,0,999.0,0,0,8.455264594794071
TXN68e438e0-5,CUST00296,2026-06-29 14:37:56,10689.76,branch,retail,0,1,0,0,0,0,999.0,0,0,9.277135095972822
TXN7d34d5ec-c,CUST00296,2026-07-01 12:35:05,914.4,branch,wire_transfer,0,1,0,0,0,0,999.0,0,0,6.819361128219541
TXN5309c42a-7,CUST00296,2026-07-02 21:15:02,9302.14,mobile,jewellery,0,1,0,0,0,0,999.0,0,0,9.138107256564279
TXN5bad4331-7,CUST00296,2026-07-06 16:10:50,878.07,mobile,electronics,0,1,0,0,0,0,999.0,0,0,6.778864530464347
TXNb2b51b60-5,CUST00296,2026-07-07 08:24:15,313.78,mobile,wire_transfer,0,1,0,0,0,0,999.0,0,0,5.751873982123454
TXNf5946de4-a,CUST00296,2026-07-09 19:04:57,3547.46,mobile,utilities,0,1,0,0,0,0,999.0,0,0,8.174268985532898
TXNf1f97ce9-d,CUST00296,2026-07-12 10:50:40,4512.91,web,retail,0,1,0,0,0,0,999.0,0,0,8.414919019207959
TXN62b45550-c,CUST00296,2026-07-12 23:19:32,11471.27,branch,wire_transfer,1,1,0,0,0,0,999.0,0,0,9.347688098127298
TXNde61f70d-7,CUST00296,2026-07-16 07:47:17,2066.04,mobile,retail,0,1,0,0,0,0,999.0,0,0,7.633872911211991
TXN6f339c5e-0,CUST00297,2026-06-17 22:42:24,1679.56,mobile,electronics,0,1,0,0,0,0,999.0,0,0,7.426882350187425
TXNd46c5776-4,CUST00297,2026-06-18 12:53:32,199.96,mobile,utilities,1,1,0,0,0,0,999.0,0,0,5.303105883279834
TXN7cc27448-2,CUST00297,2026-06-21 03:49:18,861.99,web,grocery,0,1,0,0,0,0,999.0,0,0,6.760403103530777
TXN45590d60-2,CUST00297,2026-06-27 12:11:03,523.21,atm,jewellery,0,1,0,0,0,0,999.0,0,0,6.261892367395635
TXN6f6335bf-6,CUST00297,2026-07-01 19:11:59,3565.9,atm,retail,0,1,0,0,0,0,999.0,0,0,8.179452150202804
TXN9b58e20a-7,CUST00297,2026-07-02 22:38:38,623.32,mobile,jewellery,1,1,0,0,0,0,999.0,0,0,6.436663057434746
TXN47155ad3-8,CUST00297,2026-07-03 18:05:45,883.23,mobile,wire_transfer,0,1,0,0,0,0,999.0,0,0,6.784717209791913
TXNf22fdeb8-9,CUST00297,2026-07-06 00:53:57,10784.68,mobile,utilities,0,1,0,0,0,0,999.0,0,0,9.285974607368804
TXNe7c5d314-a,CUST00297,2026-07-07 11:47:03,732.27,mobile,grocery,0,1,1,1,0,0,17.0,0,0,6.59751398331238
TXN7f5085e7-0,CUST00297,2026-07-08 17:26:15,1101.23,mobile,wire_transfer,0,1,0,0,0,0,999.0,0,0,7.005090679369415
TXN263e0670-a,CUST00297,2026-07-09 17:42:52,2253.04,branch,jewellery,0,1,0,0,0,0,999.0,0,0,7.720479440671186
TXN043217e4-1,CUST00297,2026-07-09 23:13:43,1011.84,web,wire_transfer,0,1,0,0,0,0,999.0,0,0,6.9205135450808
TXN9b99f012-7,CUST00298,2026-06-18 01:50:31,188.18,web,wire_transfer,0,1,0,0,0,0,999.0,0,0,5.242698942785024
TXN9e54b7bf-a,CUST00298,2026-06-20 02:40:44,520.93,branch,travel,1,1,0,0,0,0,999.0,0,0,6.257533479273623
TXN37663e35-c,CUST00298,2026-06-21 16:10:04,3382.17,mobile,travel,0,1,0,0,0,0,999.0,0,0,8.126568418774438
TXNf4f48fdc-0,CUST00298,2026-06-23 03:31:21,1915.89,web,jewellery,0,1,0,0,0,0,999.0,0,0,7.558459360074286
TXN56ad3649-2,CUST00298,2026-06-23 22:18:02,3482.06,mobile,jewellery,0,1,0,0,0,0,999.0,0,0,8.15566649674648
TXN84cda1d2-3,CUST00298,2026-07-01 15:34:26,2429.31,web,electronics,0,1,0,0,0,0,999.0,0,0,7.795774100214437
TXNf3f48d53-1,CUST00298,2026-07-13 06:39:57,332.41,web,travel,1,1,0,0,0,0,999.0,0,0,5.809372963868082
TXN5a766ac4-0,CUST00298,2026-07-15 06:45:42,15989.78,mobile,electronics,0,1,0,0,0,0,999.0,0,0,9.679767585126076
TXNb0427c62-c,CUST00299,2026-06-23 04:06:41,3526.02,branch,grocery,0,1,0,0,0,0,999.0,0,0,8.168208600761512
TXN57522610-4,CUST00299,2026-06-30 08:13:47,3350.11,mobile,wire_transfer,1,1,0,0,0,0,999.0,0,0,8.117046913220632
TXN995fa798-1,CUST00299,2026-07-01 11:17:40,12504.91,web,electronics,1,1,0,0,0,0,999.0,0,0,9.43395661155569
TXN90b950bb-5,CUST00300,2026-06-21 08:39:04,554.99,mobile,retail,0,1,0,0,0,0,999.0,0,0,6.320750308477328
TXN3f010e25-6,CUST00300,2026-06-26 19:21:34,1413.7,web,retail,0,1,0,0,0,0,999.0,0,0,7.254672773464889
TXNb0333c0d-5,CUST00300,2026-06-29 22:09:47,2601.06,mobile,jewellery,0,1,0,0,0,0,999.0,0,0,7.864058717991834
TXN0488a0e8-1,CUST00300,2026-07-02 16:53:16,771.47,mobile,retail,0,1,0,0,0,0,999.0,0,0,6.649593173066348
TXNe70dc8b8-d,CUST00300,2026-07-12 18:40:03,970.79,atm,retail,0,1,0,0,0,0,999.0,0,0,6.879139731735693
TXNe6defc16-e,CUST00300,2026-07-13 03:33:26,2116.98,branch,jewellery,0,1,0,0,0,0,999.0,0,0,7.658218083246135
TXNc8169e32-5,CUST00301,2026-06-19 00:38:48,2059.68,mobile,retail,0,1,0,0,0,0,999.0,0,0,7.630791304400948
TXN47d0e6ee-c,CUST00301,2026-06-30 22:16:13,3404.63,atm,wire_transfer,0,1,0,0,0,0,999.0,0,0,8.13318522349558
TXNcb37a85d-9,CUST00301,2026-07-06 02:17:09,460.42,web,retail,0,1,0,0,0,0,999.0,0,0,6.134308691137463
TXNe6e005dd-3,CUST00301,2026-07-06 21:32:05,820.42,mobile,travel,0,1,0,0,0,0,999.0,0,0,6.711034549899031
TXNe17766b1-8,CUST00302,2026-06-21 13:01:18,14810.85,web,retail,0,1,0,0,0,0,999.0,0,0,9.60318281505811
TXNe3fb8c1d-7,CUST00302,2026-07-02 17:12:41,2566.65,mobile,wire_transfer,0,1,0,0,0,0,999.0,0,0,7.850746362686248
TXN9c00cb52-9,CUST00302,2026-07-04 00:44:41,2411.26,mobile,retail,0,1,0,0,0,0,999.0,0,0,7.7883193463992075
TXNe950419d-f,CUST00302,2026-07-15 01:25:26,520.57,mobile,electronics,1,1,0,0,0,0,999.0,0,0,6.256843493620949
TXN3fc4f4d0-d,CUST00302,2026-07-15 04:23:40,422.15,branch,jewellery,0,1,0,0,0,0,999.0,0,0,6.047726726116115
TXN25fa9f8d-c,CUST00303,2026-06-22 15:34:16,1844.77,mobile,jewellery,0,1,0,0,0,0,999.0,0,0,7.520651813584212
TXNba52dbf2-f,CUST00303,2026-06-25 14:30:41,3424.02,web,utilities,1,1,0,0,0,0,999.0,0,0,8.138862590095334
TXN63bb48b6-7,CUST00303,2026-06-26 17:50:29,905.82,web,electronics,0,1,0,0,0,0,999.0,0,0,6.809943973970215
TXN79477aa8-0,CUST00303,2026-06-28 14:08:30,16139.62,web,retail,0,1,0,0,0,0,999.0,0,0,9.689094354964709
TXN00c818ba-a,CUST00303,2026-06-28 21:05:44,167.75,web,electronics,1,1,0,0,0,0,999.0,0,0,5.128418329752639
TXN877bfb50-1,CUST00303,2026-07-11 05:49:31,400.96,mobile,electronics,1,1,0,0,0,0,999.0,0,0,5.996352581180758
TXNe6829d8f-9,CUST00303,2026-07-11 21:18:36,1114.87,atm,grocery,0,1,0,0,0,0,999.0,0,0,7.017389648700869
TXNc51b2922-c,CUST00303,2026-07-12 02:54:34,1450.62,mobile,utilities,0,1,0,0,0,0,999.0,0,0,7.280435453144249
TXN5d20d8de-2,CUST00303,2026-07-15 04:17:49,11691.05,mobile,grocery,0,1,0,0,0,0,999.0,0,0,9.36666440265032
TXN9ee31563-d,CUST00304,2026-06-22 01:31:52,2049.37,mobile,utilities,0,1,0,0,0,0,999.0,0,0,7.6257755436513674
TXN7c152622-5,CUST00304,2026-06-22 07:47:00,7661.45,branch,utilities,0,1,0,0,0,0,999.0,0,0,8.944087054937695
TXNc89f884f-2,CUST00304,2026-06-22 17:21:12,1845.19,web,jewellery,0,1,1,1,0,0,9.0,0,0,7.520879335010128
TXNe21a47b9-9,CUST00305,2026-06-18 10:50:37,216.97,mobile,utilities,0,1,0,0,0,0,999.0,0,0,5.384357438640421
TXNcf8be8bd-d,CUST00305,2026-06-20 00:07:05,1181.02,web,utilities,0,1,0,0,0,0,999.0,0,0,7.074980118296667
TXN34491318-4,CUST00305,2026-06-23 14:00:13,1067.65,mobile,travel,0,1,0,0,0,0,999.0,0,0,6.97415144862182
TXN810e9d40-c,CUST00305,2026-06-23 15:15:10,222.68,web,jewellery,0,1,0,0,0,0,999.0,0,0,5.410216459045445
TXN4badb973-1,CUST00305,2026-06-26 16:54:23,3009.55,web,jewellery,0,1,0,0,0,0,999.0,0,0,8.00987806530337
TXNec78342e-f,CUST00305,2026-06-29 22:12:10,5158.18,branch,grocery,1,1,0,0,0,0,999.0,0,0,8.548532931118643
TXN60421eb5-c,CUST00305,2026-07-04 09:37:58,1545.86,mobile,electronics,0,1,0,0,0,0,999.0,0,0,7.343982348740342
TXNe28065d7-b,CUST00305,2026-07-06 13:35:40,604.0,mobile,utilities,0,1,0,0,0,0,999.0,0,0,6.405228458030842
TXNda4a9d0b-d,CUST00305,2026-07-11 16:31:21,4994.81,web,electronics,0,1,0,0,0,0,999.0,0,0,8.516354840097954
TXNc69aa024-7,CUST00306,2026-06-19 09:25:48,2246.31,web,grocery,0,1,0,0,0,0,999.0,0,0,7.717489224396232
TXN0760d408-0,CUST00306,2026-06-28 06:50:44,368.92,web,travel,0,1,0,0,0,0,999.0,0,0,5.913286766043958
TXN6be26493-c,CUST00306,2026-06-28 17:43:51,3088.42,mobile,electronics,0,1,0,0,0,0,999.0,0,0,8.035738650008144
TXN282fbcce-8,CUST00306,2026-06-30 01:26:26,143580.82,mobile,wire_transfer,1,1,1,1,1,2,6.0,1,1,11.874660325910284
TXN7259f45b-2,CUST00306,2026-07-06 13:39:03,4234.0,mobile,travel,0,1,0,0,0,0,999.0,0,0,8.351138607086154
TXN506801b9-c,CUST00306,2026-07-12 05:01:11,1243.43,mobile,electronics,0,1,0,0,0,0,999.0,0,0,7.126432872736746
TXN6f2ba37e-a,CUST00307,2026-06-19 13:21:45,734.16,web,retail,0,1,0,0,0,0,999.0,0,0,6.600088162597273
TXN96239346-2,CUST00307,2026-06-27 04:58:39,608.74,mobile,utilities,1,1,0,0,0,0,999.0,0,0,6.413032636797544
TXN74b8b222-4,CUST00307,2026-06-27 09:20:48,1410.51,mobile,wire_transfer,0,1,0,0,0,0,999.0,0,0,7.2524153323301555
TXN04573e35-f,CUST00307,2026-06-27 21:07:12,849.57,web,electronics,0,1,0,0,0,0,999.0,0,0,6.745906712975834
TXN2d914e29-6,CUST00307,2026-06-30 05:30:05,6466.04,mobile,utilities,0,1,0,0,0,0,999.0,0,0,8.774473786675648
TXN2449ea0f-5,CUST00307,2026-07-04 12:03:10,1346.56,web,wire_transfer,1,1,0,0,0,0,999.0,0,0,7.206050828693529
TXN9b465e04-b,CUST00307,2026-07-09 15:33:11,448.86,branch,travel,0,1,0,0,0,0,999.0,0,0,6.108936423248153
TXN6001e75d-b,CUST00307,2026-07-11 13:44:36,829.1,web,wire_transfer,0,1,0,0,0,0,999.0,0,0,6.72154617546099
TXN5397ff39-d,CUST00307,2026-07-13 06:49:52,713.19,web,utilities,1,1,0,0,0,0,999.0,0,0,6.571149033382122
TXN7f2632df-2,CUST00308,2026-06-25 21:20:58,14628.31,mobile,wire_transfer,0,1,0,0,0,0,999.0,0,0,9.59078232953899
TXN29d36291-8,CUST00308,2026-06-26 04:23:44,6106.46,web,wire_transfer,0,1,0,0,0,0,999.0,0,0,8.717266253785848
TXN23d13c7f-1,CUST00308,2026-07-07 02:59:04,2786.73,mobile,jewellery,0,1,0,0,0,0,999.0,0,0,7.932982923575274
TXN5b69a9a8-f,CUST00308,2026-07-09 09:45:01,415.12,web,utilities,0,1,0,0,0,0,999.0,0,0,6.0309736802026945
TXN0a14e77e-9,CUST00308,2026-07-12 03:32:47,605.88,mobile,retail,0,1,0,0,0,0,999.0,0,0,6.408331077940589
TXN52f2978f-4,CUST00308,2026-07-12 05:24:02,497.21,branch,wire_transfer,0,1,0,0,0,0,999.0,0,0,6.211021674886771
TXNb907e44b-0,CUST00308,2026-07-13 09:18:29,6426.62,mobile,travel,1,1,0,0,0,0,999.0,0,0,8.768359608744063
TXNc2b2315d-d,CUST00308,2026-07-13 11:44:17,2695.38,atm,grocery,0,1,0,0,0,0,999.0,0,0,7.899665411654639
TXN17841919-3,CUST00308,2026-07-15 16:52:57,1379.62,web,travel,1,1,0,0,0,0,999.0,0,0,7.230287952619612
TXN0e77b689-3,CUST00309,2026-06-17 01:37:44,7129.77,atm,electronics,0,1,1,1,0,0,7.0,0,0,8.872174501967269
TXN6a961ac0-8,CUST00309,2026-06-17 07:08:38,851.78,web,retail,0,1,0,0,0,0,999.0,0,0,6.748501600978975
TXNb1d06d8a-6,CUST00309,2026-06-23 03:36:41,831.86,mobile,jewellery,1,1,0,0,0,0,999.0,0,0,6.724865560815073
TXNde60d544-e,CUST00309,2026-06-26 21:56:59,1990.07,mobile,retail,1,1,0,0,0,0,999.0,0,0,7.596427461658115
TXN06339f7f-8,CUST00309,2026-06-30 02:42:08,2098.63,web,electronics,0,1,0,0,0,0,999.0,0,0,7.649516417711959
TXN668b179f-7,CUST00309,2026-07-02 16:28:23,546.38,web,electronics,0,1,0,0,0,0,999.0,0,0,6.305143259585438
TXN57f46801-6,CUST00309,2026-07-02 19:38:26,3545.34,mobile,jewellery,0,1,0,0,0,0,999.0,0,0,8.173671364722418
TXN16e7bff3-d,CUST00309,2026-07-09 04:11:27,1357.41,mobile,wire_transfer,1,1,0,0,0,0,999.0,0,0,7.214070177131871
TXN28b82fa1-7,CUST00309,2026-07-13 03:07:41,352.09,mobile,utilities,0,1,0,0,0,0,999.0,0,0,5.866722981944237
TXN1165ed7f-8,CUST00310,2026-06-17 19:20:24,1150.11,web,wire_transfer,0,1,0,0,0,0,999.0,0,0,7.048481973225823
TXN7dd0a74b-9,CUST00310,2026-06-18 16:40:00,225.6,web,utilities,0,1,0,0,0,0,999.0,0,0,5.423186348593906
TXNb281738e-d,CUST00310,2026-06-21 00:54:55,1628.42,mobile,utilities,0,1,0,0,0,0,999.0,0,0,7.3959794022580665
TXN0acc09da-0,CUST00310,2026-06-21 00:56:50,382.5,atm,jewellery,0,2,0,0,0,0,999.0,0,0,5.949339620807311
TXN233e8b97-d,CUST00310,2026-06-24 14:36:47,5233.07,web,wire_transfer,0,1,0,0,0,0,999.0,0,0,8.562944457093131
TXNf330f931-3,CUST00310,2026-06-28 05:01:48,2169.04,mobile,wire_transfer,0,1,0,0,0,0,999.0,0,0,7.68250087954434
TXN0937a982-9,CUST00310,2026-06-29 20:41:55,2122.14,mobile,jewellery,0,1,0,0,0,0,999.0,0,0,7.660651403947295
TXN6553b96b-a,CUST00310,2026-07-02 13:20:41,7330.01,mobile,grocery,0,1,0,0,0,0,999.0,0,0,8.899868575293043
TXNb6f957dc-a,CUST00310,2026-07-03 19:49:05,193173.08,web,wire_transfer,1,1,1,1,1,4,4.0,1,1,12.171347030269414
TXN6334db06-5,CUST00310,2026-07-10 06:21:59,522.6,atm,utilities,0,1,1,1,0,0,16.0,0,0,6.260728034035745
TXN4a25cec8-c,CUST00310,2026-07-14 10:42:35,325.0,mobile,electronics,0,1,0,0,0,0,999.0,0,0,5.786897381366708
TXN5fd229bc-8,CUST00311,2026-06-16 20:52:52,3788.15,mobile,retail,0,1,0,0,0,0,999.0,0,0,8.239896998516874
TXN9f6f4967-b,CUST00311,2026-06-19 13:42:45,1454.83,atm,utilities,0,1,0,0,0,0,999.0,0,0,7.283331463698099
TXN419b7333-9,CUST00311,2026-06-20 01:17:57,9032.74,mobile,retail,0,1,0,0,0,0,999.0,0,0,9.108721735636568
TXNe5de9e28-5,CUST00311,2026-06-24 13:37:27,139.01,mobile,grocery,0,1,0,0,0,0,999.0,0,0,4.941713848629834
TXN14a3ffe6-b,CUST00311,2026-06-26 02:16:21,1688.59,mobile,electronics,1,1,0,0,0,0,999.0,0,0,7.4322411749338215
TXN65adafab-2,CUST00311,2026-06-26 09:52:04,1103.39,mobile,jewellery,0,1,0,0,0,0,999.0,0,0,7.007048425324676
TXN01e1af8f-8,CUST00311,2026-07-01 01:03:06,46774.21,mobile,wire_transfer,1,1,1,1,1,4,15.0,1,1,10.753108640709979
TXNd5b6eac1-2,CUST00311,2026-07-06 21:45:03,13734.25,mobile,jewellery,0,1,0,0,0,0,999.0,0,0,9.52772080003828
TXN8257909d-5,CUST00311,2026-07-08 07:40:01,5687.2,mobile,utilities,1,1,0,0,0,0,999.0,0,0,8.64614913260894
TXNa684b83b-1,CUST00311,2026-07-12 06:30:12,1287.69,branch,grocery,0,1,0,0,0,0,999.0,0,0,7.1613814775063425
TXNeede901c-b,CUST00312,2026-06-17 11:20:02,450.34,mobile,travel,0,1,0,0,0,0,999.0,0,0,6.112220935743764
TXN4c71b0d5-b,CUST00312,2026-06-22 02:23:22,578.67,web,utilities,0,1,0,0,0,0,999.0,0,0,6.362458976100922
TXN63300ee1-0,CUST00312,2026-07-08 02:33:03,334.85,mobile,travel,0,1,0,0,0,0,999.0,0,0,5.816664631712873
TXN346003a3-6,CUST00312,2026-07-08 07:11:28,695.68,mobile,grocery,0,1,0,0,0,0,999.0,0,0,6.5463261948635845
TXNc27f9590-3,CUST00312,2026-07-12 11:50:30,357.19,web,retail,0,1,0,0,0,0,999.0,0,0,5.881063571872314
TXN720f2288-0,CUST00312,2026-07-14 22:17:50,411.0,branch,electronics,0,1,0,0,0,0,999.0,0,0,6.021023349349527
TXNabfe1fb5-a,CUST00312,2026-07-15 08:22:27,576.34,web,grocery,0,1,0,0,0,0,999.0,0,0,6.358431347731711
TXNdc406c3b-2,CUST00313,2026-06-20 13:21:49,1447.64,mobile,grocery,1,1,0,0,0,0,999.0,0,0,7.2783804642475936
TXN4da9b236-d,CUST00313,2026-06-21 23:50:47,20589.65,web,electronics,0,1,0,0,0,0,999.0,0,0,9.932592368246235
TXN36df253c-a,CUST00313,2026-06-27 15:39:50,765.94,web,grocery,0,1,1,1,0,0,14.0,0,0,6.642408571449488
TXN37809a0a-4,CUST00313,2026-06-28 04:10:58,1980.61,atm,grocery,0,1,0,0,0,0,999.0,0,0,7.591664924589546
TXNe3e492f3-9,CUST00313,2026-07-11 15:27:38,2137.84,mobile,utilities,0,1,1,1,0,0,25.0,0,0,7.668018904975625
TXN032a0c06-4,CUST00313,2026-07-12 21:25:19,2486.47,atm,utilities,0,1,0,0,0,0,999.0,0,0,7.819021408658514
TXNa5d83148-0,CUST00313,2026-07-14 16:31:14,4896.18,web,jewellery,0,1,0,0,0,0,999.0,0,0,8.496414808225072
TXNda495408-0,CUST00314,2026-06-17 19:49:55,1057.98,web,wire_transfer,1,1,0,0,0,0,999.0,0,0,6.965061459681803
TXN53cdc93f-b,CUST00314,2026-06-18 15:17:07,1472.8,mobile,jewellery,0,1,0,0,0,0,999.0,0,0,7.2955993783328985
TXN7ddee37d-e,CUST00314,2026-06-20 20:08:19,2772.52,web,grocery,0,1,0,0,0,0,999.0,0,0,7.927872550574391
TXN9a106a52-6,CUST00314,2026-06-23 06:46:36,1067.11,atm,utilities,0,1,0,0,0,0,999.0,0,0,6.973646010471072
TXNf2612977-7,CUST00314,2026-06-29 04:15:01,2081.92,mobile,utilities,0,1,0,0,0,0,999.0,0,0,7.641526034378454
TXNdb7be180-a,CUST00314,2026-07-02 02:58:24,545.94,web,wire_transfer,0,1,0,0,0,0,999.0,0,0,6.304339107191786
TXN9dca71ef-1,CUST00314,2026-07-02 21:25:38,39399.57,mobile,jewellery,1,1,0,0,0,0,999.0,0,0,10.581535562186454
TXN490c3442-9,CUST00314,2026-07-06 23:48:29,1345.49,web,grocery,1,1,0,0,0,0,999.0,0,0,7.20525648556236
TXN371e7782-5,CUST00315,2026-06-17 18:06:26,3134.18,web,travel,0,1,0,0,0,0,999.0,0,0,8.050441867686713
TXNdb6f3ad4-0,CUST00315,2026-06-17 23:21:26,157.69,mobile,utilities,0,1,0,0,0,0,999.0,0,0,5.066952613574751
TXN28d42725-f,CUST00315,2026-06-19 06:41:53,2616.74,web,wire_transfer,0,1,0,0,0,0,999.0,0,0,7.870066629085783
TXN61a4cd19-7,CUST00315,2026-06-21 06:28:54,4531.77,mobile,grocery,0,1,0,0,0,0,999.0,0,0,8.419088510628653
TXN6c5495bf-f,CUST00315,2026-06-22 02:10:05,3132.27,web,grocery,0,1,0,0,0,0,999.0,0,0,8.049832466619748
TXN137b41c2-5,CUST00315,2026-06-30 16:21:55,4783.3,mobile,retail,0,1,0,0,0,0,999.0,0,0,8.47309500269444
TXNee1eedbf-4,CUST00315,2026-07-14 22:33:13,1653.56,mobile,wire_transfer,0,1,0,0,0,0,999.0,0,0,7.411290391436665
TXNbe87dbac-a,CUST00316,2026-06-16 15:15:25,6213.15,web,utilities,0,1,0,0,0,0,999.0,0,0,8.734584228702525
TXNe32a2749-e,CUST00316,2026-06-18 13:28:09,863.41,mobile,electronics,1,1,0,0,0,0,999.0,0,0,6.762047193283999
TXN05bba5e4-a,CUST00316,2026-06-23 16:22:00,3006.01,web,grocery,0,1,0,0,0,0,999.0,0,0,8.00870150855666
TXN4341fd0e-2,CUST00316,2026-06-25 00:44:03,6298.73,atm,travel,0,1,0,0,0,0,999.0,0,0,8.748262054318372
TXN160a56e1-1,CUST00316,2026-06-27 22:43:44,2208.26,mobile,jewellery,0,1,0,0,0,0,999.0,0,0,7.700412896810864
TXNe60584a2-0,CUST00316,2026-06-30 10:35:36,1603.41,web,jewellery,1,1,0,0,0,0,999.0,0,0,7.380511366736109
TXN07c62bd3-c,CUST00316,2026-07-03 01:51:49,8278.77,mobile,wire_transfer,0,1,0,0,0,0,999.0,0,0,9.021570469215717
TXN3464fd00-e,CUST00316,2026-07-07 14:27:01,1445.7,web,retail,0,1,1,1,0,0,12.0,0,0,7.277040379635545
TXN79fc3831-e,CUST00316,2026-07-12 05:32:08,855.63,mobile,electronics,0,1,0,0,0,0,999.0,0,0,6.753006086748723
TXNc5001e3e-f,CUST00317,2026-06-16 17:47:32,493.0,mobile,wire_transfer,0,1,0,0,0,0,999.0,0,0,6.202535517187923
TXNf91070e0-2,CUST00317,2026-06-18 18:44:36,192455.05,mobile,wire_transfer,1,1,1,1,1,3,19.0,1,1,12.167623094954584
TXNdeaaacaa-7,CUST00317,2026-06-27 13:27:30,2499.54,branch,travel,0,1,0,0,0,0,999.0,0,0,7.824261987531651
TXN07a76739-6,CUST00317,2026-07-03 17:41:41,4953.73,web,retail,0,1,0,0,0,0,999.0,0,0,8.508097954865708
TXN8eb4b40e-b,CUST00317,2026-07-04 06:39:58,1059.99,mobile,utilities,0,1,0,0,0,0,999.0,0,0,6.9669577134988785
TXNb3efbaa9-0,CUST00317,2026-07-04 17:17:09,533.56,web,grocery,0,1,0,0,0,0,999.0,0,0,6.281443978608446
TXNbb3f4297-1,CUST00317,2026-07-09 07:19:14,4178.21,mobile,utilities,0,1,0,0,0,0,999.0,0,0,8.337877512441645
TXNd498736f-6,CUST00317,2026-07-12 00:37:36,27850.95,mobile,retail,1,1,1,1,0,0,8.0,0,0,10.234658260857609
TXN0b45cb04-e,CUST00317,2026-07-12 03:50:07,3485.02,mobile,grocery,0,1,0,0,0,0,999.0,0,0,8.156515963298162
TXN10ae2dfc-3,CUST00317,2026-07-15 17:30:00,6922.09,atm,grocery,0,1,0,0,0,0,999.0,0,0,8.842617480737971
TXN4814e14e-b,CUST00318,2026-06-25 02:44:18,1455.38,web,electronics,0,1,1,1,0,0,20.0,0,0,7.283709183715913
TXN459f5497-a,CUST00318,2026-06-25 14:40:03,12996.38,web,retail,0,1,0,0,0,0,999.0,0,0,9.472503077670531
TXN3c1d10be-3,CUST00318,2026-06-28 06:12:54,2839.75,mobile,retail,0,1,0,0,0,0,999.0,0,0,7.9518233807981185
TXNcd4c01b3-3,CUST00318,2026-06-28 14:07:26,851.06,web,electronics,0,1,1,1,0,0,5.0,0,0,6.747656946884977
TXN007fb3cb-c,CUST00318,2026-07-05 22:07:48,4213.3,web,travel,0,1,0,0,0,0,999.0,0,0,8.34623878309736
TXN5d316263-4,CUST00319,2026-06-28 17:25:35,177738.52,mobile,wire_transfer,1,1,1,1,1,2,2.0,1,1,12.088074386714947
TXN6f72bca4-d,CUST00319,2026-07-01 10:15:34,4185.44,mobile,utilities,1,1,0,0,0,0,999.0,0,0,8.339606009761061
TXN7d10257c-b,CUST00319,2026-07-06 21:06:07,6210.58,web,utilities,0,1,0,0,0,0,999.0,0,0,8.734170570907509
TXNdf9f1099-0,CUST00319,2026-07-11 19:51:06,541.14,web,wire_transfer,0,1,0,0,0,0,999.0,0,0,6.295524270668303
TXNd9347309-b,CUST00319,2026-07-12 03:32:19,1456.44,mobile,retail,0,1,0,0,0,0,999.0,0,0,7.2844367509965
TXN5f0bb32f-e,CUST00320,2026-06-18 13:18:19,4137.73,mobile,jewellery,0,1,0,0,0,0,999.0,0,0,8.328144256472855
TXN66db005e-9,CUST00320,2026-06-20 14:34:26,1547.96,web,travel,0,1,0,0,0,0,999.0,0,0,7.345339016971762
TXN7e984064-e,CUST00320,2026-06-21 18:57:13,26155.85,mobile,grocery,0,1,0,0,0,0,999.0,0,0,10.17186638547689
TXN58c714f2-a,CUST00320,2026-06-25 19:18:50,5932.25,branch,wire_transfer,1,1,0,0,0,0,999.0,0,0,8.688327402569616
TXN58f1a399-f,CUST00320,2026-06-30 01:58:34,31284.07,atm,grocery,0,1,0,0,0,0,999.0,0,0,10.350896265923968
TXN29f5010c-8,CUST00320,2026-07-03 17:13:39,1997.48,branch,travel,0,1,0,0,0,0,999.0,0,0,7.6001421705956735
TXN254c5028-8,CUST00320,2026-07-04 09:58:17,924.31,mobile,wire_transfer,0,1,0,0,0,0,999.0,0,0,6.830128816502325
TXN74cd4a41-5,CUST00320,2026-07-05 10:35:50,799.43,mobile,wire_transfer,0,1,0,0,0,0,999.0,0,0,6.685149083266544
TXNd0713654-2,CUST00320,2026-07-12 05:54:29,306.25,web,retail,0,1,1,1,0,0,8.0,0,0,5.7276617484461445
TXN994a77f9-2,CUST00321,2026-06-21 02:11:15,401.39,web,electronics,0,1,0,0,0,0,999.0,0,0,5.997421767582108
TXNd4fecf58-a,CUST00321,2026-06-22 12:12:45,3091.73,web,grocery,0,1,0,0,0,0,999.0,0,0,8.036809474985308
TXN9a26a065-1,CUST00321,2026-06-23 00:25:01,262.32,web,jewellery,0,1,0,0,0,0,999.0,0,0,5.573370022599676
TXNdc160e3d-e,CUST00321,2026-06-27 06:30:27,846.6,atm,jewellery,1,1,0,0,0,0,999.0,0,0,6.742408826394144
TXN777028e6-a,CUST00321,2026-06-30 15:28:40,348.39,mobile,utilities,0,1,0,0,0,0,999.0,0,0,5.85618877679811
TXN0af20a23-e,CUST00321,2026-07-01 19:05:15,230.7,atm,retail,0,1,0,0,0,0,999.0,0,0,5.44544343143833
TXN5532a5c2-2,CUST00321,2026-07-03 00:02:45,290.39,mobile,wire_transfer,0,1,0,0,0,0,999.0,0,0,5.674662576082349
TXNdc9eec0b-8,CUST00321,2026-07-03 17:40:44,1199.19,mobile,grocery,0,1,1,1,0,0,2.0,0,0,7.090235156576026
TXN5c3e82e9-6,CUST00321,2026-07-11 16:23:02,2759.5,mobile,travel,0,1,0,0,0,0,999.0,0,0,7.9231671017241
TXN2a29e752-f,CUST00322,2026-06-17 00:26:01,3452.91,atm,utilities,0,1,0,0,0,0,999.0,0,0,8.14726220162134
TXN6b4203f7-d,CUST00322,2026-06-20 05:31:32,978.43,branch,jewellery,0,1,0,0,0,0,999.0,0,0,6.886970769797668
TXN1a93a3f1-8,CUST00322,2026-06-21 03:02:29,1137.25,web,grocery,0,1,0,0,0,0,999.0,0,0,7.0372472742148915
TXNb1768686-d,CUST00322,2026-06-27 10:58:48,60027.65,web,wire_transfer,1,1,1,1,1,3,14.0,1,1,11.00257722723739
TXNcc79eeca-d,CUST00322,2026-06-28 04:53:51,2926.09,web,wire_transfer,0,1,1,1,0,0,15.0,0,0,7.981764034425524
TXNd0f64c6d-f,CUST00322,2026-07-10 09:53:54,3207.79,mobile,electronics,0,1,1,1,0,0,5.0,0,0,8.073649198021169
TXN805aadb5-f,CUST00322,2026-07-11 00:14:07,3547.89,web,travel,0,1,0,0,0,0,999.0,0,0,8.174390157519774
TXNef3bbcb5-4,CUST00322,2026-07-13 07:46:01,7327.71,web,grocery,0,1,0,0,0,0,999.0,0,0,8.899554790306853
TXNbff49e06-5,CUST00323,2026-06-16 15:34:53,1668.0,atm,wire_transfer,0,1,0,0,0,0,999.0,0,0,7.419979923661835
TXNcc027d43-d,CUST00323,2026-06-17 03:17:10,1190.25,mobile,electronics,0,1,0,0,0,0,999.0,0,0,7.0827584549684115
TXNb5b25ed1-a,CUST00323,2026-06-17 22:15:05,831.21,web,travel,0,1,0,0,0,0,999.0,0,0,6.72408481281887
TXN1dee8ebf-7,CUST00323,2026-06-21 22:30:23,361.41,web,jewellery,0,1,0,0,0,0,999.0,0,0,5.892776167607106
TXN651c21fd-e,CUST00323,2026-07-10 15:27:24,3530.97,mobile,travel,0,1,0,0,0,0,999.0,0,0,8.169611067916543
TXN648e85eb-d,CUST00323,2026-07-15 10:28:27,1694.01,mobile,wire_transfer,0,1,0,0,0,0,999.0,0,0,7.435443919502162
TXNa4d6c76c-a,CUST00324,2026-06-19 07:30:39,1291.23,mobile,grocery,1,1,1,1,0,0,4.0,0,0,7.164124687074972
TXNb1a63ccf-d,CUST00324,2026-06-22 11:30:27,1190.92,atm,wire_transfer,0,1,0,0,0,0,999.0,0,0,7.083320731279084
TXNc17c2577-3,CUST00324,2026-06-23 16:17:43,4254.5,mobile,electronics,0,1,0,0,0,0,999.0,0,0,8.355967542917016
TXNb1e76ab9-1,CUST00324,2026-06-24 03:42:29,782.26,branch,grocery,0,1,0,0,0,0,999.0,0,0,6.6634646970664715
TXNb75901d0-3,CUST00324,2026-06-30 10:11:18,777.61,mobile,travel,0,1,0,0,0,0,999.0,0,0,6.6575102786592515
TXN35910434-d,CUST00324,2026-07-02 21:26:34,1542.62,mobile,retail,0,1,0,0,0,0,999.0,0,0,7.341885586304066
TXNfcea545a-c,CUST00324,2026-07-04 08:38:24,1957.92,web,travel,0,1,0,0,0,0,999.0,0,0,7.580148579948864
TXNf822c3b6-c,CUST00324,2026-07-05 18:32:27,5430.61,web,travel,0,1,0,0,0,0,999.0,0,0,8.599990869901081
TXN7ec59e55-1,CUST00324,2026-07-14 23:23:18,777.04,mobile,electronics,0,1,0,0,0,0,999.0,0,0,6.656777936738491
TXNf398d16e-1,CUST00325,2026-06-18 06:30:20,1569.24,web,jewellery,0,1,0,0,0,0,999.0,0,0,7.358983752901539
TXN02b49d26-6,CUST00325,2026-06-18 13:07:05,553.57,branch,jewellery,0,1,0,0,0,0,999.0,0,0,6.318193038678568
TXN3503ae05-1,CUST00325,2026-06-18 13:55:40,1181.48,atm,wire_transfer,1,2,0,0,0,0,999.0,0,0,7.075369206903817
TXN73dd8d31-4,CUST00325,2026-06-18 18:00:41,1223.73,web,retail,1,1,0,0,0,0,999.0,0,0,7.110475690522113
TXNf1e34d6c-6,CUST00325,2026-06-22 18:02:49,585.34,mobile,jewellery,1,1,0,0,0,0,999.0,0,0,6.3738998261014554
TXN0426fe7b-0,CUST00325,2026-06-22 19:31:19,218756.89,web,wire_transfer,1,1,1,1,1,2,15.0,1,1,12.295720872140834
TXNae34097a-c,CUST00325,2026-07-02 21:12:23,1794.69,mobile,electronics,0,1,0,0,0,0,999.0,0,0,7.493144628173405
TXN793daf5a-b,CUST00326,2026-06-21 18:43:49,524.47,web,jewellery,0,1,0,0,0,0,999.0,0,0,6.264293100200241
TXN97e4e173-9,CUST00326,2026-06-26 19:59:32,2586.43,mobile,utilities,0,1,0,0,0,0,999.0,0,0,7.8584203840675855
TXNfa1d8ded-7,CUST00326,2026-06-28 19:57:46,48122.25,web,wire_transfer,1,1,1,1,1,2,2.0,1,1,10.781520707292549
TXNeb680076-9,CUST00326,2026-07-05 06:03:13,1516.19,mobile,electronics,1,1,0,0,0,0,999.0,0,0,7.324615218704174
TXN59fbb46d-5,CUST00326,2026-07-07 08:44:44,152.42,web,utilities,0,1,0,0,0,0,999.0,0,0,5.03317925853115
TXN57d9f647-4,CUST00326,2026-07-11 18:08:34,4026.83,atm,travel,0,1,0,0,0,0,999.0,0,0,8.300983048379791
TXNc0bf3b37-6,CUST00326,2026-07-13 18:02:40,954.5,web,utilities,0,1,0,0,0,0,999.0,0,0,6.862234763680328
TXN4dc4f59c-3,CUST00326,2026-07-15 23:42:15,224.97,mobile,jewellery,0,1,1,1,0,0,13.0,0,0,5.4204022470982745
TXNaf5235bc-f,CUST00327,2026-06-16 17:46:39,15782.75,web,electronics,0,1,0,0,0,0,999.0,0,0,9.66673620875289
TXNa19ccc9a-b,CUST00327,2026-06-17 09:02:04,9365.01,web,retail,0,1,0,0,0,0,999.0,0,0,9.144842457434567
TXNe171582b-9,CUST00327,2026-06-18 11:00:05,2093.44,mobile,travel,0,1,0,0,0,0,999.0,0,0,7.647041493521771
TXN408d5212-7,CUST00327,2026-06-18 17:44:03,191051.41,mobile,wire_transfer,1,1,1,1,1,3,13.0,1,1,12.160303067294306
TXN3ed1d8f8-1,CUST00327,2026-06-22 12:37:48,4371.64,mobile,wire_transfer,0,1,0,0,0,0,999.0,0,0,8.383122224676352
TXN9a861a16-3,CUST00327,2026-06-30 08:56:22,2530.04,web,retail,0,1,0,0,0,0,999.0,0,0,7.83638556445027
TXN61458972-0,CUST00327,2026-07-03 03:10:07,19924.91,mobile,electronics,0,1,0,0,0,0,999.0,0,0,9.899776173882767
TXN6c362d23-1,CUST00327,2026-07-11 23:04:39,1801.13,atm,travel,0,1,0,0,0,0,999.0,0,0,7.496724577630543
TXNc25110f8-7,CUST00327,2026-07-13 05:07:56,1208.7,web,grocery,0,1,0,0,0,0,999.0,0,0,7.098127673965803
TXN613dec3a-7,CUST00327,2026-07-13 21:38:44,4216.68,web,retail,0,1,0,0,0,0,999.0,0,0,8.347040492821776
TXNb43bf88c-c,CUST00328,2026-07-06 01:21:36,17444.12,web,wire_transfer,0,1,0,0,0,0,999.0,0,0,9.766815232359038
TXN9d1c92f0-3,CUST00328,2026-07-06 22:11:42,8097.84,web,grocery,0,1,0,0,0,0,999.0,0,0,8.999476120528474
TXN52a7c5d6-0,CUST00328,2026-07-08 11:54:32,20544.03,branch,grocery,0,1,0,0,0,0,999.0,0,0,9.930374341525741
TXN8921349f-e,CUST00329,2026-06-30 19:00:34,1288.9,mobile,grocery,0,1,0,0,0,0,999.0,0,0,7.162319974971091
TXNaf0f134e-0,CUST00329,2026-06-30 21:20:40,161489.87,web,wire_transfer,1,1,1,1,1,4,2.0,1,1,11.992203887539086
TXN819c84c4-e,CUST00329,2026-07-08 15:30:50,1525.69,mobile,grocery,0,1,0,0,0,0,999.0,0,0,7.330857272166119
TXN2e654dcc-8,CUST00329,2026-07-12 11:37:42,5636.35,web,grocery,0,1,0,0,0,0,999.0,0,0,8.637169375918145
TXN90a71d24-b,CUST00329,2026-07-14 02:39:17,3371.63,mobile,travel,0,1,0,0,0,0,999.0,0,0,8.123448134410896
TXN40d1ff56-0,CUST00329,2026-07-14 03:29:38,1524.54,web,jewellery,0,2,0,0,0,0,999.0,0,0,7.330103724724139
TXNacdcb47b-d,CUST00329,2026-07-15 15:24:45,15356.77,web,wire_transfer,0,1,0,0,0,0,999.0,0,0,9.639376813870028
TXN6d3e4848-5,CUST00330,2026-06-19 03:48:52,2771.16,mobile,wire_transfer,1,1,0,0,0,0,999.0,0,0,7.9273820787017755
TXN8448d4ed-b,CUST00330,2026-06-25 00:02:01,2172.32,atm,retail,0,1,0,0,0,0,999.0,0,0,7.684011231264445
TXN73a44f97-e,CUST00330,2026-06-27 07:50:46,1587.29,mobile,utilities,0,1,0,0,0,0,999.0,0,0,7.370413244781498
TXN0a3169f7-2,CUST00330,2026-07-07 08:50:24,5324.69,mobile,grocery,0,1,0,0,0,0,999.0,0,0,8.58029755964798
TXNf7f3dc54-2,CUST00330,2026-07-13 14:00:38,1511.99,web,electronics,0,1,0,0,0,0,999.0,0,0,7.321843104381187
TXNb6bd6dbe-3,CUST00331,2026-06-22 05:15:11,1090.38,branch,wire_transfer,0,1,0,0,0,0,999.0,0,0,6.995198229497181
TXNfa926f97-b,CUST00331,2026-06-23 14:48:56,2258.11,mobile,travel,1,1,0,0,0,0,999.0,0,0,7.7227262093949225
TXN2a184cbc-1,CUST00331,2026-06-23 15:32:59,2009.44,mobile,jewellery,0,2,0,0,0,0,999.0,0,0,7.606108882569451
TXN63265564-0,CUST00331,2026-06-24 22:37:30,3161.54,web,travel,0,1,0,0,0,0,999.0,0,0,8.059130781177132
TXNa7641ff1-c,CUST00331,2026-06-27 13:46:04,825.09,web,utilities,0,1,0,0,0,0,999.0,0,0,6.716703726423168
TXN9564d4c1-a,CUST00331,2026-06-30 07:42:04,2290.26,atm,travel,0,1,0,0,0,0,999.0,0,0,7.736857163574287
TXNf2b2d2f2-b,CUST00331,2026-07-07 13:49:09,1245.14,mobile,grocery,0,1,1,1,0,0,14.0,0,0,7.127806052586099
TXN7b6deeca-3,CUST00331,2026-07-08 16:39:18,894.12,web,retail,0,1,0,0,0,0,999.0,0,0,6.7969577874994656
TXN39323a07-2,CUST00331,2026-07-11 18:05:12,1619.4,mobile,grocery,0,1,0,0,0,0,999.0,0,0,7.390428311328535
TXN6070b244-c,CUST00331,2026-07-15 17:50:49,2319.1,atm,wire_transfer,0,1,0,0,0,0,999.0,0,0,7.749365567179704
TXNcb59b151-5,CUST00332,2026-06-20 00:49:22,2462.62,branch,utilities,1,1,0,0,0,0,999.0,0,0,7.809387091980942
TXN5e48245a-b,CUST00332,2026-06-23 13:46:23,939.33,web,jewellery,0,1,0,0,0,0,999.0,0,0,6.8462308774853495
TXN79810edf-5,CUST00332,2026-06-24 11:21:35,11046.74,web,utilities,1,1,0,0,0,0,999.0,0,0,9.309981161140954
TXN6fb0c665-4,CUST00332,2026-06-25 19:44:37,2472.59,web,electronics,0,1,0,0,0,0,999.0,0,0,7.813425815694116
TXN1122e28f-6,CUST00332,2026-06-28 04:19:12,975.4,web,jewellery,0,1,0,0,0,0,999.0,0,0,6.883872338518805
TXNb55a478e-0,CUST00332,2026-07-09 21:29:17,984.3,atm,retail,0,1,0,0,0,0,999.0,0,0,6.892946163328429
TXNe0b641d0-4,CUST00332,2026-07-11 05:03:51,1372.08,mobile,retail,0,1,0,0,0,0,999.0,0,0,7.224811670640096
TXN060fc65e-9,CUST00332,2026-07-13 05:30:42,1200.78,mobile,electronics,0,1,0,0,0,0,999.0,0,0,7.091559070057242
TXN6b2afb3a-1,CUST00332,2026-07-14 05:51:14,8773.07,mobile,jewellery,0,1,0,0,0,0,999.0,0,0,9.079556059811498
TXN8bc15738-f,CUST00333,2026-06-17 17:41:33,1439.6,mobile,retail,0,1,0,0,0,0,999.0,0,0,7.272814972455262
TXN7a5653b3-4,CUST00333,2026-06-19 05:13:43,7310.72,web,travel,1,1,0,0,0,0,999.0,0,0,8.897233819184152
TXN324ef0f7-a,CUST00333,2026-06-25 21:14:56,1188.73,atm,travel,0,1,0,0,0,0,999.0,0,0,7.081481669605671
TXN161cd674-2,CUST00333,2026-07-05 07:06:21,3465.9,web,retail,1,1,0,0,0,0,999.0,0,0,8.151016101888601
TXN2334fcc4-e,CUST00333,2026-07-05 09:33:05,726.14,mobile,retail,1,1,0,0,0,0,999.0,0,0,6.589119031208451
TXN1da85583-6,CUST00333,2026-07-08 11:56:33,1325.66,mobile,utilities,0,1,0,0,0,0,999.0,0,0,7.19041978447212
TXN3e447305-e,CUST00333,2026-07-11 10:44:06,1395.93,mobile,electronics,0,1,1,1,0,0,8.0,0,0,7.242032250628603
TXN33d3958a-3,CUST00333,2026-07-11 19:57:00,903.3,mobile,grocery,0,1,0,0,0,0,999.0,0,0,6.807161163746434
TXNa800d519-c,CUST00333,2026-07-15 22:39:46,7513.88,mobile,wire_transfer,0,1,0,0,0,0,999.0,0,0,8.924640333995711
TXN7afac8ce-d,CUST00334,2026-06-20 23:16:07,1783.61,web,electronics,0,1,0,0,0,0,999.0,0,0,7.486955182946933
TXN44113459-a,CUST00334,2026-06-24 09:06:27,1005.03,mobile,electronics,0,1,0,0,0,0,999.0,0,0,6.913767171288604
TXN5f321f6d-0,CUST00334,2026-06-27 04:54:49,425.39,web,travel,1,1,0,0,0,0,999.0,0,0,6.05535442041903
TXN4da7f632-0,CUST00334,2026-07-06 01:47:04,1533.64,web,electronics,0,1,0,0,0,0,999.0,0,0,7.3360511048280825
TXNbf23f095-2,CUST00334,2026-07-06 11:00:25,2571.04,web,retail,0,1,0,0,0,0,999.0,0,0,7.852454637336111
TXN031d45fc-c,CUST00334,2026-07-10 13:01:47,5401.09,mobile,grocery,0,1,1,1,0,0,13.0,0,0,8.594541194709889
TXN51ccaa40-2,CUST00334,2026-07-15 10:45:13,415.43,mobile,retail,0,1,0,0,0,0,999.0,0,0,6.0317183802551275
TXNdbd34a94-8,CUST00335,2026-06-29 06:10:59,3856.76,mobile,utilities,0,1,0,0,0,0,999.0,0,0,8.257841983132518
TXN8d938a78-6,CUST00335,2026-06-29 07:03:11,2465.4,mobile,grocery,0,2,0,0,0,0,999.0,0,0,7.810514876571941
TXN25391b09-8,CUST00335,2026-07-01 18:04:10,8612.51,mobile,utilities,0,1,0,0,0,0,999.0,0,0,9.061087179853997
TXN7a49c96a-1,CUST00335,2026-07-05 23:33:45,211.76,mobile,grocery,0,1,0,0,0,0,999.0,0,0,5.360164769874117
TXNaac5e8a3-2,CUST00335,2026-07-08 12:47:33,3535.86,mobile,utilities,0,1,0,0,0,0,999.0,0,0,8.17099460685581
TXNa9fe494e-3,CUST00335,2026-07-09 12:24:44,1259.97,branch,retail,0,1,0,0,0,0,999.0,0,0,7.13963654503957
TXN36d0bb41-7,CUST00335,2026-07-13 22:45:49,7544.41,web,grocery,1,1,0,0,0,0,999.0,0,0,8.92869471034848
TXNa028dc87-d,CUST00336,2026-06-16 12:32:28,2255.58,mobile,utilities,0,1,0,0,0,0,999.0,0,0,7.721605671773995
TXNa07f3385-3,CUST00336,2026-06-24 11:23:30,626.44,web,retail,0,1,0,0,0,0,999.0,0,0,6.441648048904411
TXNd3f63623-3,CUST00336,2026-06-28 01:15:31,1236.33,atm,wire_transfer,0,1,0,0,0,0,999.0,0,0,7.120711111268835
TXN520b7950-d,CUST00336,2026-07-04 18:02:59,4516.52,mobile,utilities,0,1,1,1,0,0,16.0,0,0,8.415718449684032
TXN129543a4-f,CUST00336,2026-07-09 00:53:46,4019.3,mobile,jewellery,0,1,0,0,0,0,999.0,0,0,8.299111805694292
TXNc09b61e4-0,CUST00336,2026-07-09 04:56:32,555.87,web,grocery,0,1,0,0,0,0,999.0,0,0,6.32233181950912
TXNe8527018-b,CUST00337,2026-06-21 02:07:09,848.47,mobile,travel,0,1,0,0,0,0,999.0,0,0,6.744612625597289
TXN68127855-e,CUST00337,2026-06-21 10:23:26,1197.72,mobile,grocery,1,1,0,0,0,0,999.0,0,0,7.089009599815669
TXNa2a5ef39-c,CUST00337,2026-06-23 09:10:40,652.52,atm,wire_transfer,0,1,0,0,0,0,999.0,0,0,6.482373137033614
TXN1336d4de-c,CUST00337,2026-06-24 08:08:03,246626.48,mobile,wire_transfer,1,1,1,1,1,3,2.0,1,1,12.415634299027019
TXN5fa9a39e-e,CUST00337,2026-06-24 16:32:32,2430.09,atm,travel,1,1,1,1,0,0,3.0,0,0,7.796094995432561
TXNb4586ea4-1,CUST00337,2026-06-25 21:18:37,1651.16,mobile,electronics,0,1,0,0,0,0,999.0,0,0,7.409838801691285
TXNf30b15eb-9,CUST00337,2026-06-27 23:33:04,858.59,web,wire_transfer,0,1,0,0,0,0,999.0,0,0,6.756455531382866
TXNd61c8113-9,CUST00337,2026-07-05 16:53:38,343.23,mobile,retail,0,1,0,0,0,0,999.0,0,0,5.841310038608051
TXN85713253-9,CUST00337,2026-07-11 10:08:37,1005.36,mobile,utilities,1,1,0,0,0,0,999.0,0,0,6.914095139528317
TXN314e9b45-0,CUST00337,2026-07-12 23:11:27,1249.28,mobile,travel,0,1,0,0,0,0,999.0,0,0,7.131122805212093
TXNc5ddf574-2,CUST00337,2026-07-13 00:16:54,277.07,mobile,jewellery,0,1,0,0,0,0,999.0,0,0,5.627872880555851
TXN6ad5401e-0,CUST00337,2026-07-15 02:13:36,3306.25,web,utilities,1,1,1,1,0,0,7.0,0,0,8.10387230734249
TXN576b67e3-e,CUST00338,2026-06-22 01:58:03,95757.03,web,wire_transfer,1,1,1,1,1,3,12.0,1,1,11.46957976775625
TXNd6e9fa04-d,CUST00338,2026-06-22 06:38:21,10806.07,web,wire_transfer,1,1,0,0,0,0,999.0,0,0,9.28795582856543
TXNa67155cd-7,CUST00338,2026-06-27 17:52:01,1772.74,atm,grocery,0,1,0,0,0,0,999.0,0,0,7.480845590685281
TXN9af4ab8a-8,CUST00338,2026-07-01 23:00:41,1012.55,mobile,travel,0,1,0,0,0,0,999.0,0,0,6.9212142986662935
TXNdafa1c94-4,CUST00338,2026-07-08 07:52:20,586.38,branch,retail,0,1,0,0,0,0,999.0,0,0,6.3756719698362065
TXN7cdfa469-8,CUST00338,2026-07-15 01:46:55,1320.47,web,wire_transfer,0,1,0,0,0,0,999.0,0,0,7.1865000323110655
TXN4702fe75-5,CUST00338,2026-07-15 22:37:00,749.7,mobile,jewellery,0,1,0,0,0,0,999.0,0,0,6.6210061045789566
TXN2323f3de-9,CUST00339,2026-06-16 14:37:23,13847.49,mobile,utilities,1,1,0,0,0,0,999.0,0,0,9.53593148040104
TXN996e782f-9,CUST00339,2026-06-23 14:44:10,1155.49,atm,retail,0,1,0,0,0,0,999.0,0,0,7.053144834855035
TXN8861972e-5,CUST00339,2026-06-24 05:30:05,2024.26,mobile,electronics,0,1,1,1,0,0,24.0,0,0,7.613453366360427
TXNb1012b0f-1,CUST00339,2026-06-24 19:09:35,501.41,mobile,wire_transfer,0,1,0,0,0,0,999.0,0,0,6.219416519414497
TXNed441085-5,CUST00339,2026-06-24 22:58:29,1166.59,mobile,grocery,0,1,0,0,0,0,999.0,0,0,7.0626970743663735
TXN101c778c-a,CUST00339,2026-07-04 06:28:05,2374.71,mobile,travel,0,1,0,0,0,0,999.0,0,0,7.7730516191613015
TXNef252aa8-4,CUST00339,2026-07-08 05:07:18,557.05,branch,wire_transfer,0,1,0,0,0,0,999.0,0,0,6.324448564101724
TXN8f6875a3-b,CUST00339,2026-07-10 14:25:22,404.3,mobile,electronics,0,1,0,0,0,0,999.0,0,0,6.004627533634263
TXN982cd08d-4,CUST00339,2026-07-14 03:26:10,3848.78,mobile,retail,0,1,0,0,0,0,999.0,0,0,8.255771282791972
TXN9cf116dc-c,CUST00340,2026-06-18 03:30:33,1435.5,branch,wire_transfer,0,1,0,0,0,0,999.0,0,0,7.269964878419344
TXNf8eb51b8-5,CUST00340,2026-06-18 09:56:41,3517.86,web,grocery,0,1,0,0,0,0,999.0,0,0,8.165892352500626
TXNab707385-6,CUST00340,2026-06-24 04:28:33,9245.75,mobile,retail,0,1,0,0,0,0,999.0,0,0,9.132027417416772
TXN30a19d7d-4,CUST00340,2026-06-28 16:10:11,397.91,web,travel,0,1,0,0,0,0,999.0,0,0,5.988735827536725
TXN55c275e2-d,CUST00340,2026-06-29 12:50:43,3845.87,mobile,grocery,0,1,0,0,0,0,999.0,0,0,8.255015109615679
TXN474d3a1a-6,CUST00340,2026-06-30 12:28:52,382.61,web,jewellery,1,1,0,0,0,0,999.0,0,0,5.949626411491186
TXNcd5fe3f4-2,CUST00340,2026-07-12 19:48:16,5632.43,mobile,wire_transfer,0,1,1,1,0,0,1.0,0,0,8.636473771859142
TXN3d4a49ae-e,CUST00340,2026-07-14 01:36:46,5834.9,mobile,electronics,0,1,0,0,0,0,999.0,0,0,8.671783774471882
TXN3f3d2b89-a,CUST00341,2026-06-18 05:42:33,3537.79,web,electronics,1,1,0,0,0,0,999.0,0,0,8.171540139788577
TXN85261ad4-9,CUST00341,2026-06-20 13:53:00,3636.48,mobile,electronics,0,1,0,0,0,0,999.0,0,0,8.199046413182845
TXNa22966c4-c,CUST00341,2026-06-25 04:35:57,3047.93,mobile,grocery,0,1,0,0,0,0,999.0,0,0,8.02254598837771
TXN5fffe8e6-7,CUST00341,2026-06-25 13:35:32,1479.94,mobile,grocery,0,1,0,0,0,0,999.0,0,0,7.300432300280339
TXNb66e550b-5,CUST00341,2026-06-30 23:21:18,2485.61,atm,travel,0,1,0,0,0,0,999.0,0,0,7.8186756160662885
TXNb7900752-7,CUST00341,2026-07-04 23:15:15,13545.62,web,grocery,1,1,0,0,0,0,999.0,0,0,9.51389234869643
TXNe3245730-2,CUST00341,2026-07-05 10:57:39,136691.51,mobile,wire_transfer,1,1,1,1,1,4,15.0,1,1,11.825489229696666
TXN75863743-9,CUST00341,2026-07-08 21:34:36,3110.43,web,grocery,0,1,1,1,0,0,6.0,0,0,8.042837706568356
TXNb905a7b6-b,CUST00341,2026-07-11 03:19:15,584.72,web,jewellery,0,1,0,0,0,0,999.0,0,0,6.372841859687057
TXN3457c8d7-5,CUST00341,2026-07-16 02:23:12,1499.3,web,wire_transfer,1,1,0,0,0,0,999.0,0,0,7.313420367092967
TXNd2376d22-9,CUST00342,2026-06-17 22:50:00,3595.0,web,jewellery,0,1,0,0,0,0,999.0,0,0,8.18757739559151
TXN11092f7a-0,CUST00342,2026-06-18 08:28:58,2241.0,web,grocery,0,1,0,0,0,0,999.0,0,0,7.715123603632105
TXN8cf996a3-d,CUST00342,2026-06-22 18:51:50,5108.37,mobile,grocery,0,1,0,0,0,0,999.0,0,0,8.538831387925967
TXNef4bd7a8-7,CUST00342,2026-06-28 00:41:10,1485.37,mobile,wire_transfer,0,1,0,0,0,0,999.0,0,0,7.304092184863429
TXN6ba57136-9,CUST00342,2026-07-05 10:33:46,4382.77,mobile,grocery,0,1,0,0,0,0,999.0,0,0,8.385664363747944
TXN1fda98c9-4,CUST00342,2026-07-07 16:31:05,3264.62,web,wire_transfer,0,1,0,0,0,0,999.0,0,0,8.091204916485626
TXNfb48ac14-0,CUST00342,2026-07-08 16:01:07,1624.44,web,retail,0,1,0,0,0,0,999.0,0,0,7.3935338273432345
TXN413b48c4-e,CUST00342,2026-07-11 22:57:17,11291.18,mobile,wire_transfer,0,1,0,0,0,0,999.0,0,0,9.331865729735174
TXN4135b443-2,CUST00342,2026-07-12 19:26:55,1156.75,mobile,grocery,0,1,0,0,0,0,999.0,0,0,7.054233745360861
TXN7d53c706-f,CUST00343,2026-06-24 15:38:26,4258.41,mobile,grocery,0,1,0,0,0,0,999.0,0,0,8.356885932019148
TXN6fea84f5-7,CUST00343,2026-07-03 03:11:40,426.78,atm,travel,0,1,0,0,0,0,999.0,0,0,6.058609044737312
TXN23c52c31-1,CUST00343,2026-07-11 22:01:14,2357.96,mobile,grocery,0,1,0,0,0,0,999.0,0,0,7.765976122926483
TXNc2978392-5,CUST00344,2026-06-23 07:31:28,1912.03,mobile,jewellery,0,1,0,0,0,0,999.0,0,0,7.556443651491883
TXN0a813e88-0,CUST00344,2026-06-25 12:20:35,2277.83,web,wire_transfer,0,1,0,0,0,0,999.0,0,0,7.731417432343176
TXN209ebc46-4,CUST00344,2026-07-05 11:59:49,613.77,atm,utilities,0,1,0,0,0,0,999.0,0,0,6.4212482141173215
TXN1b829ae1-4,CUST00344,2026-07-12 08:38:38,3331.54,web,jewellery,0,1,0,0,0,0,999.0,0,0,8.111490054981578
TXNbe36c36d-e,CUST00345,2026-06-25 22:41:16,2269.57,web,grocery,0,1,0,0,0,0,999.0,0,0,7.727786180276374
TXN386e995d-3,CUST00345,2026-06-27 06:57:49,1966.81,mobile,grocery,0,1,0,0,0,0,999.0,0,0,7.5846765282360105
TXN0f5449d1-9,CUST00345,2026-07-02 10:00:31,1560.89,mobile,jewellery,0,1,0,0,0,0,999.0,0,0,7.353651905384637
TXN0a39561f-3,CUST00345,2026-07-03 00:20:43,1568.34,mobile,travel,1,1,0,0,0,0,999.0,0,0,7.358410427791394
TXNfa11f0e7-5,CUST00345,2026-07-09 23:05:19,769.42,mobile,travel,0,1,0,0,0,0,999.0,0,0,6.646935820686926
TXN48c08d33-4,CUST00345,2026-07-14 10:26:25,5093.81,mobile,grocery,0,1,0,0,0,0,999.0,0,0,8.535977653499264
TXNf765f8a0-c,CUST00346,2026-06-17 06:12:47,2294.78,web,jewellery,0,1,0,0,0,0,999.0,0,0,7.7388279340332105
TXN3f068051-1,CUST00346,2026-06-18 18:37:50,3397.91,mobile,jewellery,0,1,0,0,0,0,999.0,0,0,8.131210070969564
TXNcf3eb0d7-4,CUST00346,2026-06-21 23:53:02,931.11,atm,grocery,0,1,0,0,0,0,999.0,0,0,6.8374508334721735
TXNc329732b-5,CUST00346,2026-06-29 06:14:30,10487.32,branch,jewellery,0,1,0,0,0,0,999.0,0,0,9.258017536038341
TXN8aad970f-3,CUST00346,2026-06-30 10:44:03,380.5,atm,utilities,1,1,0,0,0,0,999.0,0,0,5.9441108507245115
TXN478b640b-3,CUST00346,2026-06-30 18:07:37,688.19,web,travel,0,1,0,0,0,0,999.0,0,0,6.535516994972189
TXN290fb2bd-f,CUST00346,2026-07-01 09:14:14,2701.83,web,retail,0,1,0,0,0,0,999.0,0,0,7.902054651216834
TXNe4529643-2,CUST00346,2026-07-04 04:21:04,5375.59,mobile,travel,1,1,0,0,0,0,999.0,0,0,8.589809623205031
TXN05e05148-2,CUST00346,2026-07-04 06:11:34,2073.13,mobile,wire_transfer,0,1,0,0,0,0,999.0,0,0,7.637297067635142
TXNc07126f3-9,CUST00346,2026-07-04 11:08:30,4185.81,mobile,jewellery,0,1,1,1,0,0,19.0,0,0,8.339694386436843
TXN5a8258cb-8,CUST00346,2026-07-10 23:45:47,4987.7,mobile,wire_transfer,0,1,0,0,0,0,999.0,0,0,8.514930633761978
TXN9d37c5a6-b,CUST00346,2026-07-11 08:53:04,2367.02,atm,retail,0,1,0,0,0,0,999.0,0,0,7.769809441914175
TXN3df5516b-3,CUST00346,2026-07-14 18:03:08,288.75,mobile,jewellery,1,1,0,0,0,0,999.0,0,0,5.669018482219861
TXNabd13f1a-3,CUST00347,2026-06-26 07:41:35,611.89,mobile,wire_transfer,0,1,0,0,0,0,999.0,0,0,6.418185474483234
TXNdc63a196-9,CUST00347,2026-06-26 21:52:22,452.06,atm,electronics,0,1,0,0,0,0,999.0,0,0,6.1160245670433895
TXNd8e77ca2-1,CUST00347,2026-07-01 21:42:17,5095.4,mobile,grocery,0,1,0,0,0,0,999.0,0,0,8.536289687107226
TXN7237e20d-6,CUST00347,2026-07-11 23:06:56,2741.17,mobile,jewellery,0,1,0,0,0,0,999.0,0,0,7.91650485674164
TXNac5e1ec3-e,CUST00348,2026-06-19 10:04:15,4100.99,web,jewellery,0,1,0,0,0,0,999.0,0,0,8.319227500794153
TXNc3dab31b-8,CUST00348,2026-06-22 10:09:22,1451.52,web,grocery,0,1,0,0,0,0,999.0,0,0,7.281055257994437
TXN71b2b47a-b,CUST00348,2026-06-23 18:23:50,1215.46,web,wire_transfer,0,1,0,0,0,0,999.0,0,0,7.103700280466374
TXNe35bba6d-b,CUST00348,2026-06-30 06:16:36,9122.02,branch,jewellery,1,1,0,0,0,0,999.0,0,0,9.118556168604389
TXNc02d7e7f-9,CUST00348,2026-07-03 16:16:34,210988.3,web,wire_transfer,1,1,1,1,1,2,13.0,1,1,12.25956270027189
TXNe0099d7a-c,CUST00348,2026-07-09 16:55:35,1845.29,mobile,travel,0,1,0,0,0,0,999.0,0,0,7.520933499149148
TXN054da197-5,CUST00348,2026-07-11 11:09:05,30406.93,web,jewellery,0,1,0,0,0,0,999.0,0,0,10.322458708640653
TXN5a6f9b6b-5,CUST00349,2026-06-23 05:02:12,5474.35,web,travel,0,1,0,0,0,0,999.0,0,0,8.608011479582101
TXNb705e692-3,CUST00349,2026-06-30 01:46:25,7318.3,web,travel,0,1,0,0,0,0,999.0,0,0,8.898269973967368
TXN634d7549-9,CUST00349,2026-07-06 00:35:22,963.79,mobile,utilities,0,1,0,0,0,0,999.0,0,0,6.871910461076752
TXN13cdaa4c-b,CUST00349,2026-07-06 16:46:19,493.08,mobile,travel,0,1,0,0,0,0,999.0,0,0,6.202697447396357
TXN61233eea-3,CUST00349,2026-07-06 23:37:27,1261.7,branch,jewellery,0,1,0,0,0,0,999.0,0,0,7.141007564444634
TXN676cf539-c,CUST00349,2026-07-12 15:52:52,94769.45,mobile,wire_transfer,1,1,1,1,1,3,2.0,1,1,11.459212930791049
TXN3499a783-9,CUST00349,2026-07-13 13:25:32,4433.11,atm,jewellery,0,1,1,1,0,0,11.0,0,0,8.39708219816804
TXNaeeb5608-b,CUST00349,2026-07-14 19:54:17,911.53,web,jewellery,0,1,0,0,0,0,999.0,0,0,6.816220961628548
TXN0599e1f2-c,CUST00350,2026-06-16 19:17:26,1408.02,atm,retail,0,1,0,0,0,0,999.0,0,0,7.250649706262099
TXN6c944bca-e,CUST00350,2026-06-22 02:50:21,385.95,web,jewellery,0,1,0,0,0,0,999.0,0,0,5.9582954857164685
TXN59259acd-4,CUST00350,2026-06-26 14:44:17,2967.13,mobile,travel,0,1,1,1,0,0,7.0,0,0,7.995687403867139
TXN6fb0d297-7,CUST00350,2026-06-27 18:24:14,574.23,mobile,utilities,0,1,0,0,0,0,999.0,0,0,6.354769960818677
TXN5c098a5c-5,CUST00350,2026-07-01 09:29:45,10027.93,mobile,utilities,0,1,0,0,0,0,999.0,0,0,9.21322919530515
TXN108fd94b-b,CUST00350,2026-07-07 06:46:52,942.93,branch,retail,0,1,0,0,0,0,999.0,0,0,6.850052010853692
TXNf5ed7ddf-7,CUST00350,2026-07-16 06:57:05,2737.92,mobile,grocery,0,1,0,0,0,0,999.0,0,0,7.915318961096473
TXN903506bb-e,CUST00350,2026-07-16 07:48:27,580.73,atm,retail,0,2,0,0,0,0,999.0,0,0,6.366006422562636
TXN11186c1a-8,CUST00351,2026-06-16 21:27:16,5232.99,atm,grocery,0,1,0,0,0,0,999.0,0,0,8.562929172503628
TXN4019a1f6-0,CUST00351,2026-06-19 21:04:55,3210.63,web,jewellery,0,1,0,0,0,0,999.0,0,0,8.074533875405274
TXNb504cdaf-1,CUST00351,2026-06-22 19:09:14,204292.86,mobile,wire_transfer,1,1,1,1,1,3,17.0,1,1,12.227314726511699
TXNdefa6d4a-4,CUST00351,2026-06-23 10:51:17,414.28,atm,wire_transfer,1,1,0,0,0,0,999.0,0,0,6.028952991518974
TXN9d8e20d6-1,CUST00351,2026-06-24 15:23:42,229.9,atm,travel,0,1,0,0,0,0,999.0,0,0,5.44198471636045
TXN28791fa4-7,CUST00351,2026-06-25 08:13:08,1453.11,web,travel,0,1,0,0,0,0,999.0,0,0,7.282149308601906
TXN244220c6-4,CUST00351,2026-06-25 17:51:34,1462.52,atm,utilities,0,1,0,0,0,0,999.0,0,0,7.288599771908054
TXN094a8492-d,CUST00351,2026-06-27 06:44:54,624.9,mobile,wire_transfer,0,1,0,0,0,0,999.0,0,0,6.439190613930656
TXN9ef63a80-1,CUST00351,2026-06-29 05:42:24,1874.6,web,utilities,0,1,0,0,0,0,999.0,0,0,7.536683887215431
TXN0c485217-5,CUST00351,2026-06-30 16:58:59,2345.82,web,utilities,0,1,0,0,0,0,999.0,0,0,7.760816499258445
TXN68d2a842-3,CUST00351,2026-07-01 07:11:55,708.55,web,retail,0,1,0,0,0,0,999.0,0,0,6.564630966280546
TXNc8794a56-a,CUST00351,2026-07-08 23:39:03,1186.71,mobile,grocery,0,1,0,0,0,0,999.0,0,0,7.079782362379338
TXN87eb754a-9,CUST00351,2026-07-10 07:37:28,607.61,mobile,jewellery,0,1,0,0,0,0,999.0,0,0,6.411177668481348
TXN95e2f91b-d,CUST00351,2026-07-11 17:37:17,2718.82,web,electronics,0,1,1,1,0,0,3.0,0,0,7.9083209806296955
TXNe95e8740-5,CUST00351,2026-07-11 19:55:32,3353.4,mobile,wire_transfer,0,1,0,0,0,0,999.0,0,0,8.118028195856553
TXN4151344e-e,CUST00351,2026-07-12 21:03:56,994.74,atm,retail,0,1,0,0,0,0,999.0,0,0,6.90348617932993
TXN889dc47e-2,CUST00352,2026-06-19 13:46:31,1478.54,web,utilities,0,1,0,0,0,0,999.0,0,0,7.299486507635659
TXNc7706e6d-1,CUST00352,2026-06-21 11:07:47,202027.89,web,wire_transfer,1,1,1,1,1,2,9.0,1,1,12.216165985958964
TXNd034ce89-8,CUST00352,2026-06-24 21:01:41,420.81,mobile,grocery,0,1,0,0,0,0,999.0,0,0,6.04455497568209
TXN2bfaba2d-d,CUST00352,2026-06-25 12:52:43,9115.47,branch,retail,0,1,0,0,0,0,999.0,0,0,9.117837946737268
TXNe5141d91-8,CUST00352,2026-06-26 21:26:34,118952.86,mobile,wire_transfer,1,1,1,1,1,3,9.0,1,1,11.686490965814095
TXNc972d38d-3,CUST00352,2026-06-27 01:08:16,501.71,branch,wire_transfer,0,1,0,0,0,0,999.0,0,0,6.220013463080742
TXNc5d899df-1,CUST00352,2026-07-02 07:09:30,412.6,mobile,retail,0,1,0,0,0,0,999.0,0,0,6.024899323194219
TXN046606f6-3,CUST00352,2026-07-04 03:08:38,6495.81,web,travel,0,1,0,0,0,0,999.0,0,0,8.779066566186325
TXN9a463e70-3,CUST00352,2026-07-04 21:27:42,2204.76,mobile,grocery,0,1,0,0,0,0,999.0,0,0,7.698827399697287
TXN2ac09858-2,CUST00352,2026-07-07 05:36:27,6658.7,web,wire_transfer,0,1,0,0,0,0,999.0,0,0,8.803829717474832
TXN5e723c24-c,CUST00352,2026-07-07 20:05:49,1000.51,branch,wire_transfer,0,1,0,0,0,0,999.0,0,0,6.9092641400784895
TXNc87c1935-d,CUST00352,2026-07-08 12:27:04,629.36,mobile,wire_transfer,0,1,0,0,0,0,999.0,0,0,6.44629108475387
TXN49ca4ae6-2,CUST00352,2026-07-08 15:18:37,2791.22,mobile,utilities,0,1,0,0,0,0,999.0,0,0,7.934592257339582
TXNdde7110f-f,CUST00352,2026-07-09 09:31:28,319.28,mobile,wire_transfer,1,1,0,0,0,0,999.0,0,0,5.769195613204433
TXN6c5b07b6-f,CUST00352,2026-07-09 19:19:59,2694.04,web,travel,0,1,0,0,0,0,999.0,0,0,7.899168325533508
TXNd8b6a802-2,CUST00353,2026-06-20 03:48:14,4856.79,web,utilities,0,1,0,0,0,0,999.0,0,0,8.48833888096207
TXN9be5662a-d,CUST00353,2026-06-23 11:37:26,470.54,mobile,utilities,0,1,0,0,0,0,999.0,0,0,6.156003934106138
TXNb6a35409-1,CUST00353,2026-06-29 10:49:09,6149.2,mobile,electronics,0,1,0,0,0,0,999.0,0,0,8.724239880596992
TXNc87d01c2-9,CUST00353,2026-07-04 03:43:56,118.48,web,utilities,0,1,0,0,0,0,999.0,0,0,4.783148993347909
TXN74773879-3,CUST00353,2026-07-12 17:20:10,576.86,mobile,grocery,0,1,0,0,0,0,999.0,0,0,6.359331624800828
TXNa5b8f158-f,CUST00354,2026-06-19 21:25:08,1384.37,mobile,travel,0,1,1,1,0,0,4.0,0,0,7.233722530958202
TXN49861a4a-0,CUST00354,2026-06-29 04:07:52,804.31,atm,grocery,0,1,0,0,0,0,999.0,0,0,6.691227296456922
TXNfb9c7872-1,CUST00354,2026-07-05 13:58:24,6824.27,mobile,retail,0,1,0,0,0,0,999.0,0,0,8.828387179710228
TXNe387eb15-6,CUST00354,2026-07-07 19:14:03,592.51,mobile,grocery,0,1,0,0,0,0,999.0,0,0,6.38605406310744
TXN8ce17e35-6,CUST00354,2026-07-08 04:35:27,2843.8,web,jewellery,0,1,0,0,0,0,999.0,0,0,7.953248045319586
TXN9b23854f-a,CUST00354,2026-07-08 23:27:57,8592.73,web,electronics,0,1,0,0,0,0,999.0,0,0,9.058788146573546
TXN7d6dca57-c,CUST00354,2026-07-10 16:20:55,1123.46,web,wire_transfer,1,1,0,0,0,0,999.0,0,0,7.025058199401643
TXNc950824d-5,CUST00354,2026-07-15 10:16:08,5431.88,web,grocery,0,1,0,0,0,0,999.0,0,0,8.600224659062981
TXNd789c624-5,CUST00355,2026-06-18 15:48:22,1329.06,mobile,grocery,0,1,0,0,0,0,999.0,0,0,7.192979332980204
TXN12cb7604-3,CUST00355,2026-06-19 03:15:11,213.88,web,utilities,1,1,0,0,0,0,999.0,0,0,5.3700797327749275
TXN20514111-7,CUST00355,2026-06-21 06:49:35,771.63,mobile,travel,0,1,0,0,0,0,999.0,0,0,6.649800279403248
TXNd66ec576-b,CUST00355,2026-06-21 23:05:14,2429.83,mobile,wire_transfer,0,1,0,0,0,0,999.0,0,0,7.795988041800972
TXN405db449-c,CUST00355,2026-07-02 08:50:20,1026.16,mobile,grocery,0,1,0,0,0,0,999.0,0,0,6.934552991367515
TXNe7775ef5-9,CUST00355,2026-07-09 02:27:56,1580.71,web,grocery,0,1,0,0,0,0,999.0,0,0,7.366261819260894
TXN2ab9aa52-6,CUST00355,2026-07-11 16:36:52,1795.08,mobile,utilities,1,1,0,0,0,0,999.0,0,0,7.49336179129996
TXNc016c62b-a,CUST00356,2026-06-18 11:06:48,4162.87,mobile,travel,0,1,0,0,0,0,999.0,0,0,8.334200209266719
TXN40bf5ca2-7,CUST00356,2026-06-21 01:00:57,141.17,mobile,utilities,0,1,0,0,0,0,999.0,0,0,4.957023524647607
TXNe6876705-0,CUST00356,2026-06-26 16:43:39,375.19,atm,grocery,0,1,0,0,0,0,999.0,0,0,5.930094334908104
TXN97266a28-d,CUST00356,2026-06-27 23:17:40,1198.95,branch,wire_transfer,1,1,0,0,0,0,999.0,0,0,7.090035168241346
TXN7cba8dea-5,CUST00356,2026-07-04 13:38:10,1153.88,web,travel,0,1,0,0,0,0,999.0,0,0,7.051751721454424
TXN4cad3598-6,CUST00356,2026-07-07 18:44:16,2102.78,mobile,utilities,0,1,1,1,0,0,24.0,0,0,7.651491005652894
TXN6577e64d-4,CUST00356,2026-07-08 20:11:20,211.1,mobile,jewellery,0,1,0,0,0,0,999.0,0,0,5.357057861570636
TXN372f9fb6-0,CUST00356,2026-07-12 11:18:28,1383.0,mobile,retail,0,1,0,0,0,0,999.0,0,0,7.232733136177615
TXN23cce3bb-b,CUST00356,2026-07-14 07:12:14,4314.85,atm,grocery,0,1,0,0,0,0,999.0,0,0,8.370049571371853
TXN19edcdbc-e,CUST00357,2026-06-16 17:43:24,2450.3,web,electronics,1,1,0,0,0,0,999.0,0,0,7.804373775058772
TXNe3157b34-6,CUST00357,2026-06-23 13:09:06,3124.27,mobile,wire_transfer,0,1,0,0,0,0,999.0,0,0,8.047275958438236
TXNb67ffa23-7,CUST00357,2026-06-24 15:07:42,4277.34,web,wire_transfer,0,1,0,0,0,0,999.0,0,0,8.361320362875107
TXN2541f181-f,CUST00357,2026-06-25 20:41:16,28226.6,mobile,jewellery,0,1,0,0,0,0,999.0,0,0,10.248055501692987
TXN3466b8f9-e,CUST00357,2026-07-03 09:44:16,4996.1,web,retail,0,1,0,0,0,0,999.0,0,0,8.516613023151171
TXNf5a98c9a-6,CUST00357,2026-07-09 16:52:26,472.04,mobile,jewellery,0,1,0,0,0,0,999.0,0,0,6.1591799515125745
TXN59bdfac9-0,CUST00357,2026-07-15 07:27:36,2814.63,web,grocery,0,1,0,0,0,0,999.0,0,0,7.9429413165997875
TXN0a5fcede-7,CUST00358,2026-06-19 02:20:09,5183.68,mobile,jewellery,0,1,0,0,0,0,999.0,0,0,8.553463402269212
TXNd8e06ea2-d,CUST00358,2026-06-20 19:58:05,1072.31,mobile,electronics,0,1,0,0,0,0,999.0,0,0,6.978502610503611
TXN54da1012-5,CUST00358,2026-06-22 18:52:52,882.28,atm,retail,0,1,0,0,0,0,999.0,0,0,6.783642251130882
TXN13ffe66e-6,CUST00358,2026-06-23 20:50:42,3117.08,mobile,utilities,1,1,0,0,0,0,999.0,0,0,8.044972706761314
TXNd2333b12-5,CUST00358,2026-07-08 20:20:25,1321.2,mobile,jewellery,0,1,1,1,0,0,15.0,0,0,7.187052294899478
TXN81b83de2-e,CUST00359,2026-06-18 01:11:11,2523.16,mobile,wire_transfer,0,1,0,0,0,0,999.0,0,0,7.833663613094107
TXN58d0202b-7,CUST00359,2026-06-25 01:12:52,426.29,mobile,travel,1,1,0,0,0,0,999.0,0,0,6.057462939614605
TXN5f0b5135-8,CUST00359,2026-06-25 04:21:39,1629.94,web,wire_transfer,0,1,0,0,0,0,999.0,0,0,7.396911814697259
TXN8fc45e9e-b,CUST00359,2026-06-26 21:25:55,2234.74,mobile,grocery,0,1,0,0,0,0,999.0,0,0,7.7123275484442875
TXN826f081a-0,CUST00359,2026-07-04 23:03:45,1543.18,mobile,grocery,1,1,0,0,0,0,999.0,0,0,7.342248304100646
TXN5583b4db-6,CUST00359,2026-07-11 19:00:01,2207.48,mobile,jewellery,0,1,0,0,0,0,999.0,0,0,7.700059775075268
TXN19eef9d6-f,CUST00359,2026-07-12 04:30:37,945.7,web,utilities,0,1,0,0,0,0,999.0,0,0,6.852982253134845
TXN5e331ed8-4,CUST00359,2026-07-13 14:34:03,1888.48,web,wire_transfer,0,1,0,0,0,0,999.0,0,0,7.544056937922727
TXNbb404bc8-7,CUST00360,2026-06-17 07:54:34,746.81,web,utilities,0,1,1,1,0,0,18.0,0,0,6.617148935013109
TXN8393a544-c,CUST00360,2026-06-17 07:56:25,2883.6,atm,grocery,0,2,1,1,0,0,19.85,0,0,7.96714152114941
TXN8185ca84-9,CUST00360,2026-06-19 16:54:57,1382.36,atm,wire_transfer,0,1,0,0,0,0,999.0,0,0,7.232270601479267
TXN5484d865-6,CUST00360,2026-06-22 17:22:03,1564.56,web,grocery,0,1,0,0,0,0,999.0,0,0,7.355998866445309
TXNc22c9037-7,CUST00360,2026-06-23 00:51:36,6497.45,mobile,travel,0,1,0,0,0,0,999.0,0,0,8.779318965908793
TXN2740a29d-f,CUST00360,2026-06-26 22:02:53,3141.42,web,grocery,0,1,0,0,0,0,999.0,0,0,8.052748482702011
TXN95eb44d9-8,CUST00360,2026-07-02 20:48:53,1682.44,atm,grocery,0,1,0,0,0,0,999.0,0,0,7.428594597930368
TXN8c490e4c-c,CUST00360,2026-07-04 07:16:05,2926.46,branch,travel,0,1,0,0,0,0,999.0,0,0,7.981890431843086
TXN0b4476b2-0,CUST00361,2026-06-17 19:30:23,961.92,mobile,retail,0,1,0,0,0,0,999.0,0,0,6.869970334619379
TXN35eaede0-e,CUST00361,2026-06-20 15:28:02,2462.72,mobile,jewellery,0,1,0,0,0,0,999.0,0,0,7.809427681832673
TXN24da0109-4,CUST00361,2026-06-22 06:14:15,1090.55,mobile,utilities,0,1,1,1,0,0,1.0,0,0,6.9953539834612055
TXN22087d01-f,CUST00361,2026-06-24 01:57:06,1715.08,mobile,electronics,0,1,0,0,0,0,999.0,0,0,7.447797899007847
TXNe21734c6-d,CUST00361,2026-06-27 16:54:33,2560.35,web,travel,1,1,0,0,0,0,999.0,0,0,7.848289742226757
TXN46983234-6,CUST00361,2026-07-01 09:37:01,983.81,web,utilities,0,1,0,0,0,0,999.0,0,0,6.892448729164749
TXN3242f61c-e,CUST00361,2026-07-03 22:17:02,561.39,web,grocery,0,1,0,0,0,0,999.0,0,0,6.332195559399539
TXN29d4056e-1,CUST00361,2026-07-06 12:24:44,4402.32,mobile,utilities,0,1,0,0,0,0,999.0,0,0,8.390114080834593
TXN3193fb1c-9,CUST00361,2026-07-07 00:12:04,401.79,mobile,grocery,0,1,0,0,0,0,999.0,0,0,5.9984153343197475
TXN9174b136-8,CUST00361,2026-07-15 13:57:48,8126.1,web,electronics,0,1,0,0,0,0,999.0,0,0,9.002959435340971
TXN2a6504e1-f,CUST00362,2026-06-16 20:49:42,14446.55,mobile,wire_transfer,0,1,0,0,0,0,999.0,0,0,9.578280128992313
TXN1d3ea32c-7,CUST00362,2026-06-18 01:43:44,1830.8,mobile,retail,1,1,0,0,0,0,999.0,0,0,7.513054368968887
TXN381692f5-1,CUST00362,2026-06-29 04:09:32,4243.92,branch,utilities,0,1,0,0,0,0,999.0,0,0,8.35347825286704
TXNe6bd4bbc-e,CUST00362,2026-07-03 09:29:12,1288.15,mobile,electronics,0,1,0,0,0,0,999.0,0,0,7.161738365447318
TXNcfcae6b9-7,CUST00362,2026-07-04 03:08:35,2889.31,atm,electronics,0,1,0,0,0,0,999.0,0,0,7.969119041789831
TXN93b91ea1-4,CUST00362,2026-07-04 12:06:57,1248.63,mobile,wire_transfer,0,1,0,0,0,0,999.0,0,0,7.130602786479701
TXN780b8dc0-d,CUST00362,2026-07-07 01:03:03,18936.63,atm,travel,0,1,0,0,0,0,999.0,0,0,9.848906226914632
TXNba2c43ec-4,CUST00362,2026-07-12 06:42:53,3940.62,web,retail,0,1,0,0,0,0,999.0,0,0,8.279347085298472
TXNba5916c5-9,CUST00362,2026-07-13 21:36:23,614.97,atm,wire_transfer,0,1,0,0,0,0,999.0,0,0,6.423198261048872
TXN7fb63b12-4,CUST00363,2026-06-21 05:30:44,368.09,atm,wire_transfer,0,1,0,0,0,0,999.0,0,0,5.911040516740187
TXNa1ab975e-5,CUST00363,2026-06-28 10:43:27,1234.69,mobile,jewellery,1,1,0,0,0,0,999.0,0,0,7.119384797498295
TXN27d54ab0-8,CUST00363,2026-06-28 16:33:07,1916.67,web,retail,1,1,0,0,0,0,999.0,0,0,7.558866186417209
TXN05b08ce0-d,CUST00363,2026-06-29 21:45:40,1426.31,web,retail,0,1,0,0,0,0,999.0,0,0,7.263546832846729
TXNe586ee20-c,CUST00363,2026-07-06 12:40:55,1883.56,web,retail,0,1,0,0,0,0,999.0,0,0,7.541449650884351
TXN5401e034-4,CUST00363,2026-07-07 01:46:08,5060.61,web,grocery,1,1,1,1,0,0,1.0,0,0,8.529439893490594
TXN476a3991-a,CUST00363,2026-07-11 11:03:59,2302.78,mobile,utilities,1,1,0,0,0,0,999.0,0,0,7.742306531145582
TXNb770beaf-d,CUST00363,2026-07-13 10:33:12,1454.98,mobile,retail,0,1,0,0,0,0,999.0,0,0,7.283434492398552
TXN1b435fdc-4,CUST00364,2026-06-20 14:22:26,564.69,mobile,retail,0,1,0,0,0,0,999.0,0,0,6.338046224978795
TXN679b03d4-f,CUST00364,2026-06-21 17:07:57,661.08,mobile,retail,0,1,0,0,0,0,999.0,0,0,6.495386394557178
TXN4ce33ed4-9,CUST00364,2026-06-21 18:02:26,759.73,branch,wire_transfer,1,2,0,0,0,0,999.0,0,0,6.6342784985859495
TXNc6642ca9-1,CUST00365,2026-06-16 18:22:08,1527.14,mobile,wire_transfer,0,1,0,0,0,0,999.0,0,0,7.331806588565981
TXN393f8079-8,CUST00365,2026-06-21 10:26:59,1377.76,mobile,electronics,0,1,0,0,0,0,999.0,0,0,7.228939823487919
TXN69a31ab6-5,CUST00365,2026-06-22 01:03:34,1574.35,web,retail,1,1,0,0,0,0,999.0,0,0,7.362232748794255
TXN0e913294-e,CUST00365,2026-06-26 05:26:34,697.09,web,utilities,0,1,0,0,0,0,999.0,0,0,6.548348034278428
TXNf2d058ca-7,CUST00365,2026-06-28 19:39:09,428.57,web,utilities,0,1,0,0,0,0,999.0,0,0,6.062784708354025
TXNe7b986cb-7,CUST00365,2026-06-30 11:13:27,1053.75,mobile,grocery,0,1,0,0,0,0,999.0,0,0,6.961059051004448
TXNe1789474-3,CUST00365,2026-07-02 14:58:13,521.84,mobile,retail,0,1,0,0,0,0,999.0,0,0,6.259275489917351
TXN3e141965-1,CUST00365,2026-07-03 17:59:36,710.67,mobile,wire_transfer,0,1,0,0,0,0,999.0,0,0,6.567614320824395
TXN910aeb6f-6,CUST00365,2026-07-07 14:55:25,555.35,mobile,grocery,0,1,0,0,0,0,999.0,0,0,6.321397592603709
TXNb2879bdd-1,CUST00365,2026-07-10 09:15:36,521.09,mobile,jewellery,0,1,0,0,0,0,999.0,0,0,6.257839986814193
TXN26696e53-0,CUST00366,2026-06-19 16:38:16,23068.09,mobile,utilities,1,1,0,0,0,0,999.0,0,0,10.046248905222935
TXN3c304193-d,CUST00366,2026-06-22 03:42:30,2780.29,mobile,grocery,0,1,0,0,0,0,999.0,0,0,7.930670127833602
TXN78a118df-0,CUST00366,2026-06-27 08:36:24,1600.51,web,utilities,0,1,1,0,0,0,999.0,0,0,7.378702213175831
TXN99155bef-2,CUST00366,2026-06-29 06:03:39,428.98,web,grocery,0,1,0,0,0,0,999.0,0,0,6.063738695978002
TXN151248e1-1,CUST00366,2026-06-29 14:03:20,1957.36,web,travel,0,1,0,0,0,0,999.0,0,0,7.579862667272816
TXN1667b920-9,CUST00366,2026-06-30 09:58:38,2970.95,branch,electronics,0,1,0,0,0,0,999.0,0,0,7.996973582008377
TXNcb28ac77-f,CUST00366,2026-06-30 22:45:45,1909.0,web,grocery,0,1,1,1,0,0,11.0,0,0,7.554858521040676
TXN36ca9390-9,CUST00366,2026-07-02 12:51:51,1322.51,web,retail,0,1,0,0,0,0,999.0,0,0,7.188042577362072
TXNb3322d31-d,CUST00366,2026-07-05 01:04:00,202869.39,mobile,wire_transfer,1,1,1,1,1,4,8.0,1,1,12.220322581206895
TXNfa75b5fc-7,CUST00366,2026-07-05 14:36:19,5859.43,mobile,utilities,1,1,0,0,0,0,999.0,0,0,8.675978258718553
TXN26e21c56-a,CUST00366,2026-07-05 16:12:30,846.37,web,grocery,0,1,1,1,0,0,20.0,0,0,6.742137435158416
TXNed86a0c9-7,CUST00366,2026-07-06 01:30:38,2425.26,mobile,retail,0,1,0,0,0,0,999.0,0,0,7.7941062560615375
TXN4a9ab305-2,CUST00366,2026-07-07 19:29:32,2132.0,web,jewellery,0,1,0,0,0,0,999.0,0,0,7.665284718471351
TXN6ea28b15-d,CUST00366,2026-07-07 20:01:36,479.09,branch,jewellery,0,2,0,0,0,0,999.0,0,0,6.173973586326008
TXNcdf5a57f-9,CUST00366,2026-07-09 04:30:44,2865.29,mobile,travel,1,1,0,0,0,0,999.0,0,0,7.960773789591527
TXN7c8c9267-3,CUST00366,2026-07-09 13:25:08,3957.65,mobile,retail,0,1,0,0,0,0,999.0,0,0,8.283658337034902
TXNda6b391d-6,CUST00366,2026-07-13 07:10:01,8584.72,mobile,wire_transfer,0,1,1,1,0,0,5.0,0,0,9.057855637025169
TXN5ed13afe-f,CUST00366,2026-07-14 21:44:45,102513.16,mobile,wire_transfer,1,1,1,1,1,4,9.0,1,1,11.537756214360737
TXNadc1e2f7-5,CUST00366,2026-07-15 18:31:50,9063.16,web,travel,1,1,0,0,0,0,999.0,0,0,9.112083454802706
TXNe5865a54-7,CUST00366,2026-07-16 03:21:07,4310.24,web,retail,0,1,0,0,0,0,999.0,0,0,8.368980844735459
TXNe5a5788e-2,CUST00367,2026-06-17 05:04:50,142809.76,web,wire_transfer,1,1,1,1,1,2,4.0,1,1,11.869275676188998
TXNda36967d-9,CUST00367,2026-06-17 19:57:27,805.94,web,wire_transfer,0,1,0,0,0,0,999.0,0,0,6.693249316063513
TXN7f151663-1,CUST00367,2026-06-20 13:30:14,510.09,mobile,wire_transfer,0,1,0,0,0,0,999.0,0,0,6.236545699940093
TXNc6acdcaf-a,CUST00367,2026-06-21 02:46:26,443.13,atm,grocery,0,1,0,0,0,0,999.0,0,0,6.096117312369572
TXN237c56bb-4,CUST00367,2026-06-21 15:08:20,15778.29,mobile,retail,0,1,0,0,0,0,999.0,0,0,9.666453599724756
TXN4a9b0dc7-9,CUST00367,2026-06-23 06:36:24,146103.54,web,wire_transfer,1,1,1,1,1,2,14.0,1,1,11.892077671862419
TXN7d883d25-f,CUST00367,2026-06-24 12:24:18,978.91,atm,jewellery,0,1,1,1,0,0,10.0,0,0,6.8874607307126725
TXN4f4cea72-e,CUST00367,2026-06-29 10:06:55,1385.6,mobile,jewellery,0,1,0,0,0,0,999.0,0,0,7.23460998650839
TXNff0e88ea-0,CUST00367,2026-07-02 03:31:46,740.62,mobile,utilities,0,1,0,0,0,0,999.0,0,0,6.608836982604285
TXN1259d654-8,CUST00367,2026-07-08 20:48:11,681.19,atm,grocery,0,1,0,0,0,0,999.0,0,0,6.525308211419179
TXN0a1d9238-f,CUST00367,2026-07-11 12:28:14,4160.05,web,grocery,0,1,0,0,0,0,999.0,0,0,8.33352272525297
TXNec2c4f79-d,CUST00367,2026-07-14 02:18:24,5350.03,atm,grocery,0,1,0,0,0,0,999.0,0,0,8.585044344724293
TXN48a05e4f-b,CUST00367,2026-07-16 08:46:15,533.42,web,grocery,0,1,0,0,0,0,999.0,0,0,6.281182046671833
TXN096b9227-2,CUST00368,2026-06-17 01:26:17,2844.89,web,retail,0,1,0,0,0,0,999.0,0,0,7.953631127164961
TXN79004406-b,CUST00368,2026-06-20 13:17:07,1445.94,branch,retail,0,1,1,1,0,0,24.0,0,0,7.2772062606715755
TXNcb5475bf-3,CUST00368,2026-06-23 05:03:43,3517.99,mobile,retail,0,1,0,0,0,0,999.0,0,0,8.16592929560115
TXNb9076ff3-2,CUST00368,2026-06-25 16:06:04,722.15,mobile,retail,0,1,0,0,0,0,999.0,0,0,6.583616669519741
TXNe0094827-9,CUST00368,2026-06-29 02:20:24,3221.77,web,electronics,0,1,0,0,0,0,999.0,0,0,8.07799651718403
TXNaa8fb624-4,CUST00368,2026-07-03 18:49:45,1328.34,web,wire_transfer,0,1,0,0,0,0,999.0,0,0,7.192437857446179
TXNff8bb891-1,CUST00368,2026-07-09 11:24:20,130.66,web,jewellery,0,1,0,0,0,0,999.0,0,0,4.88022284203973
TXNa74b151c-4,CUST00368,2026-07-11 04:06:58,4610.45,mobile,jewellery,0,1,0,0,0,0,999.0,0,0,8.436297620157925
TXNf3a2e957-5,CUST00368,2026-07-12 14:14:06,1515.17,web,grocery,0,1,0,0,0,0,999.0,0,0,7.323942697118577
TXN6b000e3b-6,CUST00368,2026-07-13 00:51:22,4159.02,branch,travel,0,1,0,0,0,0,999.0,0,0,8.33327516093606
TXN7616e3a2-3,CUST00368,2026-07-14 05:21:55,395.95,branch,grocery,0,1,0,0,0,0,999.0,0,0,5.983810328171122
TXN56b243cd-d,CUST00368,2026-07-14 21:14:23,1393.74,mobile,utilities,0,1,0,0,0,0,999.0,0,0,7.2404632969562535
TXN3d3fc0e0-9,CUST00369,2026-06-24 03:53:11,1517.68,web,electronics,0,1,0,0,0,0,999.0,0,0,7.325596815491678
TXN552dad08-c,CUST00369,2026-07-06 01:47:47,845.43,mobile,wire_transfer,0,1,0,0,0,0,999.0,0,0,6.741027504710307
TXN68edeed7-6,CUST00369,2026-07-15 03:54:02,822.19,mobile,utilities,0,1,0,0,0,0,999.0,0,0,6.713187036729827
TXN640b1814-2,CUST00370,2026-06-20 19:02:11,201.9,web,electronics,1,1,0,0,0,0,999.0,0,0,5.312713246831769
TXNbab8ad70-8,CUST00370,2026-07-05 12:50:05,1207.84,web,wire_transfer,0,1,0,0,0,0,999.0,0,0,7.097416501079477
TXNab13b31a-a,CUST00370,2026-07-07 01:23:00,2215.5,web,grocery,0,1,0,0,0,0,999.0,0,0,7.703684654185108
TXN0c858251-1,CUST00370,2026-07-07 05:39:55,829.85,mobile,grocery,0,1,0,0,0,0,999.0,0,0,6.722449273147222
TXNb588489e-e,CUST00370,2026-07-09 15:54:12,8209.99,web,retail,0,1,0,0,0,0,999.0,0,0,9.013228779829591
TXNa7fb859f-7,CUST00370,2026-07-15 02:03:01,971.13,mobile,wire_transfer,1,1,0,0,0,0,999.0,0,0,6.879489540373361
TXNcdba8621-d,CUST00371,2026-06-25 02:15:14,5498.16,web,wire_transfer,0,1,0,0,0,0,999.0,0,0,8.612350632283837
TXNf76ffc87-a,CUST00371,2026-07-03 16:29:22,3465.05,mobile,electronics,0,1,0,0,0,0,999.0,0,0,8.150770896022625
TXNdcd1ad00-b,CUST00371,2026-07-05 19:53:16,1468.22,mobile,wire_transfer,1,1,0,0,0,0,999.0,0,0,7.292486926703389
TXNd0013b99-2,CUST00371,2026-07-13 08:32:16,1650.46,web,travel,0,1,0,0,0,0,999.0,0,0,7.4094150241318335
TXNd0d70956-2,CUST00371,2026-07-15 20:34:51,3495.15,branch,wire_transfer,0,1,0,0,0,0,999.0,0,0,8.159417642033471
TXNde823285-0,CUST00372,2026-06-17 01:31:57,1345.41,mobile,travel,1,1,1,1,0,0,9.0,0,0,7.205197070062324
TXN402758b2-f,CUST00372,2026-06-23 09:50:15,2650.33,mobile,travel,0,1,0,0,0,0,999.0,0,0,7.882816679869669
TXNe0222432-7,CUST00372,2026-06-28 07:17:58,164.39,atm,electronics,0,1,1,1,0,0,5.0,0,0,5.108306321269702
TXNf543c14d-5,CUST00372,2026-06-29 08:33:03,1652.32,branch,electronics,1,1,0,0,0,0,999.0,0,0,7.410540666502216
TXNde3e0557-9,CUST00372,2026-07-08 11:51:10,3361.16,web,utilities,1,1,0,0,0,0,999.0,0,0,8.120338903555968
TXNb517272d-f,CUST00372,2026-07-16 02:29:50,2204.57,mobile,grocery,0,1,0,0,0,0,999.0,0,0,7.69874125787606
TXN57cc6c2a-b,CUST00373,2026-06-17 13:41:44,5204.1,web,retail,1,1,0,0,0,0,999.0,0,0,8.557394193160384
TXN56516ab6-5,CUST00373,2026-06-20 02:02:42,287.04,mobile,jewellery,1,1,0,0,0,0,999.0,0,0,5.663099359380666
TXN2e361846-b,CUST00373,2026-06-23 04:09:06,1179.26,branch,electronics,0,1,0,0,0,0,999.0,0,0,7.0734900321716925
TXN33a37a74-8,CUST00373,2026-06-24 10:11:39,705.51,branch,jewellery,0,1,0,0,0,0,999.0,0,0,6.560337356306081
TXN8345d6d3-3,CUST00373,2026-06-27 06:39:06,393.9,mobile,electronics,0,1,0,0,0,0,999.0,0,0,5.978632568292603
TXNc5857b6b-7,CUST00373,2026-06-28 13:16:23,953.62,mobile,jewellery,0,1,0,0,0,0,999.0,0,0,6.8613133555360655
TXN4721fbe9-f,CUST00373,2026-07-10 20:38:58,3471.56,mobile,retail,0,1,0,0,0,0,999.0,0,0,8.152647353096937
TXN025c9425-c,CUST00373,2026-07-12 02:14:36,4483.29,mobile,grocery,1,1,0,0,0,0,999.0,0,0,8.40833545649861
TXN0ac22e6d-2,CUST00373,2026-07-13 00:57:55,133233.3,web,wire_transfer,1,1,1,1,1,2,16.0,1,1,11.799864511446566
TXN32586047-9,CUST00374,2026-06-17 13:33:04,1707.5,atm,travel,0,1,0,0,0,0,999.0,0,0,7.4433710715553465
TXN74d90398-c,CUST00374,2026-06-17 20:55:09,2410.96,web,electronics,0,1,0,0,0,0,999.0,0,0,7.788194973961637
TXN4a4a1b64-8,CUST00374,2026-06-18 00:46:36,7303.48,atm,wire_transfer,0,1,0,0,0,0,999.0,0,0,8.896243137530625
TXN0496122f-5,CUST00374,2026-06-19 13:36:34,2732.34,web,wire_transfer,0,1,0,0,0,0,999.0,0,0,7.913279583605651
TXNf6d20b48-7,CUST00374,2026-06-22 13:08:01,1468.72,web,electronics,0,1,0,0,0,0,999.0,0,0,7.292827185439412
TXN640445a1-8,CUST00374,2026-06-28 13:40:10,17682.24,mobile,travel,0,1,0,0,0,0,999.0,0,0,9.780372577320506
TXNbb3494d1-f,CUST00374,2026-06-30 00:22:44,820.35,web,electronics,0,1,0,0,0,0,999.0,0,0,6.710949327987209
TXNae2bcab8-5,CUST00374,2026-07-06 06:37:53,1730.31,mobile,utilities,0,1,0,0,0,0,999.0,0,0,7.456633626374819
TXNbe7a38c6-b,CUST00374,2026-07-06 06:55:34,104.21,atm,travel,0,2,0,0,0,0,999.0,0,0,4.655958352820196
TXN972a355c-f,CUST00374,2026-07-11 07:24:32,2911.7,mobile,travel,0,1,0,0,0,0,999.0,0,0,7.976835765044209
TXN76aac248-e,CUST00375,2026-06-18 12:44:11,1715.6,web,wire_transfer,1,1,0,0,0,0,999.0,0,0,7.4481008692841195
TXNf70fdc0c-a,CUST00375,2026-06-19 16:07:08,1623.96,web,utilities,0,1,0,0,0,0,999.0,0,0,7.393238479076259
TXN43c36988-7,CUST00375,2026-06-21 13:51:06,1151.38,web,jewellery,0,1,0,0,0,0,999.0,0,0,7.049584647974732
TXNda2777af-a,CUST00375,2026-06-25 11:12:01,2659.67,atm,wire_transfer,0,1,0,0,0,0,999.0,0,0,7.886333249758628
TXNab1e5fcf-3,CUST00375,2026-06-29 08:46:41,466.78,web,grocery,0,1,0,0,0,0,999.0,0,0,6.147998099922748
TXNd5b5984b-5,CUST00375,2026-06-29 16:19:07,8562.54,mobile,travel,0,1,0,0,0,0,999.0,0,0,9.055268935048845
TXN9267e278-9,CUST00375,2026-07-05 22:51:17,952.54,web,grocery,0,1,0,0,0,0,999.0,0,0,6.8601813748684854
TXNd45d91e1-7,CUST00375,2026-07-15 08:41:51,341.35,web,jewellery,0,1,0,0,0,0,999.0,0,0,5.835833605567072
TXN65126fe3-4,CUST00375,2026-07-16 11:19:51,2345.43,atm,utilities,0,1,0,0,0,0,999.0,0,0,7.760650303125319
TXNc44ba50d-c,CUST00376,2026-06-18 15:49:58,746.43,mobile,retail,0,1,0,0,0,0,999.0,0,0,6.616640655394879
TXNf09e64ef-8,CUST00376,2026-06-19 08:15:36,2366.51,atm,jewellery,0,1,0,0,0,0,999.0,0,0,7.769594048916149
TXN00937ba0-6,CUST00376,2026-06-20 21:12:08,776.45,mobile,grocery,0,1,0,0,0,0,999.0,0,0,6.656019333303825
TXNd24e4a96-f,CUST00376,2026-07-01 15:03:31,4876.55,branch,electronics,0,1,0,0,0,0,999.0,0,0,8.492398323597978
TXN137ba9ec-f,CUST00376,2026-07-01 17:19:07,2817.48,atm,retail,1,1,1,1,0,0,5.0,0,0,7.943953011523418
TXNde590698-8,CUST00376,2026-07-04 00:57:49,22606.06,mobile,electronics,0,1,0,0,0,0,999.0,0,0,10.026017525857505
TXN88ba1f6f-3,CUST00376,2026-07-05 16:04:30,4916.71,mobile,travel,0,1,0,0,0,0,999.0,0,0,8.500598253977731
TXNc4d6afc4-4,CUST00376,2026-07-07 00:13:38,9811.99,web,retail,0,1,0,0,0,0,999.0,0,0,9.19146229714962
TXN3aae37b5-8,CUST00376,2026-07-14 17:48:38,1145.33,mobile,grocery,0,1,0,0,0,0,999.0,0,0,7.044320813937888
TXN7f2382b5-0,CUST00376,2026-07-15 10:23:52,3039.21,web,jewellery,0,1,0,0,0,0,999.0,0,0,8.019681870961795
TXN8906a4e2-4,CUST00376,2026-07-16 07:00:32,3169.57,mobile,grocery,0,1,0,0,0,0,999.0,0,0,8.061666661432868
TXN4ad5433b-a,CUST00377,2026-06-17 04:43:29,473.43,atm,travel,0,1,0,0,0,0,999.0,0,0,6.162114083458122
TXNbaaa58f6-3,CUST00377,2026-06-17 22:00:07,903.92,web,jewellery,0,1,0,0,0,0,999.0,0,0,6.807846542002556
TXNb9c8ddd8-8,CUST00377,2026-06-18 21:15:57,733.86,mobile,wire_transfer,0,1,0,0,0,0,999.0,0,0,6.599680004879467
TXNbb23e712-b,CUST00377,2026-06-18 22:15:25,635.8,mobile,electronics,0,2,0,0,0,0,999.0,0,0,6.456455634530173
TXNc798c498-4,CUST00377,2026-06-22 14:31:28,471.05,mobile,grocery,0,1,0,0,0,0,999.0,0,0,6.157084912178526
TXNa7f655fb-8,CUST00377,2026-07-01 02:50:42,2617.28,atm,travel,0,1,0,0,0,0,999.0,0,0,7.87027289262256
TXNc3dd1d6a-1,CUST00377,2026-07-01 23:34:58,210950.21,mobile,wire_transfer,1,1,1,1,1,3,15.0,1,1,12.259382153492423
TXN296fc0d7-6,CUST00377,2026-07-04 04:18:33,2796.02,web,electronics,0,1,0,0,0,0,999.0,0,0,7.936309843694808
TXNecf60826-3,CUST00377,2026-07-04 13:51:50,660.37,web,electronics,0,1,0,0,0,0,999.0,0,0,6.494313441188159
TXN3edf665f-a,CUST00377,2026-07-04 18:27:45,2788.86,branch,wire_transfer,0,1,0,0,0,0,999.0,0,0,7.933746694344923
TXN197634e5-0,CUST00377,2026-07-13 12:39:48,3483.14,web,electronics,0,1,0,0,0,0,999.0,0,0,8.15597652086195
TXN6df3be7a-a,CUST00377,2026-07-14 16:10:22,2487.52,mobile,retail,0,1,0,0,0,0,999.0,0,0,7.819443435236375
TXNc229a415-c,CUST00378,2026-06-19 02:33:50,3839.25,mobile,wire_transfer,0,1,0,0,0,0,999.0,0,0,8.253292747629255
TXN27d3584c-f,CUST00378,2026-06-22 20:24:00,3098.26,atm,utilities,0,1,0,0,0,0,999.0,0,0,8.03891865230013
TXN9d47172c-a,CUST00378,2026-06-25 02:04:38,505.9,mobile,retail,1,1,0,0,0,0,999.0,0,0,6.228313745478304
TXN2dd10250-f,CUST00378,2026-06-25 13:33:56,893.62,mobile,utilities,0,1,0,0,0,0,999.0,0,0,6.796399047109232
TXN10e436c9-3,CUST00378,2026-07-02 17:08:26,570.12,web,travel,0,1,0,0,0,0,999.0,0,0,6.347599345194205
TXNefe5f873-d,CUST00378,2026-07-02 20:03:34,4997.03,web,retail,1,1,0,0,0,0,999.0,0,0,8.516799113777843
TXNa396fc57-8,CUST00378,2026-07-04 10:31:59,153680.92,web,wire_transfer,1,1,1,1,1,3,20.0,1,1,11.942640290857367
TXN56685b02-7,CUST00378,2026-07-08 10:31:56,6000.33,mobile,electronics,0,1,0,0,0,0,999.0,0,0,8.699736390312433
TXNd5cf18c2-c,CUST00378,2026-07-09 12:11:23,528.38,mobile,utilities,0,1,0,0,0,0,999.0,0,0,6.271706510462068
TXN5b33cb3f-1,CUST00378,2026-07-10 22:27:26,2076.4,atm,travel,0,1,0,0,0,0,999.0,0,0,7.638872390793711
TXN2d28746a-5,CUST00378,2026-07-11 14:25:46,16726.27,web,retail,1,1,0,0,0,0,999.0,0,0,9.72479560074926
TXN8b991282-3,CUST00378,2026-07-12 13:28:33,102055.85,mobile,wire_transfer,1,1,1,1,1,4,14.0,1,1,11.533285289944123
TXNff75659e-4,CUST00378,2026-07-16 01:04:58,1398.41,mobile,utilities,0,1,0,0,0,0,999.0,0,0,7.243805998205945
TXN82c273a9-7,CUST00378,2026-07-16 06:30:53,2040.17,mobile,retail,1,1,0,0,0,0,999.0,0,0,7.6212784518448915
TXN2553ff33-2,CUST00379,2026-06-17 03:52:06,1368.68,branch,travel,0,1,0,0,0,0,999.0,0,0,7.222332414896562
TXNcdeb8ab9-9,CUST00379,2026-06-22 16:57:30,859.49,mobile,retail,0,1,0,0,0,0,999.0,0,0,6.757501994433574
TXN04aa8f68-b,CUST00379,2026-07-05 17:28:03,3384.17,web,electronics,0,1,0,0,0,0,999.0,0,0,8.127159405651046
TXNd0b21f98-8,CUST00379,2026-07-06 07:59:37,1139.3,web,jewellery,0,1,0,0,0,0,999.0,0,0,7.039046664663313
TXN7a8b737a-3,CUST00379,2026-07-07 03:08:49,1851.75,mobile,wire_transfer,1,1,0,0,0,0,999.0,0,0,7.524426300831468
TXN161fe564-c,CUST00379,2026-07-15 09:50:10,5394.39,atm,travel,0,1,0,0,0,0,999.0,0,0,8.593300164236126
TXNc69ee73d-8,CUST00380,2026-06-18 20:01:59,640.95,web,travel,0,1,0,0,0,0,999.0,0,0,6.464510419037093
TXNa1ae96a0-c,CUST00380,2026-06-24 11:48:02,3330.7,mobile,grocery,0,1,0,0,0,0,999.0,0,0,8.111237963218842
TXN2ae2c9d1-3,CUST00380,2026-06-24 16:40:13,1289.06,mobile,travel,0,1,0,0,0,0,999.0,0,0,7.162444007901993
TXN7bc19e2f-a,CUST00380,2026-06-24 23:41:23,623.58,mobile,retail,0,1,0,0,0,0,999.0,0,0,6.437079423843196
TXNb285d65b-b,CUST00380,2026-06-27 18:57:10,3364.21,web,travel,0,1,1,0,0,0,999.0,0,0,8.121245647263828
TXNef0d44d7-a,CUST00380,2026-06-28 20:28:22,23536.74,mobile,travel,0,1,0,0,0,0,999.0,0,0,10.066360369408379
TXNbea17713-f,CUST00380,2026-06-29 12:39:21,503.75,mobile,wire_transfer,0,1,0,0,0,0,999.0,0,0,6.224063257192947
TXNda7f624b-5,CUST00380,2026-07-09 17:45:04,5952.63,mobile,electronics,0,1,0,0,0,0,999.0,0,0,8.691756396547682
TXN6eb1de50-c,CUST00380,2026-07-15 01:56:03,928.35,web,jewellery,0,1,0,0,0,0,999.0,0,0,6.834485417054362
TXN527c9dea-6,CUST00381,2026-06-20 05:21:59,234.74,mobile,utilities,0,1,1,1,0,0,14.0,0,0,5.462729502798424
TXN04621030-5,CUST00381,2026-06-20 14:52:37,2021.96,web,jewellery,0,1,0,0,0,0,999.0,0,0,7.612317064357336
TXNbfee7aef-6,CUST00381,2026-06-24 13:49:14,552.52,web,retail,0,1,0,0,0,0,999.0,0,0,6.316297885190556
TXN5f5e9c52-e,CUST00381,2026-06-26 12:20:00,993.56,mobile,travel,0,1,0,0,0,0,999.0,0,0,6.902300428299173
TXNe6647803-3,CUST00381,2026-07-08 05:18:58,3086.88,mobile,grocery,0,1,0,0,0,0,999.0,0,0,8.035240050285967
TXN8eb58d5c-7,CUST00381,2026-07-09 04:21:19,67874.67,mobile,wire_transfer,1,1,1,1,1,2,17.0,1,1,11.125432928274074
TXN30260bb1-7,CUST00381,2026-07-10 08:21:06,535.4,web,grocery,0,1,0,0,0,0,999.0,0,0,6.284880151407523
TXN897e2ce5-4,CUST00382,2026-06-17 01:45:56,1279.36,mobile,jewellery,0,1,0,0,0,0,999.0,0,0,7.154896567370296
TXN22530aa4-1,CUST00382,2026-06-20 00:47:24,659.19,atm,travel,0,1,0,0,0,0,999.0,0,0,6.492527672379203
TXN09f7e468-4,CUST00382,2026-06-21 12:58:43,7770.19,web,wire_transfer,0,1,0,0,0,0,999.0,0,0,8.958178584788099
TXNa3593aec-d,CUST00382,2026-06-27 15:18:49,4908.08,mobile,utilities,0,1,0,0,0,0,999.0,0,0,8.49884183052335
TXN8db7c020-7,CUST00382,2026-07-02 11:15:21,1231.06,web,utilities,1,1,0,0,0,0,999.0,0,0,7.116442844206297
TXN97c75839-1,CUST00382,2026-07-05 06:54:59,1871.97,branch,jewellery,1,1,0,0,0,0,999.0,0,0,7.535280685230923
TXNf0657d73-0,CUST00382,2026-07-07 21:16:05,1505.48,web,travel,0,1,0,0,0,0,999.0,0,0,7.317531082677386
TXN85406adb-9,CUST00382,2026-07-12 20:31:35,1207.34,mobile,jewellery,1,1,0,0,0,0,999.0,0,0,7.097002795846825
TXNcf928274-9,CUST00382,2026-07-12 23:20:32,2296.68,web,utilities,0,1,0,0,0,0,999.0,0,0,7.7396551971892436
TXN50aefe0d-f,CUST00382,2026-07-13 10:43:31,3057.48,web,wire_transfer,0,1,1,1,0,0,10.0,0,0,8.02567333950806
TXNc2f72b1f-b,CUST00382,2026-07-16 01:23:51,4882.26,branch,utilities,0,1,0,0,0,0,999.0,0,0,8.4935683085995
TXNff97588e-f,CUST00383,2026-06-19 18:00:54,621.22,atm,travel,0,1,0,0,0,0,999.0,0,0,6.433293727952072
TXNfb372648-6,CUST00383,2026-06-26 16:58:39,9399.86,atm,travel,0,1,0,0,0,0,999.0,0,0,9.148556453434901
TXN47d9dd10-2,CUST00383,2026-06-29 04:50:51,10009.43,mobile,retail,0,1,0,0,0,0,999.0,0,0,9.211382828429596
TXNd0d14782-4,CUST00383,2026-06-30 00:53:19,2007.86,mobile,wire_transfer,0,1,0,0,0,0,999.0,0,0,7.605322675975573
TXN06b19eec-0,CUST00383,2026-07-02 01:24:28,1167.46,mobile,grocery,0,1,0,0,0,0,999.0,0,0,7.06344192147172
TXN5d210794-8,CUST00383,2026-07-09 13:32:41,4056.93,web,utilities,0,1,0,0,0,0,999.0,0,0,8.308428270360192
TXN2f4d7d4a-5,CUST00383,2026-07-12 13:13:13,3985.65,web,grocery,0,1,0,0,0,0,999.0,0,0,8.290706558225768
TXNbd16c038-4,CUST00383,2026-07-13 07:40:31,144102.27,mobile,wire_transfer,1,1,1,1,1,3,14.0,1,1,11.878285474304741
TXN0c906c01-3,CUST00384,2026-06-18 06:26:35,18290.51,atm,jewellery,0,1,0,0,0,0,999.0,0,0,9.81419229675241
TXNc49b9178-4,CUST00384,2026-06-19 10:58:40,1777.74,mobile,travel,0,1,0,0,0,0,999.0,0,0,7.4836605274627495
TXN1fac9217-e,CUST00384,2026-06-22 22:46:31,1209.25,atm,retail,0,1,0,0,0,0,999.0,0,0,7.0985822288198035
TXN1d061735-5,CUST00384,2026-06-24 00:35:32,4880.57,atm,jewellery,0,1,0,0,0,0,999.0,0,0,8.493222168417464
TXNe9b89caf-8,CUST00384,2026-06-24 23:55:27,136846.83,web,wire_transfer,1,1,1,1,1,3,17.0,1,1,11.826624857565612
TXN232e444c-d,CUST00384,2026-06-28 21:37:43,1516.49,atm,wire_transfer,0,1,0,0,0,0,999.0,0,0,7.3248129331261085
TXN950ce835-3,CUST00384,2026-07-08 07:36:19,364.49,web,travel,0,1,0,0,0,0,999.0,0,0,5.901238919034426
TXN997bd7bb-9,CUST00384,2026-07-14 01:38:59,680.22,web,grocery,0,1,0,0,0,0,999.0,0,0,6.523885308310562
TXNc2b8efc0-d,CUST00384,2026-07-15 12:58:25,4073.42,web,electronics,0,1,0,0,0,0,999.0,0,0,8.312483684256561
TXNf1d799af-f,CUST00385,2026-06-16 14:27:40,3145.66,mobile,wire_transfer,0,1,0,0,0,0,999.0,0,0,8.054096851825124
TXN19b627b5-4,CUST00385,2026-06-17 23:02:59,39301.11,web,wire_transfer,1,1,1,1,1,3,20.0,1,1,10.57903348598355
TXNe8048c91-4,CUST00385,2026-06-21 23:20:22,261.05,branch,wire_transfer,0,1,0,0,0,0,999.0,0,0,5.568535325248176
TXN230b5490-0,CUST00385,2026-06-22 04:17:00,28.99,mobile,utilities,0,1,0,0,0,0,999.0,0,0,3.4008639927609177
TXN5550f4ea-a,CUST00385,2026-06-26 19:06:14,2593.23,mobile,retail,1,1,0,0,0,0,999.0,0,0,7.861045027098438
TXNb67af865-c,CUST00385,2026-06-27 11:45:23,1199.47,web,utilities,0,1,0,0,0,0,999.0,0,0,7.090468425761391
TXNdecc0209-9,CUST00385,2026-06-28 01:36:04,457.76,web,retail,0,1,0,0,0,0,999.0,0,0,6.128527197496322
TXNe0c2442e-e,CUST00385,2026-07-11 11:39:00,5256.59,branch,wire_transfer,0,1,0,0,0,0,999.0,0,0,8.56742802583262
TXNee481499-c,CUST00385,2026-07-14 00:06:53,3163.76,mobile,utilities,0,1,0,0,0,0,999.0,0,0,8.059832502319198
TXNcf3b6e13-7,CUST00386,2026-06-17 22:43:12,808.92,web,wire_transfer,0,1,0,0,0,0,999.0,0,0,6.696935477356759
TXN3f612028-c,CUST00386,2026-06-30 20:14:58,535.65,mobile,electronics,0,1,0,0,0,0,999.0,0,0,6.285346112927534
TXNf08d5f51-9,CUST00386,2026-07-05 05:59:42,1854.54,mobile,grocery,1,1,0,0,0,0,999.0,0,0,7.525931037799954
TXNe432f23e-1,CUST00386,2026-07-08 21:27:50,363.87,mobile,retail,1,1,0,0,0,0,999.0,0,0,5.899541125757332
TXN1b5d3449-8,CUST00386,2026-07-13 14:14:36,340.01,atm,wire_transfer,0,1,0,0,0,0,999.0,0,0,5.8319118023667285
TXNe004c471-8,CUST00387,2026-06-17 07:41:30,223557.57,mobile,wire_transfer,1,1,1,1,1,2,3.0,1,1,12.317428716870065
TXN6e025590-0,CUST00387,2026-06-20 02:50:13,784.83,mobile,wire_transfer,1,1,0,0,0,0,999.0,0,0,6.666740484048958
TXNcfef7fd7-a,CUST00387,2026-06-20 15:05:35,2897.76,web,jewellery,1,1,0,0,0,0,999.0,0,0,7.97203833832662
TXN686cd27d-f,CUST00387,2026-06-21 05:46:47,290.81,mobile,utilities,0,1,0,0,0,0,999.0,0,0,5.676102905549459
TXNbad78868-c,CUST00387,2026-06-25 08:29:14,3181.06,mobile,jewellery,0,1,0,0,0,0,999.0,0,0,8.065284064785326
TXN2f64a0ad-2,CUST00387,2026-06-30 12:26:03,904.56,mobile,wire_transfer,0,1,0,0,0,0,999.0,0,0,6.808553536862105
TXN7e1e7e84-3,CUST00387,2026-07-02 11:48:24,4124.37,branch,grocery,0,1,0,0,0,0,999.0,0,0,8.324910991715946
TXNaeb4eb8e-d,CUST00387,2026-07-06 08:07:57,3607.92,atm,grocery,0,1,0,0,0,0,999.0,0,0,8.191163837591892
TXN6370e0f7-a,CUST00387,2026-07-07 12:18:27,3585.37,branch,wire_transfer,0,1,0,0,0,0,999.0,0,0,8.184895827872047
TXNba8f4592-3,CUST00387,2026-07-09 22:15:20,364.44,mobile,jewellery,0,1,0,0,0,0,999.0,0,0,5.901102107027591
TXNbce4808b-2,CUST00387,2026-07-13 05:10:57,3512.58,web,utilities,0,1,0,0,0,0,999.0,0,0,8.16439073969138
TXNb360e8af-9,CUST00387,2026-07-13 08:19:46,465.98,mobile,travel,0,1,0,0,0,0,999.0,0,0,6.146286430199352
TXN9dcb65be-3,CUST00388,2026-06-16 13:50:50,599.66,atm,grocery,0,1,0,0,0,0,999.0,0,0,6.3980290506594475
TXN940d8bcc-e,CUST00388,2026-06-20 21:12:10,1429.18,web,utilities,0,1,0,0,0,0,999.0,0,0,7.265555589458344
TXNbf2d57e1-3,CUST00388,2026-06-26 07:41:56,841.13,mobile,utilities,0,1,0,0,0,0,999.0,0,0,6.735934396624041
TXN4aeeccef-8,CUST00388,2026-06-29 13:01:34,712.63,mobile,retail,0,1,0,0,0,0,999.0,0,0,6.570364620740873
TXNf945cfd4-6,CUST00388,2026-07-05 13:51:48,12314.26,atm,travel,0,1,0,0,0,0,999.0,0,0,9.418594422796248
TXNb4f7af31-1,CUST00388,2026-07-05 20:39:46,1217.99,web,grocery,0,1,1,1,0,0,8.0,0,0,7.105777926002176
TXN9af20d53-a,CUST00388,2026-07-09 06:55:47,432.47,mobile,grocery,1,1,0,0,0,0,999.0,0,0,6.07182258967363
TXN3fb00e1b-a,CUST00388,2026-07-12 17:04:14,1042.97,mobile,grocery,0,1,0,0,0,0,999.0,0,0,6.950786032397524
TXN1d5720cd-f,CUST00388,2026-07-13 18:25:31,8754.06,web,electronics,0,1,0,0,0,0,999.0,0,0,9.077387097923197
TXN939d1b61-2,CUST00388,2026-07-14 01:08:53,3236.44,web,electronics,0,1,1,1,0,0,23.0,0,0,8.082538173017525
TXN948841cb-a,CUST00388,2026-07-15 23:07:42,8036.25,web,retail,0,1,0,0,0,0,999.0,0,0,8.991842263863063
TXN1c5bb4ce-b,CUST00389,2026-06-17 13:57:16,3741.94,branch,utilities,0,1,0,0,0,0,999.0,0,0,8.227626677853426
TXNa5e0ecfd-b,CUST00389,2026-07-01 04:42:03,8026.38,branch,grocery,0,1,0,0,0,0,999.0,0,0,8.9906134772378
TXN69d1b037-0,CUST00389,2026-07-03 21:41:26,668.18,web,wire_transfer,0,1,0,0,0,0,999.0,0,0,6.506053082234501
TXN650c4a03-a,CUST00389,2026-07-04 12:14:28,787.42,atm,electronics,0,1,0,0,0,0,999.0,0,0,6.670030942790394
TXN00b8a88f-9,CUST00389,2026-07-04 19:18:01,1409.03,mobile,grocery,0,1,0,0,0,0,999.0,0,0,7.251366259741615
TXN46cbeb60-3,CUST00389,2026-07-08 12:24:20,557.51,atm,grocery,0,1,0,0,0,0,999.0,0,0,6.325272523451916
TXN0beba1de-b,CUST00389,2026-07-10 01:24:35,1943.09,web,retail,0,1,0,0,0,0,999.0,0,0,7.57254928024504
TXN72737998-3,CUST00389,2026-07-13 15:21:40,189661.5,mobile,wire_transfer,1,1,1,1,1,3,2.0,1,1,12.153001455833497
TXN3b195b02-0,CUST00389,2026-07-13 23:08:58,3246.15,mobile,grocery,0,1,0,0,0,0,999.0,0,0,8.085532967524887
TXN5e66d8fa-d,CUST00389,2026-07-14 06:00:30,1021.19,mobile,utilities,0,1,0,0,0,0,999.0,0,0,6.929702663464962
TXNdb95e988-3,CUST00390,2026-06-20 21:06:17,7037.27,web,utilities,0,1,0,0,0,0,999.0,0,0,8.859117680317038
TXN466aa217-a,CUST00390,2026-06-22 05:13:19,935.15,web,electronics,0,1,0,0,0,0,999.0,0,0,6.841775720048162
TXN3e2613ab-a,CUST00390,2026-06-23 12:32:00,2850.16,mobile,grocery,0,1,0,0,0,0,999.0,0,0,7.9554812079973845
TXN63a35592-3,CUST00390,2026-07-05 04:40:12,2007.27,web,jewellery,1,1,0,0,0,0,999.0,0,0,7.60502893392379
TXN60f41905-6,CUST00390,2026-07-08 21:05:13,1822.59,mobile,grocery,0,1,0,0,0,0,999.0,0,0,7.508562364665554
TXNaa759a8a-d,CUST00390,2026-07-12 19:15:18,12102.44,web,jewellery,0,1,0,0,0,0,999.0,0,0,9.401244988700611
TXN4a00ae99-8,CUST00391,2026-06-22 21:39:48,1435.56,mobile,grocery,0,1,0,0,0,0,999.0,0,0,7.270006645733642
TXN00c85e9a-4,CUST00391,2026-06-24 09:34:52,43658.47,mobile,electronics,0,1,0,0,0,0,999.0,0,0,10.684175490772352
TXN0f417135-d,CUST00391,2026-06-29 07:58:16,983.33,web,travel,0,1,0,0,0,0,999.0,0,0,6.891961206683354
TXNe19d4f0a-1,CUST00391,2026-06-30 18:07:30,1149.34,mobile,jewellery,0,1,0,0,0,0,999.0,0,0,7.047812829834717
TXN47820b9c-4,CUST00391,2026-07-01 23:36:57,5728.69,mobile,grocery,0,1,0,0,0,0,999.0,0,0,8.65341670702362
TXN461e24a3-f,CUST00391,2026-07-06 01:18:39,2360.66,branch,electronics,0,1,0,0,0,0,999.0,0,0,7.7671200405874785
TXN03864649-c,CUST00391,2026-07-14 13:23:34,1637.22,mobile,jewellery,0,1,0,0,0,0,999.0,0,0,7.401365565528526
TXN0fb83639-2,CUST00391,2026-07-15 00:38:39,2062.26,mobile,retail,0,1,0,0,0,0,999.0,0,0,7.632042535183452
TXN590c3cdc-7,CUST00392,2026-06-18 21:59:56,268.56,mobile,electronics,0,1,0,0,0,0,999.0,0,0,5.596791000078016
TXN468ebdf8-d,CUST00392,2026-06-26 18:08:59,3594.43,atm,travel,0,1,0,0,0,0,999.0,0,0,8.187418873572609
TXN730825d1-3,CUST00392,2026-07-03 02:39:29,173.68,mobile,retail,0,1,0,0,0,0,999.0,0,0,5.16295572861736
TXN63fe0717-f,CUST00392,2026-07-09 07:35:34,265.08,branch,grocery,0,1,0,0,0,0,999.0,0,0,5.583797015444618
TXN87935d69-c,CUST00392,2026-07-10 14:58:58,10612.38,atm,wire_transfer,0,1,0,0,0,0,999.0,0,0,9.269870748265468
TXNbf144332-4,CUST00393,2026-06-16 13:11:42,1028.37,web,jewellery,0,1,0,0,0,0,999.0,0,0,6.936702243603775
TXNa885f19e-d,CUST00393,2026-06-19 08:44:31,1877.24,mobile,grocery,0,1,0,0,0,0,999.0,0,0,7.538090447130212
TXNef19117f-a,CUST00393,2026-06-20 00:27:16,12115.38,mobile,grocery,0,1,0,0,0,0,999.0,0,0,9.402313535141603
TXN91312064-1,CUST00393,2026-06-21 19:14:08,1110.01,branch,wire_transfer,1,1,0,0,0,0,999.0,0,0,7.0130247904992125
TXN3dc0f8cf-1,CUST00393,2026-06-25 12:37:26,1957.6,mobile,wire_transfer,0,1,0,0,0,0,999.0,0,0,7.579985211286694
TXN0463aa5e-2,CUST00393,2026-06-30 02:13:19,985.51,mobile,retail,0,1,0,0,0,0,999.0,0,0,6.894173462258733
TXNb09dcd19-4,CUST00393,2026-07-03 13:26:53,1807.09,branch,wire_transfer,0,1,0,0,0,0,999.0,0,0,7.500026318474262
TXNcf492a27-4,CUST00393,2026-07-04 02:36:28,974.2,mobile,jewellery,0,1,0,0,0,0,999.0,0,0,6.8826425781670615
TXNb8a35c0c-4,CUST00393,2026-07-04 14:44:29,350.66,mobile,retail,1,1,0,0,0,0,999.0,0,0,5.862664799716393
TXNf2d1e6c1-f,CUST00393,2026-07-08 11:20:42,783.43,mobile,utilities,0,1,0,0,0,0,999.0,0,0,6.664957339383802
TXN7c641c58-a,CUST00393,2026-07-11 14:00:39,232.09,mobile,wire_transfer,0,1,1,0,0,0,14.4,0,0,5.451424645078578
TXN3876fdaa-7,CUST00393,2026-07-13 16:26:08,7748.22,web,wire_transfer,0,1,0,0,0,0,999.0,0,0,8.955347472121039
TXN9d148109-d,CUST00394,2026-06-18 15:05:20,2970.79,mobile,retail,0,1,0,0,0,0,999.0,0,0,7.99691974385259
TXN262b2cda-0,CUST00394,2026-06-20 16:55:26,565.53,atm,grocery,0,1,0,0,0,0,999.0,0,0,6.339530035817887
TXN459df649-c,CUST00394,2026-06-20 18:37:59,2821.21,branch,jewellery,0,1,0,0,0,0,999.0,0,0,7.94527554495237
TXN6b732c7a-8,CUST00394,2026-06-23 08:06:04,2093.91,web,grocery,0,1,0,0,0,0,999.0,0,0,7.647265872006248
TXN66e66f92-a,CUST00394,2026-06-23 08:34:08,10423.91,branch,utilities,0,2,0,0,0,0,999.0,0,0,9.251953413536212
TXNbb8cea35-1,CUST00394,2026-07-06 12:09:37,1803.65,mobile,grocery,0,1,0,0,0,0,999.0,0,0,7.498121946147643
TXNab1f5666-f,CUST00394,2026-07-07 21:19:23,354.27,mobile,grocery,0,1,0,0,0,0,999.0,0,0,5.872878063773937
TXN6cc2e20f-c,CUST00394,2026-07-09 10:10:23,287.92,web,electronics,0,1,0,0,0,0,999.0,0,0,5.666149833182646
TXN7f3dcbf9-a,CUST00394,2026-07-09 23:44:44,975.81,mobile,wire_transfer,0,1,0,0,0,0,999.0,0,0,6.884292160254329
TXNc4bbf711-5,CUST00394,2026-07-13 18:30:52,3115.87,web,wire_transfer,0,1,0,0,0,0,999.0,0,0,8.044584572128256
TXN7b2413e8-0,CUST00394,2026-07-15 07:00:33,1261.38,web,utilities,0,1,0,0,0,0,999.0,0,0,7.140754107127074
TXN87a8cadf-e,CUST00394,2026-07-15 07:39:02,8703.73,mobile,retail,1,2,0,0,0,0,999.0,0,0,9.07162183506417
TXN1899598d-5,CUST00395,2026-06-19 22:23:54,1630.12,mobile,travel,1,1,0,0,0,0,999.0,0,0,7.397022174408719
TXN0bb9c606-5,CUST00395,2026-06-27 06:23:28,6759.68,web,retail,0,1,0,0,0,0,999.0,0,0,8.818878755693978
TXN78ac9c5e-5,CUST00395,2026-06-30 21:45:43,664.93,mobile,jewellery,0,1,0,0,0,0,999.0,0,0,6.501184559911355
TXN323eab00-9,CUST00395,2026-07-03 13:52:15,1888.54,web,wire_transfer,0,1,0,0,0,0,999.0,0,0,7.544088692187064
TXN9a00a4e2-f,CUST00395,2026-07-12 15:18:16,6062.46,mobile,jewellery,0,1,0,0,0,0,999.0,0,0,8.710035873225083
TXN13865151-b,CUST00396,2026-06-19 10:27:32,19414.37,mobile,travel,0,1,0,0,0,0,999.0,0,0,9.873820299414
TXNf51ed666-6,CUST00396,2026-06-28 05:53:59,1491.97,mobile,utilities,0,1,0,0,0,0,999.0,0,0,7.308522703566377
TXN88f47eed-6,CUST00396,2026-07-01 01:01:51,2231.88,branch,grocery,0,1,0,0,0,0,999.0,0,0,7.711047511032063
TXN1a44fca1-1,CUST00396,2026-07-01 05:45:57,4058.91,branch,travel,0,1,0,0,0,0,999.0,0,0,8.30891608486239
TXN555b9d60-8,CUST00396,2026-07-03 23:21:50,197072.65,web,wire_transfer,1,1,1,1,1,3,12.0,1,1,12.191332795720706
TXN2312271f-e,CUST00396,2026-07-07 15:18:11,8610.64,mobile,electronics,0,1,0,0,0,0,999.0,0,0,9.060870055473966
TXN0b3b81a9-d,CUST00396,2026-07-15 01:24:10,430.64,web,wire_transfer,0,1,0,0,0,0,999.0,0,0,6.067591907495533
TXN35868ed1-e,CUST00397,2026-06-16 23:20:23,6034.23,web,grocery,0,1,0,0,0,0,999.0,0,0,8.705369243824482
TXN96b0356c-a,CUST00397,2026-06-24 05:46:45,780.73,mobile,utilities,0,1,0,0,0,0,999.0,0,0,6.661509412384205
TXN02fea0e2-4,CUST00397,2026-06-29 22:22:44,2385.27,web,electronics,0,1,0,0,0,0,999.0,0,0,7.777486756356327
TXN3881e713-2,CUST00397,2026-06-30 23:05:47,4794.19,mobile,utilities,0,1,1,1,0,0,9.0,0,0,8.475368611141471
TXN5ef1cb5b-3,CUST00397,2026-07-02 13:27:58,546.51,mobile,electronics,0,1,0,0,0,0,999.0,0,0,6.305380726364039
TXN1eca80e9-6,CUST00397,2026-07-02 18:57:35,194.63,mobile,travel,0,1,0,0,0,0,999.0,0,0,5.276225120073221
TXN8c6ef4cd-f,CUST00397,2026-07-05 01:47:25,8049.35,branch,jewellery,0,1,0,0,0,0,999.0,0,0,8.993470847728327
TXNd12b32e6-7,CUST00398,2026-06-17 15:43:15,1255.58,mobile,grocery,0,1,0,0,0,0,999.0,0,0,7.136149023878475
TXNb062166c-7,CUST00398,2026-06-21 02:23:50,910.55,web,wire_transfer,1,1,0,0,0,0,999.0,0,0,6.815146447249474
TXNc2cb0bc7-f,CUST00398,2026-06-21 08:38:41,2512.72,web,grocery,0,1,0,0,0,0,999.0,0,0,7.829519006654632
TXN8971b1bb-9,CUST00398,2026-06-21 10:30:30,1292.28,atm,retail,0,1,0,0,0,0,999.0,0,0,7.164936905985535
TXNce2fbaf4-1,CUST00398,2026-07-01 12:33:45,1459.33,web,wire_transfer,0,1,0,0,0,0,999.0,0,0,7.286417716559298
TXN3c98fe89-e,CUST00398,2026-07-02 06:07:51,1782.69,mobile,electronics,0,1,0,0,0,0,999.0,0,0,7.486439531224609
TXNa8449e0b-2,CUST00398,2026-07-02 10:46:11,1981.64,atm,wire_transfer,0,1,0,0,0,0,999.0,0,0,7.5921845689223595
TXN01a0960b-b,CUST00398,2026-07-05 09:17:37,1252.98,mobile,wire_transfer,0,1,0,0,0,0,999.0,0,0,7.134077772102363
TXN16b5b5fc-1,CUST00399,2026-06-20 12:53:09,51403.11,web,wire_transfer,1,1,1,1,1,3,7.0,1,1,10.847473409336033
TXNecc06aeb-3,CUST00399,2026-06-23 01:33:29,16886.58,mobile,travel,0,1,0,0,0,0,999.0,0,0,9.734333719488914
TXN696c5060-c,CUST00399,2026-06-27 20:24:21,1975.15,mobile,travel,0,1,0,0,0,0,999.0,0,0,7.588905786357898
TXN5b5dc6ed-e,CUST00399,2026-07-06 18:38:00,1330.72,web,wire_transfer,0,1,0,0,0,0,999.0,0,0,7.194226618792861
TXN6d56ccd8-0,CUST00399,2026-07-13 23:18:35,662.52,mobile,retail,1,1,0,0,0,0,999.0,0,0,6.497558996498071
TXNb2290f1c-8,CUST00400,2026-06-20 07:58:17,880.74,mobile,travel,0,1,0,0,0,0,999.0,0,0,6.781897227968777
TXN32239f5d-2,CUST00400,2026-06-22 18:27:12,1645.29,web,grocery,1,1,0,0,0,0,999.0,0,0,7.406279550408473
TXN18f67e0c-b,CUST00400,2026-06-25 09:19:06,18637.39,atm,travel,0,1,0,0,0,0,999.0,0,0,9.832978711118628
TXN2c0ca9c0-3,CUST00400,2026-07-02 23:52:38,288.16,mobile,travel,1,1,0,0,0,0,999.0,0,0,5.666980168132096
TXNbccb296d-3,CUST00400,2026-07-10 09:35:09,92203.37,mobile,wire_transfer,1,1,1,1,1,3,3.0,1,1,11.431762805384608
TXN0577f0c3-9,CUST00400,2026-07-15 01:18:11,9973.55,mobile,wire_transfer,0,1,0,0,0,0,999.0,0,0,9.207792127958497
TXNa962a21a-0,CUST00401,2026-06-17 20:40:51,425.72,atm,wire_transfer,0,1,0,0,0,0,999.0,0,0,6.056128060433704
TXN226f93e7-9,CUST00401,2026-06-19 16:37:09,1558.55,mobile,electronics,0,1,0,0,0,0,999.0,0,0,7.352152597092089
TXNe988a44d-b,CUST00401,2026-06-26 23:55:41,821.06,branch,jewellery,0,1,1,1,0,0,1.0,0,0,6.711813385093072
TXN21f3eb6f-3,CUST00401,2026-07-03 16:16:59,2390.01,web,grocery,0,1,0,0,0,0,999.0,0,0,7.7794711498000595
TXNa08ba0ef-5,CUST00402,2026-06-26 08:49:08,3167.29,web,grocery,1,1,0,0,0,0,999.0,0,0,8.060947289148789
TXN4cb22b3d-c,CUST00402,2026-06-29 23:14:03,5299.35,mobile,retail,0,1,0,0,0,0,999.0,0,0,8.575528135095666
TXNe6b23125-d,CUST00402,2026-06-30 07:07:48,15473.68,mobile,grocery,0,1,0,0,0,0,999.0,0,0,9.646960418825262
TXN8874a1c5-0,CUST00402,2026-07-02 20:24:46,995.67,atm,grocery,0,1,0,0,0,0,999.0,0,0,6.904419722192635
TXN2767ec01-6,CUST00402,2026-07-07 07:07:54,8339.61,mobile,grocery,0,1,0,0,0,0,999.0,0,0,9.028891634164895
TXN01f39146-6,CUST00402,2026-07-16 06:41:55,1839.73,atm,utilities,0,1,0,0,0,0,999.0,0,0,7.517917511053307
TXN4421c1e1-2,CUST00403,2026-06-17 10:23:41,893.17,mobile,electronics,0,1,0,0,0,0,999.0,0,0,6.795895913695592
TXNfc0221b4-9,CUST00403,2026-06-22 13:59:33,4298.42,web,utilities,0,1,0,0,0,0,999.0,0,0,8.366235408863096
TXNe6233aa1-9,CUST00403,2026-06-28 05:31:34,4314.51,branch,grocery,0,1,0,0,0,0,999.0,0,0,8.369970788885622
TXN275b7c2c-1,CUST00403,2026-07-04 00:59:54,4319.61,mobile,retail,1,1,0,0,0,0,999.0,0,0,8.371151874973554
TXNc3b0de86-1,CUST00403,2026-07-04 15:30:30,2409.81,web,travel,0,1,0,0,0,0,999.0,0,0,7.78771806960095
TXNf3310760-8,CUST00403,2026-07-07 19:44:33,5340.38,web,retail,0,1,0,0,0,0,999.0,0,0,8.583239325534036
TXN3ab09847-6,CUST00403,2026-07-10 03:16:16,963.82,web,grocery,1,1,0,0,0,0,999.0,0,0,6.871941555442973
TXNe4951ebb-d,CUST00403,2026-07-12 23:29:15,1195.69,mobile,jewellery,0,1,0,0,0,0,999.0,0,0,7.087314691231362
TXN8e144e1f-b,CUST00403,2026-07-13 01:52:53,11212.19,mobile,grocery,0,1,0,0,0,0,999.0,0,0,9.324846042935176
TXN284b2e1d-7,CUST00403,2026-07-14 04:25:10,2997.5,atm,travel,0,1,1,1,0,0,25.0,0,0,8.005867442608565
TXN9c672338-2,CUST00404,2026-06-24 03:07:21,724.57,mobile,retail,0,1,0,0,0,0,999.0,0,0,6.586957552852479
TXNc5954f39-c,CUST00404,2026-06-25 09:57:42,2796.97,mobile,electronics,0,1,0,0,0,0,999.0,0,0,7.9366494332237
TXN67e39166-3,CUST00404,2026-06-25 10:06:28,723.1,web,wire_transfer,0,2,0,0,0,0,999.0,0,0,6.5849295043947755
TXNdfedf5fa-1,CUST00404,2026-06-27 05:51:33,1843.86,mobile,jewellery,1,1,0,0,0,0,999.0,0,0,7.52015867283673
TXN477809ce-7,CUST00404,2026-07-03 09:22:41,1053.59,atm,retail,0,1,0,0,0,0,999.0,0,0,6.960907344783254
TXN8868b644-9,CUST00404,2026-07-04 16:52:12,1161.49,atm,retail,1,1,0,0,0,0,999.0,0,0,7.058319535273975
TXN36d25823-9,CUST00404,2026-07-04 22:07:46,8294.59,mobile,utilities,0,1,0,0,0,0,999.0,0,0,9.023479327280178
TXNf42050e8-3,CUST00404,2026-07-10 07:47:45,67.15,web,jewellery,0,1,0,0,0,0,999.0,0,0,4.221711158142542
TXN89131a4a-c,CUST00404,2026-07-14 07:13:23,5840.43,web,utilities,0,1,0,0,0,0,999.0,0,0,8.672730908861917
TXNf316891d-8,CUST00405,2026-06-16 18:32:46,9882.31,web,grocery,0,1,0,0,0,0,999.0,0,0,9.198602754878078
TXNb1cbe822-c,CUST00405,2026-06-17 05:44:53,1884.32,web,retail,0,1,0,0,0,0,999.0,0,0,7.541852846747506
TXN94a64978-a,CUST00405,2026-06-22 03:54:18,91.99,mobile,electronics,0,1,0,0,0,0,999.0,0,0,4.5324919604901055
TXN7ab4d358-8,CUST00405,2026-07-06 14:21:00,2761.59,web,utilities,1,1,0,0,0,0,999.0,0,0,7.923923924480839
TXN3ad0190f-0,CUST00405,2026-07-06 23:22:48,1969.77,atm,retail,0,1,0,0,0,0,999.0,0,0,7.586179608309175
TXN8d620ba6-8,CUST00406,2026-06-18 18:05:25,4777.08,mobile,jewellery,0,1,0,0,0,0,999.0,0,0,8.47179407115287
TXN229da816-d,CUST00406,2026-06-23 02:32:45,6466.55,web,retail,0,1,0,0,0,0,999.0,0,0,8.774552644992806
TXN89fd911f-2,CUST00406,2026-07-02 17:44:03,1112.18,branch,electronics,0,1,0,0,0,0,999.0,0,0,7.014976063266841
TXN205d8635-c,CUST00406,2026-07-13 19:26:41,18871.43,web,grocery,0,1,0,0,0,0,999.0,0,0,9.845457405906359
TXN82278cac-0,CUST00406,2026-07-13 22:57:51,3773.79,atm,retail,0,1,0,0,0,0,999.0,0,0,8.236100030996694
TXNe2696a73-8,CUST00406,2026-07-15 07:35:24,96.12,web,travel,0,1,0,0,0,0,999.0,0,0,4.575947327311188
TXNd9a9a834-7,CUST00407,2026-06-22 14:53:47,11890.98,mobile,electronics,1,1,0,0,0,0,999.0,0,0,9.383619502313682
TXN899df4da-8,CUST00407,2026-06-25 04:45:39,1968.64,web,wire_transfer,0,1,0,0,0,0,999.0,0,0,7.5856060639160905
TXNcd88e44e-2,CUST00407,2026-07-03 05:04:58,1017.63,atm,utilities,0,1,0,0,0,0,999.0,0,0,6.926213866206076
TXN5502ec67-4,CUST00407,2026-07-04 11:07:57,4808.74,mobile,utilities,1,1,0,0,0,0,999.0,0,0,8.47839830758478
TXN2da5ba63-d,CUST00407,2026-07-08 22:12:12,29752.25,branch,retail,0,1,0,0,0,0,999.0,0,0,10.300693648704597
TXNa2e13d75-b,CUST00407,2026-07-13 05:38:52,366.42,mobile,utilities,0,1,0,0,0,0,999.0,0,0,5.906505607880791
TXNd8e3cb62-f,CUST00408,2026-06-21 22:33:52,1668.86,web,utilities,0,1,0,0,0,0,999.0,0,0,7.420495069561345
TXN9ff5846e-2,CUST00408,2026-06-24 16:01:25,1156.59,mobile,jewellery,0,1,0,0,0,0,999.0,0,0,7.054095536717418
TXNb88e33d1-6,CUST00408,2026-06-24 19:07:56,637.99,mobile,grocery,0,1,0,0,0,0,999.0,0,0,6.459888804802811
TXN2a257ecc-7,CUST00408,2026-07-04 06:28:11,493.09,web,electronics,1,1,0,0,0,0,999.0,0,0,6.202717686828843
TXNbcdc99ef-1,CUST00408,2026-07-11 20:28:11,2970.49,web,electronics,0,1,0,0,0,0,999.0,0,0,7.9968187894973335
TXNc67a56e3-0,CUST00409,2026-07-01 16:36:36,1839.96,web,electronics,0,1,0,0,0,0,999.0,0,0,7.518042453674929
TXNc3f67602-0,CUST00409,2026-07-02 15:10:33,233147.06,mobile,wire_transfer,1,1,1,1,1,4,16.0,1,1,12.359428981378345
TXNbe00b0cb-c,CUST00409,2026-07-02 23:44:36,1738.98,atm,electronics,0,1,0,0,0,0,999.0,0,0,7.461628897889642
TXNdce61522-0,CUST00409,2026-07-09 08:06:30,2205.14,mobile,wire_transfer,1,1,0,0,0,0,999.0,0,0,7.6989996610816975
TXN15690641-0,CUST00409,2026-07-13 11:48:07,3538.59,web,wire_transfer,1,1,0,0,0,0,999.0,0,0,8.171766180211218
TXNa17f2016-c,CUST00410,2026-06-21 03:49:06,3125.98,branch,utilities,0,1,0,0,0,0,999.0,0,0,8.047822961530768
TXNa5c5afe1-8,CUST00410,2026-06-29 21:41:33,129076.54,mobile,wire_transfer,1,1,1,1,1,3,4.0,1,1,11.768168588035733
TXN7b1463c9-3,CUST00410,2026-07-04 17:24:59,1972.34,web,utilities,0,1,0,0,0,0,999.0,0,0,7.587482817582614
TXN069d887f-9,CUST00410,2026-07-09 15:28:46,1010.01,mobile,retail,0,1,0,0,0,0,999.0,0,0,6.918705110168388
TXN7060ee63-1,CUST00410,2026-07-14 17:56:40,3905.26,web,utilities,0,1,0,0,0,0,999.0,0,0,8.270335673481435
TXN14c08edd-9,CUST00410,2026-07-15 19:33:50,383.56,atm,retail,0,1,0,0,0,0,999.0,0,0,5.952099823585705
TXN7dbb4c18-4,CUST00411,2026-06-17 03:11:57,2590.49,mobile,wire_transfer,0,1,0,0,0,0,999.0,0,0,7.859988278853264
TXN139c4fd6-c,CUST00411,2026-06-18 23:04:43,1617.2,mobile,wire_transfer,0,1,0,0,0,0,999.0,0,0,7.3890696993737395
TXNa54680ad-8,CUST00411,2026-06-20 19:19:13,1355.41,mobile,electronics,0,1,0,0,0,0,999.0,0,0,7.2125967826808095
TXNd0116cb3-8,CUST00411,2026-06-21 19:49:01,12188.39,mobile,travel,0,1,1,1,0,0,13.0,0,0,9.408321180205997
TXN938df7c1-a,CUST00411,2026-06-26 00:41:10,556.96,web,wire_transfer,0,1,0,0,0,0,999.0,0,0,6.324287275224035
TXN42c40e37-4,CUST00411,2026-06-26 18:19:30,138.42,web,wire_transfer,0,1,0,0,0,0,999.0,0,0,4.937490960058253
TXN5a744822-f,CUST00411,2026-06-26 21:02:18,7601.8,web,grocery,0,1,0,0,0,0,999.0,0,0,8.936271879476683
TXNc362f40b-d,CUST00411,2026-06-27 03:10:26,1623.27,atm,utilities,0,1,0,0,0,0,999.0,0,0,7.392813763060236
TXN1d7af727-a,CUST00411,2026-06-27 14:22:59,824.98,mobile,utilities,1,1,0,0,0,0,999.0,0,0,6.7165705601527765
TXNc9ceacdb-9,CUST00411,2026-07-10 16:14:36,4406.55,mobile,utilities,0,1,0,0,0,0,999.0,0,0,8.39107425850717
TXNfd9c635d-3,CUST00412,2026-06-18 11:37:29,1247.97,atm,utilities,0,1,0,0,0,0,999.0,0,0,7.130074490621739
TXN0c81a3cc-9,CUST00412,2026-06-18 18:47:58,958.43,mobile,electronics,0,1,0,0,0,0,999.0,0,0,6.866339358122546
TXNe2c350af-4,CUST00412,2026-06-19 06:55:25,420.08,mobile,jewellery,0,1,0,0,0,0,999.0,0,0,6.042822839383124
TXN2663afff-8,CUST00412,2026-06-19 22:45:53,3792.47,web,wire_transfer,0,1,0,0,0,0,999.0,0,0,8.241036446482722
TXNcc361369-2,CUST00412,2026-06-20 02:14:53,2647.57,web,electronics,0,1,0,0,0,0,999.0,0,0,7.8817751506900615
TXN780826ff-6,CUST00412,2026-06-21 12:16:40,1783.79,mobile,wire_transfer,0,1,0,0,0,0,999.0,0,0,7.487056040233957
TXN681f9515-0,CUST00412,2026-06-22 06:04:49,2498.43,mobile,retail,0,1,0,0,0,0,999.0,0,0,7.823817984860341
TXN77a1cf7d-6,CUST00412,2026-06-22 20:12:35,2470.86,web,electronics,0,1,0,0,0,0,999.0,0,0,7.812726182669592
TXN0a148b9f-b,CUST00412,2026-06-23 19:44:11,4405.0,web,jewellery,0,1,0,0,0,0,999.0,0,0,8.39072252736229
TXN2b94906d-d,CUST00412,2026-06-28 12:52:21,9238.33,atm,wire_transfer,0,1,0,0,0,0,999.0,0,0,9.131224651184182
TXNbac70b9c-6,CUST00412,2026-06-29 21:27:12,3925.58,mobile,electronics,0,1,0,0,0,0,999.0,0,0,8.275524096986592
TXNa2fcab34-5,CUST00412,2026-07-07 20:36:09,930.36,web,travel,0,1,0,0,0,0,999.0,0,0,6.836645883523426
TXN0c8b2089-a,CUST00412,2026-07-12 06:31:36,3120.89,mobile,jewellery,1,1,0,0,0,0,999.0,0,0,8.04619386663018
TXNb95175be-5,CUST00412,2026-07-14 21:03:51,2301.06,mobile,grocery,0,1,0,0,0,0,999.0,0,0,7.741559653234081
TXN1f79260c-9,CUST00412,2026-07-15 12:58:15,2160.23,mobile,wire_transfer,0,1,0,0,0,0,999.0,0,0,7.678432783050692
TXNffad7df2-c,CUST00413,2026-06-18 11:16:42,269.64,mobile,wire_transfer,0,1,0,0,0,0,999.0,0,0,5.600789524472453
TXNc7533bff-9,CUST00413,2026-06-23 22:13:29,2289.25,mobile,grocery,0,1,0,0,0,0,999.0,0,0,7.736416260895318
TXN20323ec5-2,CUST00413,2026-06-28 20:47:19,345.7,mobile,retail,0,1,0,0,0,0,999.0,0,0,5.8484598526909775
TXNdb2d0fff-f,CUST00413,2026-07-04 01:49:11,1112.94,mobile,travel,0,1,0,0,0,0,999.0,0,0,7.015658559072636
TXN9a2363fe-6,CUST00413,2026-07-04 07:27:38,346.03,mobile,travel,0,1,0,0,0,0,999.0,0,0,5.849411231541224
TXNea4cd607-8,CUST00413,2026-07-04 19:09:14,353.69,mobile,utilities,0,1,0,0,0,0,999.0,0,0,5.871244168543131
TXN8750be7b-d,CUST00413,2026-07-06 17:38:41,6334.62,mobile,travel,0,1,1,1,0,0,14.0,0,0,8.75394295694823
TXN75c41c37-8,CUST00413,2026-07-06 18:38:13,1409.01,atm,electronics,0,2,0,0,0,0,999.0,0,0,7.251352075545646
TXNcd4f75e6-4,CUST00413,2026-07-07 10:43:00,833.91,mobile,utilities,0,1,0,0,0,0,999.0,0,0,6.727323934610559
TXNdd811c65-1,CUST00413,2026-07-15 20:28:44,1218.98,web,wire_transfer,0,1,0,0,0,0,999.0,0,0,7.106589744150305
TXN300c0f07-c,CUST00414,2026-06-18 09:46:37,463.37,web,electronics,0,1,1,1,0,0,24.0,0,0,6.140681648253896
TXN666bd0ee-b,CUST00414,2026-06-20 14:36:26,5661.75,web,grocery,0,1,0,0,0,0,999.0,0,0,8.641664918927077
TXN31a08f66-8,CUST00414,2026-06-21 10:09:12,1785.91,web,jewellery,0,1,0,0,0,0,999.0,0,0,7.488243150153024
TXNf64f98b4-4,CUST00414,2026-06-22 04:51:49,3983.48,mobile,utilities,0,1,1,1,0,0,15.0,0,0,8.290162093374835
TXN42f8bae4-0,CUST00414,2026-06-24 16:49:59,2656.5,mobile,electronics,0,1,0,0,0,0,999.0,0,0,7.885141110216103
TXNac49b6e2-2,CUST00414,2026-07-06 06:50:46,9374.8,mobile,utilities,0,1,0,0,0,0,999.0,0,0,9.145887180531263
TXN8c277f18-2,CUST00414,2026-07-06 10:46:29,1249.99,web,jewellery,0,1,0,0,0,0,999.0,0,0,7.131690516829846
TXNe1656eaf-7,CUST00414,2026-07-13 10:23:41,1594.99,web,travel,0,1,1,1,0,0,21.0,0,0,7.375249512325964
TXN66534f79-1,CUST00414,2026-07-15 08:11:53,1179.04,branch,grocery,1,1,0,0,0,0,999.0,0,0,7.073303615190261
TXN054d35aa-2,CUST00415,2026-06-19 07:06:45,295.1,mobile,utilities,0,1,0,0,0,0,999.0,0,0,5.690697235107546
TXNa52aea24-9,CUST00415,2026-06-28 02:56:48,3871.74,atm,wire_transfer,0,1,0,0,0,0,999.0,0,0,8.261717545838668
TXNb8e55770-5,CUST00415,2026-06-28 04:39:07,4617.08,mobile,wire_transfer,0,1,0,0,0,0,999.0,0,0,8.437734313281064
TXNc1a8a33b-6,CUST00415,2026-06-29 03:47:11,146301.99,mobile,wire_transfer,1,1,1,1,1,2,8.0,1,1,11.893435024256654
TXNb9da7480-4,CUST00415,2026-06-29 07:11:50,485.6,mobile,grocery,0,1,0,0,0,0,999.0,0,0,6.187442430349423
TXNf5f5431f-4,CUST00415,2026-06-29 11:09:58,153860.6,mobile,wire_transfer,1,1,1,1,1,3,11.0,1,1,11.94380877602294
TXN4eb818dd-b,CUST00415,2026-06-30 04:14:35,1416.68,branch,utilities,0,1,0,0,0,0,999.0,0,0,7.256777011667089
TXN76435b4e-1,CUST00415,2026-07-05 10:51:14,2102.43,atm,grocery,0,1,0,0,0,0,999.0,0,0,7.651324624606638
TXN6e4ebe99-8,CUST00415,2026-07-12 04:19:55,219.69,web,retail,0,1,0,0,0,0,999.0,0,0,5.396759001860069
TXNf23657ec-5,CUST00416,2026-06-26 04:16:51,82645.56,web,wire_transfer,1,1,1,1,1,4,13.0,1,1,11.322328481088364
TXNa1b2a7e5-f,CUST00416,2026-06-29 12:32:06,5989.56,web,wire_transfer,0,1,0,0,0,0,999.0,0,0,8.697940175888238
TXN8b20cc44-5,CUST00416,2026-06-30 02:38:23,535.97,mobile,utilities,0,1,0,0,0,0,999.0,0,0,6.285942227026518
TXN31116b6a-4,CUST00416,2026-07-04 11:00:37,908.63,mobile,wire_transfer,0,1,0,0,0,0,999.0,0,0,6.81303792342279
TXNb89b9722-3,CUST00416,2026-07-05 01:25:14,6074.86,branch,retail,0,1,0,0,0,0,999.0,0,0,8.71207882197555
TXN2fc44d65-0,CUST00416,2026-07-05 06:29:26,2128.76,branch,grocery,0,1,0,0,0,0,999.0,0,0,7.663764576298709
TXN63e31ac9-d,CUST00416,2026-07-10 17:49:09,8487.0,mobile,electronics,0,1,0,0,0,0,999.0,0,0,9.046408680293819
TXN4a658a7d-c,CUST00416,2026-07-13 21:28:39,5435.27,web,jewellery,0,1,0,0,0,0,999.0,0,0,8.600848442911749
TXNbaafe28b-e,CUST00416,2026-07-14 07:13:41,2979.13,mobile,jewellery,0,1,0,0,0,0,999.0,0,0,7.999722202709018
TXN05c208e0-e,CUST00417,2026-06-17 03:46:57,10038.52,web,travel,0,1,1,1,0,0,24.0,0,0,9.214284583337905
TXN9c2f3381-7,CUST00417,2026-06-24 03:23:58,1975.06,branch,jewellery,1,1,0,0,0,0,999.0,0,0,7.588860242219295
TXNb28935e7-8,CUST00417,2026-06-29 09:33:25,846.08,mobile,retail,0,1,0,0,0,0,999.0,0,0,6.741795141195381
TXNd4961e60-2,CUST00417,2026-06-30 09:06:55,1645.09,mobile,wire_transfer,0,1,0,0,0,0,999.0,0,0,7.406158057749518
TXN7846e9c5-1,CUST00417,2026-07-01 08:55:22,1145.27,web,jewellery,0,1,0,0,0,0,999.0,0,0,7.044268471619111
TXN1be52474-b,CUST00417,2026-07-04 08:41:03,3746.35,web,grocery,0,1,0,0,0,0,999.0,0,0,8.228804202491208
TXN8352aaba-4,CUST00417,2026-07-04 12:29:51,2342.21,web,electronics,0,1,0,0,0,0,999.0,0,0,7.759277063172563
TXNcac6a853-6,CUST00417,2026-07-05 20:59:10,3927.13,web,travel,0,1,0,0,0,0,999.0,0,0,8.27591876464972
TXN87c5577f-d,CUST00417,2026-07-08 04:25:29,1923.99,mobile,jewellery,0,1,0,0,0,0,999.0,0,0,7.562676051903197
TXNb9ba04a8-5,CUST00417,2026-07-12 22:20:38,1663.22,web,utilities,0,1,0,0,0,0,999.0,0,0,7.417111824180441
TXN34634757-3,CUST00418,2026-06-17 22:56:17,390.05,web,wire_transfer,0,1,0,0,0,0,999.0,0,0,5.968835429047621
TXN4a298783-0,CUST00418,2026-06-19 05:03:15,2523.14,web,electronics,0,1,0,0,0,0,999.0,0,0,7.833655689634724
TXN1f473751-b,CUST00418,2026-06-24 02:14:26,1131.71,mobile,jewellery,0,1,0,0,0,0,999.0,0,0,7.032368270630662
TXN31bf8a3c-5,CUST00418,2026-06-24 14:34:59,14979.64,mobile,retail,1,1,0,0,0,0,999.0,0,0,9.614513979790091
TXNce8437fc-3,CUST00418,2026-06-30 01:28:41,375.83,web,utilities,0,1,0,0,0,0,999.0,0,0,5.931794157367271
TXNac7625b8-0,CUST00418,2026-07-01 21:01:22,1809.12,atm,utilities,0,1,0,0,0,0,999.0,0,0,7.501148420404775
TXNfe3d81d8-0,CUST00418,2026-07-08 17:29:22,1611.62,mobile,wire_transfer,0,1,1,1,0,0,23.0,0,0,7.385615464505651
TXNf840596b-3,CUST00418,2026-07-10 13:30:42,3180.75,branch,jewellery,0,1,1,1,0,0,14.0,0,0,8.065186638872156
TXN964d9921-4,CUST00418,2026-07-13 03:36:40,2835.95,mobile,grocery,0,1,0,0,0,0,999.0,0,0,7.950484810402573
TXNadc4b86d-a,CUST00419,2026-06-22 21:51:26,2816.44,web,electronics,0,1,0,0,0,0,999.0,0,0,7.943583950212468
TXN3db87d15-3,CUST00419,2026-06-23 15:57:08,1935.53,mobile,electronics,0,1,0,0,0,0,999.0,0,0,7.568652990701579
TXNe0ebb3c7-b,CUST00419,2026-06-24 10:36:30,1222.98,atm,jewellery,0,1,0,0,0,0,999.0,0,0,7.109863123069493
TXNffdb88d7-5,CUST00419,2026-06-30 00:39:33,3162.49,atm,wire_transfer,0,1,0,0,0,0,999.0,0,0,8.05943112752615
TXN681a035f-e,CUST00419,2026-07-03 20:03:47,439.77,atm,jewellery,0,1,0,0,0,0,999.0,0,0,6.088523197446424
TXN227c27df-3,CUST00419,2026-07-06 05:53:01,480.81,mobile,electronics,1,1,0,0,0,0,999.0,0,0,6.177549845465586
TXN746a18dc-9,CUST00419,2026-07-10 16:16:35,2255.04,mobile,electronics,0,1,0,0,0,0,999.0,0,0,7.72136634295722
TXN170e0447-1,CUST00419,2026-07-11 00:56:01,665.89,web,travel,0,1,0,0,0,0,999.0,0,0,6.502625114774001
TXN0c5f606f-8,CUST00419,2026-07-12 04:22:21,3514.37,mobile,travel,0,1,0,0,0,0,999.0,0,0,8.164900061862882
TXN13abd39b-b,CUST00419,2026-07-12 13:39:42,5207.92,mobile,travel,0,1,0,0,0,0,999.0,0,0,8.558127819593084
TXNe958c745-0,CUST00420,2026-06-20 17:10:52,2079.52,web,utilities,0,1,0,0,0,0,999.0,0,0,7.640373141450571
TXNfdcdd45c-5,CUST00420,2026-06-22 17:09:29,1122.5,mobile,utilities,0,1,1,1,0,0,25.0,0,0,7.024204091625384
TXN7f258778-8,CUST00420,2026-06-23 21:04:23,6924.26,web,wire_transfer,0,1,0,0,0,0,999.0,0,0,8.842930875477093
TXNf5f30d6e-7,CUST00420,2026-06-25 23:02:13,1202.49,mobile,retail,0,1,0,0,0,0,999.0,0,0,7.092980948090143
TXN06cd3e3b-d,CUST00420,2026-06-26 03:13:19,3341.1,mobile,electronics,0,1,0,0,0,0,999.0,0,0,8.114354630909952
TXN8643eed7-d,CUST00420,2026-06-27 01:32:30,1914.52,web,grocery,0,1,0,0,0,0,999.0,0,0,7.5577444052242795
TXNc766dd63-6,CUST00420,2026-06-27 12:08:07,1669.73,branch,wire_transfer,0,1,0,0,0,0,999.0,0,0,7.421015935647676
TXNc002c7fc-e,CUST00420,2026-07-11 16:50:47,5216.49,web,retail,1,1,0,0,0,0,999.0,0,0,8.559771722322782
TXN6a3eed4f-c,CUST00421,2026-06-25 01:04:00,1522.1,atm,retail,0,1,0,0,0,0,999.0,0,0,7.328503010621458
TXNd66cbda1-2,CUST00421,2026-06-25 13:16:23,985.44,web,wire_transfer,0,1,0,0,0,0,999.0,0,0,6.894102502528351
TXN7f527025-b,CUST00421,2026-06-26 20:24:21,5461.2,atm,utilities,0,1,0,0,0,0,999.0,0,0,8.605606917987226
TXNae1c64c6-9,CUST00421,2026-06-27 06:43:05,121930.12,web,wire_transfer,1,1,1,1,1,4,19.0,1,1,11.711211574110417
TXN035bd879-e,CUST00421,2026-06-28 10:45:49,22739.13,mobile,wire_transfer,0,1,0,0,0,0,999.0,0,0,10.03188648408678
TXN960a035c-0,CUST00421,2026-07-03 13:01:10,1495.34,web,grocery,0,1,0,0,0,0,999.0,0,0,7.310777405439161
TXNeaab0629-6,CUST00421,2026-07-04 03:36:49,2024.54,atm,wire_transfer,0,1,0,0,0,0,999.0,0,0,7.61359161065807
TXN9c1817a3-5,CUST00421,2026-07-07 01:05:42,4976.89,mobile,grocery,0,1,0,0,0,0,999.0,0,0,8.512761385455589
TXNd2b2cf4b-4,CUST00421,2026-07-07 23:46:32,1173.7,mobile,grocery,0,1,1,1,0,0,5.0,0,0,7.0687680748298405
TXNf5dab6fe-1,CUST00421,2026-07-11 20:25:17,547.14,web,utilities,1,1,0,0,0,0,999.0,0,0,6.306530728772529
TXN5577526f-6,CUST00421,2026-07-16 08:57:29,781.01,mobile,jewellery,0,1,0,0,0,0,999.0,0,0,6.661867528187334
TXNe2c94a44-2,CUST00422,2026-06-18 04:29:47,5006.85,web,retail,0,1,0,0,0,0,999.0,0,0,8.518761960254684
TXN87a6c63c-6,CUST00422,2026-06-24 01:43:09,828.87,mobile,travel,0,1,1,1,0,0,11.0,0,0,6.721269062017408
TXN4ad07831-8,CUST00422,2026-07-05 00:03:07,283.61,mobile,retail,0,1,0,0,0,0,999.0,0,0,5.6511198220728955
TXNdeef7995-1,CUST00422,2026-07-05 09:19:21,24469.14,web,jewellery,0,1,0,0,0,0,999.0,0,0,10.105208877711728
TXN93350c77-c,CUST00422,2026-07-11 01:08:38,4636.21,atm,jewellery,0,1,0,0,0,0,999.0,0,0,8.441868171267656
TXN9a8b8524-4,CUST00422,2026-07-13 06:13:33,434.03,branch,retail,0,1,0,0,0,0,999.0,0,0,6.075414994227914
TXN06c0965d-d,CUST00422,2026-07-13 09:00:59,4436.8,mobile,grocery,0,1,0,0,0,0,999.0,0,0,8.397914037132317
TXN13a5893a-6,CUST00423,2026-06-24 08:01:41,3701.45,atm,grocery,1,1,1,1,0,0,12.0,0,0,8.216750041661843
TXNff36fe7f-c,CUST00423,2026-06-25 09:04:35,6594.42,web,jewellery,0,1,0,0,0,0,999.0,0,0,8.794130747733188
TXN4667b057-7,CUST00423,2026-06-27 00:27:47,4846.77,branch,utilities,0,1,0,0,0,0,999.0,0,0,8.486274084379508
TXN37309e25-f,CUST00423,2026-06-29 00:54:25,1013.04,web,electronics,0,1,0,0,0,0,999.0,0,0,6.921697631104842
TXNd0a05417-2,CUST00423,2026-07-07 14:30:39,1479.98,branch,jewellery,0,1,0,0,0,0,999.0,0,0,7.300459309787687
TXN25db9dbd-8,CUST00423,2026-07-07 23:41:06,1931.09,web,utilities,0,1,0,0,0,0,999.0,0,0,7.566357597538401
TXN0956f0e5-e,CUST00424,2026-06-21 15:39:03,921.03,web,travel,0,1,0,0,0,0,999.0,0,0,6.8265777609882
TXNbb10f0be-d,CUST00424,2026-06-23 23:23:11,2237.64,mobile,wire_transfer,0,1,0,0,0,0,999.0,0,0,7.713623817606082
TXN0af87147-b,CUST00424,2026-06-25 10:31:47,1426.35,mobile,travel,0,1,0,0,0,0,999.0,0,0,7.2635748571998935
TXN3cd68ac3-5,CUST00424,2026-07-02 21:15:19,2442.17,mobile,wire_transfer,1,1,0,0,0,0,999.0,0,0,7.801051655410592
TXN0570ea72-a,CUST00424,2026-07-04 19:16:05,2428.39,mobile,grocery,0,1,0,0,0,0,999.0,0,0,7.795395476015005
TXN893e2de8-8,CUST00424,2026-07-13 23:31:24,5595.83,mobile,jewellery,0,1,0,0,0,0,999.0,0,0,8.629955645015748
TXN18927ebd-b,CUST00425,2026-06-22 01:40:55,430.78,web,travel,0,1,0,0,0,0,999.0,0,0,6.067916199268313
TXNe28b40c6-8,CUST00425,2026-06-23 17:00:42,7314.27,mobile,wire_transfer,1,1,0,0,0,0,999.0,0,0,8.897719223231014
TXNd173bd6d-1,CUST00425,2026-06-30 10:10:26,897.95,web,utilities,0,1,0,0,0,0,999.0,0,0,6.801227415572304
TXNdff4cc91-3,CUST00425,2026-07-01 07:13:23,5301.81,web,wire_transfer,0,1,0,0,0,0,999.0,0,0,8.5759921477191
TXN65d8350a-6,CUST00425,2026-07-05 04:59:05,1237.57,mobile,wire_transfer,1,1,0,0,0,0,999.0,0,0,7.121712767316072
TXN6dbd4921-6,CUST00425,2026-07-05 09:55:48,480.7,mobile,wire_transfer,0,1,1,1,0,0,11.0,0,0,6.177321513636175
TXNbe66de49-c,CUST00425,2026-07-09 17:49:44,1087.98,atm,utilities,1,1,1,1,0,0,1.0,0,0,6.992996757291402
TXNf0582911-0,CUST00425,2026-07-10 01:43:34,10532.19,web,utilities,0,1,0,0,0,0,999.0,0,0,9.262286503219373
TXN6d3026db-2,CUST00425,2026-07-10 08:57:39,6242.13,mobile,jewellery,0,1,1,1,0,0,6.0,0,0,8.739236938167062
TXNc4811514-2,CUST00426,2026-06-19 18:24:06,14567.93,mobile,electronics,0,1,0,0,0,0,999.0,0,0,9.586646457920098
TXN6fad7460-2,CUST00426,2026-06-20 22:24:00,718.78,web,electronics,0,1,0,0,0,0,999.0,0,0,6.578945609762935
TXNa05a53c4-7,CUST00426,2026-06-26 18:26:19,427.95,web,electronics,0,1,0,0,0,0,999.0,0,0,6.061340362018974
TXN367d9053-b,CUST00426,2026-06-28 16:56:01,3317.11,web,jewellery,0,1,0,0,0,0,999.0,0,0,8.107150622702365
TXN572d3274-e,CUST00426,2026-06-29 11:51:21,10921.71,mobile,grocery,0,1,0,0,0,0,999.0,0,0,9.298599387008357
TXN129b1e2d-7,CUST00426,2026-06-29 22:33:08,5686.82,web,retail,0,1,1,1,0,0,21.0,0,0,8.646082325412724
TXN6e06f176-d,CUST00426,2026-07-03 02:42:58,2936.99,mobile,travel,1,1,0,0,0,0,999.0,0,0,7.98548095305206
TXNc3575ff1-6,CUST00426,2026-07-03 20:48:43,1180.72,atm,retail,0,1,0,0,0,0,999.0,0,0,7.074726283271148
TXN62e38426-0,CUST00426,2026-07-09 11:41:54,3828.36,web,electronics,1,1,0,0,0,0,999.0,0,0,8.25045296638395
TXN24812872-e,CUST00427,2026-06-16 12:36:54,4140.35,atm,retail,0,1,0,0,0,0,999.0,0,0,8.328777100621085
TXN3dfa45fa-1,CUST00427,2026-06-23 18:22:46,1209.11,mobile,utilities,0,1,0,0,0,0,999.0,0,0,7.098466543549715
TXNaac782ac-d,CUST00427,2026-06-24 12:12:29,3155.89,mobile,electronics,0,1,0,0,0,0,999.0,0,0,8.057342644745377
TXN7397b987-5,CUST00427,2026-06-26 14:20:35,3392.73,branch,wire_transfer,0,1,0,0,0,0,999.0,0,0,8.129684890478877
TXN5fd24b9a-a,CUST00427,2026-07-02 23:06:07,425.93,web,grocery,0,1,0,0,0,0,999.0,0,0,6.056620065363679
TXN0bce8eeb-6,CUST00427,2026-07-05 09:41:16,135.43,web,retail,0,1,0,0,0,0,999.0,0,0,4.915811662574783
TXN0144fe67-8,CUST00427,2026-07-07 08:58:55,1671.13,atm,grocery,0,1,0,0,0,0,999.0,0,0,7.4218535418183516
TXN86451dda-f,CUST00427,2026-07-07 14:20:31,484.85,branch,wire_transfer,1,1,1,1,0,0,7.0,0,0,6.185899934285448
TXN0daba507-1,CUST00427,2026-07-09 13:35:41,185228.18,web,wire_transfer,1,1,1,1,1,3,8.0,1,1,12.129349148178287
TXNbfe9efdb-4,CUST00427,2026-07-10 14:02:01,124.82,mobile,wire_transfer,0,1,0,0,0,0,999.0,0,0,4.834852314141884
TXN728ac5fd-f,CUST00427,2026-07-12 07:48:07,683.81,web,electronics,0,1,0,0,0,0,999.0,0,0,6.52914142752465
TXN4c6694ab-5,CUST00427,2026-07-13 23:53:51,2116.23,branch,electronics,0,1,0,0,0,0,999.0,0,0,7.657863909541483
TXNe4cb277f-b,CUST00427,2026-07-15 17:18:48,3781.05,branch,utilities,0,1,0,0,0,0,999.0,0,0,8.238021469649256
TXNfdecc58d-7,CUST00428,2026-06-17 15:24:05,367.06,web,electronics,0,1,0,0,0,0,999.0,0,0,5.908245968357049
TXN0409b7c8-e,CUST00428,2026-06-24 04:42:43,922.46,mobile,retail,0,1,0,0,0,0,999.0,0,0,6.828127485219918
TXN9b0dfaab-0,CUST00428,2026-07-01 11:44:24,4155.49,mobile,grocery,1,1,1,1,0,0,21.0,0,0,8.332426247097924
TXN4927db4a-4,CUST00428,2026-07-02 18:09:11,665.49,mobile,retail,0,1,0,0,0,0,999.0,0,0,6.502025135755268
TXN5e452956-8,CUST00428,2026-07-05 01:19:54,813.95,mobile,utilities,1,1,0,0,0,0,999.0,0,0,6.703126761665642
TXNb521d095-9,CUST00428,2026-07-11 09:05:56,4362.66,web,jewellery,0,1,0,0,0,0,999.0,0,0,8.381066433743653
TXNada3b63d-a,CUST00429,2026-06-18 03:21:01,1051.35,mobile,travel,1,1,0,0,0,0,999.0,0,0,6.95878103758518
TXNa03f137f-f,CUST00429,2026-06-23 07:26:18,980.65,mobile,grocery,0,1,1,1,0,0,16.0,0,0,6.889234829344758
TXN99adf607-c,CUST00429,2026-06-26 06:32:19,3206.3,mobile,travel,0,1,0,0,0,0,999.0,0,0,8.073184740687564
TXN2a64d46b-c,CUST00429,2026-06-29 17:14:16,1047.51,branch,grocery,0,1,0,0,0,0,999.0,0,0,6.955125387730924
TXNb4c70241-9,CUST00429,2026-06-30 06:59:29,1903.84,web,wire_transfer,1,1,0,0,0,0,999.0,0,0,7.552153294532173
TXN929d778e-9,CUST00429,2026-07-01 08:42:51,2129.49,mobile,wire_transfer,0,1,0,0,0,0,999.0,0,0,7.664107279195086
TXN8d7da747-d,CUST00429,2026-07-08 08:26:59,5246.67,branch,retail,0,1,0,0,0,0,999.0,0,0,8.565539447549265
TXNc7d012b0-d,CUST00429,2026-07-10 14:21:42,9839.09,mobile,grocery,0,1,0,0,0,0,999.0,0,0,9.194220136345935
TXN5dbe0139-c,CUST00430,2026-06-29 17:22:06,2500.67,web,grocery,0,1,0,0,0,0,999.0,0,0,7.824713787843602
TXN4f418193-e,CUST00430,2026-07-04 12:12:06,713.98,web,wire_transfer,1,1,0,0,0,0,999.0,0,0,6.572254570274811
TXN05722bc5-4,CUST00430,2026-07-04 22:54:53,172967.97,mobile,wire_transfer,1,1,1,1,1,4,13.0,1,1,12.060867493230392
TXN74c9abd9-d,CUST00430,2026-07-06 05:50:48,4082.49,mobile,travel,0,1,0,0,0,0,999.0,0,0,8.314707293915694
TXNf3b20598-a,CUST00430,2026-07-09 01:04:07,1457.83,mobile,retail,0,1,0,0,0,0,999.0,0,0,7.2853900235708915
TXN4ba9008d-8,CUST00430,2026-07-09 07:53:32,3777.71,mobile,grocery,0,1,0,0,0,0,999.0,0,0,8.237137960526558
TXN5492112f-2,CUST00430,2026-07-13 22:46:36,3267.48,web,utilities,0,1,0,0,0,0,999.0,0,0,8.092080324019225
TXN79150e99-8,CUST00431,2026-06-20 01:02:38,770.53,web,travel,0,1,0,0,0,0,999.0,0,0,6.648375556335601
TXN2f592f3e-1,CUST00431,2026-06-27 21:31:39,384.72,branch,jewellery,0,1,0,0,0,0,999.0,0,0,5.9551117176421835
TXN677a72f6-6,CUST00431,2026-06-30 04:11:45,6984.36,mobile,electronics,0,1,0,0,0,0,999.0,0,0,8.851571809375141
TXNd1c1f266-c,CUST00431,2026-06-30 13:51:07,991.08,atm,grocery,0,1,0,0,0,0,999.0,0,0,6.8998037491945166
TXNb31e120d-9,CUST00431,2026-06-30 16:23:27,7855.91,web,travel,0,1,0,0,0,0,999.0,0,0,8.969148678356493
TXNf001e73c-f,CUST00431,2026-07-02 12:57:09,20383.23,web,jewellery,0,1,0,0,0,0,999.0,0,0,9.922516841667731
TXNf99003d8-c,CUST00431,2026-07-04 08:45:32,1935.09,mobile,utilities,0,1,0,0,0,0,999.0,0,0,7.568425754359313
TXN2cd4e76d-f,CUST00431,2026-07-08 23:03:09,1259.42,mobile,utilities,0,1,0,0,0,0,999.0,0,0,7.139200277735644
TXN242bba10-c,CUST00431,2026-07-14 04:00:04,1623.95,web,grocery,0,1,0,0,0,0,999.0,0,0,7.393232325059686
TXN712636bb-a,CUST00432,2026-06-29 01:08:58,419.78,mobile,electronics,0,1,0,0,0,0,999.0,0,0,6.042110131776874
TXN1e22ade1-a,CUST00432,2026-07-05 16:48:59,12874.64,web,grocery,0,1,0,0,0,0,999.0,0,0,9.463092433034362
TXNb9725caf-f,CUST00432,2026-07-12 00:37:47,4157.88,web,jewellery,0,1,0,0,0,0,999.0,0,0,8.333001086236969
TXN4f3b81d6-3,CUST00432,2026-07-14 09:49:48,1041.8,atm,electronics,0,1,0,0,0,0,999.0,0,0,6.949664682059346
TXNf8eb7113-6,CUST00432,2026-07-15 23:44:35,1507.24,mobile,wire_transfer,0,1,0,0,0,0,999.0,0,0,7.318698687098328
TXNfb1eaa6e-d,CUST00433,2026-06-16 21:17:34,7424.11,branch,jewellery,0,1,0,0,0,0,999.0,0,0,8.912622778375978
TXNe5b23a6d-0,CUST00433,2026-06-22 18:23:57,1499.38,mobile,utilities,1,1,0,0,0,0,999.0,0,0,7.3134736883401645
TXN8c9bcaa6-0,CUST00433,2026-06-22 21:41:17,4678.96,atm,utilities,1,1,0,0,0,0,999.0,0,0,8.45104484186662
TXNc1cb8d69-8,CUST00433,2026-06-29 14:07:00,2187.19,mobile,utilities,1,1,0,0,0,0,999.0,0,0,7.690829997066065
TXN9a36e49e-a,CUST00433,2026-07-02 10:22:00,9540.25,web,utilities,0,1,0,0,0,0,999.0,0,0,9.16337978311268
TXN9c296b78-9,CUST00433,2026-07-06 12:56:42,471.81,mobile,electronics,0,1,0,0,0,0,999.0,0,0,6.158693616460434
TXN3e7447a2-a,CUST00433,2026-07-09 15:46:40,1526.47,web,utilities,0,1,0,0,0,0,999.0,0,0,7.331368050918351
TXNe324f5db-6,CUST00433,2026-07-09 17:46:09,632.48,web,electronics,0,1,1,1,0,0,8.0,0,0,6.4512284286235255
TXN247803a1-f,CUST00433,2026-07-11 16:10:49,332.01,mobile,travel,0,1,0,0,0,0,999.0,0,0,5.808172519559582
TXN23763f57-8,CUST00433,2026-07-12 09:11:53,998.87,web,grocery,0,1,0,0,0,0,999.0,0,0,6.907625270531405
TXN386bf5fc-9,CUST00433,2026-07-13 18:01:42,3861.98,mobile,utilities,1,1,0,0,0,0,999.0,0,0,8.259194185329555
TXN25b1ad19-c,CUST00434,2026-06-16 23:50:16,2955.15,mobile,travel,0,1,0,0,0,0,999.0,0,0,7.9916430250296315
TXN5bd537b1-c,CUST00434,2026-07-01 06:38:10,252.77,mobile,retail,0,1,0,0,0,0,999.0,0,0,5.536428344984033
TXN60d8039e-9,CUST00435,2026-06-23 02:52:17,2540.73,web,utilities,0,1,0,0,0,0,999.0,0,0,7.840600230529841
TXNc89a10a3-1,CUST00435,2026-06-23 08:47:01,1375.98,atm,jewellery,0,1,0,0,0,0,999.0,0,0,7.227647974294926
TXN12a34b04-a,CUST00435,2026-07-08 21:39:09,1430.83,mobile,electronics,0,1,0,0,0,0,999.0,0,0,7.266708625389598
TXN03d2a7ca-3,CUST00435,2026-07-12 04:03:21,2329.73,web,electronics,0,1,0,0,0,0,999.0,0,0,7.7539368022111015
TXN6d0b4f01-c,CUST00435,2026-07-14 18:29:14,3790.55,mobile,wire_transfer,0,1,0,0,0,0,999.0,0,0,8.24053018544689
TXN6f242a0f-2,CUST00435,2026-07-16 03:47:41,769.28,mobile,retail,0,1,1,1,0,0,15.0,0,0,6.646754085111687
TXNaf88239f-d,CUST00436,2026-06-16 14:41:57,706.76,web,electronics,0,1,0,0,0,0,999.0,0,0,6.562105053175131
TXN924e48b4-5,CUST00436,2026-06-19 20:08:22,756.57,mobile,travel,0,1,0,0,0,0,999.0,0,0,6.630115942354977
TXN30b69f93-c,CUST00436,2026-06-20 07:54:12,15650.77,branch,grocery,0,1,0,0,0,0,999.0,0,0,9.658339288614618
TXNc01ba459-e,CUST00436,2026-06-25 16:22:43,486.52,mobile,travel,0,1,0,0,0,0,999.0,0,0,6.189331315237399
TXN312997af-d,CUST00436,2026-06-27 05:49:06,111656.56,web,wire_transfer,1,1,1,1,1,3,3.0,1,1,11.623191966574723
TXN640324f0-9,CUST00437,2026-06-18 02:03:45,1141.21,web,wire_transfer,0,1,0,0,0,0,999.0,0,0,7.040720261226582
TXNf58f9bdd-d,CUST00437,2026-06-21 17:34:28,289.21,mobile,utilities,0,1,0,0,0,0,999.0,0,0,5.670604798850187
TXN824fdf53-d,CUST00437,2026-06-23 02:08:20,564.3,mobile,utilities,0,1,0,0,0,0,999.0,0,0,6.3373565636812454
TXNcbd93d47-9,CUST00437,2026-06-25 09:52:16,1774.77,mobile,electronics,0,1,0,0,0,0,999.0,0,0,7.481989410661178
TXNda2a4996-a,CUST00437,2026-07-05 17:39:32,307.74,web,grocery,0,1,0,0,0,0,999.0,0,0,5.732499498753695
TXN0a6246b9-e,CUST00437,2026-07-08 17:02:55,3176.03,mobile,travel,0,1,0,0,0,0,999.0,0,0,8.063702077095565
TXN8a9da702-6,CUST00437,2026-07-13 05:38:49,1601.34,mobile,utilities,0,1,0,0,0,0,999.0,0,0,7.379220339816322
TXN3946ad23-c,CUST00437,2026-07-14 15:06:10,167.11,mobile,wire_transfer,0,1,0,0,0,0,999.0,0,0,5.124618527044968
TXN55b82364-9,CUST00438,2026-06-18 07:44:13,2119.2,mobile,jewellery,0,1,0,0,0,0,999.0,0,0,7.659265702838997
TXN80ff8beb-6,CUST00438,2026-06-20 20:28:25,2772.09,web,electronics,0,1,0,0,0,0,999.0,0,0,7.927717500913117
TXN1006e0eb-6,CUST00438,2026-06-23 08:07:24,1318.38,web,travel,0,1,0,0,0,0,999.0,0,0,7.184917208268545
TXNdabd385c-d,CUST00438,2026-06-24 00:46:52,643.0,mobile,jewellery,0,1,0,0,0,0,999.0,0,0,6.467698726104354
TXNab16b1fd-1,CUST00438,2026-06-30 09:16:05,745.67,mobile,travel,0,1,0,0,0,0,999.0,0,0,6.615623320456725
TXN10f3f41f-f,CUST00438,2026-07-04 07:08:05,567.59,branch,utilities,0,1,0,0,0,0,999.0,0,0,6.3431596120063185
TXNd56e0949-1,CUST00438,2026-07-14 18:44:21,2539.66,branch,utilities,0,1,0,0,0,0,999.0,0,0,7.840179168779047
TXNdce6ea64-2,CUST00439,2026-06-17 06:55:22,3907.51,mobile,electronics,0,1,1,1,0,0,8.0,0,0,8.2709115061834
TXNdf30f2f5-3,CUST00439,2026-06-21 17:36:15,2071.03,mobile,retail,0,1,0,0,0,0,999.0,0,0,7.636284082039036
TXN7400c7a1-0,CUST00439,2026-06-23 22:37:42,5063.28,web,utilities,1,1,1,1,0,0,22.0,0,0,8.529967254554535
TXNdb9b318b-1,CUST00439,2026-06-24 05:48:40,1787.17,mobile,utilities,0,1,0,0,0,0,999.0,0,0,7.488948029513581
TXN4b045067-1,CUST00439,2026-07-02 22:11:42,8012.81,mobile,jewellery,0,1,0,0,0,0,999.0,0,0,8.98892158240493
TXN9cb076a2-0,CUST00439,2026-07-13 15:22:50,2496.07,web,travel,0,1,0,0,0,0,999.0,0,0,7.822873323527206
TXNe54dce58-0,CUST00440,2026-06-17 00:28:24,2972.32,mobile,electronics,0,1,0,0,0,0,999.0,0,0,7.997434452590958
TXN0ce06819-2,CUST00440,2026-06-19 18:54:01,43245.05,web,wire_transfer,1,1,1,1,1,2,4.0,1,1,10.674661178709465
TXNa45ee904-7,CUST00440,2026-06-27 03:41:20,442.31,mobile,electronics,0,1,0,0,0,0,999.0,0,0,6.094269299583652
TXN0ee503e3-2,CUST00440,2026-07-01 19:13:17,2469.64,mobile,wire_transfer,1,1,0,0,0,0,999.0,0,0,7.812232505370743
TXNa333639f-3,CUST00440,2026-07-07 06:23:43,633.48,web,travel,0,1,0,0,0,0,999.0,0,0,6.452805765775064
TXN994d4c03-7,CUST00440,2026-07-09 17:21:45,1468.76,web,travel,0,1,0,0,0,0,999.0,0,0,7.292854401137428
TXNbef0e0f1-1,CUST00441,2026-06-22 16:01:50,439.82,web,electronics,1,1,0,0,0,0,999.0,0,0,6.088636628860241
TXNc351c359-6,CUST00441,2026-06-24 21:36:28,2325.83,atm,wire_transfer,0,1,0,0,0,0,999.0,0,0,7.752262105197429
TXN04fb7e52-5,CUST00441,2026-06-27 00:34:21,310.0,mobile,jewellery,0,1,0,0,0,0,999.0,0,0,5.739792912179234
TXN214990ed-a,CUST00441,2026-06-29 00:57:32,2868.39,atm,utilities,0,1,0,0,0,0,999.0,0,0,7.961854742609078
TXNe2abe6e3-7,CUST00441,2026-06-29 23:53:11,1892.62,web,utilities,1,1,0,0,0,0,999.0,0,0,7.5462456200366885
TXN626cd59a-e,CUST00442,2026-06-17 07:05:25,198974.57,mobile,wire_transfer,1,1,1,1,1,2,5.0,1,1,12.20093733235144
TXN293572d3-f,CUST00442,2026-06-24 10:22:56,1015.01,web,utilities,0,1,1,1,0,0,8.0,0,0,6.923638470609675
TXN9a0f7242-e,CUST00442,2026-07-04 14:55:33,635.88,mobile,jewellery,0,1,0,0,0,0,999.0,0,0,6.456581254780323
TXN4377be10-c,CUST00442,2026-07-06 13:51:50,984.34,atm,travel,0,1,0,0,0,0,999.0,0,0,6.892986759276959
TXN8623a5ca-e,CUST00442,2026-07-13 00:40:38,773.28,web,jewellery,0,1,0,0,0,0,999.0,0,0,6.651933565277345
TXNa01989d1-b,CUST00442,2026-07-14 17:31:43,500.75,atm,jewellery,0,1,0,0,0,0,999.0,0,0,6.218101987676447
TXN506f6bc0-e,CUST00443,2026-06-18 22:18:29,1434.78,mobile,wire_transfer,0,1,0,0,0,0,999.0,0,0,7.26946353452872
TXN8b7080c2-7,CUST00443,2026-06-19 14:40:08,690.13,mobile,travel,0,1,0,0,0,0,999.0,0,0,6.538327939213226
TXN33e1f2af-3,CUST00443,2026-06-29 03:26:46,10887.47,mobile,grocery,0,1,0,0,0,0,999.0,0,0,9.29545971018877
TXNf605070b-e,CUST00443,2026-07-09 06:36:43,774.92,web,travel,0,1,0,0,0,0,999.0,0,0,6.654049422085287
TXN113145d2-4,CUST00443,2026-07-09 14:54:52,3709.7,web,wire_transfer,0,1,0,0,0,0,999.0,0,0,8.218975817049074
TXN2bd6f0fb-e,CUST00443,2026-07-12 13:26:38,1026.28,atm,electronics,0,1,0,0,0,0,999.0,0,0,6.934669811523018
TXN02b964d6-7,CUST00443,2026-07-14 21:29:47,140342.51,mobile,wire_transfer,1,1,1,1,1,3,9.0,1,1,11.851848339181846
TXNefef1246-1,CUST00443,2026-07-15 15:53:23,652.59,branch,utilities,0,1,0,0,0,0,999.0,0,0,6.482480243551148
TXN21e219ce-5,CUST00444,2026-06-18 12:53:28,3216.67,mobile,travel,0,1,0,0,0,0,999.0,0,0,8.076412774127343
TXN83674372-d,CUST00444,2026-06-18 18:55:45,314.21,mobile,electronics,0,1,0,0,0,0,999.0,0,0,5.753239083368793
TXN1f0b2be6-6,CUST00444,2026-06-20 02:08:21,1120.79,web,retail,0,1,0,0,0,0,999.0,0,0,7.022680902789541
TXN1a062a0e-a,CUST00444,2026-06-23 15:46:18,1276.75,branch,electronics,0,1,0,0,0,0,999.0,0,0,7.1528559976483885
TXNc016215d-3,CUST00444,2026-06-25 13:03:47,3161.8,mobile,retail,1,1,0,0,0,0,999.0,0,0,8.059212990196771
TXN001e7006-2,CUST00444,2026-06-25 14:36:02,6467.43,web,jewellery,0,1,0,0,0,0,999.0,0,0,8.774688699625134
TXNe62c54bb-f,CUST00444,2026-07-12 09:53:40,942.35,mobile,travel,0,1,0,0,0,0,999.0,0,0,6.849437369657622
TXN92ccadb2-8,CUST00444,2026-07-13 08:03:26,3519.59,mobile,wire_transfer,0,1,0,0,0,0,999.0,0,0,8.16638386818291
TXN240ed1db-0,CUST00445,2026-06-21 10:51:58,1649.53,mobile,utilities,0,1,0,0,0,0,999.0,0,0,7.40885172743827
TXN4bf66063-8,CUST00445,2026-06-27 10:46:03,1642.03,web,travel,1,1,0,0,0,0,999.0,0,0,7.404297377152371
TXNdd53abe1-2,CUST00445,2026-07-01 22:53:32,1142.54,web,jewellery,1,1,0,0,0,0,999.0,0,0,7.041883993174607
TXN1307afb6-7,CUST00445,2026-07-10 00:45:10,349.07,mobile,retail,0,1,0,0,0,0,999.0,0,0,5.858133134486126
TXN0c975601-9,CUST00445,2026-07-16 11:08:56,1399.14,mobile,travel,0,1,0,0,0,0,999.0,0,0,7.244327510603683
TXN1bb868d5-8,CUST00446,2026-06-25 20:06:46,1713.59,atm,wire_transfer,0,1,0,0,0,0,999.0,0,0,7.446929263963563
TXNfeb3a855-4,CUST00446,2026-06-30 13:00:50,4166.84,mobile,retail,0,1,0,0,0,0,999.0,0,0,8.335153194980444
TXN3473b11a-7,CUST00446,2026-07-04 19:06:06,531.97,web,wire_transfer,0,1,0,0,0,0,999.0,0,0,6.278465137403538
TXN82a0f6e9-4,CUST00446,2026-07-05 07:49:54,2567.59,web,utilities,0,1,0,0,0,0,999.0,0,0,7.8511123892
TXN18323765-d,CUST00446,2026-07-08 13:25:06,291.59,mobile,retail,0,1,0,0,0,0,999.0,0,0,5.6787723116520334
TXN76949bb0-e,CUST00446,2026-07-12 16:39:16,458.96,atm,utilities,0,1,0,0,0,0,999.0,0,0,6.131139529180464
TXN1a037833-d,CUST00446,2026-07-15 04:41:04,10047.71,atm,electronics,0,1,0,0,0,0,999.0,0,0,9.215199547039646
TXN7dd7e170-e,CUST00447,2026-06-17 12:14:41,731.32,atm,retail,0,1,0,0,0,0,999.0,0,0,6.596217576905332
TXNd46a537b-b,CUST00447,2026-06-24 06:21:53,4142.31,branch,grocery,0,1,0,0,0,0,999.0,0,0,8.329250264284186
TXN9290a83a-2,CUST00447,2026-06-25 07:38:54,1848.29,mobile,wire_transfer,0,1,0,0,0,0,999.0,0,0,7.5225570606247425
TXNee3ada8b-8,CUST00447,2026-06-25 16:44:40,752.74,web,electronics,0,1,0,0,0,0,999.0,0,0,6.625047480955046
TXNaad29f81-7,CUST00447,2026-06-30 19:01:59,514.82,mobile,jewellery,1,1,0,0,0,0,999.0,0,0,6.245757867414408
TXNa0d60422-1,CUST00447,2026-07-03 11:02:05,9082.58,mobile,jewellery,0,1,0,0,0,0,999.0,0,0,9.114223667017868
TXN2fc82f4d-e,CUST00447,2026-07-10 21:06:33,503.05,atm,electronics,0,1,0,0,0,0,999.0,0,0,6.222675469499951
TXN29568d7d-d,CUST00447,2026-07-14 15:52:40,8497.17,branch,retail,0,1,0,0,0,0,999.0,0,0,9.047606125181655
TXN8947494f-9,CUST00447,2026-07-16 07:11:12,47403.93,web,jewellery,0,1,0,0,0,0,999.0,0,0,10.766481510713485
TXN731bd233-c,CUST00448,2026-06-18 12:58:54,3350.41,mobile,travel,0,1,1,1,0,0,6.0,0,0,8.117136431789826
TXN8b6acc43-9,CUST00448,2026-06-23 23:37:13,2360.24,web,utilities,0,1,0,0,0,0,999.0,0,0,7.766942183761754
TXNfef44a33-a,CUST00448,2026-06-24 03:41:47,3096.07,mobile,travel,1,1,0,0,0,0,999.0,0,0,8.038211782236337
TXN671cae75-6,CUST00448,2026-06-30 21:37:57,1062.28,web,utilities,1,1,1,1,0,0,12.0,0,0,6.9691137491130775
TXN56a60db5-0,CUST00448,2026-07-02 03:49:59,11424.45,branch,jewellery,0,1,0,0,0,0,999.0,0,0,9.34359860229528
TXN3b4c0646-d,CUST00448,2026-07-03 21:54:26,336.48,web,retail,0,1,0,0,0,0,999.0,0,0,5.821506249297426
TXN1e767433-f,CUST00448,2026-07-04 19:13:02,1752.26,mobile,wire_transfer,0,1,0,0,0,0,999.0,0,0,7.469232191093895
TXN3e372c8d-8,CUST00448,2026-07-05 21:17:48,10025.68,mobile,retail,0,1,0,0,0,0,999.0,0,0,9.213004819182016
TXNafd0c396-b,CUST00448,2026-07-06 14:28:43,2299.45,mobile,utilities,0,1,0,0,0,0,999.0,0,0,7.740860034953764
TXNc2045288-3,CUST00448,2026-07-10 16:13:17,11335.43,web,jewellery,0,1,0,0,0,0,999.0,0,0,9.335776712902343
TXN0fa38669-b,CUST00448,2026-07-11 11:17:12,822.98,mobile,wire_transfer,0,1,0,0,0,0,999.0,0,0,6.7141462577702455
TXN7e29d9a1-0,CUST00448,2026-07-14 17:34:23,2808.5,mobile,electronics,0,1,0,0,0,0,999.0,0,0,7.940761810552253
TXN83eab8b5-d,CUST00448,2026-07-15 20:23:39,1964.42,mobile,wire_transfer,0,1,0,0,0,0,999.0,0,0,7.58346124192214
TXN2bc2bdd4-d,CUST00449,2026-06-20 04:51:37,875.25,mobile,travel,0,1,0,0,0,0,999.0,0,0,6.7756514383488
TXN7f184a88-f,CUST00449,2026-06-21 05:07:30,1721.54,mobile,wire_transfer,1,1,0,0,0,0,999.0,0,0,7.451555224679144
TXN24c4e6ca-8,CUST00449,2026-06-23 20:54:23,3171.13,mobile,jewellery,0,1,0,0,0,0,999.0,0,0,8.062158565521491
TXNc3b8a22b-5,CUST00449,2026-06-24 02:57:28,1785.49,mobile,wire_transfer,1,1,0,0,0,0,999.0,0,0,7.488008079910714
TXN84add36e-6,CUST00449,2026-07-12 15:10:34,2492.82,web,retail,1,1,0,0,0,0,999.0,0,0,7.821570950419653
TXNdc2f952c-2,CUST00449,2026-07-14 08:38:16,1862.2,web,jewellery,0,1,0,0,0,0,999.0,0,0,7.5300507185701315
TXN596bf99f-a,CUST00450,2026-06-21 23:14:59,2606.39,web,grocery,0,1,0,0,0,0,999.0,0,0,7.866104999983156
TXN43d10cf2-a,CUST00450,2026-06-22 23:36:53,8065.28,atm,wire_transfer,1,1,0,0,0,0,999.0,0,0,8.995447688443505
TXNfb50d324-1,CUST00450,2026-07-01 17:27:42,2752.68,web,jewellery,0,1,0,0,0,0,999.0,0,0,7.920693477911483
TXN915fbbf9-5,CUST00450,2026-07-05 07:43:22,2157.6,web,travel,0,1,0,0,0,0,999.0,0,0,7.677215142391246
TXNbb84711f-2,CUST00450,2026-07-05 08:21:50,402.29,mobile,grocery,0,2,0,0,0,0,999.0,0,0,5.999655906134271
TXNc145419c-7,CUST00450,2026-07-05 21:12:47,10681.43,web,jewellery,0,1,0,0,0,0,999.0,0,0,9.276355614723483
TXNdf9a7704-a,CUST00450,2026-07-05 23:44:19,1094.28,mobile,retail,1,1,0,0,0,0,999.0,0,0,6.998765317325501
TXN16107d90-2,CUST00450,2026-07-07 15:19:28,6749.59,web,grocery,0,1,0,0,0,0,999.0,0,0,8.817385187454178
TXNc524a1be-a,CUST00450,2026-07-10 16:00:42,9510.62,mobile,grocery,0,1,0,0,0,0,999.0,0,0,9.160269488035187
TXN72811822-f,CUST00450,2026-07-12 13:55:21,8301.01,mobile,travel,0,1,0,0,0,0,999.0,0,0,9.024252933141288
TXNc6fc40c3-0,CUST00450,2026-07-14 19:04:06,250.98,mobile,travel,0,1,0,0,0,0,999.0,0,0,5.529349719282483
TXN8eba0d06-0,CUST00450,2026-07-15 10:08:58,7935.91,mobile,utilities,0,1,0,0,0,0,999.0,0,0,8.979279309729622
TXNb1195d16-9,CUST00451,2026-06-20 20:54:47,303.52,web,grocery,0,1,0,0,0,0,999.0,0,0,5.7187367664380115
TXNeb2873e6-e,CUST00451,2026-06-21 23:23:02,1266.0,mobile,electronics,0,1,0,0,0,0,999.0,0,0,7.144407180321139
TXNae8e8200-c,CUST00451,2026-06-25 06:03:21,3701.39,mobile,utilities,0,1,0,0,0,0,999.0,0,0,8.216733836044975
TXNc88994e7-4,CUST00451,2026-06-25 09:14:08,898.89,mobile,wire_transfer,1,1,0,0,0,0,999.0,0,0,6.802272533632344
TXNf3fd80f2-0,CUST00451,2026-06-30 07:15:33,2101.53,mobile,travel,0,1,0,0,0,0,999.0,0,0,7.650896660473011
TXN9f999133-6,CUST00451,2026-07-07 16:06:54,1207.98,atm,utilities,1,1,0,0,0,0,999.0,0,0,7.097532307880774
TXNcc62f748-5,CUST00451,2026-07-14 02:10:40,3141.51,web,wire_transfer,0,1,0,0,0,0,999.0,0,0,8.052777122639133
TXN40328c40-b,CUST00452,2026-06-24 07:26:34,3686.26,web,utilities,1,1,0,0,0,0,999.0,0,0,8.21263891378421
TXN9c174363-b,CUST00452,2026-06-24 15:50:26,2256.75,web,retail,1,1,0,0,0,0,999.0,0,0,7.722124021130909
TXN10e681fd-a,CUST00452,2026-06-26 01:10:55,3061.16,web,grocery,0,1,0,0,0,0,999.0,0,0,8.026875828281597
TXNb81cc43b-f,CUST00452,2026-06-29 23:31:35,2676.12,web,grocery,1,1,0,0,0,0,999.0,0,0,7.892496868813779
TXNd77dd689-a,CUST00452,2026-07-06 05:19:01,316.15,web,grocery,0,1,0,0,0,0,999.0,0,0,5.759374848079906
TXN9b08725e-e,CUST00452,2026-07-06 23:57:17,54429.5,mobile,wire_transfer,1,1,1,1,1,3,5.0,1,1,10.904679937496654
TXNa5fb9e9a-4,CUST00452,2026-07-13 04:16:31,3111.6,mobile,utilities,0,1,0,0,0,0,999.0,0,0,8.04321366877091
TXN7a44167a-6,CUST00453,2026-06-19 12:45:24,1561.29,mobile,electronics,0,1,0,0,0,0,999.0,0,0,7.353907972578067
TXNec7448f9-5,CUST00453,2026-06-24 08:33:21,6121.37,branch,jewellery,0,1,0,0,0,0,999.0,0,0,8.719704555444507
TXN8b418bdf-e,CUST00453,2026-06-24 19:07:54,8652.39,web,grocery,0,1,0,0,0,0,999.0,0,0,9.065706430664685
TXN61650f34-4,CUST00453,2026-06-26 12:57:00,1476.77,atm,grocery,0,1,0,0,0,0,999.0,0,0,7.298289473701881
TXNef145b36-0,CUST00453,2026-06-28 08:21:25,1016.15,atm,utilities,0,1,0,0,0,0,999.0,0,0,6.92475987779796
TXNc04cf6e6-c,CUST00453,2026-06-29 14:45:02,1870.45,mobile,grocery,0,1,0,0,0,0,999.0,0,0,7.534468810450054
TXN81edceb3-8,CUST00453,2026-07-02 02:53:02,1226.07,web,travel,0,1,0,0,0,0,999.0,0,0,7.11238449279839
TXN9d30b0f7-f,CUST00453,2026-07-05 04:58:55,3152.95,web,utilities,0,1,0,0,0,0,999.0,0,0,8.0564109145121
TXNf8dc2c64-c,CUST00453,2026-07-07 11:32:39,393.41,mobile,electronics,0,1,0,0,0,0,999.0,0,0,5.977390977376623
TXN58c68877-4,CUST00453,2026-07-12 21:46:23,2146.73,mobile,jewellery,1,1,0,0,0,0,999.0,0,0,7.672166749404036
TXNa7a3208e-b,CUST00453,2026-07-13 04:36:08,852.59,web,travel,0,1,0,0,0,0,999.0,0,0,6.7494509848298865
TXN7f4a3544-8,CUST00454,2026-06-20 02:39:55,1595.69,mobile,wire_transfer,0,1,0,0,0,0,999.0,0,0,7.375688015408777
TXN84203c0c-5,CUST00454,2026-06-23 21:30:21,15243.44,mobile,grocery,0,1,0,0,0,0,999.0,0,0,9.63197012539247
TXNd64894cd-2,CUST00454,2026-06-24 02:44:41,367.93,mobile,utilities,0,1,0,0,0,0,999.0,0,0,5.910606924147827
TXNfe835c51-7,CUST00454,2026-06-27 08:45:09,641.82,mobile,utilities,0,1,0,0,0,0,999.0,0,0,6.46586474725612
TXN9c454443-7,CUST00454,2026-07-02 19:43:39,4693.21,web,wire_transfer,0,1,0,0,0,0,999.0,0,0,8.454085113373614
TXN8abefd88-6,CUST00454,2026-07-06 00:56:07,2154.54,mobile,electronics,1,1,1,1,0,0,10.0,0,0,7.675796551194316
TXN93188472-9,CUST00454,2026-07-07 13:42:32,1998.99,web,jewellery,1,1,0,0,0,0,999.0,0,0,7.600897459529582
TXNa9e7bb4f-a,CUST00454,2026-07-09 23:29:44,1576.71,mobile,wire_transfer,1,1,0,0,0,0,999.0,0,0,7.363729707583944
TXNa4afade6-c,CUST00454,2026-07-15 15:09:05,405.04,web,retail,0,1,0,0,0,0,999.0,0,0,6.00645167691623
TXN2fad3d7e-a,CUST00455,2026-06-17 11:03:03,1158.68,mobile,electronics,0,1,0,0,0,0,999.0,0,0,7.055899383974505
TXN3ccb9897-c,CUST00455,2026-06-21 02:39:01,1475.33,web,electronics,0,1,0,0,0,0,999.0,0,0,7.297314557406525
TXN404f04e4-4,CUST00455,2026-06-23 19:32:57,2533.52,web,electronics,0,1,0,0,0,0,999.0,0,0,7.837759548984051
TXN57b6b27c-b,CUST00455,2026-06-25 03:36:44,1326.99,web,retail,0,1,0,0,0,0,999.0,0,0,7.191421799887546
TXNfe95c8c9-c,CUST00455,2026-06-29 10:22:46,210561.95,mobile,wire_transfer,1,1,1,1,1,4,12.0,1,1,12.257539937279306
TXN863e3610-a,CUST00455,2026-07-02 07:04:47,1430.61,web,jewellery,0,1,0,0,0,0,999.0,0,0,7.2665549640588685
TXN44f2a0db-b,CUST00455,2026-07-04 11:21:14,775.36,atm,utilities,1,1,0,0,0,0,999.0,0,0,6.6546163301325265
TXN64a70279-8,CUST00455,2026-07-05 21:09:51,1778.56,web,jewellery,0,1,1,1,0,0,23.0,0,0,7.484121421718161
TXN1ff49019-a,CUST00455,2026-07-06 20:10:10,9458.17,web,grocery,0,1,0,0,0,0,999.0,0,0,9.154739920353183
TXN9e9a1e40-b,CUST00455,2026-07-09 04:11:52,5086.81,web,electronics,1,1,1,1,0,0,5.0,0,0,8.534602761555403
TXN91b6aa01-7,CUST00455,2026-07-10 22:13:59,328.94,web,travel,0,1,0,0,0,0,999.0,0,0,5.798910819747778
TXNe50c27d4-a,CUST00455,2026-07-12 15:04:44,904.18,web,jewellery,0,1,0,0,0,0,999.0,0,0,6.808133818950557
TXN8ab171e0-e,CUST00455,2026-07-12 18:19:53,6718.14,web,travel,0,1,1,1,0,0,5.0,0,0,8.812715449137068
TXN937838f9-b,CUST00456,2026-06-16 22:31:24,829.99,web,wire_transfer,0,1,0,0,0,0,999.0,0,0,6.722617761088698
TXN6431d4a9-c,CUST00456,2026-06-23 03:02:17,202386.49,mobile,wire_transfer,1,1,1,1,1,4,11.0,1,1,12.21793940618484
TXN2212b446-f,CUST00456,2026-06-27 08:24:52,4707.01,web,wire_transfer,0,1,0,0,0,0,999.0,0,0,8.457020592422092
TXNddc55228-3,CUST00456,2026-06-29 12:22:44,512.21,web,utilities,0,1,0,0,0,0,999.0,0,0,6.24068511813231
TXN323415b1-6,CUST00456,2026-07-03 16:19:32,225408.69,mobile,wire_transfer,1,1,1,1,1,2,9.0,1,1,12.325674869903333
TXNf5e1ab65-8,CUST00456,2026-07-06 12:01:17,6212.85,mobile,travel,1,1,0,0,0,0,999.0,0,0,8.734535950620765
TXNef3dc5a8-9,CUST00456,2026-07-07 18:09:31,2422.84,web,electronics,0,1,0,0,0,0,999.0,0,0,7.793108338410014
TXNd0b2b078-d,CUST00456,2026-07-08 06:12:39,1532.27,mobile,grocery,0,1,0,0,0,0,999.0,0,0,7.335157988608202
TXN2a17879a-6,CUST00456,2026-07-13 19:17:07,3644.37,mobile,jewellery,0,1,0,0,0,0,999.0,0,0,8.201213148207401
TXNa367b563-2,CUST00456,2026-07-13 22:51:37,194761.37,web,wire_transfer,1,1,1,1,1,4,3.0,1,1,12.179535479045764
TXNae372e39-a,CUST00457,2026-07-01 09:40:24,7538.17,web,electronics,0,1,0,0,0,0,999.0,0,0,8.927867375367203
TXN88755363-2,CUST00457,2026-07-03 14:02:37,3680.09,web,jewellery,0,1,0,0,0,0,999.0,0,0,8.210964182957879
TXN879d19c3-5,CUST00457,2026-07-04 23:41:17,7300.43,mobile,grocery,0,1,0,0,0,0,999.0,0,0,8.89582549836342
TXNfd481505-b,CUST00457,2026-07-06 04:35:27,3910.35,mobile,grocery,0,1,0,0,0,0,999.0,0,0,8.271637861930143
TXN2aed0848-6,CUST00457,2026-07-06 10:47:43,1526.62,web,travel,0,1,0,0,0,0,999.0,0,0,7.33146624769823
TXN6755b2d4-2,CUST00457,2026-07-11 16:39:51,2567.56,branch,travel,0,1,0,0,0,0,999.0,0,0,7.85110070957219
TXNde4b2801-3,CUST00457,2026-07-14 17:31:32,548.02,web,grocery,1,1,0,0,0,0,999.0,0,0,6.308134870718474
TXNe9f8e115-2,CUST00457,2026-07-16 00:40:38,4005.31,atm,jewellery,0,1,0,0,0,0,999.0,0,0,8.295625897155896
TXN8f57cd9e-1,CUST00458,2026-06-16 23:32:57,2248.15,mobile,utilities,1,1,0,0,0,0,999.0,0,0,7.718307646044686
TXN5da55873-5,CUST00458,2026-06-18 00:34:57,192.91,mobile,utilities,0,1,0,0,0,0,999.0,0,0,5.267394133894527
TXN7d5887a5-a,CUST00458,2026-06-18 09:32:12,617.66,mobile,travel,0,1,0,0,0,0,999.0,0,0,6.427555848757907
TXN62e32fa7-f,CUST00458,2026-06-19 11:18:38,245549.5,web,wire_transfer,1,1,1,1,1,2,7.0,1,1,12.411257907710482
TXNfdce4f12-d,CUST00458,2026-06-24 14:10:44,5118.08,web,grocery,0,1,0,0,0,0,999.0,0,0,8.54073001438782
TXN498ccdd7-a,CUST00458,2026-06-25 17:18:44,11509.32,atm,jewellery,1,1,0,0,0,0,999.0,0,0,9.350999303240844
TXNc1886c58-5,CUST00458,2026-06-27 05:59:44,12369.01,mobile,grocery,0,1,0,0,0,0,999.0,0,0,9.423030273793644
TXN5ebbb87b-a,CUST00458,2026-06-29 09:00:17,1205.1,mobile,retail,0,1,0,0,0,0,999.0,0,0,7.095147292589197
TXN530a542a-8,CUST00458,2026-07-12 10:54:08,2962.64,atm,travel,0,1,0,0,0,0,999.0,0,0,7.99417352154954
TXNe9f410c9-1,CUST00459,2026-06-17 02:49:34,1270.05,mobile,utilities,1,1,0,0,0,0,999.0,0,0,7.14759860951876
TXNd5411860-8,CUST00459,2026-06-21 10:37:54,49896.25,mobile,wire_transfer,1,1,1,1,1,4,6.0,1,1,10.817721170000546
TXNe4d479e7-a,CUST00459,2026-06-21 15:28:58,262.27,web,electronics,0,1,0,0,0,0,999.0,0,0,5.5731801215375585
TXN13131048-9,CUST00459,2026-06-27 23:36:54,1434.55,mobile,electronics,0,1,0,0,0,0,999.0,0,0,7.2693033300238445
TXN9f88be6e-a,CUST00459,2026-06-28 00:04:47,628.67,web,wire_transfer,0,2,0,0,0,0,999.0,0,0,6.445195872625634
TXN2a314f1d-7,CUST00459,2026-07-03 05:51:11,1179.38,web,jewellery,0,1,0,0,0,0,999.0,0,0,7.073591699516229
TXN3c6bad34-9,CUST00459,2026-07-03 18:38:34,8712.13,web,retail,0,1,0,0,0,0,999.0,0,0,9.072586362354114
TXN1604c332-0,CUST00459,2026-07-03 20:26:36,1295.43,mobile,retail,0,1,0,0,0,0,999.0,0,0,7.167369612005506
TXN01f239e4-3,CUST00459,2026-07-09 22:06:55,1240.82,mobile,jewellery,0,1,0,0,0,0,999.0,0,0,7.124333324454182
TXN9e8fa807-5,CUST00460,2026-06-18 04:41:02,5080.29,mobile,wire_transfer,0,1,1,1,0,0,5.0,0,0,8.533320445343858
TXNcd68f11c-a,CUST00460,2026-06-22 14:51:15,159664.36,web,wire_transfer,1,1,1,1,1,3,16.0,1,1,11.98083540397538
TXNf35c02fd-d,CUST00460,2026-06-27 17:02:54,1514.11,mobile,travel,0,1,0,0,0,0,999.0,0,0,7.323243322568416
TXNcc7e66de-3,CUST00460,2026-06-28 17:40:37,8180.49,mobile,grocery,0,1,0,0,0,0,999.0,0,0,9.009629564598448
TXN4b2ca54d-5,CUST00460,2026-06-30 18:45:21,359.71,mobile,grocery,1,1,0,0,0,0,999.0,0,0,5.888074311395446
TXN2651daa3-d,CUST00460,2026-07-04 16:00:14,592.05,mobile,retail,0,1,0,0,0,0,999.0,0,0,6.385278712475285
TXN513be62e-d,CUST00460,2026-07-05 14:20:16,3121.35,web,wire_transfer,0,1,0,0,0,0,999.0,0,0,8.046341202415105
TXN9eead5de-f,CUST00460,2026-07-06 23:35:42,551.47,web,electronics,0,1,0,0,0,0,999.0,0,0,6.314399133275149
TXN6b6348f4-d,CUST00460,2026-07-07 06:20:16,864.08,mobile,wire_transfer,0,1,2,1,0,0,11.966666666666667,0,0,6.762821988204488
TXNc50ef346-f,CUST00460,2026-07-07 16:11:44,2790.87,atm,utilities,0,1,0,0,0,0,999.0,0,0,7.9344669011936535
TXNd3dd8cf8-5,CUST00460,2026-07-09 19:04:06,2996.13,atm,retail,0,1,0,0,0,0,999.0,0,0,8.005410443085964
TXN3772d3a3-1,CUST00460,2026-07-12 06:26:58,539.07,web,electronics,0,1,0,0,0,0,999.0,0,0,6.291698760786756
TXN64fff7a6-3,CUST00460,2026-07-13 22:39:39,2163.71,mobile,electronics,0,1,0,0,0,0,999.0,0,0,7.68004168227291
TXNc4593083-d,CUST00461,2026-06-20 11:20:43,2310.74,branch,travel,0,1,0,0,0,0,999.0,0,0,7.745755766721129
TXN6207db63-7,CUST00461,2026-06-25 06:38:50,6687.82,mobile,retail,0,1,0,0,0,0,999.0,0,0,8.808192754904336
TXNff62499a-f,CUST00461,2026-06-26 23:01:23,12477.87,branch,wire_transfer,0,1,0,0,0,0,999.0,0,0,9.43179209295219
TXN83a64431-d,CUST00461,2026-06-27 18:01:12,3984.84,web,travel,1,1,0,0,0,0,999.0,0,0,8.290503359475368
TXNc1fcdfc3-2,CUST00461,2026-07-02 07:26:42,499.76,mobile,utilities,0,1,0,0,0,0,999.0,0,0,6.216126944391462
TXN5c699e1f-4,CUST00461,2026-07-02 08:07:03,246.46,mobile,jewellery,0,2,0,0,0,0,999.0,0,0,5.51124895278583
TXNc6bdce43-0,CUST00461,2026-07-07 03:42:31,170501.2,mobile,wire_transfer,1,1,1,1,1,4,20.0,1,1,12.046503478848269
TXN8612944f-9,CUST00461,2026-07-07 20:08:38,764.79,web,travel,0,1,0,0,0,0,999.0,0,0,6.640907980718185
TXN9ae5fbbc-0,CUST00461,2026-07-09 19:42:24,1089.39,atm,travel,0,1,0,0,0,0,999.0,0,0,6.994290709393828
TXNf49eaaa3-0,CUST00462,2026-06-19 19:12:48,2491.18,branch,jewellery,0,1,0,0,0,0,999.0,0,0,7.820913108438448
TXNc69eb431-c,CUST00462,2026-06-22 16:48:40,1466.19,web,retail,0,1,0,0,0,0,999.0,0,0,7.291104285775593
TXN9564a7bd-c,CUST00462,2026-06-23 10:49:27,2590.96,web,electronics,0,1,0,0,0,0,999.0,0,0,7.860169625254324
TXNe3e32e42-2,CUST00462,2026-07-03 09:05:51,3251.88,mobile,utilities,0,1,0,0,0,0,999.0,0,0,8.08729603676742
TXN8eb232b8-5,CUST00462,2026-07-15 10:18:40,365.03,mobile,wire_transfer,0,1,0,0,0,0,999.0,0,0,5.9027152972553525
TXNdde630e0-c,CUST00463,2026-06-18 18:56:58,1889.23,mobile,grocery,1,1,0,0,0,0,999.0,0,0,7.544453793771374
TXN6c05df93-9,CUST00463,2026-06-19 17:32:53,2665.77,mobile,retail,0,1,1,1,0,0,6.0,0,0,7.888623281243102
TXN478fcedd-7,CUST00463,2026-06-28 11:03:15,4898.84,web,grocery,0,1,0,0,0,0,999.0,0,0,8.496957830504371
TXN829d03f5-5,CUST00463,2026-07-01 07:40:11,766.05,mobile,jewellery,0,1,0,0,0,0,999.0,0,0,6.642551988290783
TXNe4a6da33-b,CUST00463,2026-07-01 16:14:16,7104.71,mobile,retail,0,1,1,1,0,0,14.0,0,0,8.868653965165592
TXN23625303-2,CUST00463,2026-07-02 02:15:31,4526.82,web,utilities,0,1,1,1,0,0,8.0,0,0,8.417995866442684
TXNa1d60cf1-8,CUST00463,2026-07-02 09:47:18,157.74,web,grocery,1,1,0,0,0,0,999.0,0,0,5.0672676436627295
TXN80851d53-2,CUST00463,2026-07-04 06:33:44,1846.97,web,travel,0,1,1,1,0,0,4.0,0,0,7.521843018303627
TXNc1192634-c,CUST00463,2026-07-07 03:51:30,2143.32,web,grocery,0,1,0,0,0,0,999.0,0,0,7.670577764784806
TXNd7718c05-b,CUST00463,2026-07-08 06:14:01,1286.37,web,travel,0,1,0,0,0,0,999.0,0,0,7.1603566565662025
TXN129f9fa5-3,CUST00464,2026-06-19 19:58:49,9211.44,web,utilities,0,1,0,0,0,0,999.0,0,0,9.128310023586288
TXNfc424352-6,CUST00464,2026-06-22 06:44:28,1473.27,mobile,travel,0,1,0,0,0,0,999.0,0,0,7.295918231008705
TXN153e09ba-f,CUST00464,2026-06-30 20:37:40,1725.9,mobile,jewellery,0,1,0,0,0,0,999.0,0,0,7.454083172590624
TXN9d482c49-f,CUST00464,2026-06-30 22:41:10,3432.36,mobile,grocery,0,1,0,0,0,0,999.0,0,0,8.141294652509746
TXN4e8d2654-c,CUST00464,2026-07-11 06:49:41,882.58,web,utilities,0,1,0,0,0,0,999.0,0,0,6.78398183661347
TXN9619cf44-3,CUST00464,2026-07-12 05:19:16,1619.66,mobile,retail,0,1,0,0,0,0,999.0,0,0,7.390588752665973
TXNeebd342d-2,CUST00464,2026-07-14 05:21:06,457.82,web,travel,0,1,0,0,0,0,999.0,0,0,6.128657976284189
TXN0a164306-e,CUST00464,2026-07-15 18:35:10,87700.6,web,wire_transfer,1,1,1,1,1,3,5.0,1,1,11.381695422207537
TXNfdbf4aa4-e,CUST00465,2026-06-18 07:36:51,3690.07,web,grocery,0,1,0,0,0,0,999.0,0,0,8.213671667900286
TXN3556071b-1,CUST00465,2026-06-24 22:49:39,2168.79,web,electronics,0,1,0,0,0,0,999.0,0,0,7.682385667658033
TXN537356f2-c,CUST00465,2026-06-24 23:59:09,1894.08,atm,grocery,1,1,0,0,0,0,999.0,0,0,7.54701633298428
TXN7b03f61b-5,CUST00465,2026-06-30 08:19:47,830.96,atm,electronics,0,1,0,0,0,0,999.0,0,0,6.723784362742399
TXNa484be3e-2,CUST00465,2026-07-11 19:12:07,3164.15,atm,utilities,0,1,0,0,0,0,999.0,0,0,8.059955726820176
TXNa227ac14-3,CUST00466,2026-06-19 12:55:41,723.95,mobile,retail,0,1,0,0,0,0,999.0,0,0,6.586102686959203
TXN62c57829-6,CUST00466,2026-06-21 17:06:24,1020.82,mobile,wire_transfer,0,1,0,0,0,0,999.0,0,0,6.929340630007159
TXNb77c1be6-f,CUST00466,2026-06-30 16:49:50,106.05,mobile,electronics,0,1,0,0,0,0,999.0,0,0,4.6732960150356915
TXNbcf7bbc2-8,CUST00466,2026-07-01 08:12:02,548.14,mobile,jewellery,0,1,0,0,0,0,999.0,0,0,6.308353418107703
TXN48ae4aba-1,CUST00466,2026-07-02 09:29:32,518.45,web,electronics,0,1,0,0,0,0,999.0,0,0,6.252770559516541
TXNf68d6979-7,CUST00466,2026-07-09 18:17:51,2949.36,mobile,electronics,0,1,0,0,0,0,999.0,0,0,7.9896824757866405
TXN85123413-d,CUST00466,2026-07-11 08:21:27,2823.59,mobile,grocery,0,1,0,0,0,0,999.0,0,0,7.946118500304403
TXNfc1b3217-8,CUST00467,2026-06-18 07:01:40,5228.04,mobile,grocery,0,1,0,0,0,0,999.0,0,0,8.561982983805077
TXN37eb9827-8,CUST00467,2026-06-24 10:45:15,7745.6,mobile,retail,0,1,0,0,0,0,999.0,0,0,8.955009316408727
TXNf31fbee0-3,CUST00467,2026-06-27 20:34:28,196.36,atm,wire_transfer,0,1,0,0,0,0,999.0,0,0,5.285029472221101
TXNe61c4368-7,CUST00467,2026-07-01 13:37:56,5102.45,mobile,jewellery,0,1,0,0,0,0,999.0,0,0,8.53767206059756
TXNeb536282-2,CUST00467,2026-07-03 00:27:35,3996.16,web,grocery,1,1,0,0,0,0,999.0,0,0,8.29333938793266
TXN69ccaeb0-a,CUST00467,2026-07-07 08:59:59,6292.15,mobile,travel,1,1,0,0,0,0,999.0,0,0,8.747217019251124
TXN21366a4d-0,CUST00467,2026-07-15 00:32:09,421.02,web,jewellery,1,1,0,0,0,0,999.0,0,0,6.045052706277911
TXNb8280725-7,CUST00467,2026-07-15 00:40:27,1790.49,web,travel,0,2,0,0,0,0,999.0,0,0,7.490802954814833
TXNefc87fc9-f,CUST00467,2026-07-15 06:18:02,1733.53,atm,grocery,0,1,0,0,0,0,999.0,0,0,7.458491762310964
TXN8d80c2fe-b,CUST00468,2026-06-20 02:11:29,5707.17,atm,travel,0,1,0,0,0,0,999.0,0,0,8.649653760914267
TXN1b19b829-d,CUST00468,2026-06-24 18:17:55,470.12,web,electronics,0,1,0,0,0,0,999.0,0,0,6.155112838636315
TXNa528698b-d,CUST00468,2026-06-24 18:52:33,915.17,web,travel,0,2,0,0,0,0,999.0,0,0,6.820201936974176
TXN8852c78e-0,CUST00468,2026-06-25 14:29:23,644.36,web,jewellery,0,1,0,0,0,0,999.0,0,0,6.469808300628719
TXNb5230821-2,CUST00468,2026-07-06 09:13:01,18573.72,web,travel,0,1,0,0,0,0,999.0,0,0,9.82955679544812
TXN9fc2e952-4,CUST00468,2026-07-10 07:12:56,4305.42,mobile,wire_transfer,0,1,0,0,0,0,999.0,0,0,8.367862211486381
TXNd61a4a69-3,CUST00468,2026-07-11 11:33:07,5582.41,web,travel,0,1,0,0,0,0,999.0,0,0,8.627554979834112
TXNbd00ff19-6,CUST00468,2026-07-11 17:43:35,5598.8,mobile,grocery,0,1,0,0,0,0,999.0,0,0,8.630486161799755
TXN7d525a4e-4,CUST00468,2026-07-14 20:11:03,6000.03,web,grocery,0,1,0,0,0,0,999.0,0,0,8.699686400143822
TXN8503e3b7-1,CUST00468,2026-07-15 06:07:16,446.57,mobile,utilities,1,1,0,0,0,0,999.0,0,0,6.103832950062866
TXN9b48c6fb-3,CUST00468,2026-07-16 08:36:39,605.32,web,grocery,0,1,1,1,0,0,1.0,0,0,6.407407899503774
TXN085e9e90-f,CUST00469,2026-06-20 11:26:20,145641.75,mobile,wire_transfer,1,1,1,1,1,3,9.0,1,1,11.888911984286331
TXN676e34be-7,CUST00469,2026-06-20 11:28:40,10493.51,web,travel,0,2,1,1,1,3,11.333333333333334,1,0,9.258607542265297
TXN2e401311-c,CUST00469,2026-06-21 07:12:19,2332.5,web,jewellery,0,1,0,0,0,0,999.0,0,0,7.75512456538987
TXN4400592c-a,CUST00469,2026-06-27 01:33:59,4292.48,web,utilities,0,1,0,0,0,0,999.0,0,0,8.364852871897428
TXN279e04e7-6,CUST00469,2026-07-03 02:07:53,510.76,web,jewellery,0,1,0,0,0,0,999.0,0,0,6.237855765141882
TXNf929eda0-b,CUST00469,2026-07-05 11:48:09,4314.58,branch,retail,1,1,0,0,0,0,999.0,0,0,8.369987009316645
TXN76d9d64d-7,CUST00469,2026-07-07 03:41:23,6381.25,web,jewellery,0,1,0,0,0,0,999.0,0,0,8.761275978744102
TXN1719944c-9,CUST00469,2026-07-10 08:51:12,687.91,atm,retail,0,1,0,0,0,0,999.0,0,0,6.5351106383887005
TXNaa47bfc8-1,CUST00469,2026-07-12 04:28:13,1406.42,mobile,travel,0,1,0,0,0,0,999.0,0,0,7.249513520032587
TXNb7e1cb21-2,CUST00470,2026-06-23 16:12:27,1086.92,web,electronics,0,1,0,0,0,0,999.0,0,0,6.992022895300703
TXNdad95c71-c,CUST00470,2026-07-02 20:07:12,4429.27,web,jewellery,1,1,0,0,0,0,999.0,0,0,8.396215809263186
TXN0d97bade-6,CUST00470,2026-07-08 02:48:22,362.94,web,retail,0,1,0,0,0,0,999.0,0,0,5.896989018885097
TXN3db8014a-8,CUST00470,2026-07-14 07:25:43,726.96,web,utilities,0,1,0,0,0,0,999.0,0,0,6.590246101632206
TXN61e5cdd9-7,CUST00470,2026-07-16 11:05:04,222.99,web,jewellery,0,1,0,0,0,0,999.0,0,0,5.411601408001375
TXN7508e10c-1,CUST00471,2026-06-20 20:11:37,206.15,web,wire_transfer,0,1,1,1,0,0,22.0,0,0,5.333443168523411
TXNd67e0f37-f,CUST00471,2026-06-22 09:36:06,227518.55,mobile,wire_transfer,1,1,1,1,1,3,15.0,1,1,12.334991447746956
TXN9522496e-a,CUST00471,2026-07-01 22:58:57,1995.56,mobile,wire_transfer,0,1,0,0,0,0,999.0,0,0,7.599180978643742
TXN379f0075-b,CUST00471,2026-07-09 01:23:26,2469.51,branch,retail,0,1,1,1,0,0,18.0,0,0,7.812179886041223
TXN7161c888-3,CUST00471,2026-07-10 23:53:34,513.72,web,retail,0,1,0,0,0,0,999.0,0,0,6.243623063490716
TXNa53a43d6-1,CUST00471,2026-07-14 21:48:31,2983.03,mobile,jewellery,0,1,0,0,0,0,999.0,0,0,8.001030014892418
TXN2bd346cb-e,CUST00472,2026-06-18 13:14:21,152995.3,mobile,wire_transfer,1,1,1,1,1,2,15.0,1,1,11.938169017075623
TXN2e89bdbd-5,CUST00472,2026-06-20 08:59:50,1821.86,mobile,jewellery,0,1,0,0,0,0,999.0,0,0,7.508161975240358
TXN36cf28af-9,CUST00472,2026-07-01 19:10:31,681.75,mobile,utilities,0,1,0,0,0,0,999.0,0,0,6.5261287603538145
TXNf48783eb-9,CUST00472,2026-07-14 08:10:55,1536.1,branch,travel,0,1,0,0,0,0,999.0,0,0,7.3376528032308865
TXN444b9490-4,CUST00473,2026-06-19 10:19:01,5813.65,web,wire_transfer,0,1,0,0,0,0,999.0,0,0,8.668135873975373
TXNda970edb-a,CUST00473,2026-06-22 11:19:30,1242.11,mobile,travel,1,1,0,0,0,0,999.0,0,0,7.12537158317043
TXN4d9e6b9f-a,CUST00473,2026-06-23 02:01:09,1367.75,mobile,wire_transfer,0,1,0,0,0,0,999.0,0,0,7.221653193564811
TXNf6d2a20d-b,CUST00473,2026-06-23 06:56:59,1484.03,atm,retail,0,1,0,0,0,0,999.0,0,0,7.303190253052944
TXN51f8deb6-3,CUST00473,2026-06-28 09:50:55,2094.64,mobile,utilities,0,1,0,0,0,0,999.0,0,0,7.647614274964038
TXNdb0f1685-9,CUST00473,2026-07-03 10:14:25,23824.25,web,grocery,0,1,0,0,0,0,999.0,0,0,10.078501221646784
TXN24d4dba9-8,CUST00473,2026-07-05 22:34:14,1517.59,mobile,travel,0,1,0,0,0,0,999.0,0,0,7.32553755174494
TXN5339eb18-2,CUST00473,2026-07-12 06:34:40,5509.54,web,electronics,0,1,0,0,0,0,999.0,0,0,8.614417900974683
TXN6d566dcc-b,CUST00473,2026-07-12 11:20:00,1230.47,web,jewellery,0,1,0,0,0,0,999.0,0,0,7.115963856727938
TXN93de2da0-4,CUST00474,2026-06-22 02:47:19,618.56,mobile,travel,0,1,0,0,0,0,999.0,0,0,6.4290095486795575
TXN9a86040e-7,CUST00474,2026-06-24 04:33:31,6744.21,web,electronics,0,1,0,0,0,0,999.0,0,0,8.81658790233066
TXN1dd18fcf-b,CUST00474,2026-06-28 03:36:06,9708.72,web,utilities,0,1,0,0,0,0,999.0,0,0,9.18088272461831
TXN922fe35d-2,CUST00474,2026-06-30 19:40:57,1719.38,mobile,retail,0,1,0,0,0,0,999.0,0,0,7.450300475638567
TXNb98b9459-7,CUST00474,2026-07-02 02:52:27,3913.04,branch,jewellery,0,1,0,0,0,0,999.0,0,0,8.272325367627868
TXN950f5eff-d,CUST00474,2026-07-04 20:38:49,2908.32,mobile,travel,0,1,0,0,0,0,999.0,0,0,7.975674655882875
TXN3f444245-4,CUST00474,2026-07-05 05:31:45,1059.82,atm,utilities,0,1,0,0,0,0,999.0,0,0,6.966797472949193
TXNbe60808d-b,CUST00474,2026-07-07 09:13:17,7882.27,mobile,wire_transfer,0,1,0,0,0,0,999.0,0,0,8.97249807139306
TXN295c1b59-3,CUST00474,2026-07-08 08:42:38,674.54,web,retail,0,1,1,1,0,0,25.0,0,0,6.515512371043094
TXN5526db8e-9,CUST00474,2026-07-14 01:53:03,12230.59,mobile,travel,0,1,0,0,0,0,999.0,0,0,9.411777228407502
TXN7f849eea-c,CUST00474,2026-07-16 06:42:51,413.54,mobile,utilities,0,1,0,0,0,0,999.0,0,0,6.027169471728759
TXNb800f540-7,CUST00475,2026-06-26 10:32:12,6700.77,mobile,jewellery,0,1,0,0,0,0,999.0,0,0,8.81012694959438
TXN21737acd-3,CUST00475,2026-06-26 21:19:12,152735.72,mobile,wire_transfer,1,1,1,1,1,4,4.0,1,1,11.936470933810854
TXN297eb3ce-1,CUST00475,2026-06-28 20:57:55,1116.13,mobile,jewellery,0,1,0,0,0,0,999.0,0,0,7.018518175466409
TXNb53a2800-7,CUST00475,2026-07-01 01:04:28,389.05,mobile,travel,1,1,0,0,0,0,999.0,0,0,5.966274936034322
TXN236603b4-5,CUST00475,2026-07-04 14:55:54,86696.35,mobile,wire_transfer,1,1,1,1,1,3,5.0,1,1,11.370178597134265
TXNaaae3222-3,CUST00475,2026-07-06 12:15:28,558.43,mobile,retail,0,1,0,0,0,0,999.0,0,0,6.326918408217976
TXNc27eb09a-7,CUST00475,2026-07-08 22:04:03,1213.27,branch,travel,0,1,0,0,0,0,999.0,0,0,7.101898352162886
TXNf2203acf-8,CUST00475,2026-07-13 16:41:58,2116.94,web,utilities,0,1,0,0,0,0,999.0,0,0,7.658199197148191
TXN227cc456-1,CUST00476,2026-06-21 11:21:40,14957.35,mobile,travel,0,1,0,0,0,0,999.0,0,0,9.613024951327978
TXNb8d7e825-b,CUST00476,2026-06-21 22:21:23,343.94,atm,utilities,0,1,0,0,0,0,999.0,0,0,5.843370488863255
TXNacdb425c-c,CUST00476,2026-06-26 14:57:20,4520.95,mobile,jewellery,0,1,0,0,0,0,999.0,0,0,8.416698595722385
TXNaf003b94-5,CUST00476,2026-06-29 14:07:58,415.71,atm,jewellery,0,1,0,0,0,0,999.0,0,0,6.032390536220612
TXNdd16663a-8,CUST00476,2026-06-30 00:08:57,2383.51,branch,grocery,0,1,0,0,0,0,999.0,0,0,7.776748931480796
TXNbaad0da4-6,CUST00476,2026-07-08 12:07:06,1906.04,mobile,jewellery,0,1,0,0,0,0,999.0,0,0,7.553307580734399
TXNc2d0af1f-4,CUST00476,2026-07-10 13:03:46,1097.94,mobile,wire_transfer,0,1,0,0,0,0,999.0,0,0,7.002101357826813
TXN7731b193-e,CUST00476,2026-07-14 03:42:39,1384.16,mobile,grocery,0,1,0,0,0,0,999.0,0,0,7.233570935414821
TXN09a3e57e-2,CUST00476,2026-07-14 10:19:29,3187.54,mobile,jewellery,1,1,0,0,0,0,999.0,0,0,8.067318410760533
TXN0de5fd7b-d,CUST00476,2026-07-15 05:42:14,16320.34,mobile,utilities,0,1,0,0,0,0,999.0,0,0,9.70022873299057
TXNcf92bd95-9,CUST00476,2026-07-15 22:59:14,6385.44,web,wire_transfer,0,1,0,0,0,0,999.0,0,0,8.761932271621507
TXNec9f1803-6,CUST00477,2026-06-17 12:47:05,19615.91,web,electronics,0,1,0,0,0,0,999.0,0,0,9.88414722836139
TXN047032f6-3,CUST00477,2026-06-18 04:54:42,2578.12,mobile,utilities,0,1,0,0,0,0,999.0,0,0,7.855203534461533
TXNaad74fe0-5,CUST00477,2026-07-02 10:54:23,5108.38,web,electronics,0,1,0,0,0,0,999.0,0,0,8.538833345112511
TXNd048c8af-f,CUST00477,2026-07-05 03:05:53,172.33,atm,jewellery,0,1,0,0,0,0,999.0,0,0,5.155197291953219
TXN3c9ea73a-2,CUST00477,2026-07-10 08:00:35,6351.21,mobile,travel,0,1,0,0,0,0,999.0,0,0,8.756558062833887
TXNcb53e1ae-d,CUST00477,2026-07-11 08:29:14,2004.18,mobile,utilities,0,1,0,0,0,0,999.0,0,0,7.603489111272182
TXN3c7d53a0-4,CUST00477,2026-07-11 21:00:35,322.63,atm,grocery,0,1,0,0,0,0,999.0,0,0,5.779600887933039
TXN14fe9960-a,CUST00477,2026-07-13 02:54:18,2135.8,web,wire_transfer,0,1,0,0,0,0,999.0,0,0,7.667064661795751
TXNec2c1148-d,CUST00477,2026-07-13 16:23:23,6067.66,branch,jewellery,1,1,0,0,0,0,999.0,0,0,8.710893101857577
TXNdf3bd35c-3,CUST00478,2026-06-17 02:30:45,4998.73,web,retail,0,1,0,0,0,0,999.0,0,0,8.517139189958185
TXNf11b9c1b-b,CUST00478,2026-06-18 10:02:35,10925.21,branch,retail,0,1,0,0,0,0,999.0,0,0,9.298919768979633
TXNdf2ff029-d,CUST00478,2026-06-28 16:30:59,1733.57,mobile,wire_transfer,1,1,0,0,0,0,999.0,0,0,7.45851482304718
TXN75d0a2af-1,CUST00478,2026-06-30 06:50:34,951.4,web,electronics,1,1,0,0,0,0,999.0,0,0,6.858985114612707
TXNedb49f8d-e,CUST00478,2026-07-03 10:44:19,1293.45,mobile,jewellery,0,1,0,0,0,0,999.0,0,0,7.165841173493911
TXN2adff941-9,CUST00478,2026-07-05 17:15:16,3022.96,mobile,travel,0,1,0,0,0,0,999.0,0,0,8.014322509698712
TXNc768edb9-0,CUST00478,2026-07-06 20:19:23,36978.06,branch,utilities,0,1,0,0,0,0,999.0,0,0,10.51810708547256
TXN0e832587-3,CUST00479,2026-06-19 17:13:38,5090.71,mobile,wire_transfer,0,1,0,0,0,0,999.0,0,0,8.535369005973768
TXNa9fc73da-5,CUST00479,2026-06-24 18:30:49,5758.51,atm,utilities,0,1,0,0,0,0,999.0,0,0,8.658607680626883
TXNfdff67de-6,CUST00479,2026-06-26 22:35:59,6889.7,mobile,travel,0,1,0,0,0,0,999.0,0,0,8.837927955363819
TXNde2bdf8c-a,CUST00479,2026-07-08 22:03:55,417.83,mobile,travel,0,1,0,0,0,0,999.0,0,0,6.037465109668666
TXNe9622f9d-3,CUST00479,2026-07-15 05:13:24,1761.67,atm,travel,1,1,0,0,0,0,999.0,0,0,7.474584983935754
TXN32e72520-4,CUST00479,2026-07-16 04:06:53,1049.48,mobile,wire_transfer,0,1,0,0,0,0,999.0,0,0,6.95700248155075
TXN65d77fc8-2,CUST00480,2026-06-23 12:17:17,39378.08,mobile,travel,0,1,0,0,0,0,999.0,0,0,10.58098998980747
TXNafd063d6-3,CUST00480,2026-06-28 03:51:03,1694.35,atm,wire_transfer,1,1,0,0,0,0,999.0,0,0,7.435644488174008
TXNbb5452fd-2,CUST00480,2026-07-09 02:28:55,3104.17,mobile,wire_transfer,0,1,0,0,0,0,999.0,0,0,8.040823743271407
TXN284baa23-3,CUST00480,2026-07-09 13:01:47,463.4,mobile,electronics,0,1,0,0,0,0,999.0,0,0,6.140746249823736
TXN9bd39476-1,CUST00480,2026-07-09 22:24:39,1342.26,web,travel,1,1,0,0,0,0,999.0,0,0,7.20285477421178
TXNec8a7209-a,CUST00480,2026-07-14 09:09:00,3718.68,mobile,utilities,0,1,0,0,0,0,999.0,0,0,8.221392922061755
TXN57cad887-b,CUST00481,2026-06-18 01:02:48,276.42,web,jewellery,0,1,0,0,0,0,999.0,0,0,5.625532603335144
TXN1dadd807-1,CUST00481,2026-06-19 00:08:20,3623.12,mobile,travel,0,1,0,0,0,0,999.0,0,0,8.195366779197442
TXN3fa916f9-e,CUST00481,2026-06-19 21:38:50,51264.6,web,utilities,0,1,0,0,0,0,999.0,0,0,10.844775240927245
TXN68fd1179-7,CUST00481,2026-06-20 07:01:35,1652.76,branch,jewellery,0,1,0,0,0,0,999.0,0,0,7.410806762274073
TXN23bf1f71-a,CUST00481,2026-06-23 11:57:01,1208.02,mobile,retail,0,1,0,0,0,0,999.0,0,0,7.097565393075153
TXN082bbc6f-b,CUST00481,2026-06-24 17:52:20,3694.37,mobile,utilities,0,1,0,0,0,0,999.0,0,0,8.214835963687094
TXNc578f4f4-9,CUST00481,2026-06-26 21:18:37,2217.06,mobile,retail,1,1,0,0,0,0,999.0,0,0,7.704388218942086
TXN8776b75f-e,CUST00481,2026-07-05 11:27:32,950.84,atm,electronics,0,1,0,0,0,0,999.0,0,0,6.858396953439596
TXN1ac0dff3-6,CUST00481,2026-07-07 10:52:30,668.58,mobile,electronics,0,1,0,0,0,0,999.0,0,0,6.506650650150935
TXN0ab6c155-2,CUST00481,2026-07-09 13:17:17,737.03,mobile,grocery,0,1,0,0,0,0,999.0,0,0,6.603984474180771
TXN4b2a2bb4-0,CUST00481,2026-07-09 14:20:33,6390.6,web,retail,1,1,0,0,0,0,999.0,0,0,8.762739907265233
TXNbf2c857e-9,CUST00481,2026-07-12 21:27:28,623.4,web,retail,0,1,0,0,0,0,999.0,0,0,6.436791188641277
TXN4d2cd22d-c,CUST00482,2026-06-18 04:19:13,2159.57,web,utilities,0,1,0,0,0,0,999.0,0,0,7.678127354754551
TXN2d17534a-4,CUST00482,2026-06-18 12:04:02,26503.08,web,electronics,0,1,0,0,0,0,999.0,0,0,10.185053962387492
TXN264e448e-1,CUST00482,2026-06-21 19:10:37,1124.02,mobile,jewellery,0,1,0,0,0,0,999.0,0,0,7.025556092258276
TXNa68f75ac-7,CUST00482,2026-06-26 23:52:37,249296.57,web,wire_transfer,1,1,1,1,1,3,6.0,1,1,12.426402522171726
TXN65108b6f-a,CUST00482,2026-06-28 19:47:54,6616.8,mobile,wire_transfer,0,1,0,0,0,0,999.0,0,0,8.79751826741445
TXN05d04902-4,CUST00482,2026-07-05 10:12:19,127793.01,web,wire_transfer,1,1,1,1,1,2,10.0,1,1,11.758174949717587
TXNec0389c1-2,CUST00482,2026-07-06 06:47:12,4638.31,web,electronics,1,1,0,0,0,0,999.0,0,0,8.442320927265783
TXN615a443c-6,CUST00482,2026-07-10 12:38:18,2368.01,mobile,travel,0,1,0,0,0,0,999.0,0,0,7.770227425340252
TXN036ec6cb-8,CUST00482,2026-07-13 20:02:33,526.28,branch,retail,0,1,0,0,0,0,999.0,0,0,6.267731716744464
TXN227763f8-f,CUST00483,2026-06-16 19:19:36,26853.4,web,travel,0,1,1,1,0,0,3.0,0,0,10.198184959881814
TXNbc6965e7-b,CUST00483,2026-06-17 07:49:37,7140.74,web,travel,0,1,0,0,0,0,999.0,0,0,8.873711723123215
TXN6025cf7c-4,CUST00483,2026-06-19 02:40:26,5665.73,branch,utilities,0,1,0,0,0,0,999.0,0,0,8.642367510778376
TXNd8ccacd5-b,CUST00483,2026-06-22 21:29:37,2709.36,mobile,utilities,1,1,0,0,0,0,999.0,0,0,7.904836746379532
TXN9390e315-0,CUST00483,2026-06-24 14:46:59,1780.68,web,retail,0,1,0,0,0,0,999.0,0,0,7.485312018392594
TXNd2bfbcf2-d,CUST00483,2026-07-01 03:18:46,5166.95,mobile,jewellery,0,1,0,0,0,0,999.0,0,0,8.550231370493035
TXN91a17855-a,CUST00483,2026-07-04 17:52:15,7488.13,web,utilities,0,1,1,1,0,0,13.0,0,0,8.921207914891601
TXN5997fbb0-f,CUST00483,2026-07-05 18:54:04,1809.75,mobile,travel,0,1,0,0,0,0,999.0,0,0,7.501496403075436
TXNee426792-c,CUST00483,2026-07-08 03:43:05,2181.02,web,electronics,0,1,0,0,0,0,999.0,0,0,7.688006332253851
TXNca7d60a1-d,CUST00483,2026-07-15 00:44:07,4616.63,mobile,retail,0,1,0,0,0,0,999.0,0,0,8.437636865439943
TXN24522ef6-1,CUST00484,2026-06-17 16:05:09,575.18,branch,wire_transfer,0,1,0,0,0,0,999.0,0,0,6.356420111877936
TXNc337ed45-4,CUST00484,2026-06-21 15:50:57,5110.3,web,retail,0,1,0,0,0,0,999.0,0,0,8.539209053973876
TXNd2d07acf-7,CUST00484,2026-06-27 09:44:07,15951.74,branch,electronics,0,1,0,0,0,0,999.0,0,0,9.677385880293178
TXN27facb5d-c,CUST00484,2026-06-30 08:40:23,8438.92,web,jewellery,0,1,0,0,0,0,999.0,0,0,9.040728108872095
TXNef6739d2-6,CUST00484,2026-07-03 05:53:30,14871.56,atm,travel,0,1,0,0,0,0,999.0,0,0,9.6072731833454
TXN8a25cd95-5,CUST00484,2026-07-03 12:39:35,1900.96,mobile,retail,0,1,0,0,0,0,999.0,0,0,7.550640212389975
TXN7b5aaea7-f,CUST00484,2026-07-06 13:54:24,2087.77,mobile,grocery,0,1,0,0,0,0,999.0,0,0,7.64433065496849
TXNc77ae3b1-2,CUST00484,2026-07-06 22:06:42,43110.96,web,travel,0,1,0,0,0,0,999.0,0,0,10.67155573179698
TXN132fdba1-f,CUST00484,2026-07-07 08:49:53,1827.58,web,electronics,0,1,0,0,0,0,999.0,0,0,7.511294988341409
TXN3a96c7f5-1,CUST00484,2026-07-09 02:29:06,1314.3,web,travel,0,1,1,1,0,0,12.0,0,0,7.181820055474733
TXNd8a9e06f-3,CUST00484,2026-07-12 13:40:42,810.89,web,jewellery,1,1,0,0,0,0,999.0,0,0,6.699364863004766
TXNa1b95e07-a,CUST00485,2026-06-18 09:31:22,151592.38,web,wire_transfer,1,1,1,1,1,3,2.0,1,1,11.92895708369078
TXN698f3072-0,CUST00485,2026-06-20 15:54:38,255.6,mobile,retail,1,1,0,0,0,0,999.0,0,0,5.547518452181536
TXNb8b75626-b,CUST00485,2026-06-20 19:11:32,20.68,branch,retail,0,1,0,0,0,0,999.0,0,0,3.0763901765714454
TXN51c680ca-5,CUST00485,2026-06-26 01:57:53,2456.32,web,utilities,0,1,0,0,0,0,999.0,0,0,7.80682660417091
TXNf1f58294-a,CUST00485,2026-06-26 06:52:51,5037.31,mobile,wire_transfer,0,1,0,0,0,0,999.0,0,0,8.524825987373626
TXN9e929f50-9,CUST00485,2026-06-27 16:48:35,1592.91,mobile,wire_transfer,0,1,0,0,0,0,999.0,0,0,7.373945396024644
TXN2899e850-d,CUST00485,2026-06-29 13:25:32,2018.3,web,travel,0,1,0,0,0,0,999.0,0,0,7.610506195684777
TXN472678ac-7,CUST00485,2026-06-29 13:40:50,783.5,mobile,travel,1,2,0,0,0,0,999.0,0,0,6.665046572173087
TXN7ab417d6-2,CUST00485,2026-07-04 21:59:49,322.19,branch,retail,0,1,0,0,0,0,999.0,0,0,5.778240385574211
TXN6d1b5e96-6,CUST00485,2026-07-10 07:42:06,530.98,mobile,jewellery,0,1,0,0,0,0,999.0,0,0,6.27660589465001
TXN1f8452fb-6,CUST00485,2026-07-11 10:29:53,641.07,web,utilities,0,1,1,1,0,0,18.0,0,0,6.464697332014071
TXNb381e8b0-3,CUST00485,2026-07-12 02:54:46,602.95,mobile,travel,0,1,0,0,0,0,999.0,0,0,6.403491413051287
TXNdc29aca7-2,CUST00485,2026-07-14 05:35:24,6382.66,web,jewellery,0,1,0,0,0,0,999.0,0,0,8.761496879566016
TXN084a4052-4,CUST00486,2026-06-23 16:28:20,7173.71,web,retail,0,1,0,0,0,0,999.0,0,0,8.87831762169252
TXNe7b4638b-e,CUST00486,2026-06-23 16:52:49,4960.98,atm,travel,0,2,0,0,0,0,999.0,0,0,8.509560133610814
TXN0450f237-1,CUST00486,2026-06-24 13:59:10,2002.84,mobile,wire_transfer,0,1,0,0,0,0,999.0,0,0,7.6028206186979865
TXN907e5f2d-7,CUST00487,2026-06-16 13:44:09,1073.98,atm,jewellery,0,1,0,0,0,0,999.0,0,0,6.9800573357375315
TXNc743eed3-a,CUST00487,2026-06-16 17:37:35,2098.15,mobile,grocery,0,1,0,0,0,0,999.0,0,0,7.6492877798685415
TXN7393c675-a,CUST00487,2026-06-19 11:01:22,1480.58,mobile,grocery,0,1,0,0,0,0,999.0,0,0,7.300864364880717
TXNd771b446-7,CUST00487,2026-06-20 23:35:24,1386.52,mobile,jewellery,0,1,0,0,0,0,999.0,0,0,7.235273259931117
TXNcf61ea35-d,CUST00487,2026-06-23 21:24:18,726.28,atm,utilities,0,1,0,0,0,0,999.0,0,0,6.589311547813603
TXN00b30bda-6,CUST00487,2026-06-26 06:48:46,1851.65,branch,wire_transfer,0,1,0,0,0,0,999.0,0,0,7.524372325552133
TXNc96e517f-e,CUST00487,2026-06-28 13:43:04,7906.68,web,wire_transfer,0,1,0,0,0,0,999.0,0,0,8.97558971812022
TXN350c559f-0,CUST00487,2026-07-02 20:26:42,2066.59,mobile,jewellery,0,1,0,0,0,0,999.0,0,0,7.634138956784748
TXN5ef28433-1,CUST00487,2026-07-06 01:53:08,2001.52,web,grocery,1,1,0,0,0,0,999.0,0,0,7.602161666408245
TXNf21dfe36-2,CUST00487,2026-07-06 05:15:00,1286.69,web,retail,0,1,0,0,0,0,999.0,0,0,7.160605194465629
TXN0f34bd08-8,CUST00487,2026-07-12 07:44:46,1127.66,branch,grocery,0,1,0,0,0,0,999.0,0,0,7.028786367332985
TXNbc9742d3-e,CUST00487,2026-07-13 02:00:56,631.86,mobile,travel,0,1,0,0,0,0,999.0,0,0,6.4502492286463635
TXN48f89e30-5,CUST00487,2026-07-14 01:55:02,367.99,branch,retail,0,1,1,1,0,0,17.0,0,0,5.9107695434023055
TXNc89a0cbd-c,CUST00487,2026-07-16 11:45:40,1974.35,mobile,retail,0,1,0,0,0,0,999.0,0,0,7.588500876824339
TXN3ad782dc-8,CUST00488,2026-06-18 11:20:16,3301.99,mobile,grocery,0,1,0,0,0,0,999.0,0,0,8.102583397835495
TXN0ae95eb4-8,CUST00488,2026-06-28 08:39:06,5902.84,branch,retail,0,1,0,0,0,0,999.0,0,0,8.683358265642086
TXN97be4ad9-2,CUST00488,2026-07-02 12:09:31,550.15,web,jewellery,0,1,0,0,0,0,999.0,0,0,6.312007004409325
TXN7d2e11bd-1,CUST00488,2026-07-07 14:18:05,8812.7,mobile,retail,0,1,0,0,0,0,999.0,0,0,9.084062608062968
TXN18f1101e-8,CUST00488,2026-07-11 21:47:42,3372.59,atm,travel,1,1,0,0,0,0,999.0,0,0,8.123732738235402
TXN46b3138a-6,CUST00488,2026-07-15 02:48:05,4016.43,web,wire_transfer,0,1,0,0,0,0,999.0,0,0,8.29839767368887
TXN5dc228d3-a,CUST00488,2026-07-15 19:51:40,5857.67,web,travel,0,1,0,0,0,0,999.0,0,0,8.675677894353845
TXN49a85d9e-d,CUST00489,2026-06-19 02:31:42,195783.96,web,wire_transfer,1,1,1,1,1,4,7.0,1,1,12.184772193053705
TXN0f90bfaa-b,CUST00489,2026-06-29 02:39:32,993.96,atm,wire_transfer,1,1,0,0,0,0,999.0,0,0,6.902702535345486
TXNf801a8bf-1,CUST00489,2026-06-29 18:27:43,1060.56,atm,electronics,0,1,0,0,0,0,999.0,0,0,6.967494803332995
TXN1bb1ca48-b,CUST00489,2026-07-01 12:03:52,346.37,mobile,retail,0,1,1,1,0,0,3.0,0,0,5.8503904942922915
TXN8224153c-3,CUST00489,2026-07-04 02:56:51,4484.75,mobile,jewellery,0,1,0,0,0,0,999.0,0,0,8.408660984592776
TXN1a06cff0-7,CUST00489,2026-07-06 13:01:54,232.96,mobile,electronics,0,1,0,0,0,0,999.0,0,0,5.455150160574825
TXNb66e58a8-7,CUST00489,2026-07-14 09:38:13,1004.0,web,travel,0,1,0,0,0,0,999.0,0,0,6.912742820493176
TXNf431f8f1-8,CUST00490,2026-06-17 06:40:42,1952.52,atm,wire_transfer,0,1,0,0,0,0,999.0,0,0,7.577388152477014
TXNad2654a4-8,CUST00490,2026-06-19 21:35:17,1211.06,web,wire_transfer,0,1,0,0,0,0,999.0,0,0,7.100076670354425
TXN331212d1-4,CUST00490,2026-06-20 22:43:27,6583.21,web,utilities,0,1,0,0,0,0,999.0,0,0,8.792429637352507
TXNb41287fb-6,CUST00490,2026-06-23 02:23:07,1864.75,web,jewellery,0,1,0,0,0,0,999.0,0,0,7.531418396011497
TXN7f0544ca-4,CUST00490,2026-06-25 20:27:26,283.28,mobile,utilities,0,1,0,0,0,0,999.0,0,0,5.6499596679586945
TXN1d3c9859-2,CUST00490,2026-06-27 07:13:19,778.61,web,grocery,0,1,0,0,0,0,999.0,0,0,6.658793794641955
TXN0476444d-0,CUST00490,2026-06-30 12:41:34,2321.8,branch,utilities,0,1,0,0,0,0,999.0,0,0,7.750528633497895
TXN5953b5d4-2,CUST00490,2026-07-05 11:38:36,357.17,mobile,grocery,0,1,0,0,0,0,999.0,0,0,5.881007734025407
TXNf0514b1d-e,CUST00491,2026-06-19 20:54:26,3398.57,web,jewellery,0,1,0,0,0,0,999.0,0,0,8.131404232017939
TXN0ebd9eef-0,CUST00491,2026-06-20 20:32:39,8187.36,web,wire_transfer,0,1,0,0,0,0,999.0,0,0,9.010468912595325
TXN2815eb62-6,CUST00491,2026-06-21 16:52:37,2256.33,web,wire_transfer,0,1,0,0,0,0,999.0,0,0,7.72193797791519
TXN8fae987e-1,CUST00491,2026-06-27 06:57:44,3237.25,mobile,electronics,1,1,0,0,0,0,999.0,0,0,8.082788339410365
TXNda8f55c4-b,CUST00491,2026-06-28 06:18:12,484.54,web,electronics,1,1,0,0,0,0,999.0,0,0,6.185261673626961
TXNfff03027-3,CUST00491,2026-06-30 19:18:10,4637.2,mobile,grocery,1,1,0,0,0,0,999.0,0,0,8.442081638921108
TXNd69cd777-4,CUST00491,2026-07-02 09:24:24,1480.36,mobile,retail,0,1,0,0,0,0,999.0,0,0,7.30071586372956
TXN6fd2b471-6,CUST00491,2026-07-05 19:13:02,1137.28,mobile,retail,1,1,0,0,0,0,999.0,0,0,7.037273630116199
TXN3d948afd-8,CUST00491,2026-07-06 07:49:07,1486.99,mobile,retail,0,1,0,0,0,0,999.0,0,0,7.3051814949403475
TXNc6e9c9c4-d,CUST00491,2026-07-13 16:27:47,1002.03,branch,grocery,0,1,0,0,0,0,999.0,0,0,6.910780697783824
TXN5a6d86ba-1,CUST00491,2026-07-15 16:55:56,3959.36,mobile,retail,0,1,0,0,0,0,999.0,0,0,8.284090209207454
TXN6a3098aa-6,CUST00492,2026-06-26 05:36:14,547.34,branch,utilities,0,1,1,1,0,0,25.0,0,0,6.306895532512165
TXN7c53ccb0-9,CUST00492,2026-06-27 09:25:52,960.22,branch,jewellery,0,1,0,0,0,0,999.0,0,0,6.8682033109700225
TXNe9f746e7-1,CUST00492,2026-06-29 01:13:52,620.36,mobile,wire_transfer,1,1,0,0,0,0,999.0,0,0,6.431910624111392
TXN066208b6-9,CUST00492,2026-06-29 08:09:19,953.76,branch,wire_transfer,0,1,0,0,0,0,999.0,0,0,6.861459999996834
TXNbfbff315-0,CUST00492,2026-07-01 07:53:18,3018.98,web,utilities,0,1,0,0,0,0,999.0,0,0,8.01300548783043
TXN3c675934-9,CUST00492,2026-07-06 20:07:33,4915.83,branch,jewellery,0,1,0,0,0,0,999.0,0,0,8.500419292887056
TXNf70f8b81-4,CUST00492,2026-07-07 05:44:32,1778.6,mobile,retail,0,1,0,0,0,0,999.0,0,0,7.484143898931887
TXN1dd19a42-c,CUST00492,2026-07-10 15:55:50,208.58,web,electronics,0,1,0,0,0,0,999.0,0,0,5.345105528046796
TXN901b938f-b,CUST00493,2026-06-20 18:39:30,1491.92,mobile,retail,0,1,0,0,0,0,999.0,0,0,7.3084892127144
TXN4169de84-0,CUST00493,2026-06-22 15:03:14,5850.1,atm,wire_transfer,0,1,0,0,0,0,999.0,0,0,8.674384956737724
TXN92fcbafc-4,CUST00493,2026-06-23 17:28:55,728.41,mobile,travel,0,1,0,0,0,0,999.0,0,0,6.592235988179147
TXN5111044c-1,CUST00493,2026-06-24 10:07:14,1895.67,branch,jewellery,1,1,0,0,0,0,999.0,0,0,7.547854995919967
TXNb51f34b7-d,CUST00493,2026-06-26 10:47:35,177419.39,mobile,wire_transfer,1,1,1,1,1,4,2.0,1,1,12.086277280245987
TXN8d522457-f,CUST00493,2026-07-05 02:01:00,5076.76,atm,retail,1,1,0,0,0,0,999.0,0,0,8.532625498445856
TXNaaef0591-3,CUST00493,2026-07-06 23:29:51,696.68,mobile,electronics,0,1,0,0,0,0,999.0,0,0,6.54776054491873
TXNc8880b2c-6,CUST00494,2026-06-20 05:13:55,1944.49,branch,grocery,0,1,0,0,0,0,999.0,0,0,7.573269152344578
TXN09b3abbf-8,CUST00494,2026-07-05 15:19:26,1411.75,web,retail,0,1,0,0,0,0,999.0,0,0,7.253293438509953
TXN7f353843-d,CUST00494,2026-07-05 22:15:15,2296.6,branch,jewellery,0,1,0,0,0,0,999.0,0,0,7.739620378853905
TXN7e29bddc-f,CUST00494,2026-07-06 08:15:04,1759.33,atm,electronics,0,1,0,0,0,0,999.0,0,0,7.473256570456269
TXNa5868874-4,CUST00494,2026-07-06 19:21:40,906.68,web,electronics,0,1,0,0,0,0,999.0,0,0,6.810891893578257
TXNf3da143e-4,CUST00495,2026-06-19 02:30:14,4033.4,mobile,electronics,0,1,0,0,0,0,999.0,0,0,8.302612870762516
TXN706370c4-9,CUST00495,2026-06-20 09:48:43,232.91,web,grocery,1,1,0,0,0,0,999.0,0,0,5.454936425989619
TXNbff9e3b2-8,CUST00495,2026-06-21 18:49:22,3594.7,atm,travel,0,1,0,0,0,0,999.0,0,0,8.187493966082446
TXN6a21ab97-d,CUST00495,2026-06-26 13:58:49,1386.77,mobile,retail,0,1,0,0,0,0,999.0,0,0,7.235453421284112
TXNb05ab6bf-b,CUST00495,2026-06-28 23:10:04,1562.29,web,utilities,1,1,0,0,0,0,999.0,0,0,7.354547853837943
TXN10ab9db1-a,CUST00495,2026-06-29 14:03:47,2846.67,web,travel,0,1,0,0,0,0,999.0,0,0,7.954256395031812
TXN260027aa-1,CUST00495,2026-07-01 16:54:45,456.91,atm,jewellery,0,1,0,0,0,0,999.0,0,0,6.126672658254025
TXNd4b6f0f2-3,CUST00495,2026-07-02 19:47:33,3531.97,web,electronics,0,1,0,0,0,0,999.0,0,0,8.169894155955983
TXN922e3abc-7,CUST00495,2026-07-04 20:52:20,6299.05,web,retail,0,1,0,0,0,0,999.0,0,0,8.748312848856067
TXN974a2447-a,CUST00495,2026-07-05 21:38:55,1090.07,web,travel,0,1,0,0,0,0,999.0,0,0,6.994914145094711
TXNe877a70d-6,CUST00495,2026-07-09 23:10:11,5191.85,branch,utilities,0,1,0,0,0,0,999.0,0,0,8.555037958389589
TXN6fd8440a-5,CUST00495,2026-07-15 20:24:41,2856.34,web,travel,0,1,0,0,0,0,999.0,0,0,7.957646401100424
TXN11269f9e-0,CUST00496,2026-06-20 09:33:55,343.51,web,electronics,0,1,0,0,0,0,999.0,0,0,5.842123117608619
TXN9186c2a1-9,CUST00496,2026-06-20 18:27:33,4290.25,web,retail,0,1,0,0,0,0,999.0,0,0,8.364333344771902
TXN439cf4f8-e,CUST00496,2026-07-07 07:51:41,1400.6,mobile,utilities,0,1,0,0,0,0,999.0,0,0,7.2453697201821265
TXNd91e7e1a-6,CUST00496,2026-07-14 23:37:27,773.92,web,grocery,0,1,0,0,0,0,999.0,0,0,6.652759798218745
TXN9c4cc0fd-f,CUST00496,2026-07-16 05:33:59,29623.31,web,utilities,0,1,0,0,0,0,999.0,0,0,10.296350587026948
TXN1b0e93e1-2,CUST00497,2026-06-17 09:18:19,2405.14,mobile,retail,0,1,0,0,0,0,999.0,0,0,7.78577908270545
TXNe7718e1b-d,CUST00497,2026-06-17 15:01:44,663.18,branch,electronics,0,1,0,0,0,0,999.0,0,0,6.498553197077063
TXNd980a784-1,CUST00497,2026-06-17 22:08:44,4913.94,mobile,electronics,1,1,0,0,0,0,999.0,0,0,8.500034824978778
TXNd74d930e-0,CUST00497,2026-06-18 14:57:48,910.3,mobile,utilities,0,1,0,0,0,0,999.0,0,0,6.814872151502081
TXN835108d8-9,CUST00497,2026-06-19 12:47:48,1755.62,branch,utilities,1,1,0,0,0,0,999.0,0,0,7.471146787049534
TXNa9129abc-c,CUST00497,2026-06-20 11:50:30,5581.71,atm,utilities,0,1,0,0,0,0,999.0,0,0,8.62742960056165
TXN156c992b-c,CUST00497,2026-06-28 03:17:27,565.11,web,retail,0,1,0,0,0,0,999.0,0,0,6.338788405610142
TXNa8c5840f-a,CUST00497,2026-07-04 12:19:40,1333.21,mobile,wire_transfer,0,1,0,0,0,0,999.0,0,0,7.196094635375493
TXN23baa2ca-a,CUST00497,2026-07-10 21:40:35,2165.18,atm,wire_transfer,1,1,1,1,0,0,4.0,0,0,7.680720526601189
TXNb3aa475c-a,CUST00497,2026-07-11 00:38:35,1150.22,mobile,retail,0,1,0,0,0,0,999.0,0,0,7.048577528598063
TXN0d0d13d3-7,CUST00497,2026-07-11 14:08:08,2598.26,mobile,jewellery,0,1,0,0,0,0,999.0,0,0,7.862982068114313
TXN8bb61e76-e,CUST00497,2026-07-16 04:13:01,603.79,web,grocery,0,1,0,0,0,0,999.0,0,0,6.404881290337094
TXN15604ec8-1,CUST00498,2026-06-17 03:23:11,350.52,mobile,electronics,0,1,0,0,0,0,999.0,0,0,5.8622666086363004
TXNe69cf4c8-7,CUST00498,2026-06-18 21:40:12,32176.79,mobile,jewellery,0,1,0,0,0,0,999.0,0,0,10.37903174199166
TXN6624f8ed-e,CUST00498,2026-06-18 23:20:09,1919.67,web,travel,1,1,0,0,0,0,999.0,0,0,7.5604293624833625
TXN80ef2ccf-8,CUST00498,2026-06-21 07:13:42,1107.63,web,electronics,0,1,0,0,0,0,999.0,0,0,7.010880297777775
TXNe2293661-e,CUST00498,2026-06-22 08:22:11,554.01,mobile,electronics,0,1,0,0,0,0,999.0,0,0,6.31898613160213
TXN05bcde63-f,CUST00498,2026-06-28 04:26:16,2066.11,mobile,wire_transfer,0,1,0,0,0,0,999.0,0,0,7.633906775488811
TXN88fc929a-4,CUST00498,2026-06-30 07:55:37,4664.17,atm,wire_transfer,0,1,0,0,0,0,999.0,0,0,8.447879554203746
TXN121374ec-d,CUST00498,2026-07-03 17:20:49,13311.79,web,grocery,0,1,0,0,0,0,999.0,0,0,9.496480506252071
TXN07d1316f-8,CUST00498,2026-07-05 07:59:55,12417.25,atm,utilities,0,1,0,0,0,0,999.0,0,0,9.426922443788547
TXNfe389c35-e,CUST00498,2026-07-08 04:28:07,2491.07,web,grocery,0,1,0,0,0,0,999.0,0,0,7.820868969400471
TXN1ec83ceb-c,CUST00498,2026-07-11 22:22:06,2291.83,mobile,travel,0,1,0,0,0,0,999.0,0,0,7.737542141426548
TXN4a2e25a0-f,CUST00498,2026-07-13 10:21:38,2340.46,mobile,jewellery,0,1,1,1,0,0,4.0,0,0,7.758529945411269
TXNbcc93b94-8,CUST00499,2026-07-02 21:26:44,1687.42,web,wire_transfer,1,1,0,0,0,0,999.0,0,0,7.4315484593724195
TXN5fb14f5b-8,CUST00499,2026-07-08 00:52:43,2144.5,web,retail,0,1,0,0,0,0,999.0,0,0,7.67112790443158
TXNfb9c7376-9,CUST00499,2026-07-09 10:33:30,708.18,branch,grocery,0,1,0,0,0,0,999.0,0,0,6.564109373012781
TXN6b35a9b9-0,CUST00500,2026-06-17 20:01:42,20159.33,web,grocery,1,1,0,0,0,0,999.0,0,0,9.911472091098952
TXN2e095630-d,CUST00500,2026-06-26 08:16:55,5255.73,web,jewellery,0,1,0,0,0,0,999.0,0,0,8.567264439409167
TXN0693d01a-c,CUST00500,2026-07-09 05:11:57,10916.93,mobile,electronics,1,1,0,0,0,0,999.0,0,0,9.298161670890485
TXN8a02711e-0,CUST00500,2026-07-09 05:14:18,2530.61,web,retail,0,2,0,0,0,0,999.0,0,0,7.83661074296445
TXNaaa54056-7,CUST00500,2026-07-16 09:11:25,1158.65,web,jewellery,0,1,0,0,0,0,999.0,0,0,7.055873514434594
TXNab00fba9-a,CUST00501,2026-06-18 10:58:27,2129.52,mobile,electronics,0,1,0,0,0,0,999.0,0,0,7.664121360363636
TXN82ca3ac9-2,CUST00501,2026-06-21 15:32:53,4744.88,atm,retail,0,1,0,0,0,0,999.0,0,0,8.465032152225989
TXNd1303a7a-a,CUST00501,2026-06-30 10:08:29,3732.13,web,wire_transfer,0,1,0,0,0,0,999.0,0,0,8.225002302846129
TXN769eb31c-2,CUST00501,2026-06-30 17:33:23,286.13,mobile,jewellery,0,1,0,0,0,0,999.0,0,0,5.659935074875925
TXN903ce3b1-6,CUST00501,2026-07-05 03:37:20,770.26,mobile,electronics,0,1,0,0,0,0,999.0,0,0,6.648025541099884
TXN941eddf9-6,CUST00501,2026-07-05 16:30:46,2108.28,branch,utilities,0,1,0,0,0,0,999.0,0,0,7.65410193600966
TXN8f47c5ae-6,CUST00501,2026-07-10 19:07:34,2254.91,mobile,utilities,0,1,0,0,0,0,999.0,0,0,7.721308718205156
TXN673a0c97-9,CUST00501,2026-07-12 11:52:20,2457.74,mobile,travel,0,1,0,0,0,0,999.0,0,0,7.807404302587728
TXN2a545726-c,CUST00501,2026-07-13 03:40:44,3604.8,mobile,travel,0,1,0,0,0,0,999.0,0,0,8.1902989391081
TXNac97e067-4,CUST00502,2026-06-20 00:42:04,3952.63,mobile,retail,0,1,0,0,0,0,999.0,0,0,8.2823894232266
TXNee2291ef-a,CUST00502,2026-06-22 09:36:22,1921.45,mobile,retail,0,1,0,0,0,0,999.0,0,0,7.56135569323925
TXN7e8e148b-0,CUST00502,2026-06-23 09:29:08,143292.71,mobile,wire_transfer,1,1,1,1,1,3,10.0,1,1,11.872651718924075
TXN1ccc575e-6,CUST00502,2026-06-28 10:30:12,2332.2,web,travel,0,1,0,0,0,0,999.0,0,0,7.754995994879483
TXN96be541b-0,CUST00502,2026-07-03 14:35:21,1422.9,atm,travel,0,1,0,0,0,0,999.0,0,0,7.261154864786949
TXN16a3ce4e-c,CUST00502,2026-07-03 19:21:40,5010.94,mobile,grocery,0,1,0,0,0,0,999.0,0,0,8.519578344675349
TXNa2a8d37d-a,CUST00502,2026-07-05 03:55:07,909.23,web,jewellery,0,1,0,0,0,0,999.0,0,0,6.813697314828437
TXN3f843c8f-a,CUST00502,2026-07-06 05:41:27,3246.25,atm,jewellery,0,1,0,0,0,0,999.0,0,0,8.085563763287393
TXN1e2f9c71-b,CUST00502,2026-07-09 10:06:21,4503.02,mobile,jewellery,0,1,0,0,0,0,999.0,0,0,8.412725610307003
TXN4af83592-2,CUST00503,2026-06-17 15:28:43,966.52,mobile,retail,0,1,0,0,0,0,999.0,0,0,6.874736096524903
TXNc76e8e04-1,CUST00503,2026-06-26 18:51:34,2976.79,web,wire_transfer,1,1,0,0,0,0,999.0,0,0,7.998936693631917
TXNb90db373-5,CUST00503,2026-06-29 00:37:26,341.51,atm,utilities,0,1,0,0,0,0,999.0,0,0,5.836300854356345
TXNa3c05d75-b,CUST00503,2026-07-01 20:37:27,690.73,atm,retail,0,1,0,0,0,0,999.0,0,0,6.5391957060698145
TXN8d9f42bc-b,CUST00503,2026-07-04 04:03:57,2129.78,mobile,jewellery,0,1,0,0,0,0,999.0,0,0,7.6642433888527455
TXNcc40d3a5-9,CUST00503,2026-07-12 15:02:27,1045.23,atm,grocery,0,1,0,0,0,0,999.0,0,0,6.95294850573089
TXNab86fc70-a,CUST00503,2026-07-12 19:16:36,34868.76,atm,grocery,1,1,0,0,0,0,999.0,0,0,10.459375256938813
TXN9ad0afdc-e,CUST00503,2026-07-15 15:51:03,1120.23,atm,retail,0,1,0,0,0,0,999.0,0,0,7.022181575978692
TXN56885791-8,CUST00504,2026-06-16 15:39:31,2811.78,mobile,jewellery,1,1,0,0,0,0,999.0,0,0,7.941928597112906
TXNfcce4fb6-f,CUST00504,2026-06-17 09:58:27,1015.22,mobile,jewellery,0,1,0,0,0,0,999.0,0,0,6.9238451401310845
TXNf7b8a5e4-8,CUST00504,2026-06-21 21:31:08,548.97,mobile,jewellery,1,1,0,0,0,0,999.0,0,0,6.309863731284314
TXN666ef491-8,CUST00504,2026-06-23 00:06:19,18332.71,mobile,travel,0,1,0,0,0,0,999.0,0,0,9.816496720789988
TXN6f97aebd-e,CUST00504,2026-06-24 00:18:49,4312.98,mobile,wire_transfer,1,1,0,0,0,0,999.0,0,0,8.369616190869742
TXN947ab584-5,CUST00504,2026-06-24 01:08:00,6138.03,web,jewellery,0,2,0,0,0,0,999.0,0,0,8.722422028204935
TXN82fecfdc-7,CUST00504,2026-06-28 09:31:29,1207.46,mobile,jewellery,0,1,0,0,0,0,999.0,0,0,7.097102100712845
TXN8bf54fa8-8,CUST00504,2026-06-28 11:31:18,6226.1,web,travel,0,1,0,0,0,0,999.0,0,0,8.736666013840985
TXN28e9209e-2,CUST00504,2026-06-29 21:43:23,890.46,atm,electronics,0,1,0,0,0,0,999.0,0,0,6.792860568096924
TXN71a67925-1,CUST00504,2026-07-02 12:28:18,60.9,mobile,grocery,1,1,0,0,0,0,999.0,0,0,4.12552017969055
TXNb8692e43-3,CUST00504,2026-07-04 04:56:21,4246.81,web,wire_transfer,0,1,0,0,0,0,999.0,0,0,8.354158834991177
TXN60562765-9,CUST00504,2026-07-04 09:06:06,682.3,atm,electronics,0,1,0,0,0,0,999.0,0,0,6.526934001786732
TXN6de72534-9,CUST00504,2026-07-05 08:12:35,598.18,web,electronics,0,1,0,0,0,0,999.0,0,0,6.395562053808841
TXNa15c6648-d,CUST00504,2026-07-07 02:33:44,2777.24,atm,retail,0,1,0,0,0,0,999.0,0,0,7.929572912671174
TXNc7569b9b-c,CUST00504,2026-07-08 07:10:10,5665.92,atm,travel,0,1,0,0,0,0,999.0,0,0,8.642401039253318
TXN3a5b10ff-8,CUST00504,2026-07-10 15:55:17,4190.49,web,travel,0,1,0,0,0,0,999.0,0,0,8.34081155829432
TXN652b1328-4,CUST00504,2026-07-15 13:22:13,2178.86,web,utilities,0,1,0,0,0,0,999.0,0,0,7.687015933537444
TXN16d49f2d-1,CUST00505,2026-06-21 10:32:32,833.79,mobile,utilities,1,1,0,0,0,0,999.0,0,0,6.727180196214192
TXN9a18e6bb-7,CUST00505,2026-07-04 10:51:42,4176.85,web,electronics,0,1,0,0,0,0,999.0,0,0,8.337552039126386
TXN05a562a9-6,CUST00505,2026-07-09 05:54:59,257.71,mobile,travel,1,1,0,0,0,0,999.0,0,0,5.55570774325743
TXN685a9a7c-b,CUST00506,2026-06-18 22:02:00,1435.16,mobile,utilities,0,1,0,0,0,0,999.0,0,0,7.269728164014167
TXNfcb4ee27-c,CUST00506,2026-06-21 05:49:54,7791.34,web,travel,0,1,0,0,0,0,999.0,0,0,8.960896478867333
TXN3f8f9da4-b,CUST00506,2026-06-27 15:49:47,88428.0,mobile,wire_transfer,1,1,1,1,1,3,15.0,1,1,11.38995524912633
TXNe5642b96-9,CUST00506,2026-06-29 07:05:11,1017.86,web,electronics,0,1,0,0,0,0,999.0,0,0,6.926439634186265
TXN345ec501-d,CUST00506,2026-06-30 21:27:19,1546.7,atm,jewellery,0,1,0,0,0,0,999.0,0,0,7.344525236918714
TXN3b8ee0e0-1,CUST00506,2026-07-02 05:51:26,689.04,web,wire_transfer,0,1,1,1,0,0,13.0,0,0,6.536749566925543
TXN2fc3bb1c-5,CUST00506,2026-07-05 15:32:27,654.71,web,electronics,0,1,0,0,0,0,999.0,0,0,6.485718618030206
TXNeb19071b-0,CUST00506,2026-07-08 09:17:58,1965.46,mobile,grocery,0,1,0,0,0,0,999.0,0,0,7.583990250958149
TXNffab82a0-3,CUST00506,2026-07-10 18:35:20,1000.98,web,travel,0,1,0,0,0,0,999.0,0,0,6.909733321365764
TXN29ca6e42-d,CUST00506,2026-07-12 05:35:01,500.94,mobile,utilities,0,1,0,0,0,0,999.0,0,0,6.218480590636066
TXNc79e46ae-5,CUST00507,2026-06-16 23:59:00,596.67,mobile,electronics,0,1,1,1,0,0,23.0,0,0,6.393038762166311
TXNb26f8bb2-3,CUST00507,2026-06-17 23:11:48,5439.93,web,grocery,0,1,0,0,0,0,999.0,0,0,8.601705281121049
TXN82d3c040-8,CUST00507,2026-06-18 17:14:11,2643.78,mobile,electronics,0,1,0,0,0,0,999.0,0,0,7.880343165029698
TXNe8f66646-0,CUST00507,2026-06-23 11:33:31,2340.31,web,retail,0,1,1,1,0,0,22.0,0,0,7.7584658807657485
TXNd85a4e1a-6,CUST00507,2026-06-25 01:28:48,1658.27,mobile,travel,0,1,0,0,0,0,999.0,0,0,7.414133025592082
TXNf4c621ef-e,CUST00507,2026-06-26 12:37:17,1036.46,branch,utilities,0,1,1,1,0,0,22.0,0,0,6.944530697144753
TXNbd86a1ab-c,CUST00507,2026-06-27 22:09:51,4377.89,mobile,travel,0,1,0,0,0,0,999.0,0,0,8.384550546595502
TXN7edf1d61-4,CUST00507,2026-07-05 23:04:00,43513.05,mobile,wire_transfer,1,1,1,1,1,3,3.0,1,1,10.680839153432965
TXNa6792090-5,CUST00507,2026-07-10 23:08:38,2557.7,atm,grocery,1,1,0,0,0,0,999.0,0,0,7.847254595993173
TXNc9a692f0-0,CUST00507,2026-07-11 21:42:24,1367.42,branch,grocery,0,1,0,0,0,0,999.0,0,0,7.221412068606114
TXN9dc4805f-1,CUST00507,2026-07-15 19:24:37,1283.69,mobile,grocery,0,1,0,0,0,0,999.0,0,0,7.158272723088845
TXN4580ee86-1,CUST00508,2026-06-20 05:40:54,1874.36,web,jewellery,1,1,0,0,0,0,999.0,0,0,7.53655591997487
TXN1ac62a63-f,CUST00508,2026-06-26 16:44:06,3518.94,atm,wire_transfer,0,1,0,0,0,0,999.0,0,0,8.166199222992322
TXN8bef5d54-c,CUST00508,2026-06-28 23:51:37,8292.39,web,travel,0,1,0,0,0,0,999.0,0,0,9.02321409095909
TXN8a81b778-8,CUST00508,2026-07-02 02:46:17,1066.12,mobile,retail,0,1,0,0,0,0,999.0,0,0,6.9727187098327885
TXN98343ead-4,CUST00508,2026-07-02 09:24:57,3687.06,web,electronics,0,1,0,0,0,0,999.0,0,0,8.212855853524623
TXNd554fadf-7,CUST00508,2026-07-02 22:57:52,2703.03,mobile,utilities,0,1,0,0,0,0,999.0,0,0,7.902498531775866
TXN53921935-d,CUST00508,2026-07-08 14:37:40,3239.98,web,utilities,1,1,0,0,0,0,999.0,0,0,8.083631032187611
TXN840aa19c-c,CUST00508,2026-07-09 12:33:33,523.74,mobile,electronics,0,1,0,0,0,0,999.0,0,0,6.262902901825497
TXN00bae133-b,CUST00508,2026-07-10 18:45:55,216.7,web,electronics,0,1,0,0,0,0,999.0,0,0,5.3831179682405015
TXNee6d7a27-e,CUST00508,2026-07-11 23:28:01,1954.64,branch,grocery,0,1,0,0,0,0,999.0,0,0,7.578472784575898
TXN69e83561-4,CUST00508,2026-07-12 01:57:47,329.52,mobile,jewellery,0,1,0,0,0,0,999.0,0,0,5.800667171832983
TXN94eeda02-f,CUST00509,2026-06-19 06:39:00,4521.66,web,utilities,0,1,0,0,0,0,999.0,0,0,8.416855595305885
TXN43d8c607-f,CUST00509,2026-06-21 12:20:18,4310.5,mobile,retail,0,1,0,0,0,0,999.0,0,0,8.369041150392379
TXNea467d0d-c,CUST00509,2026-06-22 08:36:58,910.27,branch,retail,0,1,0,0,0,0,999.0,0,0,6.814839230955816
TXN64ff3d41-e,CUST00509,2026-06-25 01:07:44,4450.41,mobile,wire_transfer,0,1,0,0,0,0,999.0,0,0,8.400976178905264
TXNa9c55ff9-9,CUST00509,2026-07-04 12:14:12,8574.16,web,electronics,0,1,0,0,0,0,999.0,0,0,9.056624930752195
TXN8caf728a-9,CUST00509,2026-07-12 20:52:06,1393.65,mobile,travel,0,1,0,0,0,0,999.0,0,0,7.240398766718437
TXN81b89c44-e,CUST00509,2026-07-13 07:41:39,980.31,mobile,grocery,0,1,0,0,0,0,999.0,0,0,6.888888413724063
TXNc7f2a172-a,CUST00510,2026-06-19 23:14:55,306.95,web,jewellery,1,1,0,0,0,0,999.0,0,0,5.7299374321330525
TXN2e3a9584-a,CUST00510,2026-06-20 06:12:54,457.1,mobile,grocery,1,1,0,0,0,0,999.0,0,0,6.127087500892697
TXNfa98f0cf-4,CUST00510,2026-06-25 04:44:58,2647.22,mobile,utilities,0,1,0,0,0,0,999.0,0,0,7.881642995176813
TXNe39f95a1-6,CUST00510,2026-06-25 22:02:51,5780.98,mobile,jewellery,1,1,1,1,0,0,14.0,0,0,8.662501463559586
TXN3f13d74a-5,CUST00510,2026-06-26 23:42:07,901.14,atm,retail,0,1,0,0,0,0,999.0,0,0,6.8047697186617135
TXN2280229d-9,CUST00510,2026-06-29 10:04:36,433.63,mobile,electronics,0,1,0,0,0,0,999.0,0,0,6.074495094432114
TXNb04dee79-4,CUST00510,2026-07-04 16:40:12,698.19,mobile,retail,0,1,1,1,0,0,16.0,0,0,6.549922522179553
TXN0c9ef5aa-a,CUST00510,2026-07-14 02:30:44,975.32,web,retail,1,1,0,0,0,0,999.0,0,0,6.883790401528305
TXN53cbad6c-1,CUST00510,2026-07-14 14:06:00,1005.21,mobile,grocery,0,1,0,0,0,0,999.0,0,0,6.913946076389864
TXN65173bc6-c,CUST00511,2026-06-24 06:18:29,3612.29,web,jewellery,0,1,0,0,0,0,999.0,0,0,8.192373993633689
TXN3a21356c-0,CUST00511,2026-06-25 09:50:21,829.94,mobile,travel,0,1,0,0,0,0,999.0,0,0,6.7225575900826815
TXN6c27ca62-1,CUST00511,2026-06-26 03:01:05,10008.36,mobile,electronics,0,1,0,0,0,0,999.0,0,0,9.211275934201334
TXNc0b15ca3-8,CUST00511,2026-06-27 08:50:07,1966.95,atm,jewellery,0,1,0,0,0,0,999.0,0,0,7.584747670785383
TXN3fa1292a-5,CUST00511,2026-06-28 05:33:40,301.27,atm,retail,0,1,0,0,0,0,999.0,0,0,5.71132065769449
TXN01f73517-7,CUST00511,2026-07-02 06:42:38,17832.21,mobile,grocery,0,1,0,0,0,0,999.0,0,0,9.788817728304222
TXN944af6a6-8,CUST00511,2026-07-02 06:45:53,3051.81,mobile,utilities,0,2,0,0,0,0,999.0,0,0,8.023817756929944
TXN1d0707aa-5,CUST00511,2026-07-03 02:57:49,1152.1,web,retail,0,1,0,0,0,0,999.0,0,0,7.0502092467770705
TXNce972144-4,CUST00511,2026-07-10 10:41:06,12889.2,mobile,jewellery,1,1,0,0,0,0,999.0,0,0,9.464222611716664
TXNa5ca5367-b,CUST00511,2026-07-13 19:44:05,8267.05,mobile,electronics,0,1,0,0,0,0,999.0,0,0,9.02015396819508
TXNf8a5764a-8,CUST00511,2026-07-14 07:07:04,4592.0,mobile,electronics,0,1,0,0,0,0,999.0,0,0,8.432288684325794
TXNa7f3cf5c-9,CUST00511,2026-07-15 20:32:22,1786.49,mobile,electronics,0,1,0,0,0,0,999.0,0,0,7.48856768014692
TXN99786dc1-5,CUST00511,2026-07-16 09:26:17,68259.31,web,jewellery,0,1,0,0,0,0,999.0,0,0,11.131083763909512
TXN0c0575ab-2,CUST00512,2026-06-18 19:38:31,2331.39,mobile,jewellery,0,1,0,0,0,0,999.0,0,0,7.754648771909553
TXNdc8f79c8-b,CUST00512,2026-06-24 19:58:53,280.19,web,utilities,0,1,0,0,0,0,999.0,0,0,5.639030597426504
TXN46230245-d,CUST00512,2026-07-06 21:04:50,1846.67,web,wire_transfer,0,1,1,1,0,0,3.0,0,0,7.521680664827282
TXNffa6df21-6,CUST00512,2026-07-07 08:05:54,8521.76,mobile,jewellery,0,1,0,0,0,0,999.0,0,0,9.050495511026915
TXN716ebe56-c,CUST00513,2026-06-17 13:16:58,178288.09,web,wire_transfer,1,1,1,1,1,4,13.0,1,1,12.091161612971817
TXN296da4cd-4,CUST00513,2026-06-17 15:15:25,892.45,web,retail,0,1,0,0,0,0,999.0,0,0,6.79509037332467
TXN07789dae-e,CUST00513,2026-06-21 12:19:59,302.59,web,jewellery,0,1,1,1,0,0,1.0,0,0,5.715678106902588
TXN53ae0bce-0,CUST00513,2026-06-29 08:29:06,738.08,web,wire_transfer,0,1,0,0,0,0,999.0,0,0,6.605406169486952
TXN6e6c4c64-6,CUST00513,2026-07-01 05:51:44,2708.23,mobile,utilities,0,1,0,0,0,0,999.0,0,0,7.904419740659034
TXNdd7c5485-6,CUST00513,2026-07-10 12:54:18,3727.14,branch,jewellery,0,1,0,0,0,0,999.0,0,0,8.22366472874843
TXNee6fc3f3-c,CUST00513,2026-07-13 00:17:21,5395.76,mobile,jewellery,1,1,0,0,0,0,999.0,0,0,8.593554052480334
TXNf3f73d69-c,CUST00513,2026-07-15 09:15:02,805.39,mobile,utilities,0,1,0,0,0,0,999.0,0,0,6.6925674964465625
TXN217c82b1-c,CUST00514,2026-06-19 18:20:06,357.62,mobile,jewellery,0,1,0,0,0,0,999.0,0,0,5.882263332064218
TXNc84042f9-d,CUST00514,2026-06-24 02:46:31,3209.13,mobile,utilities,0,1,0,0,0,0,999.0,0,0,8.07406671374639
TXN6789278d-c,CUST00514,2026-06-24 21:55:28,6421.68,mobile,utilities,0,1,0,0,0,0,999.0,0,0,8.767590755060748
TXN4a086284-b,CUST00514,2026-06-27 11:35:28,495.53,branch,travel,0,1,0,0,0,0,999.0,0,0,6.207643904620559
TXN81a4dce0-c,CUST00514,2026-06-28 01:31:08,650.92,web,travel,0,1,0,0,0,0,999.0,0,0,6.479921855011964
TXNc53a8da2-2,CUST00514,2026-07-02 14:05:28,2662.86,mobile,retail,1,1,0,0,0,0,999.0,0,0,7.887531477726793
TXNf6fa5eb6-5,CUST00514,2026-07-04 12:42:59,15310.37,web,travel,0,1,0,0,0,0,999.0,0,0,9.636350968645663
TXN6cd6b9e1-0,CUST00514,2026-07-14 06:55:13,791.56,atm,grocery,0,1,1,1,0,0,13.0,0,0,6.675268212664775
TXNa1f3a5bc-6,CUST00515,2026-06-18 02:54:08,3611.92,mobile,electronics,0,1,0,0,0,0,999.0,0,0,8.19227158863845
TXN02580dcb-0,CUST00515,2026-06-26 14:30:49,948.03,web,jewellery,0,1,0,0,0,0,999.0,0,0,6.8554404103336655
TXN58d687f6-9,CUST00515,2026-07-13 09:54:15,4357.4,atm,travel,0,1,0,0,0,0,999.0,0,0,8.379860296515139
TXN2e58e57a-4,CUST00516,2026-06-16 20:26:17,3355.32,atm,retail,0,1,0,0,0,0,999.0,0,0,8.11860041465048
TXNda0eb3c3-f,CUST00516,2026-06-24 06:28:31,5561.39,mobile,retail,0,1,0,0,0,0,999.0,0,0,8.623783150998063
TXN6ced484e-a,CUST00516,2026-06-25 20:34:04,833.81,atm,travel,0,1,0,0,0,0,999.0,0,0,6.727204154048405
TXN47eb1172-2,CUST00516,2026-06-28 06:47:50,9532.02,branch,electronics,0,1,0,0,0,0,999.0,0,0,9.16251684046683
TXN7a761f37-e,CUST00516,2026-06-29 13:57:01,2465.62,web,retail,0,1,0,0,0,0,999.0,0,0,7.810604071426267
TXN1e50661f-2,CUST00516,2026-07-05 15:10:34,4090.53,atm,grocery,0,1,0,0,0,0,999.0,0,0,8.316674262214782
TXN17a0fba1-1,CUST00516,2026-07-09 20:32:52,426.7,web,grocery,0,1,0,0,0,0,999.0,0,0,6.058422015232863
TXN73b171e5-c,CUST00516,2026-07-12 15:14:29,2777.17,branch,utilities,0,1,0,0,0,0,999.0,0,0,7.929547716546336
TXN4f848c31-7,CUST00516,2026-07-14 15:30:05,60486.3,web,wire_transfer,1,1,1,1,1,2,6.0,1,1,11.01018870462783
TXN50e5b83b-c,CUST00516,2026-07-15 13:14:17,2438.49,mobile,jewellery,0,1,0,0,0,0,999.0,0,0,7.799544280046834
TXN071a8d53-6,CUST00516,2026-07-16 08:16:48,1707.68,mobile,retail,1,1,0,0,0,0,999.0,0,0,7.443476421580904
TXN896f07e5-f,CUST00517,2026-06-20 04:33:43,1069.47,web,retail,0,1,1,0,0,0,20.916666666666668,0,0,6.9758530833493335
TXN01910880-0,CUST00517,2026-06-21 05:55:56,460.97,web,utilities,0,1,1,1,0,0,14.0,0,0,6.135499953908432
TXN96bc3f42-7,CUST00517,2026-06-27 18:26:18,937.97,web,utilities,0,1,0,0,0,0,999.0,0,0,6.844783529816097
TXN7b2ff249-6,CUST00517,2026-06-29 19:18:50,132.25,web,utilities,0,1,0,0,0,0,999.0,0,0,4.892227063045954
TXN8f0f7109-f,CUST00517,2026-07-11 04:40:25,3905.9,web,electronics,0,1,0,0,0,0,999.0,0,0,8.270499499641767
TXNa3b0e3da-8,CUST00517,2026-07-13 23:51:14,808.32,mobile,electronics,0,1,1,0,0,0,999.0,0,0,6.696194388910994
TXN404eb634-f,CUST00517,2026-07-15 09:34:18,4467.47,web,travel,0,1,0,0,0,0,999.0,0,0,8.404801347136607
TXNee4401c9-7,CUST00518,2026-06-17 18:48:58,1735.92,mobile,grocery,0,1,0,0,0,0,999.0,0,0,7.459868708761362
TXNcae322c3-6,CUST00518,2026-06-19 13:09:39,352.18,mobile,utilities,0,1,1,0,0,0,28.466666666666665,0,0,5.866977841984978
TXN14420114-d,CUST00518,2026-06-21 11:52:13,1137.87,atm,utilities,0,1,0,0,0,0,999.0,0,0,7.037791821726943
TXN22897671-7,CUST00518,2026-06-29 15:08:04,120844.21,mobile,wire_transfer,1,1,1,1,1,4,18.0,1,1,11.702265749433817
TXNa37ae656-2,CUST00518,2026-07-03 17:10:08,3984.49,mobile,retail,0,1,0,0,0,0,999.0,0,0,8.29041554476936
TXNe1ea1d2e-9,CUST00518,2026-07-07 04:00:13,1996.29,mobile,jewellery,0,1,0,0,0,0,999.0,0,0,7.599546540699468
TXNee550e96-0,CUST00518,2026-07-12 09:02:37,716.84,atm,travel,0,1,0,0,0,0,999.0,0,0,6.576246702989803
TXN25b3cc2e-1,CUST00519,2026-06-23 06:36:55,1617.57,mobile,wire_transfer,1,1,1,1,0,0,4.0,0,0,7.389298322353816
TXNe26e750f-c,CUST00519,2026-06-23 06:42:46,2515.98,mobile,grocery,0,2,1,1,0,0,9.85,0,0,7.830815049136325
TXNbac043ca-9,CUST00519,2026-06-23 22:38:13,2117.02,branch,grocery,0,1,0,0,0,0,999.0,0,0,7.658236968987401
TXN2a24cab7-e,CUST00519,2026-06-28 01:00:49,195.85,web,retail,0,1,0,0,0,0,999.0,0,0,5.282442017389746
TXN6e19f773-3,CUST00519,2026-07-04 16:09:46,1715.38,web,travel,0,1,0,0,0,0,999.0,0,0,7.447972700753979
TXN40508324-8,CUST00519,2026-07-07 22:31:14,2114.16,web,grocery,0,1,0,0,0,0,999.0,0,0,7.656885738737255
TXN2b36b6f5-a,CUST00520,2026-06-16 20:38:57,997.41,mobile,grocery,0,1,0,0,0,0,999.0,0,0,6.906164013590645
TXNf2af577d-4,CUST00520,2026-06-18 12:17:22,897.48,mobile,wire_transfer,0,1,0,0,0,0,999.0,0,0,6.80070444665478
TXNb1d8ea69-8,CUST00520,2026-06-24 18:14:44,22890.04,web,grocery,0,1,0,0,0,0,999.0,0,0,10.038500846602124
TXN8844276d-c,CUST00520,2026-06-28 20:21:54,479.6,web,wire_transfer,0,1,0,0,0,0,999.0,0,0,6.175035323302368
TXN59b0d399-8,CUST00520,2026-07-12 16:47:48,1148.97,web,grocery,0,1,0,0,0,0,999.0,0,0,7.047491134060503
TXN20bf262b-4,CUST00520,2026-07-14 09:26:07,2189.01,mobile,utilities,0,1,0,0,0,0,999.0,0,0,7.691661389010167
TXN53054058-8,CUST00521,2026-06-21 03:00:12,797.86,mobile,grocery,0,1,0,0,0,0,999.0,0,0,6.683185711389848
TXNcc02ae53-5,CUST00521,2026-06-24 13:19:17,4447.71,mobile,wire_transfer,0,1,0,0,0,0,999.0,0,0,8.400369445494292
TXN44b2e5aa-f,CUST00521,2026-06-30 13:41:00,1308.32,branch,travel,1,1,0,0,0,0,999.0,0,0,7.177263197455008
TXNa71f4b37-4,CUST00521,2026-07-03 22:35:18,2936.09,web,grocery,0,1,0,0,0,0,999.0,0,0,7.985174574242907
TXNdeafd27f-2,CUST00521,2026-07-07 17:25:30,2279.47,web,electronics,0,1,0,0,0,0,999.0,0,0,7.732136841055361
TXNf1cf851b-a,CUST00521,2026-07-11 17:34:13,732.95,mobile,grocery,0,1,0,0,0,0,999.0,0,0,6.598440906403242
TXN779bfee4-a,CUST00521,2026-07-12 18:52:36,4899.94,mobile,jewellery,0,1,0,0,0,0,999.0,0,0,8.497182302435098
TXN13a2dc03-e,CUST00522,2026-06-24 20:16:45,2043.0,mobile,grocery,0,1,0,0,0,0,999.0,0,0,7.622663951323595
TXN898a52e0-c,CUST00522,2026-07-01 23:31:28,1080.37,web,retail,0,1,0,0,0,0,999.0,0,0,6.985984034746929
TXNf0a968a6-a,CUST00522,2026-07-03 12:12:09,1739.15,mobile,retail,0,1,0,0,0,0,999.0,0,0,7.461726595389526
TXNfbb8d9fe-d,CUST00522,2026-07-03 14:53:19,105423.63,web,wire_transfer,1,1,1,1,1,4,3.0,1,1,11.565751569004618
TXNfc16f82a-b,CUST00522,2026-07-04 02:14:28,26528.3,mobile,utilities,0,1,0,0,0,0,999.0,0,0,10.186005061559415
TXNbb20fea4-b,CUST00522,2026-07-05 12:28:06,4109.31,mobile,utilities,0,1,0,0,0,0,999.0,0,0,8.321253730436652
TXNe6b31a27-7,CUST00522,2026-07-06 04:42:55,655.73,mobile,travel,0,1,0,0,0,0,999.0,0,0,6.487272975113748
TXN318c6ee8-f,CUST00522,2026-07-09 21:52:04,267.92,mobile,grocery,0,1,1,0,0,0,13.2,0,0,5.594413937600836
TXN34cec306-c,CUST00522,2026-07-13 07:40:29,10344.88,mobile,grocery,0,1,0,0,0,0,999.0,0,0,9.244343651810713
TXN89f515e0-8,CUST00523,2026-06-17 01:20:02,4106.15,web,grocery,0,1,0,0,0,0,999.0,0,0,8.320484636299106
TXN5a878212-7,CUST00523,2026-06-18 10:19:14,35067.76,mobile,electronics,1,1,0,0,0,0,999.0,0,0,10.465065984653403
TXN310e8aed-0,CUST00523,2026-06-20 17:34:59,3226.35,mobile,grocery,0,1,0,0,0,0,999.0,0,0,8.079416646040464
TXN2a966a13-b,CUST00523,2026-06-24 17:30:48,15903.13,web,utilities,0,1,0,0,0,0,999.0,0,0,9.674334102907213
TXNa522f92f-4,CUST00523,2026-06-25 06:02:29,5174.68,web,retail,0,1,0,0,0,0,999.0,0,0,8.551726010467403
TXNd1d46f58-2,CUST00523,2026-07-06 18:25:44,1954.58,mobile,jewellery,0,1,0,0,0,0,999.0,0,0,7.578442103611899
TXNd46a1235-8,CUST00524,2026-06-16 18:44:40,4950.44,web,electronics,0,1,0,0,0,0,999.0,0,0,8.5074337223478
TXN8151ef6c-7,CUST00524,2026-06-29 16:10:37,687.79,mobile,electronics,0,1,0,0,0,0,999.0,0,0,6.534936435005811
TXNf65a5aa3-6,CUST00524,2026-06-30 08:05:45,154.46,web,retail,0,1,0,0,0,0,999.0,0,0,5.0463884638020735
TXN3ac1b782-d,CUST00524,2026-07-02 01:15:32,6480.47,mobile,electronics,1,1,0,0,0,0,999.0,0,0,8.776702615471182
TXN8afb9ff3-a,CUST00524,2026-07-03 03:15:50,636.13,atm,retail,0,1,0,0,0,0,999.0,0,0,6.456973716382993
TXN1138b544-d,CUST00524,2026-07-04 00:57:09,2516.44,mobile,utilities,1,1,0,0,0,0,999.0,0,0,7.830997791140878
TXN0927d2fc-0,CUST00524,2026-07-06 18:59:17,1770.3,atm,retail,0,1,0,0,0,0,999.0,0,0,7.479469019258551
TXNb3338169-d,CUST00524,2026-07-07 15:53:28,151.98,atm,electronics,0,1,0,0,0,0,999.0,0,0,5.03030719389372
TXN53332e5d-3,CUST00524,2026-07-09 00:13:36,2228.57,mobile,grocery,0,1,0,0,0,0,999.0,0,0,7.709564020748905
TXN1a950f3e-b,CUST00524,2026-07-12 00:30:36,6592.05,web,travel,1,1,0,0,0,0,999.0,0,0,8.793771342885544
TXNe4cfb2f3-9,CUST00524,2026-07-12 04:11:09,3776.25,mobile,electronics,0,1,0,0,0,0,999.0,0,0,8.23675151061995
TXNfe8c686a-9,CUST00524,2026-07-12 15:40:53,1774.43,web,utilities,0,1,0,0,0,0,999.0,0,0,7.481797926091997
TXNdf61dbe1-b,CUST00524,2026-07-14 06:56:39,77144.01,web,wire_transfer,1,1,1,1,1,3,4.0,1,1,11.253442176503146
TXN31c1b3f3-a,CUST00524,2026-07-14 09:49:52,9004.61,mobile,travel,0,1,0,0,0,0,999.0,0,0,9.105602995460162
TXN41431647-0,CUST00524,2026-07-16 07:58:17,2584.03,mobile,wire_transfer,0,1,0,0,0,0,999.0,0,0,7.857492392291048
TXN9e9a3e83-9,CUST00525,2026-06-18 00:52:13,2235.18,mobile,wire_transfer,0,1,0,0,0,0,999.0,0,0,7.712524331929421
TXNa44c26d4-0,CUST00525,2026-06-18 16:25:55,1439.29,atm,electronics,0,1,0,0,0,0,999.0,0,0,7.272599761182915
TXN112458e5-e,CUST00525,2026-06-23 14:49:00,3795.89,atm,wire_transfer,1,1,0,0,0,0,999.0,0,0,8.241937589572494
TXNd1c76cf1-3,CUST00525,2026-06-26 01:05:15,3793.88,web,electronics,0,1,0,0,0,0,999.0,0,0,8.24140806877643
TXNfd28750f-5,CUST00525,2026-06-26 02:57:05,9585.26,web,retail,1,1,1,1,0,0,3.0,0,0,9.168086102239302
TXNc8c67501-b,CUST00525,2026-06-28 16:26:43,9000.88,web,utilities,0,1,0,0,0,0,999.0,0,0,9.105188723392999
TXNb03d3665-5,CUST00525,2026-07-05 08:28:26,651.65,web,electronics,0,1,0,0,0,0,999.0,0,0,6.481040997834799
TXN0db1565d-6,CUST00525,2026-07-05 09:19:19,3763.85,mobile,jewellery,0,2,1,0,0,0,22.5,0,0,8.233463298802885
TXN5c05dcee-f,CUST00525,2026-07-07 15:07:46,2489.92,mobile,utilities,0,1,0,0,0,0,999.0,0,0,7.820407399130245
TXN411feb55-4,CUST00525,2026-07-16 11:06:40,3985.19,mobile,wire_transfer,1,1,0,0,0,0,999.0,0,0,8.290591166470632
TXNe90c961c-c,CUST00526,2026-07-09 11:31:45,1825.78,mobile,travel,1,1,0,0,0,0,999.0,0,0,7.510310133144936
TXN520c31d3-a,CUST00526,2026-07-13 05:21:16,12493.97,mobile,retail,0,1,0,0,0,0,999.0,0,0,9.433081442305786
TXN8716f0b3-9,CUST00527,2026-06-26 00:47:18,1002.15,web,electronics,0,1,0,0,0,0,999.0,0,0,6.91090032812621
TXN62d0abcd-b,CUST00527,2026-06-29 11:26:57,3883.53,mobile,electronics,0,1,0,0,0,0,999.0,0,0,8.264757277362326
TXN944bad04-9,CUST00527,2026-06-29 13:01:16,2946.96,mobile,jewellery,0,1,0,0,0,0,999.0,0,0,7.9888686846961425
TXN41659d74-a,CUST00527,2026-06-30 10:24:55,896.16,web,electronics,0,1,0,0,0,0,999.0,0,0,6.799234218504625
TXNf5d92b55-7,CUST00527,2026-07-01 01:16:07,4496.67,web,retail,0,1,0,0,0,0,999.0,0,0,8.41131476388743
TXNe282338d-2,CUST00527,2026-07-08 06:41:52,687.53,web,retail,0,1,0,0,0,0,999.0,0,0,6.534558890204184
TXN1f92bdc9-9,CUST00527,2026-07-10 12:02:03,414.39,web,grocery,0,1,0,0,0,0,999.0,0,0,6.029217837969774
TXNae57927f-7,CUST00528,2026-06-19 13:39:20,739.36,web,retail,0,1,1,1,0,0,7.0,0,0,6.607136554388516
TXN1aca9cf6-7,CUST00528,2026-06-26 02:31:24,107.99,web,wire_transfer,0,1,0,0,0,0,999.0,0,0,4.69125613490122
TXN3b8879a2-6,CUST00528,2026-06-27 12:37:59,947.31,web,travel,0,1,0,0,0,0,999.0,0,0,6.854681453020204
TXN994e4303-b,CUST00528,2026-06-30 17:51:40,3406.28,web,travel,0,1,0,0,0,0,999.0,0,0,8.133669598023427
TXNdca21033-1,CUST00528,2026-07-01 16:36:57,249335.84,web,wire_transfer,1,1,1,1,1,2,16.0,1,1,12.426560032360728
TXNfc3b8f4d-f,CUST00528,2026-07-04 20:59:05,836.66,atm,utilities,0,1,0,0,0,0,999.0,0,0,6.730612290228612
TXNb3fce44c-9,CUST00528,2026-07-14 01:33:29,1485.54,mobile,wire_transfer,0,1,0,0,0,0,999.0,0,0,7.304206550922399
TXNa564ee98-f,CUST00529,2026-06-20 11:56:59,4617.46,web,electronics,0,1,0,0,0,0,999.0,0,0,8.437816595174548
TXN26a4850d-1,CUST00529,2026-06-26 19:19:21,17322.38,web,electronics,0,1,0,0,0,0,999.0,0,0,9.759812313192592
TXN8e86f9b2-d,CUST00529,2026-06-29 05:04:39,2472.21,web,retail,0,1,0,0,0,0,999.0,0,0,7.813272181020894
TXN07b38e70-7,CUST00529,2026-07-03 13:24:49,2701.92,atm,travel,0,1,0,0,0,0,999.0,0,0,7.902087949094097
TXN8a5abc61-9,CUST00529,2026-07-05 11:19:56,3302.02,web,utilities,0,1,0,0,0,0,999.0,0,0,8.10259248047388
TXN73146dae-9,CUST00529,2026-07-06 10:20:35,19297.58,web,travel,0,1,0,0,0,0,999.0,0,0,9.867786797056661
TXN3cff13aa-3,CUST00529,2026-07-11 00:35:15,1073.49,branch,grocery,0,1,0,0,0,0,999.0,0,0,6.979601409385
TXN21d7ef88-4,CUST00529,2026-07-14 17:33:21,1789.84,web,electronics,0,1,0,0,0,0,999.0,0,0,7.49044006250333
TXNb5e18851-6,CUST00529,2026-07-15 03:21:38,2089.71,web,jewellery,0,1,0,0,0,0,999.0,0,0,7.645259000188148
TXNddef6430-8,CUST00530,2026-06-19 18:13:40,1716.83,mobile,travel,0,1,0,0,0,0,999.0,0,0,7.44881714537802
TXNb6315c55-0,CUST00530,2026-06-20 17:30:40,2211.81,web,jewellery,0,1,0,0,0,0,999.0,0,0,7.702018480061526
TXN35c87983-9,CUST00530,2026-07-06 02:50:53,7739.32,web,jewellery,0,1,0,0,0,0,999.0,0,0,8.954198309398398
TXN2838c714-d,CUST00530,2026-07-09 04:30:24,69371.76,mobile,wire_transfer,1,1,1,1,1,2,2.0,1,1,11.14724956223917
TXN0b76d6f7-1,CUST00530,2026-07-09 13:51:19,789.57,branch,utilities,0,1,0,0,0,0,999.0,0,0,6.672754204278722
TXN364b9aa2-e,CUST00530,2026-07-16 01:27:12,252.22,web,retail,0,1,0,0,0,0,999.0,0,0,5.534258676092107
TXNb7017485-7,CUST00531,2026-06-17 13:55:36,1844.03,atm,electronics,0,1,0,0,0,0,999.0,0,0,7.520250816505034
TXN07a1012a-e,CUST00531,2026-06-18 06:31:52,4691.48,mobile,utilities,0,1,1,1,0,0,25.0,0,0,8.453716506331176
TXN008a7385-e,CUST00531,2026-06-18 11:46:47,1294.2,web,wire_transfer,0,1,0,0,0,0,999.0,0,0,7.166420402363426
TXN2f63a62d-0,CUST00531,2026-06-21 20:09:18,1306.32,mobile,grocery,0,1,0,0,0,0,999.0,0,0,7.175734519158049
TXN8c38c18b-0,CUST00531,2026-06-22 08:05:34,549.43,web,utilities,0,1,0,0,0,0,999.0,0,0,6.3106997909477
TXN30794bd3-4,CUST00531,2026-06-25 09:41:17,9082.64,mobile,jewellery,0,1,0,0,0,0,999.0,0,0,9.114230272321265
TXN61208478-6,CUST00531,2026-07-04 03:19:22,1770.19,mobile,electronics,1,1,0,0,0,0,999.0,0,0,7.479406916048642
TXNeb67a72c-8,CUST00531,2026-07-05 17:47:26,1714.66,web,electronics,0,1,0,0,0,0,999.0,0,0,7.447553125218401
TXN98cc3e26-a,CUST00531,2026-07-07 02:56:04,2932.24,web,utilities,0,1,0,0,0,0,999.0,0,0,7.983862893110161
TXN85a33467-b,CUST00531,2026-07-13 18:53:35,2120.98,mobile,travel,0,1,0,0,0,0,999.0,0,0,7.660104894058824
TXNb97938ac-e,CUST00532,2026-06-17 06:48:35,960.19,web,electronics,0,1,0,0,0,0,999.0,0,0,6.868172100146106
TXNc9425b82-0,CUST00532,2026-06-26 10:05:07,9983.51,mobile,jewellery,0,1,0,0,0,0,999.0,0,0,9.208790171035352
TXN3e74ba44-a,CUST00532,2026-07-02 11:53:02,375.33,web,jewellery,0,1,0,0,0,0,999.0,0,0,5.930466418046399
TXN96f22a06-1,CUST00532,2026-07-05 07:07:59,4478.91,web,utilities,0,1,0,0,0,0,999.0,0,0,8.407358235921524
TXN4a13b17c-8,CUST00532,2026-07-11 02:46:31,2388.69,mobile,utilities,0,1,0,0,0,0,999.0,0,0,7.77891892939989
TXN17caf26b-c,CUST00532,2026-07-14 09:29:58,47025.03,web,jewellery,1,1,0,0,0,0,999.0,0,0,10.758456557172314
TXNfb81519b-d,CUST00533,2026-06-17 13:31:25,2127.84,atm,wire_transfer,0,1,0,0,0,0,999.0,0,0,7.663332509415549
TXN00ef3377-0,CUST00533,2026-06-19 08:22:13,2410.7,mobile,jewellery,0,1,0,0,0,0,999.0,0,0,7.788087172002025
TXN00e5ebaf-2,CUST00533,2026-06-19 11:17:38,2608.07,web,electronics,0,1,0,0,0,0,999.0,0,0,7.866749114979948
TXNfe9d21c3-c,CUST00533,2026-06-20 06:35:05,1256.53,web,electronics,0,1,0,0,0,0,999.0,0,0,7.13690475854817
TXNad20c3fa-d,CUST00533,2026-06-23 04:50:25,891.17,mobile,retail,0,1,0,0,0,0,999.0,0,0,6.793656697381025
TXN509ac91f-3,CUST00533,2026-07-01 18:53:59,4066.43,web,wire_transfer,0,1,0,0,0,0,999.0,0,0,8.310766629356907
TXNc068a64c-d,CUST00533,2026-07-07 23:52:41,4762.53,mobile,electronics,0,1,0,0,0,0,999.0,0,0,8.46874426901721
TXN8ce285db-d,CUST00533,2026-07-09 21:04:43,1366.75,branch,retail,0,1,0,0,0,0,999.0,0,0,7.220922332943935
TXNc87533e5-6,CUST00533,2026-07-11 12:03:42,1888.96,web,jewellery,0,1,0,0,0,0,999.0,0,0,7.544310943808563
TXNbe007552-f,CUST00534,2026-06-17 05:16:41,880.05,web,jewellery,0,1,0,0,0,0,999.0,0,0,6.781114378014739
TXNe7270909-0,CUST00534,2026-06-20 09:18:50,35109.65,mobile,wire_transfer,1,1,1,1,1,4,5.0,1,1,10.4662597822352
TXN6ecf4ff1-6,CUST00534,2026-06-24 06:06:30,645.03,web,grocery,0,1,0,0,0,0,999.0,0,0,6.470845942332798
TXNd586ff50-7,CUST00534,2026-06-25 02:34:57,2041.35,web,grocery,0,1,0,0,0,0,999.0,0,0,7.621856384624867
TXN12e63e97-1,CUST00534,2026-06-27 19:54:28,436.77,web,electronics,0,1,0,0,0,0,999.0,0,0,6.081693658300472
TXN63d2b7c6-a,CUST00534,2026-07-02 04:09:25,418.91,branch,jewellery,0,1,0,0,0,0,999.0,0,0,6.040040402600664
TXN47691dcb-d,CUST00534,2026-07-14 13:16:46,2891.94,branch,wire_transfer,0,1,0,0,0,0,999.0,0,0,7.970028565044507
TXN649ad218-a,CUST00535,2026-06-16 19:04:43,498.83,web,jewellery,0,1,0,0,0,0,999.0,0,0,6.214268040609087
TXNd164d651-9,CUST00535,2026-06-17 10:27:36,417.66,mobile,travel,0,1,0,0,0,0,999.0,0,0,6.037059134666374
TXN0067eaa6-4,CUST00535,2026-06-20 17:28:35,1046.64,web,utilities,0,1,0,0,0,0,999.0,0,0,6.954295294417033
TXNb43e9061-1,CUST00535,2026-06-24 03:46:28,4403.88,mobile,wire_transfer,0,1,0,0,0,0,999.0,0,0,8.390468296228502
TXN52ed2487-8,CUST00535,2026-07-01 04:25:21,1646.71,web,wire_transfer,0,1,0,0,0,0,999.0,0,0,7.407141724110939
TXN0abdbcd1-7,CUST00535,2026-07-04 23:10:35,14648.66,web,retail,0,1,0,0,0,0,999.0,0,0,9.592172405984773
TXNf14dfb3e-f,CUST00535,2026-07-12 11:58:30,27686.94,web,wire_transfer,0,1,0,0,0,0,999.0,0,0,10.228752218309076
TXN44d44eca-9,CUST00535,2026-07-16 03:16:44,742.09,branch,electronics,1,1,0,0,0,0,999.0,0,0,6.610817167933863
TXNde14b989-4,CUST00535,2026-07-16 03:34:14,21141.01,mobile,electronics,0,2,0,0,0,0,999.0,0,0,9.959017335320645
TXN9089bcfd-9,CUST00536,2026-06-20 03:46:58,1272.87,web,grocery,1,1,0,0,0,0,999.0,0,0,7.1498147901092635
TXN60bf684e-2,CUST00536,2026-06-28 09:51:44,1561.42,atm,wire_transfer,0,1,0,0,0,0,999.0,0,0,7.353991180299792
TXN33ca11ee-8,CUST00536,2026-07-11 09:15:24,1143.73,web,travel,0,1,0,0,0,0,999.0,0,0,7.042924080321033
TXN5e065732-0,CUST00536,2026-07-12 15:31:26,4991.02,mobile,retail,0,1,0,0,0,0,999.0,0,0,8.515595916451494
TXN31d46873-c,CUST00536,2026-07-15 23:30:25,2968.61,web,travel,0,1,0,0,0,0,999.0,0,0,7.996185910043108
TXNe5d0111f-8,CUST00537,2026-06-19 00:21:26,1018.33,mobile,wire_transfer,0,1,0,0,0,0,999.0,0,0,6.926900827704367
TXN6ef68419-8,CUST00537,2026-06-22 00:42:01,578.73,mobile,wire_transfer,0,1,0,0,0,0,999.0,0,0,6.362562477912296
TXN03f2ffe0-c,CUST00537,2026-07-04 19:07:34,2910.78,branch,travel,0,1,0,0,0,0,999.0,0,0,7.976519857012024
TXN9d470a35-c,CUST00537,2026-07-08 06:51:10,2632.33,web,retail,0,1,0,0,0,0,999.0,0,0,7.876004483963417
TXN636f1e3d-2,CUST00537,2026-07-09 09:18:33,661.08,web,retail,0,1,0,0,0,0,999.0,0,0,6.495386394557178
TXNa910c002-a,CUST00537,2026-07-11 07:21:38,493.73,mobile,retail,0,1,0,0,0,0,999.0,0,0,6.204012159208788
TXN78f45889-1,CUST00537,2026-07-14 16:49:09,5974.93,branch,wire_transfer,0,1,0,0,0,0,999.0,0,0,8.695495013223299
TXN5ef993c3-0,CUST00537,2026-07-15 13:58:31,1023.22,branch,electronics,0,1,0,0,0,0,999.0,0,0,6.93168662627384
TXNb39844f4-e,CUST00538,2026-06-17 23:10:29,1280.05,web,retail,0,1,0,0,0,0,999.0,0,0,7.15543533314125
TXN2e3c7679-6,CUST00538,2026-06-18 13:33:09,8457.76,mobile,retail,0,1,0,0,0,0,999.0,0,0,9.04295786975351
TXN6086a5f3-e,CUST00538,2026-06-19 16:25:04,770.45,web,electronics,0,1,0,0,0,0,999.0,0,0,6.648271860889035
TXN3c9b7cd1-9,CUST00538,2026-06-24 12:56:35,2074.25,web,electronics,0,1,0,0,0,0,999.0,0,0,7.637836907335145
TXN16440645-f,CUST00538,2026-06-30 20:50:40,764.49,atm,jewellery,0,1,0,0,0,0,999.0,0,0,6.640516151655129
TXN13d94ad0-d,CUST00538,2026-07-11 09:53:42,7504.06,web,retail,0,1,0,0,0,0,999.0,0,0,8.923332738705826
TXN745d8729-5,CUST00538,2026-07-11 13:34:47,1718.53,web,grocery,0,1,0,0,0,0,999.0,0,0,7.449806276652373
TXN85a0429c-a,CUST00538,2026-07-13 22:12:39,764.21,mobile,wire_transfer,0,1,0,0,0,0,999.0,0,0,6.640150305959535
TXNef3cfc8f-5,CUST00539,2026-06-17 06:07:26,817.4,web,grocery,0,1,1,1,0,0,17.0,0,0,6.707351214637416
TXNc8b1ef8c-1,CUST00539,2026-06-17 07:30:25,693.66,mobile,retail,0,1,0,0,0,0,999.0,0,0,6.543422517230114
TXNfafb6c18-f,CUST00539,2026-06-24 19:48:03,5954.51,web,electronics,0,1,0,0,0,0,999.0,0,0,8.692072120439686
TXN82afea66-5,CUST00539,2026-06-25 00:09:28,796.93,branch,electronics,0,1,0,0,0,0,999.0,0,0,6.682020874304
TXN1e26bc3d-f,CUST00539,2026-06-29 08:14:15,1706.68,mobile,utilities,0,1,0,0,0,0,999.0,0,0,7.442891003165655
TXNdf681283-d,CUST00539,2026-06-29 21:06:32,628.61,mobile,electronics,0,1,0,0,0,0,999.0,0,0,6.4451005800774395
TXN4d7f6dfb-0,CUST00539,2026-07-07 00:48:36,19251.45,branch,wire_transfer,1,1,0,0,0,0,999.0,0,0,9.865393604344717
TXN4a7109c6-7,CUST00539,2026-07-15 09:03:52,3421.96,mobile,wire_transfer,0,1,0,0,0,0,999.0,0,0,8.13826095280605
TXNdad2e66e-8,CUST00539,2026-07-15 14:51:54,598.74,atm,electronics,0,1,0,0,0,0,999.0,0,0,6.396496227966792
TXNb67819ff-9,CUST00540,2026-06-24 01:59:52,2729.08,branch,electronics,0,1,0,0,0,0,999.0,0,0,7.912086191778955
TXNcc1791f8-a,CUST00540,2026-06-24 09:06:01,566.6,web,travel,0,1,0,0,0,0,999.0,0,0,6.3414169452858875
TXNbf79dcb6-a,CUST00540,2026-06-28 18:51:41,3867.26,mobile,grocery,0,1,0,0,0,0,999.0,0,0,8.260560072514764
TXN131ad6fa-c,CUST00540,2026-06-30 19:58:25,1656.65,atm,wire_transfer,0,1,0,0,0,0,999.0,0,0,7.413156215702901
TXN6295b041-4,CUST00540,2026-07-10 00:32:42,181831.63,web,wire_transfer,1,1,1,1,1,2,3.0,1,1,12.110841927568673
TXN250801c0-8,CUST00540,2026-07-15 11:10:18,5583.49,mobile,retail,0,1,0,0,0,0,999.0,0,0,8.627748391308671
TXN2344f207-f,CUST00541,2026-06-16 22:25:59,1074.06,mobile,travel,0,1,0,0,0,0,999.0,0,0,6.9801317529577105
TXN130f0872-9,CUST00541,2026-06-22 21:37:37,3893.77,atm,travel,0,1,0,0,0,0,999.0,0,0,8.26738990649714
TXNe245ed74-e,CUST00541,2026-07-01 11:14:26,594.58,mobile,travel,0,1,0,0,0,0,999.0,0,0,6.389535720662434
TXNb506aa35-c,CUST00541,2026-07-01 22:46:56,110.11,mobile,jewellery,0,1,0,0,0,0,999.0,0,0,4.710520701595917
TXN29a7f041-2,CUST00541,2026-07-06 03:56:22,550.75,atm,wire_transfer,1,1,0,0,0,0,999.0,0,0,6.313095045136846
TXN5dcf19aa-b,CUST00541,2026-07-07 03:03:39,8460.77,mobile,jewellery,1,1,0,0,0,0,999.0,0,0,9.043313650575003
TXN7a3f4573-f,CUST00541,2026-07-16 02:45:13,477.61,mobile,jewellery,0,1,0,0,0,0,999.0,0,0,6.170886069530959
TXN6f63def8-5,CUST00542,2026-06-22 06:28:40,3072.53,mobile,wire_transfer,0,1,0,0,0,0,999.0,0,0,8.030582017158382
TXN7f37c8f7-5,CUST00542,2026-06-27 16:55:33,1657.97,mobile,electronics,0,1,0,0,0,0,999.0,0,0,7.413952206844302
TXNd55c41b2-7,CUST00542,2026-06-29 16:52:35,412.82,atm,grocery,0,1,0,0,0,0,999.0,0,0,6.025431096671255
TXNae570403-5,CUST00542,2026-06-30 00:20:16,420.54,web,utilities,0,1,0,0,0,0,999.0,0,0,6.043914672108901
TXN2057111f-2,CUST00542,2026-07-05 22:06:37,687.67,mobile,utilities,0,1,1,1,0,0,7.0,0,0,6.534762201270815
TXN00bd2562-2,CUST00542,2026-07-10 16:41:35,3776.45,mobile,travel,0,1,0,0,0,0,999.0,0,0,8.236804457791921
TXN1af0bb95-2,CUST00542,2026-07-12 08:44:36,1237.94,atm,jewellery,0,1,0,0,0,0,999.0,0,0,7.1220114543064375
TXN57988711-e,CUST00543,2026-06-24 22:56:02,2764.53,mobile,retail,0,1,0,0,0,0,999.0,0,0,7.924987577323824
TXN0d86ff36-f,CUST00543,2026-06-25 12:42:00,3287.95,web,electronics,0,1,0,0,0,0,999.0,0,0,8.098323643884386
TXN9c6c3c4e-8,CUST00543,2026-07-03 05:39:57,94.82,mobile,grocery,0,1,0,0,0,0,999.0,0,0,4.562471431454976
TXN0cbe735d-b,CUST00543,2026-07-06 07:03:58,1054.75,mobile,retail,0,1,0,0,0,0,999.0,0,0,6.962006693814053
TXNd3c8acca-3,CUST00543,2026-07-06 10:32:02,10531.11,web,utilities,1,1,0,0,0,0,999.0,0,0,9.262183964921704
TXNdd50f7e7-d,CUST00543,2026-07-06 17:47:07,759.65,mobile,electronics,0,1,0,0,0,0,999.0,0,0,6.634173330909138
TXN9313ea0f-b,CUST00543,2026-07-09 00:07:28,1394.68,web,grocery,0,1,0,0,0,0,999.0,0,0,7.241137030684908
TXN80cb135d-2,CUST00543,2026-07-14 03:09:40,694.24,web,utilities,0,1,0,0,0,0,999.0,0,0,6.5442571096952795
TXN3834e80b-6,CUST00543,2026-07-14 17:28:10,109.4,mobile,jewellery,0,1,0,0,0,0,999.0,0,0,4.704110133842995
TXNe2aebd53-b,CUST00543,2026-07-15 16:00:13,1309.08,web,utilities,0,1,0,0,0,0,999.0,0,0,7.17784348303287
TXNf1668e89-5,CUST00544,2026-06-17 22:10:22,1534.13,mobile,retail,0,1,0,0,0,0,999.0,0,0,7.336370346989001
TXNa6e62c01-8,CUST00544,2026-06-26 22:53:05,2140.84,mobile,grocery,0,1,0,0,0,0,999.0,0,0,7.669420551672483
TXN8ad09042-e,CUST00544,2026-06-28 16:58:56,1907.2,atm,jewellery,0,1,0,0,0,0,999.0,0,0,7.553915668317746
TXNc5bde81d-c,CUST00544,2026-07-02 09:24:51,5958.23,mobile,grocery,0,1,0,0,0,0,999.0,0,0,8.692696557082177
TXN84471dfa-d,CUST00544,2026-07-05 21:49:15,104186.34,web,wire_transfer,1,1,1,1,1,4,19.0,1,1,11.553945903799109
TXN17101a77-3,CUST00544,2026-07-07 13:26:47,851.34,mobile,retail,0,1,0,0,0,0,999.0,0,0,6.747985508258503
TXN430679d8-b,CUST00544,2026-07-08 09:22:58,2697.68,web,travel,0,1,0,0,0,0,999.0,0,0,7.900518043558394
TXN128e92ad-6,CUST00544,2026-07-11 23:53:34,2546.78,mobile,grocery,0,1,0,0,0,0,999.0,0,0,7.8429776707351495
TXN10df8c94-7,CUST00544,2026-07-15 14:27:25,959.48,mobile,utilities,0,1,0,0,0,0,999.0,0,0,6.867433159503533
TXN0ef40214-0,CUST00544,2026-07-15 18:46:54,2653.86,web,wire_transfer,0,1,0,0,0,0,999.0,0,0,7.884147201588929
TXNc0c86a82-b,CUST00545,2026-06-18 21:52:12,449.65,web,wire_transfer,0,1,0,0,0,0,999.0,0,0,6.110690985002419
TXN0043384a-f,CUST00545,2026-06-19 18:27:19,1909.52,branch,travel,0,1,1,1,0,0,6.0,0,0,7.555130735295913
TXNbf5e39fb-1,CUST00545,2026-06-23 21:26:56,923.49,atm,jewellery,0,1,0,0,0,0,999.0,0,0,6.829242234111026
TXN50a2c011-1,CUST00545,2026-06-26 09:49:23,466.1,web,grocery,0,1,0,0,0,0,999.0,0,0,6.1465433675080625
TXN76bd0773-d,CUST00545,2026-06-27 12:16:29,1423.09,atm,jewellery,0,1,0,0,0,0,999.0,0,0,7.261288292221934
TXN1dbd3a83-1,CUST00545,2026-07-05 20:44:51,1547.47,mobile,grocery,0,1,0,0,0,0,999.0,0,0,7.3450226256382445
TXNfb26699f-1,CUST00545,2026-07-13 21:08:03,983.77,mobile,travel,1,1,0,0,0,0,999.0,0,0,6.892408111368056
TXN5cdbb28b-b,CUST00546,2026-06-22 22:15:05,4442.45,mobile,grocery,0,1,0,0,0,0,999.0,0,0,8.399186380724089
TXNd220f704-0,CUST00546,2026-06-23 01:47:24,1281.98,mobile,retail,0,1,0,0,0,0,999.0,0,0,7.156940776029598
TXN0b39c366-3,CUST00546,2026-06-23 20:18:51,2040.68,mobile,utilities,0,1,0,0,0,0,999.0,0,0,7.621528277335739
TXNcf460215-1,CUST00546,2026-06-27 18:26:53,10922.2,mobile,electronics,0,1,0,0,0,0,999.0,0,0,9.298644246664017
TXN7bdeb381-f,CUST00546,2026-06-29 04:06:32,2261.02,web,grocery,0,1,0,0,0,0,999.0,0,0,7.724013498369957
TXNdcb8c9a0-d,CUST00546,2026-07-02 09:14:41,5790.36,atm,electronics,0,1,0,0,0,0,999.0,0,0,8.664122430722713
TXNae344b14-5,CUST00546,2026-07-07 06:46:51,574.18,web,jewellery,1,1,0,0,0,0,999.0,0,0,6.354683035287725
TXNd4796110-b,CUST00546,2026-07-14 02:12:59,2927.21,branch,jewellery,0,1,0,0,0,0,999.0,0,0,7.982146593820827
TXNe093e2cf-1,CUST00547,2026-06-18 03:33:38,3203.52,web,jewellery,0,1,0,0,0,0,999.0,0,0,8.072317592148085
TXNd619e0ce-6,CUST00547,2026-06-21 04:56:07,1757.38,mobile,electronics,0,1,0,0,0,0,999.0,0,0,7.4721482096083305
TXN9fd90541-f,CUST00547,2026-06-26 00:52:48,1464.42,web,retail,0,1,0,0,0,0,999.0,0,0,7.289897169783404
TXN8e2a4c5a-9,CUST00547,2026-06-30 14:19:00,4653.29,atm,retail,0,1,0,0,0,0,999.0,0,0,8.445544653910613
TXNdb82b67d-d,CUST00547,2026-07-01 10:05:34,1308.44,web,retail,0,1,0,0,0,0,999.0,0,0,7.177354843883152
TXN985d94c0-2,CUST00547,2026-07-01 22:28:56,761.56,mobile,retail,0,1,0,0,0,0,999.0,0,0,6.636681193910377
TXN859b6ee4-9,CUST00547,2026-07-02 16:12:45,1920.52,branch,utilities,0,1,0,0,0,0,999.0,0,0,7.560871818485729
TXNecfa60c9-8,CUST00547,2026-07-03 11:19:38,3468.01,mobile,electronics,1,1,0,0,0,0,999.0,0,0,8.151624529640717
TXNb2f9fa1a-5,CUST00547,2026-07-04 04:40:04,754.0,mobile,retail,0,1,0,0,0,0,999.0,0,0,6.626717749249025
TXNa5571020-c,CUST00547,2026-07-06 07:55:36,789.08,mobile,grocery,0,1,0,0,0,0,999.0,0,0,6.672134206156815
TXN78e33d35-f,CUST00547,2026-07-09 21:45:33,6301.55,web,travel,0,1,0,0,0,0,999.0,0,0,8.748709592390384
TXN4ff02a31-c,CUST00547,2026-07-12 10:05:40,4747.5,mobile,retail,1,1,0,0,0,0,999.0,0,0,8.465584057683007
TXN89d5e178-c,CUST00548,2026-06-23 14:48:58,2473.42,web,jewellery,0,1,0,0,0,0,999.0,0,0,7.813761304105734
TXN275ac9d6-0,CUST00548,2026-06-25 17:13:23,388.11,mobile,utilities,0,1,0,0,0,0,999.0,0,0,5.963862079994365
TXNa9fb1b54-8,CUST00548,2026-07-01 13:46:08,1371.87,mobile,electronics,0,1,0,0,0,0,999.0,0,0,7.224658718109708
TXN0917f2d6-1,CUST00548,2026-07-11 12:45:35,2212.24,web,utilities,0,1,0,0,0,0,999.0,0,0,7.702212784238547
TXN33c25e62-7,CUST00548,2026-07-14 10:37:16,172.44,web,utilities,0,1,0,0,0,0,999.0,0,0,5.155831718251282
TXNc5404be9-e,CUST00548,2026-07-14 20:12:34,11783.45,web,retail,0,1,0,0,0,0,999.0,0,0,9.374536144786056
TXNaf4219dd-3,CUST00548,2026-07-16 01:27:33,433.33,mobile,travel,0,1,0,0,0,0,999.0,0,0,6.073804613830202
TXN5c253a40-b,CUST00549,2026-06-16 17:59:11,1876.85,web,electronics,0,1,0,0,0,0,999.0,0,0,7.537882784373781
TXNe47472d0-7,CUST00549,2026-06-17 17:54:39,3972.58,mobile,grocery,0,1,0,0,0,0,999.0,0,0,8.287422730561227
TXN72a35369-6,CUST00549,2026-06-18 07:09:14,4990.73,web,retail,0,1,0,0,0,0,999.0,0,0,8.515537822048072
TXNc391a132-8,CUST00549,2026-06-20 04:47:54,1214.91,web,grocery,1,1,0,0,0,0,999.0,0,0,7.103248046629108
TXNe1b3b9d1-f,CUST00549,2026-06-22 17:54:44,1173.14,web,travel,0,1,1,1,0,0,1.0,0,0,7.068291243704169
TXNdcaeedcd-6,CUST00549,2026-06-24 13:56:18,4352.53,atm,grocery,0,1,0,0,0,0,999.0,0,0,8.378742289252163
TXN6f77cc54-8,CUST00549,2026-06-29 12:13:28,4984.71,mobile,utilities,0,1,0,0,0,0,999.0,0,0,8.514331099535982
TXN38124f7f-8,CUST00549,2026-07-03 16:27:38,3315.56,web,travel,0,1,0,0,0,0,999.0,0,0,8.10668338016334
TXN6bb17a8b-2,CUST00549,2026-07-03 20:15:40,8745.43,mobile,wire_transfer,0,1,0,0,0,0,999.0,0,0,9.076400896097015
TXN565f8687-3,CUST00549,2026-07-09 09:00:27,4201.1,web,wire_transfer,0,1,0,0,0,0,999.0,0,0,8.343339679313111
TXNb4666d99-4,CUST00550,2026-06-17 16:07:03,2627.43,web,grocery,0,1,1,1,0,0,11.0,0,0,7.874141988746432
TXN4059d846-f,CUST00550,2026-06-20 08:06:15,2655.06,web,jewellery,1,1,0,0,0,0,999.0,0,0,7.884599100702612
TXNccda08bf-5,CUST00550,2026-06-22 04:17:00,1943.86,branch,retail,0,1,0,0,0,0,999.0,0,0,7.572945274027456
TXN72f0b90d-5,CUST00550,2026-06-24 06:47:05,9630.89,web,wire_transfer,0,1,0,0,0,0,999.0,0,0,9.17283474721761
TXN147eeb2d-5,CUST00550,2026-06-28 01:55:40,1353.88,web,jewellery,0,1,0,0,0,0,999.0,0,0,7.211468168506446
TXNf81379f3-a,CUST00550,2026-06-28 10:24:45,1482.2,atm,jewellery,1,1,0,0,0,0,999.0,0,0,7.301957194811591
TXN54b279cd-0,CUST00550,2026-06-29 21:54:10,1479.61,branch,jewellery,0,1,0,0,0,0,999.0,0,0,7.300209444004831
TXNea3dbc37-6,CUST00550,2026-07-01 14:54:11,264.92,mobile,travel,1,1,0,0,0,0,999.0,0,0,5.583195511667084
TXN4dbb5559-8,CUST00550,2026-07-05 13:10:47,5395.94,web,utilities,0,1,0,0,0,0,999.0,0,0,8.593587405269464
TXN28d217d6-6,CUST00550,2026-07-05 21:15:54,3090.36,web,travel,0,1,0,0,0,0,999.0,0,0,8.036366402513073
TXN8abcb652-e,CUST00550,2026-07-08 10:29:31,1341.81,mobile,wire_transfer,0,1,0,0,0,0,999.0,0,0,7.20251971220356
TXNfb3cd9c8-e,CUST00550,2026-07-09 10:50:45,187888.89,web,wire_transfer,1,1,1,1,1,2,19.0,1,1,12.143611378738465
TXNd0f95340-7,CUST00550,2026-07-13 00:03:23,3855.59,mobile,retail,0,1,1,1,0,0,24.0,0,0,8.257538652324616
TXNbaabf7ec-2,CUST00551,2026-06-17 12:30:55,4324.34,web,grocery,0,1,0,0,0,0,999.0,0,0,8.372246028992926
TXN246f5c1d-0,CUST00551,2026-06-18 11:47:56,5128.68,branch,wire_transfer,1,1,0,0,0,0,999.0,0,0,8.542798558051576
TXNfd780916-a,CUST00551,2026-06-19 04:39:17,3330.63,branch,grocery,0,1,0,0,0,0,999.0,0,0,8.111216952703078
TXN08b52947-9,CUST00551,2026-06-23 20:34:14,2994.28,mobile,utilities,0,1,0,0,0,0,999.0,0,0,8.004792995328293
TXN4f39a47f-b,CUST00551,2026-06-27 23:48:37,77368.66,web,wire_transfer,1,1,1,1,1,3,18.0,1,1,11.256349993065704
TXN6399c513-a,CUST00551,2026-06-30 04:43:32,180.82,atm,retail,1,1,0,0,0,0,999.0,0,0,5.203017186693712
TXN3bcb4f32-e,CUST00551,2026-07-01 01:30:11,4656.85,mobile,retail,0,1,0,0,0,0,999.0,0,0,8.446309247263683
TXNe6fe01cc-5,CUST00551,2026-07-02 21:44:08,4910.08,mobile,electronics,0,1,0,0,0,0,999.0,0,0,8.499249155867876
TXN81ec334f-c,CUST00551,2026-07-07 11:19:10,720.68,web,grocery,0,1,1,1,0,0,16.0,0,0,6.5815818273483835
TXN0ae19e7e-1,CUST00551,2026-07-07 17:31:32,2610.61,web,utilities,0,1,0,0,0,0,999.0,0,0,7.867722168375449
TXNff2d10f4-1,CUST00551,2026-07-11 02:57:51,2745.1,atm,jewellery,0,1,0,0,0,0,999.0,0,0,7.91793700227082
TXN99dce819-1,CUST00551,2026-07-15 21:00:53,1480.97,web,retail,0,1,0,0,0,0,999.0,0,0,7.301127562736162
TXNb443cda3-4,CUST00551,2026-07-16 08:40:57,394.92,mobile,jewellery,0,1,0,0,0,0,999.0,0,0,5.981212170643631
TXNeb5c4ed8-5,CUST00552,2026-06-18 18:48:43,973.79,mobile,jewellery,0,1,0,0,0,0,999.0,0,0,6.882222063183865
TXNe66ccf4a-c,CUST00552,2026-06-19 06:03:58,166.14,atm,wire_transfer,0,1,0,0,0,0,999.0,0,0,5.11883178457329
TXNdc247a02-2,CUST00552,2026-06-19 14:00:36,884.31,mobile,wire_transfer,1,1,0,0,0,0,999.0,0,0,6.785937866159218
TXNf644404d-d,CUST00552,2026-06-23 04:18:00,632.11,atm,utilities,1,1,1,1,0,0,16.0,0,0,6.45064418271834
TXN2d598b9d-b,CUST00552,2026-06-23 13:14:22,2618.85,atm,electronics,1,1,0,0,0,0,999.0,0,0,7.870872343207792
TXNff8abfc0-2,CUST00552,2026-06-24 05:10:10,6819.83,mobile,travel,0,1,0,0,0,0,999.0,0,0,8.827736444312322
TXNeb7fb03e-d,CUST00552,2026-06-25 13:15:14,1530.24,web,retail,0,1,1,1,0,0,23.0,0,0,7.333833143659468
TXN51cb3f06-1,CUST00552,2026-06-29 17:15:06,582.11,mobile,jewellery,0,1,0,0,0,0,999.0,0,0,6.368375847798085
TXNe6af993c-7,CUST00552,2026-06-29 17:38:41,1232.18,mobile,travel,0,2,0,0,0,0,999.0,0,0,7.117351477910972
TXN67f7aba4-0,CUST00552,2026-07-02 18:38:10,202632.14,mobile,wire_transfer,1,1,1,1,1,4,17.0,1,1,12.219152430963955
TXNdce202f5-3,CUST00552,2026-07-05 07:27:13,2264.43,branch,utilities,0,1,0,0,0,0,999.0,0,0,7.725519865373377
TXNf0c46591-b,CUST00552,2026-07-06 01:51:10,500.85,mobile,electronics,0,1,0,0,0,0,999.0,0,0,6.2183012702598095
TXNaab76dd1-1,CUST00552,2026-07-09 08:02:12,15717.66,web,electronics,0,1,0,0,0,0,999.0,0,0,9.662603820619635
TXNb31b58fa-c,CUST00552,2026-07-16 11:32:25,420.39,web,wire_transfer,0,1,0,0,0,0,999.0,0,0,6.043558770666116
TXN96944fa8-a,CUST00553,2026-06-17 03:51:22,9163.65,mobile,electronics,1,1,0,0,0,0,999.0,0,0,9.123108970783003
TXNe810c030-2,CUST00553,2026-06-25 05:29:04,2116.7,mobile,wire_transfer,0,1,0,0,0,0,999.0,0,0,7.6580858730695365
TXNcc464bb8-f,CUST00553,2026-07-04 17:59:11,786.46,branch,travel,0,1,0,0,0,0,999.0,0,0,6.668812575758953
TXNd5b26840-f,CUST00553,2026-07-05 08:21:27,840.73,web,retail,0,1,0,0,0,0,999.0,0,0,6.73545929773515
TXNe3fe266b-a,CUST00553,2026-07-12 10:52:41,368.18,mobile,utilities,0,1,0,0,0,0,999.0,0,0,5.911284329980454
TXN7024cf94-0,CUST00553,2026-07-13 11:13:56,1251.06,atm,retail,0,1,0,0,0,0,999.0,0,0,7.132545473834441
TXN7164a9a2-c,CUST00554,2026-06-19 00:23:26,195382.44,web,wire_transfer,1,1,1,1,1,2,2.0,1,1,12.182719265767057
TXN0cad2d63-8,CUST00554,2026-06-22 18:36:19,1511.41,web,wire_transfer,1,1,0,0,0,0,999.0,0,0,7.321459684002324
TXN210f0001-d,CUST00554,2026-06-28 02:06:45,2084.9,mobile,retail,0,1,0,0,0,0,999.0,0,0,7.6429556957730815
TXNbe3ff70d-b,CUST00554,2026-07-07 07:44:42,697.17,mobile,retail,0,1,0,0,0,0,999.0,0,0,6.548462626116749
TXNe16874df-5,CUST00555,2026-06-17 06:58:45,6047.67,web,retail,0,1,0,0,0,0,999.0,0,0,8.70759369214695
TXN49b04036-6,CUST00555,2026-06-17 15:09:10,2691.24,web,travel,0,1,0,0,0,0,999.0,0,0,7.898128839836784
TXNaa9af6c4-3,CUST00555,2026-06-18 15:01:57,1974.09,web,utilities,1,1,0,0,0,0,999.0,0,0,7.588369245917212
TXNe5b2fd55-b,CUST00555,2026-06-21 22:37:19,1304.93,web,jewellery,0,1,0,0,0,0,999.0,0,0,7.174670709625025
TXN375af79e-9,CUST00555,2026-06-26 05:03:10,1315.49,web,electronics,0,1,0,0,0,0,999.0,0,0,7.1827243830093
TXN0c5332b3-1,CUST00555,2026-06-28 00:25:30,3289.26,web,utilities,0,1,1,1,0,0,24.0,0,0,8.098721867992543
TXNf8e8e938-b,CUST00555,2026-07-02 02:47:06,1317.64,mobile,travel,0,1,1,1,0,0,15.0,0,0,7.184356181423101
TXN38ac7355-f,CUST00555,2026-07-02 11:45:10,738.94,mobile,retail,0,1,0,0,0,0,999.0,0,0,6.606569101829886
TXN0bace8ac-6,CUST00555,2026-07-03 10:24:04,649.17,atm,electronics,0,1,0,0,0,0,999.0,0,0,6.4772338671559995
TXN4705ecba-0,CUST00555,2026-07-05 13:12:22,4083.86,mobile,grocery,0,1,0,0,0,0,999.0,0,0,8.315042734980988
TXN080bf99f-f,CUST00555,2026-07-07 09:25:57,6112.09,mobile,jewellery,0,1,0,0,0,0,999.0,0,0,8.718187652642415
TXN9d09cf19-a,CUST00555,2026-07-13 12:45:43,8673.06,branch,travel,0,1,0,0,0,0,999.0,0,0,9.068092241595275
TXNb8ab8e09-c,CUST00555,2026-07-14 02:15:41,2827.63,web,grocery,0,1,0,0,0,0,999.0,0,0,7.947547774483632
TXNa4d7809a-5,CUST00555,2026-07-15 00:47:59,144.2,mobile,jewellery,0,1,0,0,0,0,999.0,0,0,4.978112102390695
TXN126f28a9-1,CUST00555,2026-07-15 04:01:26,1574.62,branch,retail,0,1,0,0,0,0,999.0,0,0,7.362404124593238
TXN634ee115-5,CUST00556,2026-06-22 11:42:38,4769.14,web,electronics,1,1,0,0,0,0,999.0,0,0,8.470130933556502
TXN5728e2b6-9,CUST00556,2026-06-24 15:35:14,6738.12,web,wire_transfer,0,1,0,0,0,0,999.0,0,0,8.815684631583938
TXN589a8b9d-5,CUST00556,2026-06-26 18:15:13,5783.4,mobile,jewellery,0,1,0,0,0,0,999.0,0,0,8.662919917740638
TXN04ebb4a9-a,CUST00556,2026-07-01 12:42:23,918.88,web,retail,0,1,0,0,0,0,999.0,0,0,6.824243226753121
TXNe8c80d96-3,CUST00556,2026-07-02 12:40:38,841.0,mobile,electronics,0,1,0,0,0,0,999.0,0,0,6.7357800142423265
TXN6855a90d-0,CUST00556,2026-07-06 06:39:24,237220.24,mobile,wire_transfer,1,1,1,1,1,3,5.0,1,1,12.376748486784848
TXNf0c935a9-9,CUST00556,2026-07-06 07:48:26,3548.12,mobile,electronics,0,1,0,0,0,0,999.0,0,0,8.174454964416377
TXN2c9c763b-e,CUST00556,2026-07-15 09:30:29,360.44,mobile,wire_transfer,0,1,0,0,0,0,999.0,0,0,5.890096052719693
TXNe53b7727-b,CUST00557,2026-06-16 17:05:20,6739.54,mobile,utilities,0,1,0,0,0,0,999.0,0,0,8.815895319391384
TXN803e82de-7,CUST00557,2026-06-20 21:03:04,132800.59,web,wire_transfer,1,1,1,1,1,4,10.0,1,1,11.796611488844363
TXN630915e1-8,CUST00557,2026-06-26 01:13:08,371.57,mobile,retail,0,1,0,0,0,0,999.0,0,0,5.920424939628051
TXNf16231e0-6,CUST00557,2026-06-30 21:15:09,13955.59,mobile,wire_transfer,0,1,0,0,0,0,999.0,0,0,9.543707077136775
TXN4344c269-7,CUST00557,2026-07-04 05:26:56,447.24,mobile,travel,0,1,0,0,0,0,999.0,0,0,6.105328803257029
TXN8c28d4a4-d,CUST00557,2026-07-06 23:11:55,758.78,atm,electronics,1,1,0,0,0,0,999.0,0,0,6.633028917690572
TXN20141450-a,CUST00557,2026-07-07 01:07:05,1245.39,mobile,grocery,0,1,0,0,0,0,999.0,0,0,7.128006651977752
TXN37c20000-f,CUST00558,2026-06-19 12:02:48,10720.1,mobile,utilities,0,1,0,0,0,0,999.0,0,0,9.279969041300847
TXNd928c011-9,CUST00558,2026-06-20 03:26:36,16199.28,mobile,grocery,0,1,0,0,0,0,999.0,0,0,9.692783805021728
TXN558c7208-2,CUST00558,2026-06-20 09:09:02,2427.13,web,grocery,0,1,0,0,0,0,999.0,0,0,7.794876692755952
TXNdca4b19e-5,CUST00558,2026-06-29 07:49:55,4280.06,web,travel,0,1,0,0,0,0,999.0,0,0,8.36195592146369
TXNc23e471a-6,CUST00558,2026-07-02 00:01:56,15399.05,web,retail,0,1,0,0,0,0,999.0,0,0,9.642126035149696
TXN64836ec2-0,CUST00558,2026-07-02 00:40:48,954.9,web,electronics,0,2,0,0,0,0,999.0,0,0,6.862653305069717
TXNb2ea6850-9,CUST00558,2026-07-07 23:21:38,4132.84,web,retail,0,1,0,0,0,0,999.0,0,0,8.326962036057786
TXN38059440-2,CUST00559,2026-06-21 08:48:47,946.75,web,utilities,1,1,0,0,0,0,999.0,0,0,6.854090754396444
TXNfc411721-3,CUST00559,2026-06-22 11:22:11,907.64,web,utilities,0,1,0,0,0,0,999.0,0,0,6.8119489761291225
TXN02d4729d-d,CUST00559,2026-07-06 03:24:41,2024.87,web,electronics,0,1,0,0,0,0,999.0,0,0,7.613754516905885
TXN492eb70c-2,CUST00559,2026-07-08 19:56:45,6778.82,mobile,retail,0,1,0,0,0,0,999.0,0,0,8.821705831909453
TXN4138aeea-8,CUST00559,2026-07-09 06:05:01,992.91,mobile,utilities,0,1,0,0,0,0,999.0,0,0,6.901646659297728
TXNa0b3543a-0,CUST00559,2026-07-09 17:13:24,2104.88,atm,jewellery,0,1,1,1,0,0,22.0,0,0,7.652488711013516
TXN292254f9-3,CUST00559,2026-07-12 07:15:44,4621.25,mobile,wire_transfer,0,1,1,1,0,0,15.0,0,0,8.438636878510462
TXN929b4c7b-f,CUST00559,2026-07-12 19:32:48,2504.26,mobile,jewellery,1,1,0,0,0,0,999.0,0,0,7.826147800548075
TXN21483249-4,CUST00559,2026-07-15 23:31:28,534.75,web,wire_transfer,0,1,0,0,0,0,999.0,0,0,6.283667634353686
TXN03e6551e-1,CUST00560,2026-06-23 11:22:18,3385.11,web,grocery,0,1,0,0,0,0,999.0,0,0,8.12743704887538
TXNa31ffadd-0,CUST00560,2026-06-24 10:55:02,5843.89,atm,jewellery,0,1,0,0,0,0,999.0,0,0,8.67332305422523
TXN40d6c0ac-8,CUST00560,2026-06-25 13:40:28,1390.9,mobile,electronics,0,1,0,0,0,0,999.0,0,0,7.238424999233355
TXN9241e029-0,CUST00560,2026-06-26 19:48:54,855.45,web,utilities,0,1,0,0,0,0,999.0,0,0,6.752795938943994
TXNe2eb0222-2,CUST00560,2026-06-27 23:50:31,4559.69,web,wire_transfer,0,1,0,0,0,0,999.0,0,0,8.425229206850826
TXN54be6170-4,CUST00560,2026-07-03 23:17:29,9698.38,mobile,utilities,0,1,0,0,0,0,999.0,0,0,9.179817244922889
TXNe470dab0-e,CUST00560,2026-07-06 03:42:38,1283.82,mobile,retail,0,1,0,0,0,0,999.0,0,0,7.158373909696494
TXN8e47fb7d-8,CUST00560,2026-07-08 20:09:33,1370.67,mobile,jewellery,0,1,1,1,0,0,3.0,0,0,7.223784254573765
TXN624f88a5-1,CUST00560,2026-07-12 11:13:26,285.04,atm,wire_transfer,0,1,0,0,0,0,999.0,0,0,5.656131661180195
TXN0be08870-a,CUST00560,2026-07-13 17:13:44,611.46,branch,travel,0,1,0,0,0,0,999.0,0,0,6.4174836341638954
TXN01a9abd0-e,CUST00561,2026-06-21 01:25:32,2466.85,mobile,retail,1,1,0,0,0,0,999.0,0,0,7.811102605220363
TXNcb697bf9-3,CUST00561,2026-06-23 03:13:16,827.94,mobile,utilities,1,1,0,0,0,0,999.0,0,0,6.720147776158943
TXN55a28f90-a,CUST00561,2026-07-16 10:40:45,595.2,mobile,jewellery,0,1,0,0,0,0,999.0,0,0,6.390576181243971
TXNe05f8184-c,CUST00562,2026-06-30 21:56:22,1113.92,web,retail,0,1,0,0,0,0,999.0,0,0,7.016537932441222
TXN2fa227c3-d,CUST00562,2026-07-02 10:26:44,5699.62,atm,wire_transfer,0,1,0,0,0,0,999.0,0,0,8.648330219837229
TXNbca88911-9,CUST00562,2026-07-05 09:13:21,293.74,mobile,electronics,0,1,0,0,0,0,999.0,0,0,5.686093611785117
TXN52c2526e-7,CUST00562,2026-07-09 23:03:07,781.46,mobile,travel,0,1,0,0,0,0,999.0,0,0,6.662442802896866
TXNe97f0af3-e,CUST00562,2026-07-11 13:29:35,2158.79,mobile,utilities,0,1,0,0,0,0,999.0,0,0,7.677766273729602
TXNca3a7379-8,CUST00562,2026-07-11 23:59:07,743.16,mobile,grocery,1,1,0,0,0,0,999.0,0,0,6.612256065475787
TXNb1b8106d-e,CUST00563,2026-06-23 19:24:03,5730.19,atm,electronics,0,1,0,0,0,0,999.0,0,0,8.653678467029582
TXN2ddecd40-e,CUST00563,2026-06-24 00:16:05,3851.83,mobile,jewellery,0,1,0,0,0,0,999.0,0,0,8.256563222188984
TXN6b48d839-3,CUST00563,2026-07-05 14:16:59,484.89,web,utilities,0,1,0,0,0,0,999.0,0,0,6.1859822608337485
TXNe3d2549d-7,CUST00563,2026-07-06 00:08:29,1216.91,branch,wire_transfer,0,1,0,0,0,0,999.0,0,0,7.104891553914106
TXN5a8d9931-5,CUST00563,2026-07-09 03:56:01,677.22,mobile,retail,0,1,0,0,0,0,999.0,0,0,6.519471719082732
TXN417e5edc-1,CUST00563,2026-07-11 01:48:11,2921.82,web,retail,0,1,0,0,0,0,999.0,0,0,7.980304182647175
TXN3b1f38f0-0,CUST00563,2026-07-13 06:05:40,140303.99,web,wire_transfer,1,1,1,1,1,4,16.0,1,1,11.851573832100982
TXN4fca946a-6,CUST00563,2026-07-14 02:13:37,781.42,web,grocery,1,1,1,1,0,0,12.0,0,0,6.662391680766084
TXN306542ee-2,CUST00564,2026-06-18 07:47:58,1540.9,web,jewellery,0,1,1,1,0,0,17.0,0,0,7.340770701177307
TXN2b125551-f,CUST00564,2026-06-19 02:30:06,1068.66,mobile,electronics,0,1,0,0,0,0,999.0,0,0,6.97509611995115
TXNc07ec4c4-b,CUST00564,2026-06-23 01:36:12,7139.87,web,retail,0,1,0,0,0,0,999.0,0,0,8.873589896650172
TXN1d522106-7,CUST00564,2026-06-28 01:20:12,175.15,mobile,retail,0,1,0,0,0,0,999.0,0,0,5.171335904787247
TXNd783b9d0-5,CUST00564,2026-07-01 16:53:42,736.14,mobile,grocery,0,1,0,0,0,0,999.0,0,0,6.602777833443791
TXN9ba585ae-c,CUST00564,2026-07-07 14:01:47,2186.96,web,jewellery,0,1,0,0,0,0,999.0,0,0,7.690724881839113
TXN2046eeb5-9,CUST00564,2026-07-08 00:04:26,1582.43,mobile,grocery,0,1,0,0,0,0,999.0,0,0,7.36734865912852
TXN92a6584c-8,CUST00565,2026-06-24 06:17:53,677.0,mobile,retail,0,1,0,0,0,0,999.0,0,0,6.519147287940395
TXN1149544e-2,CUST00565,2026-06-24 14:34:27,1514.58,mobile,electronics,0,1,0,0,0,0,999.0,0,0,7.32355348296342
TXNe1772a38-9,CUST00565,2026-06-26 15:20:46,5583.19,mobile,utilities,0,1,0,0,0,0,999.0,0,0,8.62769466965131
TXN8cf431de-8,CUST00565,2026-06-29 11:23:13,917.64,mobile,electronics,0,1,0,0,0,0,999.0,0,0,6.822894315467934
TXN182ebfd2-9,CUST00565,2026-07-03 19:44:14,1617.16,web,jewellery,0,1,0,0,0,0,999.0,0,0,7.38904498024484
TXN1cb04376-c,CUST00565,2026-07-06 02:09:29,6331.71,atm,jewellery,0,1,0,0,0,0,999.0,0,0,8.753483543584167
TXN01183a0a-b,CUST00565,2026-07-06 03:40:13,391.96,mobile,grocery,0,1,0,0,0,0,999.0,0,0,5.973707825518723
TXN891887a7-3,CUST00565,2026-07-06 11:34:32,1069.9,web,travel,0,1,0,0,0,0,999.0,0,0,6.97625469540683
TXN86413c79-e,CUST00565,2026-07-14 03:08:11,12579.63,branch,jewellery,0,1,0,0,0,0,999.0,0,0,9.439913608491752
TXNb575dd69-0,CUST00566,2026-06-18 04:03:27,147.08,web,grocery,0,1,1,1,0,0,23.0,0,0,4.9977526682652424
TXN61b862b2-1,CUST00566,2026-06-20 06:09:43,3870.01,mobile,wire_transfer,0,1,0,0,0,0,999.0,0,0,8.261270733886118
TXNc5eba017-f,CUST00566,2026-07-01 17:21:01,1839.27,mobile,travel,0,1,0,0,0,0,999.0,0,0,7.517667578968333
TXN2adfedf8-7,CUST00566,2026-07-12 19:06:25,5928.2,web,jewellery,0,1,0,0,0,0,999.0,0,0,8.687644575639705
TXN76b851e9-b,CUST00566,2026-07-14 04:57:07,3926.92,web,wire_transfer,0,1,0,0,0,0,999.0,0,0,8.275865302668176
TXNddc16c3a-4,CUST00567,2026-06-17 06:58:18,1835.76,mobile,retail,0,1,0,0,0,0,999.0,0,0,7.515758428884641
TXN2c20fb0e-e,CUST00567,2026-06-20 02:57:00,2681.96,web,retail,0,1,0,0,0,0,999.0,0,0,7.89467594163018
TXN9bd0e94e-6,CUST00567,2026-06-21 10:10:25,2725.12,mobile,utilities,0,1,0,0,0,0,999.0,0,0,7.910634631830522
TXNb8ee0ec6-2,CUST00567,2026-06-24 10:18:55,7791.51,mobile,utilities,0,1,0,0,0,0,999.0,0,0,8.960918294925879
TXN7a8f5fad-3,CUST00567,2026-06-26 13:47:53,663.62,mobile,electronics,0,1,0,0,0,0,999.0,0,0,6.499215448756896
TXN1131f87f-3,CUST00567,2026-06-27 07:09:06,2409.43,branch,travel,0,1,0,0,0,0,999.0,0,0,7.787560433805683
TXN54ea3718-4,CUST00567,2026-06-30 11:54:47,471.62,web,travel,0,1,0,0,0,0,999.0,0,0,6.158291682943288
TXN36b86a13-8,CUST00567,2026-07-01 01:43:29,843.09,mobile,wire_transfer,0,1,0,0,0,0,999.0,0,0,6.7382591239819325
TXN20a145c8-8,CUST00567,2026-07-05 19:20:39,512.7,web,wire_transfer,0,1,1,1,0,0,10.0,0,0,6.241639437473222
TXNb309887d-c,CUST00567,2026-07-07 16:34:51,660.24,mobile,utilities,0,1,0,0,0,0,999.0,0,0,6.494116860184811
TXNfed46e35-1,CUST00567,2026-07-08 08:47:20,371.95,mobile,wire_transfer,0,1,0,0,0,0,999.0,0,0,5.921444362401172
TXN004fe610-2,CUST00567,2026-07-12 06:43:24,1283.9,web,travel,0,1,0,0,0,0,999.0,0,0,7.158436173289435
TXNe89afbfe-8,CUST00567,2026-07-14 22:25:03,603.77,web,grocery,0,1,0,0,0,0,999.0,0,0,6.404848220460442
TXNa250b2fc-0,CUST00568,2026-06-16 16:19:09,2370.37,atm,jewellery,0,1,0,0,0,0,999.0,0,0,7.7712231261891205
TXNdc399fe1-b,CUST00568,2026-06-26 04:56:00,1273.78,web,travel,0,1,0,0,0,0,999.0,0,0,7.150528893684624
TXNfcc6713a-7,CUST00568,2026-07-02 12:16:37,7925.98,web,jewellery,0,1,0,0,0,0,999.0,0,0,8.978027409811393
TXN10e7ee6f-1,CUST00568,2026-07-04 11:10:19,1840.22,mobile,electronics,0,1,0,0,0,0,999.0,0,0,7.518183674365081
TXNbc1af663-a,CUST00568,2026-07-05 06:40:43,343.96,mobile,wire_transfer,0,1,0,0,0,0,999.0,0,0,5.843428468280577
TXNbb2c23cb-3,CUST00568,2026-07-05 07:58:28,910.43,web,electronics,0,1,0,0,0,0,999.0,0,0,6.815014794680413
TXNb5e5f62a-9,CUST00568,2026-07-05 12:01:53,4947.76,mobile,wire_transfer,0,1,0,0,0,0,999.0,0,0,8.5068923191306
TXNac5200b5-0,CUST00568,2026-07-07 07:06:01,1402.55,web,grocery,0,1,1,1,0,0,21.0,0,0,7.246760020390032
TXNfab8cd39-d,CUST00568,2026-07-10 08:51:59,461.19,mobile,grocery,0,1,0,0,0,0,999.0,0,0,6.135976061950666
TXN16b3c475-4,CUST00568,2026-07-12 00:40:14,3329.12,web,wire_transfer,0,1,0,0,0,0,999.0,0,0,8.110763618361243
TXNf20d3aea-a,CUST00568,2026-07-12 01:14:54,1892.13,mobile,utilities,0,2,0,0,0,0,999.0,0,0,7.545986822913703
TXNf4e1048a-f,CUST00568,2026-07-14 09:52:13,4863.72,web,jewellery,0,1,1,1,0,0,1.0,0,0,8.48976443900698
TXN46e95aec-0,CUST00569,2026-06-23 23:36:56,658.43,mobile,jewellery,1,1,0,0,0,0,999.0,0,0,6.491375825508092
TXN5bf2e8db-7,CUST00569,2026-07-02 03:54:58,3204.12,mobile,travel,0,1,0,0,0,0,999.0,0,0,8.072504810151514
TXNe604d38c-0,CUST00569,2026-07-03 21:39:08,1062.27,atm,travel,1,1,0,0,0,0,999.0,0,0,6.96910434420842
TXN216dfc70-2,CUST00569,2026-07-05 03:36:54,330.66,mobile,retail,1,1,0,0,0,0,999.0,0,0,5.804110347785953
TXNb2092e71-2,CUST00569,2026-07-11 02:11:37,1785.14,mobile,travel,0,1,0,0,0,0,999.0,0,0,7.487812145822315
TXN5f786318-3,CUST00569,2026-07-11 21:02:04,236348.57,mobile,wire_transfer,1,1,1,1,1,4,16.0,1,1,12.373067216883996
TXN26366874-b,CUST00569,2026-07-12 20:38:40,6642.11,mobile,utilities,0,1,0,0,0,0,999.0,0,0,8.801335506311828
TXNe2e6e895-5,CUST00570,2026-06-16 19:58:45,1263.87,mobile,grocery,0,1,0,0,0,0,999.0,0,0,7.142724629082332
TXNfbff1829-a,CUST00570,2026-06-22 22:42:51,306.34,mobile,retail,0,1,0,0,0,0,999.0,0,0,5.727954626627186
TXNef55c8e2-3,CUST00570,2026-06-23 23:18:49,1367.85,mobile,travel,0,1,0,0,0,0,999.0,0,0,7.221726250256836
TXN80dac46f-2,CUST00570,2026-06-24 20:34:00,632.33,mobile,electronics,0,1,0,0,0,0,999.0,0,0,6.450991613314677
TXN39681e1d-8,CUST00570,2026-06-26 07:01:00,816.6,mobile,electronics,0,1,0,0,0,0,999.0,0,0,6.70637321944944
TXN75a8457d-7,CUST00570,2026-06-29 02:56:09,511.1,mobile,grocery,0,1,0,0,0,0,999.0,0,0,6.238519918468505
TXNb71a72c1-5,CUST00570,2026-07-06 15:11:15,9334.67,mobile,travel,0,1,0,0,0,0,999.0,0,0,9.141597826297968
TXN95a5de44-e,CUST00570,2026-07-09 10:16:49,1377.35,branch,retail,0,1,0,0,0,0,999.0,0,0,7.228642410615004
TXN6557ecee-4,CUST00570,2026-07-11 19:01:54,7733.62,web,electronics,0,1,0,0,0,0,999.0,0,0,8.953461634457135
TXNfa709240-a,CUST00571,2026-06-18 17:06:24,3821.19,atm,travel,0,1,0,0,0,0,999.0,0,0,8.248578835757177
TXNaec13f6e-6,CUST00571,2026-06-19 14:00:34,2381.47,web,utilities,0,1,0,0,0,0,999.0,0,0,7.77589304363376
TXN4c6cfc1c-7,CUST00571,2026-06-29 11:59:15,505.87,mobile,utilities,0,1,0,0,0,0,999.0,0,0,6.228254560456043
TXNfd9c70c3-2,CUST00571,2026-07-01 22:49:12,1431.24,atm,jewellery,1,1,0,0,0,0,999.0,0,0,7.266994931243017
TXN950097ce-2,CUST00571,2026-07-02 15:43:19,46.41,web,grocery,0,1,0,0,0,0,999.0,0,0,3.8588331769140267
TXN0a76e404-9,CUST00571,2026-07-06 11:05:49,1684.4,mobile,retail,0,1,0,0,0,0,999.0,0,0,7.429758203338253
TXNaf0caa3c-1,CUST00571,2026-07-07 04:05:37,2936.29,mobile,jewellery,0,1,0,0,0,0,999.0,0,0,7.985242666535226
TXN46a1c19b-d,CUST00572,2026-06-19 17:08:39,1936.03,atm,electronics,0,1,1,1,0,0,17.0,0,0,7.5689111511548965
TXNf05ad4ec-3,CUST00572,2026-06-26 16:22:13,2160.93,mobile,grocery,0,1,0,0,0,0,999.0,0,0,7.678756620246686
TXN0777cad1-c,CUST00572,2026-06-29 23:52:00,874.44,web,utilities,0,1,0,0,0,0,999.0,0,0,6.774726617110187
TXN14c6e496-9,CUST00572,2026-07-02 20:12:31,250.46,branch,grocery,0,1,0,0,0,0,999.0,0,0,5.5272839311650355
TXN37d9f94a-8,CUST00572,2026-07-12 10:56:25,416.06,mobile,grocery,0,1,1,1,0,0,19.0,0,0,6.03323009634045
TXN645261f7-6,CUST00572,2026-07-14 10:55:16,228.74,atm,utilities,0,1,0,0,0,0,999.0,0,0,5.436948234717258
TXNf721e45e-d,CUST00572,2026-07-14 13:52:08,6937.12,mobile,jewellery,0,1,0,0,0,0,999.0,0,0,8.844786123430856
TXN0394fc90-7,CUST00573,2026-06-17 03:21:31,4668.67,mobile,retail,0,1,0,0,0,0,999.0,0,0,8.448843684354575
TXNf83f136d-d,CUST00573,2026-06-17 04:29:54,20513.75,web,electronics,0,1,0,0,0,0,999.0,0,0,9.928899418596819
TXN5caf5c6a-6,CUST00573,2026-06-18 15:36:27,9176.65,atm,retail,0,1,0,0,0,0,999.0,0,0,9.12452645955777
TXN64dd4384-b,CUST00573,2026-06-18 16:36:43,1896.04,mobile,electronics,1,1,0,0,0,0,999.0,0,0,7.548050055637854
TXNf43c67ba-7,CUST00573,2026-06-27 07:32:53,2075.48,web,wire_transfer,1,1,0,0,0,0,999.0,0,0,7.638429431432804
TXN0a6368f2-e,CUST00573,2026-07-02 20:22:47,5420.22,web,wire_transfer,0,1,0,0,0,0,999.0,0,0,8.598076161355154
TXN67e69ffe-5,CUST00573,2026-07-03 16:22:01,1365.5,web,electronics,0,1,1,1,0,0,14.0,0,0,7.220008005368123
TXNf805d526-5,CUST00573,2026-07-10 09:23:17,9536.11,mobile,grocery,0,1,0,0,0,0,999.0,0,0,9.16294578353777
TXNc881464b-c,CUST00573,2026-07-11 18:31:29,9789.68,mobile,jewellery,0,1,0,0,0,0,999.0,0,0,9.189186191743673
TXN94ca68d9-4,CUST00573,2026-07-12 06:00:52,111360.73,web,wire_transfer,1,1,1,1,1,3,6.0,1,1,11.620539010648725
TXN92010309-1,CUST00573,2026-07-16 10:50:48,577.34,mobile,utilities,0,1,0,0,0,0,999.0,0,0,6.3601619310239315
TXN58029d89-6,CUST00574,2026-06-19 17:42:13,1437.47,web,electronics,0,1,0,0,0,0,999.0,0,0,7.271335327716781
TXNc92c2f78-3,CUST00574,2026-06-24 16:06:05,869.9,branch,electronics,1,1,1,1,0,0,1.0,0,0,6.7695271596986935
TXN643a6898-6,CUST00574,2026-06-27 12:53:27,9819.17,mobile,wire_transfer,0,1,0,0,0,0,999.0,0,0,9.19219371280763
TXN62a5aa21-2,CUST00574,2026-07-02 00:49:37,1708.66,web,grocery,0,1,0,0,0,0,999.0,0,0,7.444049799317963
TXNb79fa51d-3,CUST00574,2026-07-04 02:25:46,487.41,web,retail,0,1,0,0,0,0,999.0,0,0,6.191155217047414
TXNf7f9efbc-4,CUST00574,2026-07-06 21:40:01,1312.75,mobile,wire_transfer,0,1,0,0,0,0,999.0,0,0,7.180640922191161
TXN4e6120f3-a,CUST00574,2026-07-08 19:44:53,837.04,web,grocery,0,1,0,0,0,0,999.0,0,0,6.731065832039811
TXN0942f1cd-a,CUST00574,2026-07-09 06:00:34,800.01,mobile,travel,0,1,0,0,0,0,999.0,0,0,6.685873431384937
TXNd5828d59-e,CUST00574,2026-07-11 11:12:22,3606.43,atm,travel,1,1,0,0,0,0,999.0,0,0,8.19075088644036
TXN3094f256-7,CUST00574,2026-07-11 20:09:12,3483.98,web,utilities,0,1,0,0,0,0,999.0,0,0,8.156217584297238
TXN9ac1b7f0-a,CUST00574,2026-07-11 20:58:02,1007.32,web,utilities,1,2,0,0,0,0,999.0,0,0,6.91604085856891
TXN0a0ef615-f,CUST00575,2026-06-20 16:43:24,7122.13,mobile,jewellery,0,1,0,0,0,0,999.0,0,0,8.871102514548861
TXNf2fb122f-7,CUST00575,2026-06-20 21:14:23,507.5,web,grocery,0,1,0,0,0,0,999.0,0,0,6.2314652154886145
TXN836392b7-d,CUST00575,2026-06-25 07:48:16,85621.78,mobile,wire_transfer,1,1,1,1,1,2,4.0,1,1,11.357706648221116
TXNf0dac80a-5,CUST00575,2026-06-30 02:09:59,5605.86,mobile,electronics,0,1,0,0,0,0,999.0,0,0,8.631746127022934
TXN52105009-b,CUST00575,2026-06-30 16:49:43,655.97,branch,utilities,1,1,0,0,0,0,999.0,0,0,6.487638355341608
TXNeb6d3598-2,CUST00575,2026-07-04 00:07:22,951.54,web,electronics,0,1,0,0,0,0,999.0,0,0,6.859132100869758
TXN19f620a2-2,CUST00575,2026-07-08 00:39:34,25853.24,mobile,retail,0,1,0,0,0,0,999.0,0,0,10.16022988969707
TXNe32a2082-3,CUST00576,2026-06-18 05:50:24,3167.85,web,jewellery,0,1,0,0,0,0,999.0,0,0,8.061124025026949
TXNafef2e1c-f,CUST00576,2026-06-23 14:53:46,11749.5,atm,jewellery,0,1,0,0,0,0,999.0,0,0,9.371651071858434
TXN8f48de0a-3,CUST00576,2026-06-27 13:38:17,133175.23,web,wire_transfer,1,1,1,1,1,4,3.0,1,1,11.79942856771026
TXNe84dfaa4-4,CUST00576,2026-06-27 22:27:17,2555.29,mobile,wire_transfer,0,1,0,0,0,0,999.0,0,0,7.846312267590445
TXN9f6e292a-b,CUST00576,2026-07-02 23:59:44,4579.47,web,electronics,0,1,0,0,0,0,999.0,0,0,8.429556891930487
TXNf66037cf-f,CUST00576,2026-07-07 07:08:15,4033.38,mobile,travel,0,1,0,0,0,0,999.0,0,0,8.30260791338358
TXNa873abc8-1,CUST00576,2026-07-09 11:58:01,617.47,mobile,grocery,0,1,0,0,0,0,999.0,0,0,6.427248686209923
TXN75ffb57f-f,CUST00576,2026-07-12 19:39:13,7024.55,web,electronics,1,1,0,0,0,0,999.0,0,0,8.857308782952249
TXN61592130-a,CUST00576,2026-07-14 14:54:00,1241.89,mobile,utilities,0,1,0,0,0,0,999.0,0,0,7.125194592019525
TXNa3b44efe-2,CUST00576,2026-07-15 07:44:01,719.47,atm,electronics,0,1,0,0,0,0,999.0,0,0,6.579903776821141
TXN3eda9150-3,CUST00577,2026-07-08 02:39:38,1157.31,mobile,travel,0,1,0,0,0,0,999.0,0,0,7.054717325243
TXNb4d70339-1,CUST00577,2026-07-08 11:07:21,568.98,web,electronics,0,1,0,0,0,0,999.0,0,0,6.345601272493709
TXNb084aab8-c,CUST00577,2026-07-12 22:33:31,6553.45,web,wire_transfer,1,1,0,0,0,0,999.0,0,0,8.78789948726183
TXNe3931b79-2,CUST00577,2026-07-13 07:20:49,1164.13,mobile,electronics,0,1,0,0,0,0,999.0,0,0,7.060587947757158
TXN5d5b0bd9-0,CUST00577,2026-07-14 16:49:35,14471.33,mobile,travel,1,1,0,0,0,0,999.0,0,0,9.579993829468554
TXNf3098246-3,CUST00577,2026-07-15 07:18:03,750.89,web,jewellery,0,1,0,0,0,0,999.0,0,0,6.62259003665463
TXN7fd7559e-4,CUST00578,2026-06-17 14:37:37,466.36,atm,retail,0,1,0,0,0,0,999.0,0,0,6.147099838639431
TXN072a5087-6,CUST00578,2026-06-19 07:39:57,436.58,web,travel,0,1,0,0,0,0,999.0,0,0,6.081259546224197
TXNb87618a0-e,CUST00578,2026-06-21 18:43:52,2041.15,mobile,wire_transfer,0,1,0,0,0,0,999.0,0,0,7.621758453421459
TXNab204463-d,CUST00578,2026-07-03 14:58:28,877.17,web,travel,0,1,0,0,0,0,999.0,0,0,6.777840196760703
TXN66c09e7b-7,CUST00578,2026-07-05 20:23:43,645.36,mobile,utilities,0,1,0,0,0,0,999.0,0,0,6.471356624104047
TXNc742bbaf-7,CUST00578,2026-07-06 03:50:38,4466.09,atm,utilities,0,1,0,0,0,0,999.0,0,0,8.404492468899324
TXNb098a176-e,CUST00578,2026-07-13 05:22:19,652.85,web,electronics,0,1,0,0,0,0,999.0,0,0,6.482877967352511
TXN445f1ad1-b,CUST00578,2026-07-16 00:58:56,3761.7,web,wire_transfer,0,1,0,0,0,0,999.0,0,0,8.232892063790572
TXN62fc194b-6,CUST00579,2026-06-17 18:56:10,8299.76,web,electronics,1,1,0,0,0,0,999.0,0,0,9.024102355857815
TXNea8b34b9-e,CUST00579,2026-06-20 18:46:43,1785.1,web,jewellery,0,1,0,0,0,0,999.0,0,0,7.487789750910438
TXNfdba93eb-7,CUST00579,2026-06-21 06:31:04,10389.17,web,utilities,0,1,0,0,0,0,999.0,0,0,9.248615445845848
TXN3309cd89-f,CUST00579,2026-06-24 00:13:21,440.27,branch,wire_transfer,0,1,0,0,0,0,999.0,0,0,6.089656932999361
TXN05aa0cd3-5,CUST00579,2026-06-27 17:05:49,1373.68,mobile,wire_transfer,0,1,0,0,0,0,999.0,0,0,7.225976255742751
TXNc6e4472d-9,CUST00579,2026-07-06 00:07:09,914.56,mobile,jewellery,0,1,0,0,0,0,999.0,0,0,6.819535899924448
TXN0207006d-e,CUST00579,2026-07-07 16:44:40,3233.74,web,grocery,0,1,0,0,0,0,999.0,0,0,8.08170383276227
TXN6fc41bf6-3,CUST00579,2026-07-11 21:19:58,972.72,web,jewellery,0,1,0,0,0,0,999.0,0,0,6.8811237879812195
TXNe7ebff3f-3,CUST00579,2026-07-14 22:53:54,1430.87,mobile,electronics,0,1,0,0,0,0,999.0,0,0,7.26673656127674
TXN2d555314-1,CUST00579,2026-07-15 02:47:37,1317.55,web,electronics,0,1,0,0,0,0,999.0,0,0,7.184287926955251
TXNce908ee8-f,CUST00579,2026-07-15 10:22:45,81.44,mobile,retail,1,1,0,0,0,0,999.0,0,0,4.412070756022258
TXNb8c4535c-4,CUST00579,2026-07-15 18:06:41,4729.92,mobile,jewellery,0,1,0,0,0,0,999.0,0,0,8.461874965743936
TXNdebfe7d3-7,CUST00580,2026-06-18 02:08:18,3299.35,mobile,wire_transfer,1,1,0,0,0,0,999.0,0,0,8.101783802436604
TXNec32006d-d,CUST00580,2026-06-18 13:45:30,2780.03,web,jewellery,0,1,0,0,0,0,999.0,0,0,7.930576641662296
TXNd6b9bf52-e,CUST00580,2026-06-18 17:51:01,507.7,mobile,travel,1,1,0,0,0,0,999.0,0,0,6.231858451828719
TXN619c03d1-9,CUST00580,2026-06-24 19:00:22,3737.4,atm,wire_transfer,0,1,0,0,0,0,999.0,0,0,8.226412991386216
TXN662b7ae4-c,CUST00580,2026-06-25 18:32:29,7202.39,mobile,wire_transfer,0,1,1,1,0,0,15.0,0,0,8.882307027530246
TXN7259e6c4-d,CUST00580,2026-06-27 02:00:43,5880.54,mobile,travel,0,1,0,0,0,0,999.0,0,0,8.679573911363512
TXN96a805bb-b,CUST00580,2026-06-27 07:23:55,1559.36,web,wire_transfer,0,1,0,0,0,0,999.0,0,0,7.352671842851229
TXN2e7cdb3f-4,CUST00580,2026-06-29 06:53:31,3517.93,mobile,travel,0,1,0,0,0,0,999.0,0,0,8.16591224510896
TXNaaee3f08-f,CUST00580,2026-07-01 11:30:31,1972.79,atm,retail,0,1,0,0,0,0,999.0,0,0,7.587710831355633
TXN3d56400b-2,CUST00580,2026-07-09 17:25:27,8761.9,web,wire_transfer,0,1,0,0,0,0,999.0,0,0,9.078282179373712
TXNc959dbb9-5,CUST00580,2026-07-10 03:12:28,3838.61,mobile,wire_transfer,1,1,0,0,0,0,999.0,0,0,8.253126077923953
TXNf09d07f1-e,CUST00580,2026-07-10 07:51:29,1855.75,mobile,grocery,0,1,1,1,0,0,13.0,0,0,7.5265829265494055
TXNd094805e-1,CUST00580,2026-07-11 16:10:16,553.66,web,jewellery,0,1,0,0,0,0,999.0,0,0,6.318355313410043
TXNd04a8ff9-e,CUST00580,2026-07-12 14:06:37,567.67,mobile,retail,0,1,0,0,0,0,999.0,0,0,6.343300301031048
TXN8b61d80d-a,CUST00581,2026-06-21 11:18:28,772.01,web,utilities,0,1,0,0,0,0,999.0,0,0,6.650291985114353
TXNbada092a-5,CUST00581,2026-06-26 14:42:06,4647.97,atm,travel,0,1,0,0,0,0,999.0,0,0,8.444400968669118
TXNa54720e0-8,CUST00581,2026-06-27 18:11:09,16054.58,atm,electronics,0,1,0,0,0,0,999.0,0,0,9.683811731688595
TXNa864a116-3,CUST00581,2026-07-01 04:29:59,13048.5,atm,wire_transfer,0,1,0,0,0,0,999.0,0,0,9.476505097840587
TXNcaea5bfb-3,CUST00581,2026-07-02 03:58:39,2312.21,atm,utilities,0,1,0,0,0,0,999.0,0,0,7.746391449290455
TXN1ab01dc1-3,CUST00581,2026-07-07 04:44:08,2931.98,web,travel,0,1,0,0,0,0,999.0,0,0,7.983774249997502
TXN7ee50afd-1,CUST00581,2026-07-07 05:48:32,138.44,branch,jewellery,1,1,0,0,0,0,999.0,0,0,4.937634401211765
TXN5b345ede-d,CUST00581,2026-07-07 11:19:26,737.42,mobile,utilities,0,1,0,0,0,0,999.0,0,0,6.604512768412301
TXN36a7581e-4,CUST00581,2026-07-07 18:12:10,167.84,atm,electronics,0,1,0,0,0,0,999.0,0,0,5.128951520914298
TXN6a5b54e4-f,CUST00581,2026-07-08 01:15:43,842.23,mobile,wire_transfer,0,1,2,1,0,0,0.9666666666666667,0,0,6.737239755901817
TXNe756b705-a,CUST00581,2026-07-09 11:07:06,2172.15,web,travel,1,1,1,1,0,0,23.0,0,0,7.683933006866215
TXNee926321-2,CUST00581,2026-07-09 18:58:03,1162.94,mobile,electronics,0,1,0,0,0,0,999.0,0,0,7.05956608057107
TXNea88d27d-1,CUST00581,2026-07-10 16:28:03,4737.3,mobile,wire_transfer,0,1,0,0,0,0,999.0,0,0,8.463433700569876
TXNc6d93097-4,CUST00581,2026-07-12 09:56:22,2917.21,web,wire_transfer,1,1,0,0,0,0,999.0,0,0,7.978725693593978
TXN73eb0a4e-0,CUST00581,2026-07-12 14:29:49,1057.54,mobile,utilities,0,1,0,0,0,0,999.0,0,0,6.964645879185437
TXN517e71e0-4,CUST00581,2026-07-15 16:42:18,697.42,atm,wire_transfer,0,1,0,0,0,0,999.0,0,0,6.548820640999671
TXNe3a14f5d-6,CUST00582,2026-06-23 03:16:22,2516.75,web,retail,0,1,0,0,0,0,999.0,0,0,7.831120924528254
TXNae269692-d,CUST00582,2026-06-24 10:41:52,1571.23,branch,utilities,0,1,0,0,0,0,999.0,0,0,7.360250272719394
TXNdea43dfd-2,CUST00582,2026-06-28 20:16:07,1832.77,web,grocery,0,1,0,0,0,0,999.0,0,0,7.514129236009849
TXN7f808dbc-a,CUST00582,2026-07-01 01:37:31,1476.35,mobile,jewellery,0,1,0,0,0,0,999.0,0,0,7.298005221283821
TXN75ed76cf-c,CUST00582,2026-07-04 09:05:15,13187.08,branch,wire_transfer,0,1,0,0,0,0,999.0,0,0,9.487068670293938
TXN31a9b14c-7,CUST00582,2026-07-04 14:23:59,6813.73,mobile,travel,0,1,0,0,0,0,999.0,0,0,8.826841724857172
TXNd0ce2457-5,CUST00582,2026-07-07 19:41:03,7498.12,mobile,grocery,0,1,0,0,0,0,999.0,0,0,8.922540959306975
TXNbd37414a-4,CUST00582,2026-07-13 15:56:05,1523.41,web,utilities,0,1,0,0,0,0,999.0,0,0,7.329362728936205
TXNefa107ee-e,CUST00583,2026-06-17 18:05:40,4211.69,web,utilities,0,1,0,0,0,0,999.0,0,0,8.345856677501036
TXN270a4855-d,CUST00583,2026-06-19 08:14:35,1152.98,web,travel,0,1,0,0,0,0,999.0,0,0,7.0509721158953305
TXNae957e1c-6,CUST00583,2026-06-19 14:08:53,1058.71,mobile,travel,1,1,0,0,0,0,999.0,0,0,6.965750564769275
TXN47561669-1,CUST00583,2026-06-21 01:34:06,843.25,mobile,grocery,1,1,0,0,0,0,999.0,0,0,6.738448659265677
TXN31ea2821-3,CUST00583,2026-06-24 08:13:59,857.62,atm,retail,0,1,0,0,0,0,999.0,0,0,6.755326449253151
TXN89797b17-e,CUST00583,2026-06-26 08:58:23,336.17,web,jewellery,0,1,0,0,0,0,999.0,0,0,5.820587254198285
TXNbdf1de53-e,CUST00583,2026-06-28 20:38:23,251.58,mobile,wire_transfer,0,1,0,0,0,0,999.0,0,0,5.531728030218024
TXNd3d17709-a,CUST00583,2026-06-30 10:00:19,3555.6,atm,retail,0,1,0,0,0,0,999.0,0,0,8.17656031130956
TXNa119ca40-c,CUST00583,2026-07-01 01:21:09,313.22,atm,wire_transfer,0,1,0,0,0,0,999.0,0,0,5.750093377519452
TXN6932317a-8,CUST00583,2026-07-01 01:23:54,1116.75,mobile,electronics,0,2,0,0,0,0,999.0,0,0,7.01907301511409
TXNad3c919f-d,CUST00583,2026-07-05 09:17:20,557.78,mobile,electronics,0,1,0,0,0,0,999.0,0,0,6.325755835761622
TXN21ce7ad0-7,CUST00583,2026-07-10 03:27:41,2689.51,mobile,grocery,1,1,1,1,0,0,11.0,0,0,7.897486045703834
TXNe7a9f866-3,CUST00583,2026-07-14 06:46:48,3024.13,mobile,travel,0,1,0,0,0,0,999.0,0,0,8.014709344748146
TXNbabfbd99-2,CUST00584,2026-06-17 22:27:06,646.87,web,wire_transfer,0,1,0,0,0,0,999.0,0,0,6.473690058941985
TXNcab0d331-b,CUST00584,2026-06-18 01:21:58,4637.19,mobile,jewellery,0,1,0,0,0,0,999.0,0,0,8.442079482909987
TXN60ca13d1-3,CUST00584,2026-06-21 01:16:12,1346.33,web,electronics,0,1,0,0,0,0,999.0,0,0,7.205880135269635
TXN84e69ef9-a,CUST00584,2026-06-22 14:04:20,1249.07,web,travel,0,1,0,0,0,0,999.0,0,0,7.130954828728405
TXN37b5ba07-e,CUST00584,2026-06-22 23:42:04,12065.09,web,utilities,0,1,0,0,0,0,999.0,0,0,9.398154317948523
TXN7bdd42e3-2,CUST00584,2026-06-23 20:34:59,2575.16,mobile,jewellery,0,1,0,0,0,0,999.0,0,0,7.854055197096629
TXN2fb1eb40-4,CUST00584,2026-06-25 14:03:45,2795.32,mobile,utilities,0,1,0,0,0,0,999.0,0,0,7.936059546018051
TXN7e8f7fe9-1,CUST00584,2026-06-26 15:13:09,1829.41,web,electronics,0,1,0,0,0,0,999.0,0,0,7.5122952644572685
TXN094f5166-0,CUST00584,2026-06-28 05:12:34,3169.53,branch,jewellery,0,1,0,0,0,0,999.0,0,0,8.061654045325252
TXN3a099c80-4,CUST00584,2026-07-01 17:11:34,4036.43,web,utilities,0,1,0,0,0,0,999.0,0,0,8.303363629919316
TXNb58d4c97-5,CUST00584,2026-07-02 09:26:46,6913.17,mobile,travel,0,1,0,0,0,0,999.0,0,0,8.841328207972179
TXN6ce87f51-1,CUST00584,2026-07-06 16:04:42,391.82,mobile,retail,1,1,0,0,0,0,999.0,0,0,5.973351491681055
TXN08fb27dc-e,CUST00584,2026-07-06 22:28:21,2878.06,web,grocery,0,1,0,0,0,0,999.0,0,0,7.965219130964656
TXNd8c024a9-a,CUST00584,2026-07-08 11:06:26,15939.92,web,grocery,0,1,0,0,0,0,999.0,0,0,9.676644667115314
TXNce5e137f-8,CUST00584,2026-07-15 01:30:57,4017.09,web,retail,0,1,0,0,0,0,999.0,0,0,8.298561944327606
TXN935b67b4-2,CUST00585,2026-06-19 13:00:44,1433.74,web,jewellery,0,1,0,0,0,0,999.0,0,0,7.2687389271088065
TXNdc1c4e12-e,CUST00585,2026-06-19 17:27:35,1120.78,web,jewellery,0,1,0,0,0,0,999.0,0,0,7.0226719884253805
TXN06dba492-b,CUST00585,2026-06-24 11:18:43,764.66,mobile,jewellery,0,1,0,0,0,0,999.0,0,0,6.64073820697394
TXN9d88e7a4-f,CUST00585,2026-06-28 10:59:55,1120.25,web,utilities,0,1,0,0,0,0,999.0,0,0,7.022199413373006
TXN7c115895-d,CUST00585,2026-07-04 00:00:31,1207.54,mobile,travel,0,1,0,0,0,0,999.0,0,0,7.097168298478694
TXN20b8d865-5,CUST00585,2026-07-04 19:06:48,1270.2,atm,retail,0,1,0,0,0,0,999.0,0,0,7.147716615222507
TXNe8d7ea29-3,CUST00585,2026-07-05 00:21:14,273.82,atm,wire_transfer,0,1,0,0,0,0,999.0,0,0,5.6161163379036285
TXN640933ec-c,CUST00585,2026-07-06 02:14:03,1780.84,mobile,travel,1,1,0,0,0,0,999.0,0,0,7.485401817243229
TXN26994648-2,CUST00585,2026-07-14 18:50:02,2515.35,web,wire_transfer,0,1,0,0,0,0,999.0,0,0,7.830564717843408
TXN8d1d37a3-0,CUST00586,2026-06-20 13:30:29,1009.53,mobile,electronics,0,1,0,0,0,0,999.0,0,0,6.91823022467612
TXN82ee6e08-0,CUST00586,2026-06-26 02:39:19,846.09,mobile,retail,1,1,0,0,0,0,999.0,0,0,6.741806946386124
TXNb0f1d209-7,CUST00586,2026-06-26 14:40:15,2667.06,atm,jewellery,0,1,0,0,0,0,999.0,0,0,7.889106895538268
TXN599a20f1-8,CUST00586,2026-06-28 05:01:07,530.09,branch,retail,0,1,0,0,0,0,999.0,0,0,6.274931498405297
TXNc81e4c13-e,CUST00586,2026-06-30 12:10:59,3496.82,branch,travel,0,1,0,0,0,0,999.0,0,0,8.159895196278555
TXN9daeceaa-b,CUST00586,2026-06-30 23:55:47,2170.3,web,retail,0,1,0,0,0,0,999.0,0,0,7.683081345499726
TXN498e6ba4-0,CUST00586,2026-07-02 17:44:49,4807.03,mobile,wire_transfer,0,1,0,0,0,0,999.0,0,0,8.478042715796242
TXN65a815a3-7,CUST00586,2026-07-04 00:49:30,7564.66,mobile,wire_transfer,0,1,0,0,0,0,999.0,0,0,8.931374866303248
TXN5aa249bf-c,CUST00586,2026-07-05 21:15:12,7323.67,web,utilities,0,1,0,0,0,0,999.0,0,0,8.899003381675893
TXNd08ef8b5-c,CUST00586,2026-07-07 19:05:22,3797.91,mobile,travel,0,1,0,0,0,0,999.0,0,0,8.242469462462148
TXN6c589836-3,CUST00586,2026-07-12 12:25:10,1533.08,mobile,retail,0,1,0,0,0,0,999.0,0,0,7.335686131805965
TXN9a77c01f-8,CUST00586,2026-07-13 01:58:08,229824.54,mobile,wire_transfer,1,1,1,1,1,4,20.0,1,1,12.345075778343032
TXNd46b78f3-2,CUST00587,2026-06-16 21:24:38,222900.78,mobile,wire_transfer,1,1,1,1,1,3,6.0,1,1,12.314486504985862
TXN1feb1cf5-7,CUST00587,2026-06-21 02:24:06,162280.64,web,wire_transfer,1,1,1,1,1,2,19.0,1,1,11.997088623258966
TXN09e002f0-6,CUST00587,2026-06-28 08:07:03,1559.98,mobile,wire_transfer,0,1,0,0,0,0,999.0,0,0,7.353069108133546
TXNc3b5b2bd-1,CUST00587,2026-07-01 21:06:59,4000.25,mobile,utilities,0,1,0,0,0,0,999.0,0,0,8.294362091284073
TXN7f720ffc-9,CUST00587,2026-07-15 01:29:21,250.68,web,grocery,0,1,0,0,0,0,999.0,0,0,5.528158439309967
TXN7e34edc3-d,CUST00588,2026-06-17 05:13:20,7696.86,web,grocery,1,1,0,0,0,0,999.0,0,0,8.948697647136354
TXN8f6a9f1b-a,CUST00588,2026-06-19 15:38:26,1071.3,mobile,electronics,0,1,0,0,0,0,999.0,0,0,6.9775611532261
TXNe498446d-3,CUST00588,2026-06-26 12:09:33,5167.3,web,travel,1,1,0,0,0,0,999.0,0,0,8.550299093313232
TXN5aae363d-1,CUST00588,2026-07-04 15:42:48,12405.87,web,retail,1,1,0,0,0,0,999.0,0,0,9.426005630431986
TXNb4c21dd6-2,CUST00588,2026-07-06 12:39:31,663.78,mobile,retail,0,1,0,0,0,0,999.0,0,0,6.499456158852838
TXNd2d93182-f,CUST00588,2026-07-12 12:23:04,465.35,web,utilities,1,1,0,0,0,0,999.0,0,0,6.144936425172872
TXN3347216c-7,CUST00589,2026-06-16 14:40:45,1228.4,mobile,electronics,0,1,0,0,0,0,999.0,0,0,7.114281524472909
TXN244226d7-2,CUST00589,2026-06-25 23:28:06,1781.8,mobile,grocery,0,1,0,0,0,0,999.0,0,0,7.485940441072401
TXNfb6e5531-3,CUST00589,2026-06-26 00:33:41,1255.23,mobile,retail,1,1,0,0,0,0,999.0,0,0,7.135870451282645
TXN433d65c2-c,CUST00589,2026-06-26 02:35:47,4474.1,mobile,jewellery,0,1,0,0,0,0,999.0,0,0,8.406283976827995
TXNb64a46f5-e,CUST00589,2026-07-02 18:35:01,7414.05,branch,wire_transfer,0,1,1,1,0,0,1.0,0,0,8.911266997637632
TXNfacc2e35-3,CUST00589,2026-07-04 13:44:47,1773.58,branch,utilities,0,1,1,1,0,0,14.0,0,0,7.481319054192344
TXN421e0683-d,CUST00589,2026-07-08 13:06:47,161.93,atm,electronics,0,1,0,0,0,0,999.0,0,0,5.093320660714864
TXNa1592b44-d,CUST00589,2026-07-08 15:24:13,631.0,mobile,grocery,0,1,0,0,0,0,999.0,0,0,6.448889394146858
TXNc3155e4b-b,CUST00589,2026-07-11 23:05:35,2235.24,mobile,travel,0,1,0,0,0,0,999.0,0,0,7.712551163040991
TXN1b2b5f8b-a,CUST00590,2026-06-17 09:58:53,1381.37,web,jewellery,0,1,0,0,0,0,999.0,0,0,7.231554696425424
TXNbd95c7f5-d,CUST00590,2026-06-21 12:06:59,793.76,mobile,travel,0,1,0,0,0,0,999.0,0,0,6.678040182284889
TXN8f6a201a-5,CUST00590,2026-06-23 22:43:36,2046.78,mobile,electronics,0,1,0,0,0,0,999.0,0,0,7.624511558514255
TXNd5471932-3,CUST00590,2026-06-26 14:01:41,14112.78,mobile,travel,0,1,0,0,0,0,999.0,0,0,9.554906904079223
TXN0ea20820-6,CUST00590,2026-06-29 23:44:53,1979.15,mobile,travel,0,1,0,0,0,0,999.0,0,0,7.590927878394878
TXN40f62c58-4,CUST00590,2026-06-30 11:54:05,1328.81,web,retail,0,1,0,0,0,0,999.0,0,0,7.1927913538678885
TXN3ea0dd43-c,CUST00590,2026-07-04 03:38:41,3907.08,mobile,electronics,0,1,0,0,0,0,999.0,0,0,8.270801483782217
TXN56689e24-f,CUST00590,2026-07-04 13:55:19,4144.32,mobile,wire_transfer,1,1,0,0,0,0,999.0,0,0,8.329735266037044
TXNa19f304a-a,CUST00590,2026-07-06 00:07:31,1727.78,mobile,utilities,0,1,1,1,0,0,8.0,0,0,7.455171236407572
TXNbbf7f858-2,CUST00590,2026-07-11 17:02:10,11927.84,mobile,utilities,0,1,0,0,0,0,999.0,0,0,9.386714276500236
TXNb8d8e96c-c,CUST00590,2026-07-14 10:56:39,1800.28,mobile,utilities,0,1,0,0,0,0,999.0,0,0,7.496252802275662
TXNe37001f6-d,CUST00590,2026-07-15 00:01:41,1255.45,mobile,wire_transfer,0,1,0,0,0,0,999.0,0,0,7.136045563115877
TXNd0d0d99d-b,CUST00590,2026-07-15 02:01:44,443.95,web,retail,1,1,0,0,0,0,999.0,0,0,6.0979619163028715
TXN0c9f82ad-a,CUST00590,2026-07-16 07:18:09,1519.06,web,jewellery,1,1,0,0,0,0,999.0,0,0,7.326505086745467
TXN1d5f9ff2-a,CUST00591,2026-06-22 04:00:58,210022.83,mobile,wire_transfer,1,1,1,1,1,2,17.0,1,1,12.254976279452146
TXN4e0d4d6f-f,CUST00591,2026-06-29 07:14:35,3100.18,web,electronics,0,1,0,0,0,0,999.0,0,0,8.039537963207538
TXN46997fc2-7,CUST00591,2026-06-30 06:04:40,3753.82,mobile,utilities,0,1,0,0,0,0,999.0,0,0,8.230795626964044
TXN019db91e-3,CUST00591,2026-07-10 19:14:17,3537.8,mobile,jewellery,0,1,0,0,0,0,999.0,0,0,8.17154296560923
TXN6595fa90-4,CUST00591,2026-07-15 12:22:35,1626.44,mobile,jewellery,0,1,0,0,0,0,999.0,0,0,7.394763507043696
TXN3aa74acf-5,CUST00591,2026-07-16 02:00:58,10990.95,mobile,jewellery,1,1,0,0,0,0,999.0,0,0,9.304918465689049
TXNa82762b4-7,CUST00592,2026-06-25 02:52:35,194504.67,mobile,wire_transfer,1,1,1,1,1,4,8.0,1,1,12.178216593286688
TXNa93dbf91-6,CUST00592,2026-06-28 06:32:11,195221.97,mobile,wire_transfer,1,1,1,1,1,4,4.0,1,1,12.181897620218393
TXN8fca9026-a,CUST00592,2026-06-29 11:48:10,1809.16,mobile,retail,0,1,0,0,0,0,999.0,0,0,7.501170518143073
TXN505739f3-1,CUST00592,2026-07-02 15:24:31,293.14,web,retail,0,1,0,0,0,0,999.0,0,0,5.684055844472168
TXN922731e9-3,CUST00592,2026-07-03 19:00:58,374.31,mobile,jewellery,1,1,0,0,0,0,999.0,0,0,5.92775235113638
TXN496d4895-c,CUST00592,2026-07-04 00:02:23,1272.95,mobile,electronics,0,1,0,0,0,0,999.0,0,0,7.149877588894128
TXN79e49119-c,CUST00592,2026-07-05 10:29:02,1827.67,branch,travel,0,1,0,0,0,0,999.0,0,0,7.511344205649506
TXNc6573806-3,CUST00592,2026-07-08 12:44:06,3259.09,web,electronics,0,1,0,0,0,0,999.0,0,0,8.08951008134164
TXN405d861c-5,CUST00592,2026-07-11 07:14:17,6359.05,mobile,electronics,0,1,0,0,0,0,999.0,0,0,8.757791517938486
TXNe37355f3-0,CUST00592,2026-07-14 19:38:38,536.39,branch,utilities,0,1,0,0,0,0,999.0,0,0,6.28672408789512
TXN2c9d9b63-c,CUST00593,2026-06-21 14:35:51,5653.47,mobile,jewellery,0,1,0,0,0,0,999.0,0,0,8.64020166178842
TXN113a19a0-a,CUST00593,2026-06-27 03:21:28,2283.65,mobile,jewellery,0,1,0,0,0,0,999.0,0,0,7.7339681187296225
TXN13d69792-1,CUST00593,2026-06-29 15:29:56,188253.2,web,wire_transfer,1,1,1,1,1,4,8.0,1,1,12.14554845617023
TXNac58d464-e,CUST00593,2026-07-01 22:14:29,664.73,web,travel,0,1,0,0,0,0,999.0,0,0,6.500884182935995
TXNfa33dec0-6,CUST00593,2026-07-04 12:05:41,2355.81,mobile,electronics,0,1,0,0,0,0,999.0,0,0,7.765064288740776
TXN7f2487bc-8,CUST00594,2026-06-21 12:18:14,7046.47,mobile,retail,0,1,0,0,0,0,999.0,0,0,8.860423966150545
TXNaba78b51-e,CUST00594,2026-06-22 16:17:38,5123.27,web,jewellery,0,1,0,0,0,0,999.0,0,0,8.541743354836818
TXNcfab07f4-0,CUST00594,2026-06-26 00:57:26,450.64,web,grocery,0,1,0,0,0,0,999.0,0,0,6.112885402312322
TXN603fea1d-b,CUST00594,2026-07-02 23:03:40,794.78,web,utilities,0,1,0,0,0,0,999.0,0,0,6.679322765734317
TXN97477da7-3,CUST00594,2026-07-05 08:21:09,712.67,web,grocery,0,1,0,0,0,0,999.0,0,0,6.570420670625285
TXN0f6924f3-2,CUST00594,2026-07-08 17:13:12,1086.91,atm,wire_transfer,0,1,0,0,0,0,999.0,0,0,6.9920137034061165
TXN4588d5c7-6,CUST00594,2026-07-14 16:24:06,1940.55,web,wire_transfer,0,1,0,0,0,0,999.0,0,0,7.571241902123655
TXN2650d902-1,CUST00595,2026-06-27 23:23:03,8881.96,web,jewellery,0,1,0,0,0,0,999.0,0,0,9.091890113776335
TXN2b31b5e7-4,CUST00595,2026-07-02 05:27:57,1060.35,mobile,wire_transfer,0,1,1,1,0,0,9.0,0,0,6.967296961690453
TXN22cdf6a0-1,CUST00595,2026-07-12 15:16:52,751.87,mobile,grocery,0,1,0,0,0,0,999.0,0,0,6.623892570133132
TXN33a83451-f,CUST00595,2026-07-13 00:34:39,1122.95,web,retail,0,1,0,0,0,0,999.0,0,0,7.02460454547843
TXNaaaa7602-2,CUST00595,2026-07-13 03:04:56,2868.43,mobile,wire_transfer,0,1,0,0,0,0,999.0,0,0,7.961868682757053
TXNddebaa54-9,CUST00595,2026-07-14 13:07:43,948.17,mobile,jewellery,1,1,0,0,0,0,999.0,0,0,6.855587918499563
TXN6d2616e2-2,CUST00596,2026-06-16 16:44:17,464.52,branch,travel,0,1,0,0,0,0,999.0,0,0,6.143155060348414
TXN094d4b8a-6,CUST00596,2026-06-17 14:56:18,4206.71,web,utilities,0,1,0,0,0,0,999.0,0,0,8.344673835692895
TXN9ecc4181-f,CUST00596,2026-06-20 13:03:15,632.24,mobile,jewellery,0,1,0,0,0,0,999.0,0,0,6.450849497205577
TXN910813b5-8,CUST00596,2026-06-26 01:12:43,2529.28,web,retail,1,1,0,0,0,0,999.0,0,0,7.836085247534638
TXNb7696e0e-c,CUST00596,2026-07-03 17:00:16,366.11,atm,wire_transfer,0,1,0,0,0,0,999.0,0,0,5.905661530665687
TXN797d3028-8,CUST00596,2026-07-04 22:11:44,2015.4,mobile,wire_transfer,0,1,0,0,0,0,999.0,0,0,7.609069022208476
TXN3b38102b-7,CUST00596,2026-07-07 01:32:38,487.22,atm,grocery,0,1,0,0,0,0,999.0,0,0,6.190766123936621
TXNfc2edb04-9,CUST00597,2026-06-17 10:15:06,11728.96,web,utilities,0,1,0,0,0,0,999.0,0,0,9.36990153158203
TXNc3bf7d44-a,CUST00597,2026-06-22 10:42:23,1275.33,branch,electronics,0,1,0,0,0,0,999.0,0,0,7.1517440511578245
TXNa6145f1b-7,CUST00597,2026-06-23 11:56:48,294.45,web,jewellery,0,1,0,0,0,0,999.0,0,0,5.688499617791684
TXN7016e105-2,CUST00597,2026-06-29 20:30:46,84003.38,web,retail,0,1,0,0,0,0,999.0,0,0,11.338624219323203
TXN3cbb32de-5,CUST00597,2026-07-05 08:45:08,704.17,atm,travel,0,1,0,0,0,0,999.0,0,0,6.55843890849573
TXN87c97761-f,CUST00597,2026-07-05 18:22:33,298.23,mobile,wire_transfer,0,1,0,0,0,0,999.0,0,0,5.701212508453564
TXN56d07ef3-f,CUST00597,2026-07-15 05:54:30,1182.02,web,jewellery,0,1,1,1,0,0,2.0,0,0,7.075825770006231
TXN61d9e819-c,CUST00598,2026-06-20 09:07:04,5018.46,branch,retail,0,1,0,0,0,0,999.0,0,0,8.521077637178623
TXN9258b0c0-a,CUST00598,2026-06-21 18:51:35,5676.16,web,wire_transfer,0,1,0,0,0,0,999.0,0,0,8.644206386673515
TXN9a452aca-1,CUST00598,2026-07-05 16:41:16,1582.18,atm,travel,0,1,0,0,0,0,999.0,0,0,7.367190761565815
TXN353fce99-e,CUST00598,2026-07-06 04:23:40,1108.2,mobile,jewellery,0,1,0,0,0,0,999.0,0,0,7.011394313741623
TXN07e79181-3,CUST00598,2026-07-06 13:53:32,629.02,web,electronics,0,1,0,0,0,0,999.0,0,0,6.445751564913429
TXNb166681c-b,CUST00598,2026-07-15 01:48:18,2789.28,web,travel,1,1,0,0,0,0,999.0,0,0,7.933897228202781
TXN55ba1dfe-a,CUST00599,2026-06-17 17:47:48,10349.83,mobile,grocery,0,1,0,0,0,0,999.0,0,0,9.244821988714925
TXN4864d025-f,CUST00599,2026-06-18 03:28:53,95056.17,mobile,wire_transfer,1,1,1,1,1,4,7.0,1,1,11.46223377905369
TXNcebbdf91-7,CUST00599,2026-06-28 11:39:27,2272.7,web,travel,0,1,0,0,0,0,999.0,0,0,7.7291637394860935
TXN250d235f-1,CUST00599,2026-07-02 10:53:21,1885.4,mobile,retail,1,1,0,0,0,0,999.0,0,0,7.542425529783107
TXN960a3974-1,CUST00599,2026-07-05 09:57:04,3365.56,mobile,travel,0,1,0,0,0,0,999.0,0,0,8.121646730491003
TXNb99eec19-a,CUST00599,2026-07-14 00:47:08,1411.75,web,grocery,0,1,0,0,0,0,999.0,0,0,7.253293438509953
TXN060556e8-d,CUST00599,2026-07-14 05:31:07,1056.08,mobile,electronics,0,1,1,1,0,0,5.0,0,0,6.963265668909704
