event_id,customer_id,timestamp,event_type,device_id,ip_country,is_new_device,is_new_geo,failed_login_count
EVT6c3912ef-b,CUST00498,2026-06-16 12:12:53,session_start,DEV71d79665,IN,False,False,0
EVT4b8fb475-e,CUST00388,2026-06-16 12:20:04,otp_request,DEV1d0bc9bd,IN,False,False,0
EVT51beb80e-b,CUST00035,2026-06-16 12:28:22,login,DEV9132b63e,IN,False,False,1
EVTc09c2ebe-8,CUST00234,2026-06-16 12:47:15,device_registration,DEV6a34c854,IN,False,False,0
EVTac95adb1-f,CUST00426,2026-06-16 12:50:19,session_start,DEVaf34cf65,IN,False,False,0
EVT1af026df-3,CUST00500,2026-06-16 12:58:57,password_reset,DEV5e09a9ee,IN,False,False,0
EVTb43c7851-e,CUST00520,2026-06-16 13:00:39,otp_request,DEV1d181ee9,IN,False,False,0
EVT412817eb-2,CUST00236,2026-06-16 13:15:56,login,DEVd5385b0e,IN,False,False,0
EVT9adf4709-a,CUST00072,2026-06-16 13:20:27,login,DEVedcd465e,IN,False,False,0
EVTd86f4bb4-a,CUST00544,2026-06-16 13:35:19,session_start,DEVafd380c4,IN,False,False,0
EVTb8875caf-1,CUST00255,2026-06-16 13:42:12,session_start,DEV56666f9f,IN,False,False,0
EVT6b790d01-3,CUST00131,2026-06-16 13:49:21,login,DEV702cdd20,IN,False,False,0
EVTec86a890-d,CUST00033,2026-06-16 13:58:13,login,DEVce177b4e,IN,False,False,0
EVTf80590f0-0,CUST00275,2026-06-16 14:05:40,otp_request,DEV3e2b6091,IN,False,False,1
EVTca90001c-8,CUST00566,2026-06-16 14:51:02,login,DEV2e709838,IN,False,False,0
EVT7b4e9ecd-d,CUST00232,2026-06-16 14:52:52,session_start,DEV269cd696,IN,False,False,0
EVTb93b17fb-f,CUST00077,2026-06-16 14:59:19,login,DEV1064005c,IN,False,False,0
EVTfa8dae42-b,CUST00062,2026-06-16 15:07:02,login,DEV7d154385,IN,False,False,0
EVT74283491-7,CUST00318,2026-06-16 15:11:24,login,DEVb540b30e,IN,False,False,0
EVT607cbd33-8,CUST00128,2026-06-16 15:16:11,login,DEVbe6826d2,IN,True,False,0
EVTbb0c7919-3,CUST00175,2026-06-16 15:30:47,password_reset,DEV54c63cd8,IN,False,False,0
EVT98e52499-2,CUST00010,2026-06-16 15:46:51,otp_request,DEV6c307511,IN,False,False,1
EVT9691f45d-1,CUST00521,2026-06-16 15:51:12,login,DEV72c22a16,IN,False,False,0
EVTa0dbfca2-7,CUST00467,2026-06-16 16:06:58,login,DEV5da8d6d2,IN,False,False,0
EVTf06b6c12-9,CUST00312,2026-06-16 16:48:16,login,DEVb0ae8f08,IN,False,False,0
EVT33579b27-5,CUST00336,2026-06-16 17:03:13,login,DEV9191b363,IN,False,False,0
EVTb1420898-9,CUST00532,2026-06-16 17:19:28,login,DEV9fd34579,IN,False,False,0
EVTc8d57717-9,CUST00129,2026-06-16 18:07:05,otp_request,DEV5958a499,IN,False,False,0
EVT946b4482-9,CUST00385,2026-06-16 18:09:50,session_start,DEVb5b453ca,IN,False,False,0
EVT4926ce5f-7,CUST00038,2026-06-16 18:27:36,session_start,DEV24933b83,IN,False,False,0
EVT4a9ff50e-8,CUST00346,2026-06-16 18:34:37,login,DEV43b9da13,IN,False,False,0
EVT0d259caa-b,CUST00043,2026-06-16 18:52:09,otp_request,DEV7e570ddf,IN,False,False,0
EVT9de2fd3f-f,CUST00477,2026-06-16 19:08:36,login,DEV6502d6a2,IN,False,False,0
EVT42d4c734-8,CUST00483,2026-06-16 19:16:36,login,DEVd351df5f,IN,True,False,0
EVTc257cf73-c,CUST00002,2026-06-16 19:34:17,session_start,DEVbd9c66b3,IN,False,False,0
EVT5d87edd2-1,CUST00370,2026-06-16 19:41:12,login,DEV292bd156,IN,False,False,0
EVT83bccfa8-f,CUST00194,2026-06-16 19:54:10,login,DEV9e876040,IN,True,False,0
EVT2caf3d2f-f,CUST00380,2026-06-16 20:17:18,login,DEV71299889,IN,False,False,0
EVT7b011fdd-9,CUST00414,2026-06-16 20:24:34,login,DEV19b17e80,IN,False,False,0
EVT835c3541-6,CUST00529,2026-06-16 20:24:59,login,DEVb65feea9,IN,False,False,0
EVT7c12d198-5,CUST00301,2026-06-16 20:33:37,login,DEV3d85de89,IN,False,False,1
EVT600b4b35-6,CUST00109,2026-06-16 21:00:21,login,DEV37bb3eec,IN,False,False,0
EVTa893b7e0-4,CUST00587,2026-06-16 21:18:38,login,DEV2412a2ab,NG,True,True,3
EVT7af6cd41-9,CUST00153,2026-06-16 21:31:38,session_start,DEVeededb07,IN,False,False,0
EVTebc095f5-5,CUST00418,2026-06-16 21:33:30,login,DEV1327f1bc,IN,False,False,0
EVTcc876b1c-a,CUST00449,2026-06-16 21:42:36,login,DEV4bbe4aff,IN,False,False,0
EVTf5504c52-4,CUST00397,2026-06-16 21:48:30,login,DEVdabac50d,IN,False,False,0
EVT2c649adf-a,CUST00349,2026-06-16 22:15:25,login,DEV398d1ca6,IN,False,False,0
EVTe7f2418a-9,CUST00300,2026-06-16 22:22:00,login,DEV680bac63,IN,False,False,0
EVTbf06d520-d,CUST00421,2026-06-16 22:24:14,otp_request,DEV541cdfcd,IN,False,False,0
EVT4d59616b-7,CUST00167,2026-06-16 22:47:49,login,DEV787f2425,IN,False,False,0
EVTf9a62522-c,CUST00316,2026-06-16 22:50:26,login,DEVd52721e7,IN,False,False,1
EVTd9750f00-d,CUST00083,2026-06-16 22:56:55,session_start,DEV7c441fe7,IN,False,False,0
EVT8da03d88-0,CUST00197,2026-06-16 23:00:36,password_reset,DEV35ce8841,IN,False,False,0
EVTaf9e7a0e-9,CUST00255,2026-06-16 23:10:43,otp_request,DEV56666f9f,IN,False,False,0
EVT3a0e618f-4,CUST00400,2026-06-16 23:21:02,login,DEVd664d264,IN,False,False,0
EVT51a3dfe4-7,CUST00111,2026-06-16 23:28:15,login,DEVe97c0337,VN,True,True,2
EVT0279d6d8-e,CUST00507,2026-06-16 23:36:00,login,DEV4fdcb645,IN,True,False,0
EVT81d9cff9-9,CUST00009,2026-06-16 23:40:26,login,DEVf3d210db,IN,True,False,0
EVTd7aa0f83-5,CUST00514,2026-06-17 00:19:27,login,DEV8a4b8f7c,IN,False,False,0
EVT41e0cfaf-5,CUST00367,2026-06-17 00:20:24,login,DEVd0725b5c,IN,False,False,0
EVT47020de0-b,CUST00507,2026-06-17 00:33:48,login,DEVfd235def,IN,False,False,1
EVT4674a0eb-4,CUST00357,2026-06-17 00:59:27,login,DEV9918ee46,IN,False,False,0
EVTd15a1b21-d,CUST00098,2026-06-17 01:19:04,login,DEV50029c14,IN,True,False,0
EVT27aa7cbc-2,CUST00009,2026-06-17 01:22:34,login,DEVc241330b,IN,False,False,0
EVTb9def348-4,CUST00372,2026-06-17 01:22:57,login,DEVc0ff979e,IN,True,False,0
EVTdf4b4c19-6,CUST00078,2026-06-17 01:23:04,login,DEVeeb450c8,IN,True,False,0
EVT3977c6c3-4,CUST00309,2026-06-17 01:30:44,login,DEV22f50db1,IN,True,False,0
EVT18f1a1e4-1,CUST00193,2026-06-17 01:48:26,login,DEVaa38d0a1,IN,False,False,0
EVTee462fcd-a,CUST00243,2026-06-17 02:03:32,device_registration,DEVbc10fa52,IN,False,False,0
EVTdabf984e-5,CUST00058,2026-06-17 02:17:24,login,DEV81f631d4,IN,False,False,0
EVT7e1f48c4-a,CUST00250,2026-06-17 02:18:59,login,DEVe82c7d7b,IN,False,False,0
EVT4ce09ecb-c,CUST00292,2026-06-17 02:24:17,session_start,DEVc01f36bf,IN,False,False,1
EVT737ea52f-6,CUST00542,2026-06-17 02:28:25,login,DEV50032b35,IN,False,False,1
EVTfcd2280e-e,CUST00419,2026-06-17 02:41:53,login,DEV43d88870,IN,False,False,0
EVT20b6a33c-1,CUST00417,2026-06-17 03:22:57,login,DEV24b0e62f,IN,True,False,0
EVT48769153-c,CUST00074,2026-06-17 03:55:54,login,DEV66245bfa,IN,False,False,0
EVT6b775489-1,CUST00367,2026-06-17 05:00:50,login,DEVe3f9899a,NG,True,True,2
EVT3f91c419-e,CUST00459,2026-06-17 05:29:34,otp_request,DEVc478f6f1,IN,False,False,0
EVT33057245-2,CUST00539,2026-06-17 05:50:26,login,DEVafb29df9,IN,True,False,0
EVT7b90942f-9,CUST00187,2026-06-17 05:51:54,login,DEVf2e9702d,IN,False,False,0
EVT40b374f8-8,CUST00181,2026-06-17 06:13:43,login,DEV1d9af659,IN,False,False,0
EVT18fdd2b9-7,CUST00094,2026-06-17 06:23:10,login,DEV23e2fcb4,IN,False,False,0
EVT107187d9-2,CUST00112,2026-06-17 06:37:51,login,DEV2d4177f0,RU,True,True,3
EVTe37b9630-9,CUST00439,2026-06-17 06:47:22,login,DEV5b1bab8d,IN,True,False,0
EVTe45e2ad0-8,CUST00190,2026-06-17 06:53:51,login,DEV81d2c7de,IN,False,False,0
EVT4aab47b2-3,CUST00133,2026-06-17 06:55:24,login,DEVce9e1a11,IN,False,False,0
EVTb4cb8396-2,CUST00442,2026-06-17 07:00:25,login,DEV590bbfbc,UNKNOWN,True,True,2
EVT10168d65-4,CUST00525,2026-06-17 07:07:43,login,DEVa8addf36,IN,False,False,0
EVTc2492e5e-0,CUST00131,2026-06-17 07:08:54,login,DEV702cdd20,IN,False,False,0
EVT0aeccec7-2,CUST00157,2026-06-17 07:23:00,login,DEVdfed2c43,IN,False,False,0
EVT14f32e9b-d,CUST00360,2026-06-17 07:36:34,login,DEV55409902,IN,True,False,0
EVT4528bbd1-2,CUST00387,2026-06-17 07:38:30,login,DEVe62e54eb,NG,True,True,2
EVT01bf9e73-3,CUST00055,2026-06-17 08:05:23,login,DEVf8cda88b,IN,False,False,0
EVTea8b31f5-c,CUST00330,2026-06-17 08:42:09,login,DEV15ce6a66,IN,False,False,0
EVTc4615234-8,CUST00121,2026-06-17 09:14:24,login,DEV42c18a62,IN,False,False,0
EVT79900a27-6,CUST00448,2026-06-17 09:25:27,login,DEV61a11729,IN,False,False,0
EVTd900da4b-f,CUST00599,2026-06-17 09:40:27,login,DEV6fcc57dd,IN,False,False,0
EVT9e90d107-0,CUST00365,2026-06-17 09:42:21,session_start,DEV7135f221,IN,False,False,0
EVT6448a3d5-d,CUST00480,2026-06-17 09:48:30,login,DEV618ae305,IN,False,False,0
EVTfae91634-3,CUST00520,2026-06-17 09:51:45,session_start,DEV1d181ee9,IN,False,False,0
EVT3e19fc1d-9,CUST00129,2026-06-17 10:08:28,login,DEV5958a499,IN,False,False,0
EVT187de0c5-c,CUST00526,2026-06-17 10:12:36,login,DEVa4b1f991,IN,False,False,0
EVTa3922a4e-4,CUST00449,2026-06-17 10:13:40,login,DEV4bbe4aff,IN,False,False,0
EVT5cce495d-b,CUST00417,2026-06-17 10:35:50,login,DEVdef57689,IN,False,False,0
EVTada58417-5,CUST00012,2026-06-17 10:41:31,login,DEV1a2a73ed,IN,False,False,0
EVTa7d4cf50-f,CUST00042,2026-06-17 10:45:22,session_start,DEVff50bde4,IN,False,False,0
EVTf395c213-7,CUST00593,2026-06-17 10:57:58,login,DEV5024bdc6,IN,False,False,0
EVTa6091ad0-b,CUST00315,2026-06-17 11:00:02,login,DEV98c7472a,IN,False,False,0
EVT3fa83ff8-d,CUST00166,2026-06-17 11:02:05,login,DEV4af1ff74,UNKNOWN,True,True,3
EVTac735be0-0,CUST00294,2026-06-17 11:34:22,login,DEV7e8adee7,IN,False,False,0
EVT198640a1-4,CUST00131,2026-06-17 11:43:56,login,DEV454e1370,IN,True,False,0
EVT92cf6021-1,CUST00048,2026-06-17 11:44:39,login,DEV405cacec,IN,False,False,0
EVT97777f10-f,CUST00067,2026-06-17 12:10:12,device_registration,DEVd0e6e660,IN,False,False,0
EVT6f35fae2-c,CUST00046,2026-06-17 12:13:34,login,DEVc67e0a01,IN,True,False,0
EVT781aee5a-a,CUST00046,2026-06-17 12:46:24,login,DEV817b6767,UNKNOWN,True,True,2
EVT6c914882-6,CUST00423,2026-06-17 12:52:40,login,DEVa075e927,IN,False,False,0
EVT02d3fb7e-8,CUST00553,2026-06-17 13:01:43,login,DEV49a214ae,IN,False,False,0
EVT2904a6d6-e,CUST00450,2026-06-17 13:02:09,login,DEV059dd55d,IN,False,False,0
EVT94deff78-c,CUST00513,2026-06-17 13:03:58,login,DEVffd8ca90,UNKNOWN,True,True,4
EVT089f4c42-2,CUST00277,2026-06-17 13:06:28,login,DEVe322544a,IN,True,False,0
EVT95dfe6cb-c,CUST00314,2026-06-17 13:31:50,login,DEV96ef2ad6,IN,False,False,0
EVT32f194d8-2,CUST00553,2026-06-17 14:26:09,login,DEV49a214ae,IN,False,False,0
EVT812faa38-9,CUST00179,2026-06-17 14:29:18,otp_request,DEV587ef344,IN,False,False,0
EVTad5406bc-7,CUST00407,2026-06-17 14:54:53,login,DEVdb23aa8c,IN,False,False,0
EVTee38a9e9-f,CUST00550,2026-06-17 15:56:03,login,DEV7455c604,IN,True,False,0
EVT5761b099-4,CUST00476,2026-06-17 15:56:47,login,DEV8eac0a33,IN,False,False,0
EVTf480ada5-e,CUST00444,2026-06-17 16:12:10,session_start,DEV4c955f6a,IN,False,False,0
EVT61a451ff-7,CUST00217,2026-06-17 16:37:03,login,DEV8eb22579,IN,False,False,0
EVTf997f697-6,CUST00351,2026-06-17 16:47:03,otp_request,DEV0f44704f,IN,False,False,0
EVTe25df9a8-9,CUST00030,2026-06-17 16:52:41,login,DEVb02b61c4,IN,False,False,0
EVTab987d93-5,CUST00559,2026-06-17 16:53:20,login,DEV6dda4f8d,IN,False,False,0
EVT7862246c-0,CUST00464,2026-06-17 17:01:28,login,DEVe8dd5e5a,IN,False,False,0
EVT50f53bd8-7,CUST00524,2026-06-17 17:33:06,password_reset,DEVba2c98ce,IN,False,False,0
EVTf1b2f143-0,CUST00304,2026-06-17 17:39:27,login,DEV6786d506,IN,False,False,0
EVTbaeb286b-f,CUST00094,2026-06-17 18:02:09,login,DEV23e2fcb4,IN,False,False,0
EVT98dc9e0b-5,CUST00141,2026-06-17 18:11:28,password_reset,DEV81627cf1,IN,False,False,0
EVTa55fa725-b,CUST00270,2026-06-17 18:21:56,login,DEV4fa03f26,IN,False,False,0
EVTbe6127a8-0,CUST00206,2026-06-17 18:35:50,login,DEVce7ae7f6,IN,False,False,0
EVT8ac8ad93-7,CUST00143,2026-06-17 18:37:23,login,DEVa2607723,IN,False,False,1
EVT62d846d0-5,CUST00408,2026-06-17 18:43:02,session_start,DEV517400f8,IN,False,False,1
EVT98550b1e-d,CUST00158,2026-06-17 19:02:46,login,DEVbfddc3d9,IN,False,False,0
EVT1690636b-6,CUST00242,2026-06-17 19:15:09,session_start,DEVd5f25073,IN,False,False,0
EVT8f964685-3,CUST00045,2026-06-17 19:34:34,login,DEV28f49481,IN,False,False,0
EVT34afa2e1-c,CUST00509,2026-06-17 19:48:16,login,DEV8de08fc2,IN,False,False,0
EVT84d67c4f-f,CUST00032,2026-06-17 20:09:25,login,DEV0e51f30d,IN,False,False,0
EVT08207d4e-8,CUST00591,2026-06-17 20:47:37,login,DEVbdf66ba5,IN,False,False,0
EVT4838a888-1,CUST00271,2026-06-17 20:51:46,password_reset,DEVedcb8cb6,IN,False,False,0
EVT15534416-b,CUST00212,2026-06-17 21:02:46,login,DEV1d3208db,RU,True,True,4
EVTa3bfe403-3,CUST00148,2026-06-17 21:03:27,login,DEV1ca3c448,IN,False,False,0
EVT5d822e3a-6,CUST00297,2026-06-17 21:43:37,login,DEV989d9d4a,IN,False,False,0
EVT6b352f85-5,CUST00043,2026-06-17 21:48:58,login,DEV7e570ddf,IN,False,False,0
EVT2c9de90a-b,CUST00536,2026-06-17 21:51:48,login,DEVcb08587d,IN,False,False,0
EVT2296d3f6-2,CUST00478,2026-06-17 21:55:27,session_start,DEV1fa382e8,IN,False,False,0
EVT578cd875-d,CUST00247,2026-06-17 22:12:09,login,DEVcc530e36,IN,False,False,0
EVTc75e769c-2,CUST00191,2026-06-17 22:15:42,login,DEVdd20525e,NG,True,True,2
EVT10fd7164-8,CUST00452,2026-06-17 22:19:48,otp_request,DEVdd750e98,IN,False,False,0
EVT07fb3bdd-9,CUST00212,2026-06-17 22:40:45,login,DEV79cdc59e,IN,True,False,0
EVT313e59a2-f,CUST00385,2026-06-17 22:42:59,login,DEVbc6699ff,NG,True,True,3
EVTc528ac36-2,CUST00492,2026-06-17 23:15:36,login,DEVb24cc64f,IN,False,False,0
EVTf68c62e6-e,CUST00148,2026-06-17 23:17:08,login,DEV1ca3c448,IN,False,False,0
EVTdcb91d5f-5,CUST00105,2026-06-17 23:43:05,login,DEVc8fe3ccd,IN,False,False,0
EVT94010dfe-7,CUST00356,2026-06-17 23:54:24,login,DEV8a3c3b5e,IN,False,False,0
EVT68e8f311-5,CUST00280,2026-06-18 00:06:34,login,DEV11a72609,IN,False,False,0
EVTa137f8e4-6,CUST00097,2026-06-18 00:17:35,login,DEVdb20a56e,IN,False,False,0
EVTbb27f6bc-9,CUST00480,2026-06-18 00:19:09,login,DEV618ae305,IN,False,False,0
EVT98197749-f,CUST00365,2026-06-18 00:20:38,session_start,DEV7135f221,IN,False,False,0
EVT82ec0fc3-7,CUST00428,2026-06-18 00:26:11,login,DEVfa745761,IN,False,False,1
EVTd4c3a832-b,CUST00016,2026-06-18 00:35:55,session_start,DEVec1b8ca1,IN,False,False,0
EVT87d75309-d,CUST00587,2026-06-18 00:48:53,device_registration,DEV6e3f683a,IN,False,False,0
EVT75175f39-7,CUST00196,2026-06-18 00:54:54,login,DEVd56f0350,IN,False,False,0
EVTcd75e6de-c,CUST00418,2026-06-18 00:58:35,login,DEV1327f1bc,IN,False,False,0
EVT7d457a09-4,CUST00428,2026-06-18 01:04:10,login,DEVfa745761,IN,False,False,0
EVT26087b53-c,CUST00538,2026-06-18 01:23:34,login,DEV8d244e3e,IN,False,False,0
EVTc6435300-6,CUST00006,2026-06-18 01:23:58,session_start,DEVb74d0fb1,IN,False,False,0
EVTaa10ce87-e,CUST00145,2026-06-18 01:24:10,login,DEV45876487,IN,True,False,0
EVTf7ebc69a-b,CUST00227,2026-06-18 01:33:04,login,DEV46fde062,IN,False,False,0
EVTa5accd5a-4,CUST00469,2026-06-18 01:47:10,login,DEVe9ff1cae,IN,False,False,0
EVT76876c62-4,CUST00063,2026-06-18 02:01:41,login,DEV5cec4eb5,IN,False,False,0
EVTb7014925-2,CUST00574,2026-06-18 02:12:22,session_start,DEV27d415b6,IN,False,False,0
EVTa904babd-6,CUST00589,2026-06-18 02:17:03,login,DEV8f0881ee,IN,False,False,0
EVTc6a28e4e-0,CUST00279,2026-06-18 02:55:43,login,DEV8861fe18,IN,False,False,0
EVTbd5a6112-d,CUST00505,2026-06-18 02:59:09,otp_request,DEVa3b5cece,IN,False,False,0
EVT1e5c5da8-d,CUST00419,2026-06-18 03:02:32,login,DEV43d88870,IN,False,False,0
EVT0261c87a-a,CUST00181,2026-06-18 03:07:09,login,DEV1d9af659,IN,False,False,0
EVT083759f8-2,CUST00387,2026-06-18 03:09:27,session_start,DEV3985fb62,IN,False,False,0
EVT504d39e0-d,CUST00599,2026-06-18 03:21:53,login,DEVbc9b944f,UNKNOWN,True,True,4
EVTb99e6f7b-2,CUST00516,2026-06-18 03:39:41,login,DEV21bddb41,IN,False,False,1
EVTc2e8a700-3,CUST00566,2026-06-18 03:40:27,login,DEV05476e17,IN,True,False,0
EVT7b4d8646-5,CUST00267,2026-06-18 04:22:10,login,DEV5e6fea07,IN,False,False,0
EVT0991946d-5,CUST00435,2026-06-18 04:23:06,device_registration,DEV2e183554,IN,False,False,0
EVTa8b97820-e,CUST00557,2026-06-18 04:24:56,login,DEV8e676a01,IN,False,False,0
EVTbe9cafcf-e,CUST00289,2026-06-18 04:27:41,login,DEV97ac6aa8,IN,False,False,0
EVTa550a4d1-8,CUST00460,2026-06-18 04:36:02,login,DEV5468edcc,IN,True,False,0
EVTbada0c94-1,CUST00304,2026-06-18 05:08:58,login,DEV6786d506,IN,False,False,0
EVTf485e944-3,CUST00508,2026-06-18 05:09:28,login,DEV34885a46,IN,False,False,0
EVT23451386-e,CUST00146,2026-06-18 05:09:59,login,DEV725d71f1,IN,True,False,0
EVT50bf2995-9,CUST00251,2026-06-18 05:12:05,login,DEVa9ba5a27,IN,False,False,0
EVT3de54ee2-a,CUST00478,2026-06-18 05:25:42,login,DEV1fa382e8,IN,False,False,0
EVT14a34f7f-d,CUST00081,2026-06-18 05:49:31,login,DEV080aadfb,IN,False,False,0
EVTc2a59d7b-2,CUST00387,2026-06-18 06:00:51,login,DEV3985fb62,IN,False,False,0
EVT8b160a4d-7,CUST00531,2026-06-18 06:06:52,login,DEV49058e12,IN,True,False,0
EVTf168c605-c,CUST00166,2026-06-18 06:20:20,device_registration,DEV61ee411a,IN,False,False,0
EVT7b9ea9eb-a,CUST00484,2026-06-18 06:35:12,login,DEV9c2e58de,IN,False,False,0
EVTf7e9101d-3,CUST00136,2026-06-18 06:39:58,session_start,DEVe0ccedc5,IN,False,False,0
EVT161d6acf-1,CUST00366,2026-06-18 06:42:27,login,DEVff37d19c,IN,False,False,0
EVT0406ff44-7,CUST00079,2026-06-18 07:07:51,login,DEV01d74256,IN,False,False,0
EVT076c1833-c,CUST00106,2026-06-18 07:21:01,login,DEV0c586c0a,IN,True,False,0
EVT33261887-9,CUST00090,2026-06-18 07:21:18,login,DEVa748dbcf,IN,False,False,0
EVT795e6f2b-0,CUST00165,2026-06-18 07:27:20,otp_request,DEV28c13091,IN,False,False,0
EVT3c91accc-5,CUST00564,2026-06-18 07:30:58,login,DEVb81c14e5,IN,True,False,0
EVT52ce55e3-6,CUST00314,2026-06-18 07:31:53,login,DEV96ef2ad6,IN,False,False,0
EVTaa5ca8cd-1,CUST00594,2026-06-18 07:32:53,login,DEV67884209,IN,False,False,0
EVTf9fc9c3f-3,CUST00531,2026-06-18 07:49:54,login,DEV25f934bf,IN,False,False,0
EVTdde4f5c1-5,CUST00310,2026-06-18 07:57:11,login,DEVb8a6171f,IN,False,False,0
EVT2aa814da-5,CUST00436,2026-06-18 07:57:57,login,DEV9c07a751,IN,False,False,0
EVTe43081aa-6,CUST00386,2026-06-18 07:59:17,password_reset,DEV03802b70,IN,False,False,0
EVTfa3f012e-4,CUST00461,2026-06-18 08:52:10,login,DEVa0a11839,IN,False,False,0
EVT12fc7a87-a,CUST00031,2026-06-18 09:07:02,session_start,DEV5304317f,IN,False,False,0
EVT710dcbb7-6,CUST00414,2026-06-18 09:22:37,login,DEV18721154,IN,True,False,0
EVT397ab7cc-2,CUST00485,2026-06-18 09:29:22,login,DEV80210c15,RU,True,True,3
EVT16f32b93-2,CUST00462,2026-06-18 09:43:53,login,DEVc9e26074,IN,False,False,0
EVT16591c89-2,CUST00086,2026-06-18 09:55:50,login,DEV7914c120,IN,False,False,0
EVT4cc9f5f2-e,CUST00029,2026-06-18 10:28:51,session_start,DEV451b4cf3,IN,False,False,0
EVT0038dc84-a,CUST00368,2026-06-18 10:29:32,device_registration,DEV785299f4,IN,False,False,0
EVTd7a998ea-e,CUST00541,2026-06-18 10:40:18,device_registration,DEV66132e69,IN,False,False,0
EVT09ab99a3-6,CUST00559,2026-06-18 10:41:51,login,DEV6dda4f8d,IN,False,False,0
EVT8f7c1d59-5,CUST00047,2026-06-18 10:54:14,session_start,DEV988c24c9,IN,False,False,0
EVT1bc2197e-7,CUST00367,2026-06-18 11:05:33,login,DEVd0725b5c,IN,False,False,0
EVTeca04629-e,CUST00581,2026-06-18 11:18:44,login,DEV86e52753,IN,False,False,0
EVT5afaeb32-4,CUST00529,2026-06-18 11:25:03,login,DEVb65feea9,IN,False,False,0
EVTd8a5aa52-1,CUST00513,2026-06-18 11:47:20,login,DEVfbe94499,IN,False,False,0
EVTbf8e8bfa-a,CUST00117,2026-06-18 11:47:41,login,DEVf10c718b,IN,False,False,0
EVTb9175922-1,CUST00257,2026-06-18 12:14:15,login,DEV72176085,IN,True,False,0
EVT8494205c-3,CUST00227,2026-06-18 12:28:47,session_start,DEV46fde062,IN,False,False,0
EVTe8fe6095-2,CUST00358,2026-06-18 12:40:09,login,DEVbc0a6a5d,IN,False,False,0
EVT788f06ed-3,CUST00460,2026-06-18 12:43:52,login,DEV2303f6c6,IN,False,False,0
EVT8ccc9cea-1,CUST00029,2026-06-18 12:44:02,login,DEV451b4cf3,IN,False,False,0
EVTa28322e8-d,CUST00448,2026-06-18 12:52:54,login,DEVd4073daa,IN,True,False,0
EVTb92d933d-a,CUST00472,2026-06-18 12:59:21,login,DEV2ac3aafc,NG,True,True,2
EVT04d07f29-1,CUST00420,2026-06-18 13:09:00,password_reset,DEV65c17795,IN,False,False,0
EVT94fb09f0-5,CUST00110,2026-06-18 13:17:08,login,DEVbc594585,IN,False,False,0
EVT6ee35607-9,CUST00138,2026-06-18 13:20:50,password_reset,DEV27cb6f2a,IN,False,False,0
EVT0a872ac2-8,CUST00462,2026-06-18 13:25:05,session_start,DEVc9e26074,IN,False,False,0
EVT7b189d5d-9,CUST00574,2026-06-18 13:32:08,login,DEV27d415b6,IN,False,False,0
EVTa8535961-6,CUST00197,2026-06-18 13:34:35,login,DEV35ce8841,IN,False,False,0
EVT424d9430-b,CUST00368,2026-06-18 13:52:31,login,DEV785299f4,IN,False,False,0
EVT062667fc-c,CUST00525,2026-06-18 13:52:57,login,DEVa8addf36,IN,False,False,0
EVT01b8c14a-f,CUST00535,2026-06-18 14:13:59,login,DEV816bcb9f,IN,False,False,0
EVTa4b65cfa-8,CUST00371,2026-06-18 14:16:00,login,DEV7ed70ed7,IN,False,False,0
EVT54bbbcf8-2,CUST00095,2026-06-18 14:31:26,password_reset,DEV766ecb15,IN,False,False,0
EVT70944bdb-2,CUST00003,2026-06-18 14:37:24,password_reset,DEV972a8469,IN,False,False,0
EVT97867b12-1,CUST00132,2026-06-18 14:43:16,login,DEV4d71c366,IN,False,False,0
EVTa8761e85-b,CUST00123,2026-06-18 14:54:19,login,DEV21813d25,IN,False,False,0
EVT5b29317a-6,CUST00428,2026-06-18 15:00:15,session_start,DEVfa745761,IN,False,False,0
EVTb2051cec-c,CUST00352,2026-06-18 15:05:27,login,DEV9854ce4e,IN,False,False,0
EVT1e2595b8-8,CUST00028,2026-06-18 15:21:53,login,DEV3eabedcb,IN,False,False,0
EVT9f6facc1-4,CUST00182,2026-06-18 15:32:22,login,DEV30a900ad,IN,False,False,0
EVTe6e987ca-b,CUST00033,2026-06-18 15:42:50,password_reset,DEVce177b4e,IN,False,False,0
EVT8ef4d74b-2,CUST00285,2026-06-18 15:58:56,login,DEV2d174fc9,IN,False,False,0
EVT6319629b-d,CUST00156,2026-06-18 16:46:56,login,DEV5a8aaeca,IN,False,False,1
EVT5c9deee0-b,CUST00058,2026-06-18 17:01:46,otp_request,DEV81f631d4,IN,False,False,0
EVT0f9d7819-5,CUST00032,2026-06-18 17:15:01,login,DEV36514258,IN,True,False,0
EVTa9e8f0d8-5,CUST00189,2026-06-18 17:15:44,login,DEV1fe771d6,IN,False,False,0
EVTdfb68a5f-b,CUST00334,2026-06-18 17:20:07,session_start,DEVe893be3d,IN,False,False,0
EVT1ff49f0a-9,CUST00526,2026-06-18 17:21:46,login,DEVa4b1f991,IN,False,False,0
EVTf75efed8-2,CUST00320,2026-06-18 17:27:52,login,DEV4ac9778d,IN,False,False,0
EVTb5356bf3-b,CUST00327,2026-06-18 17:31:03,login,DEVdc404104,UNKNOWN,True,True,3
EVTf94d8fcb-d,CUST00082,2026-06-18 17:35:00,login,DEV839fbc50,IN,False,False,0
EVT5bd972c7-0,CUST00486,2026-06-18 17:45:24,login,DEVb379cb1e,IN,False,False,0
EVTdf3334c6-9,CUST00336,2026-06-18 18:10:36,otp_request,DEV9191b363,IN,False,False,0
EVT6b2d9ccc-6,CUST00198,2026-06-18 18:14:55,otp_request,DEV9b4e2c24,IN,False,False,0
EVT6a036e2f-5,CUST00317,2026-06-18 18:25:36,login,DEV73cd3e91,NG,True,True,3
EVTf30ee4fe-2,CUST00183,2026-06-18 18:37:26,otp_request,DEV6fa17735,IN,False,False,0
EVT354f184e-5,CUST00343,2026-06-18 18:44:07,otp_request,DEV085b15fb,IN,False,False,0
EVTd317d8c9-1,CUST00556,2026-06-18 19:07:50,login,DEVd8e7012f,IN,False,False,0
EVT061efb95-6,CUST00130,2026-06-18 19:37:55,login,DEV3e896c64,IN,False,False,0
EVTd1f16485-4,CUST00136,2026-06-18 19:41:44,session_start,DEVe0ccedc5,IN,False,False,0
EVT171603b1-7,CUST00315,2026-06-18 19:52:40,login,DEV98c7472a,IN,False,False,0
EVT0a1bebd3-e,CUST00278,2026-06-18 20:05:45,login,DEV90e0f4a0,IN,False,False,0
EVT9b02c535-2,CUST00234,2026-06-18 20:24:03,login,DEV6a34c854,IN,False,False,0
EVTd36ec1bd-0,CUST00192,2026-06-18 20:31:24,session_start,DEV8dedf9fb,IN,False,False,0
EVT88433a38-4,CUST00336,2026-06-18 20:35:24,login,DEV9191b363,IN,False,False,0
EVTe552d0a8-b,CUST00315,2026-06-18 20:36:28,login,DEV98c7472a,IN,False,False,0
EVT19d9d0b5-a,CUST00182,2026-06-18 20:42:43,login,DEV30a900ad,IN,False,False,0
EVT4b9dfd58-9,CUST00085,2026-06-18 21:08:26,otp_request,DEV93829b43,IN,False,False,0
EVT909e21ba-8,CUST00294,2026-06-18 21:25:41,password_reset,DEV7e8adee7,IN,False,False,0
EVT50326fe6-1,CUST00462,2026-06-18 21:26:00,login,DEVc9e26074,IN,False,False,1
EVTd8914adf-3,CUST00442,2026-06-18 21:27:05,login,DEV8beddb12,IN,False,False,1
EVTe3dc8702-5,CUST00527,2026-06-18 22:12:19,otp_request,DEVffa361be,IN,False,False,0
EVT54c3b22e-4,CUST00320,2026-06-18 22:20:51,login,DEV4ac9778d,IN,False,False,0
EVT75eb0e8f-a,CUST00329,2026-06-18 22:39:46,login,DEVcfa701cd,IN,False,False,1
EVT34943114-d,CUST00489,2026-06-18 22:47:07,login,DEV1dba1267,IN,False,False,0
EVT5987038a-f,CUST00297,2026-06-18 22:54:20,otp_request,DEV989d9d4a,IN,False,False,0
EVTa590fd3c-a,CUST00092,2026-06-18 22:55:41,session_start,DEVccf3a171,IN,False,False,1
EVT29310971-6,CUST00151,2026-06-18 22:57:33,login,DEV8d7248e2,IN,False,False,0
EVT76d70561-d,CUST00164,2026-06-18 23:08:45,login,DEVbc2cbb0d,IN,False,False,0
EVT06a241af-1,CUST00028,2026-06-18 23:11:06,login,DEV3eabedcb,IN,False,False,0
EVTfb38bc6c-a,CUST00466,2026-06-18 23:46:51,login,DEVc958e75e,IN,False,False,0
EVT8d536c75-6,CUST00158,2026-06-18 23:49:59,login,DEVbfddc3d9,IN,False,False,0
EVT720b274b-8,CUST00059,2026-06-18 23:51:29,login,DEV5fb8d16c,IN,False,False,0
EVT8fc3d7d3-f,CUST00102,2026-06-18 23:56:20,otp_request,DEVdd59ba71,IN,False,False,0
EVTe8b3d763-f,CUST00073,2026-06-19 00:07:55,login,DEVb09b2a5c,IN,False,False,0
EVTe6184043-f,CUST00554,2026-06-19 00:21:26,login,DEV0caaf782,BR,True,True,2
EVT3c3c9c08-e,CUST00384,2026-06-19 00:38:45,login,DEVa14923c2,IN,False,False,0
EVTe8956041-1,CUST00420,2026-06-19 00:41:10,session_start,DEV65c17795,IN,False,False,0
EVT2ab8bd33-9,CUST00126,2026-06-19 00:47:37,login,DEV9f044aed,IN,False,False,0
EVTa56b61e0-4,CUST00119,2026-06-19 01:00:36,session_start,DEV14fcdd54,IN,False,False,0
EVT73d39457-b,CUST00094,2026-06-19 01:02:57,login,DEV23e2fcb4,IN,False,False,0
EVT32f9b771-0,CUST00536,2026-06-19 01:06:58,otp_request,DEVcb08587d,IN,False,False,1
EVTc8ebe27a-2,CUST00106,2026-06-19 01:17:37,login,DEVb253d218,IN,False,False,0
EVT6c5540f0-c,CUST00252,2026-06-19 01:22:03,login,DEV6db99102,IN,False,False,0
EVTc1c4f618-7,CUST00586,2026-06-19 01:34:39,session_start,DEV1eb74b56,IN,False,False,0
EVTa45ca94a-3,CUST00568,2026-06-19 01:37:09,login,DEVbdb025ff,IN,False,False,0
EVT007d3d37-b,CUST00489,2026-06-19 02:24:42,login,DEVb069acba,UNKNOWN,True,True,4
EVT0592bfa5-b,CUST00059,2026-06-19 02:27:32,login,DEV5fb8d16c,IN,False,False,0
EVTba751921-2,CUST00489,2026-06-19 02:40:53,login,DEV1dba1267,IN,False,False,0
EVTb1b2b5f8-8,CUST00344,2026-06-19 02:41:02,login,DEV48603b32,IN,False,False,0
EVT893ad232-9,CUST00018,2026-06-19 03:06:50,login,DEVe2acf72f,IN,False,False,0
EVT966be275-c,CUST00072,2026-06-19 03:09:08,login,DEVedcd465e,IN,False,False,0
EVT171a8b65-e,CUST00446,2026-06-19 03:32:29,login,DEV4d57d880,IN,False,False,0
EVTed3d5159-c,CUST00463,2026-06-19 03:33:05,login,DEV5d678bb1,IN,False,False,0
EVT49560c36-8,CUST00243,2026-06-19 03:34:39,session_start,DEVbc10fa52,IN,False,False,0
EVT257035db-3,CUST00108,2026-06-19 03:49:32,login,DEV7c967f79,IN,False,False,0
EVTf394c60d-c,CUST00547,2026-06-19 03:51:36,login,DEV5f65c8ce,IN,False,False,0
EVTbb7b6c05-2,CUST00146,2026-06-19 04:33:38,session_start,DEV295d6fbf,IN,False,False,0
EVTc606ddc4-c,CUST00174,2026-06-19 04:49:13,login,DEVadf4e62d,IN,False,False,0
EVT1186da93-d,CUST00270,2026-06-19 05:08:17,session_start,DEV4fa03f26,IN,False,False,0
EVT4cc6d67e-c,CUST00439,2026-06-19 05:09:16,otp_request,DEVa34db7c5,IN,False,False,0
EVTeafde7d9-5,CUST00006,2026-06-19 05:10:20,login,DEVb74d0fb1,IN,False,False,0
EVT7c2c0791-f,CUST00479,2026-06-19 05:16:14,session_start,DEVbfbf397b,IN,False,False,1
EVT0722ab3c-1,CUST00525,2026-06-19 05:18:29,login,DEVa8addf36,IN,False,False,0
EVTeb4d8f42-8,CUST00082,2026-06-19 05:23:01,login,DEV839fbc50,IN,False,False,0
EVT86351a54-b,CUST00296,2026-06-19 05:29:04,login,DEV4223623b,IN,False,False,0
EVT82f73861-1,CUST00183,2026-06-19 05:45:43,login,DEV6fa17735,IN,False,False,0
EVTb32d3c81-a,CUST00592,2026-06-19 05:46:05,login,DEV75b27455,IN,False,False,0
EVT7ccd3dc0-7,CUST00341,2026-06-19 05:56:57,login,DEV2812859a,IN,False,False,0
EVT469ff562-8,CUST00303,2026-06-19 06:08:50,session_start,DEV046a0df5,IN,False,False,0
EVTd038e153-c,CUST00115,2026-06-19 06:16:54,login,DEV118a9d29,IN,False,False,0
EVTe886a011-3,CUST00139,2026-06-19 06:49:37,login,DEV35ebd32d,IN,False,False,0
EVTed0c082b-c,CUST00226,2026-06-19 06:50:44,login,DEVc2b35e09,IN,True,False,0
EVT1dabb10a-b,CUST00185,2026-06-19 07:08:12,login,DEVf0b5156b,IN,False,False,0
EVT2ddcc829-0,CUST00324,2026-06-19 07:26:39,login,DEVbec4ee08,IN,True,False,0
EVT794e0838-7,CUST00308,2026-06-19 07:35:26,login,DEV5a104129,IN,False,False,0
EVT813a3aa5-7,CUST00430,2026-06-19 07:55:28,session_start,DEV2a96e1e2,IN,False,False,0
EVTf1901b7e-c,CUST00021,2026-06-19 08:08:16,login,DEVfc377a4c,IN,False,False,0
EVT3e59034b-c,CUST00567,2026-06-19 08:10:10,login,DEVa847bce7,IN,False,False,0
EVT9ad2bb72-b,CUST00322,2026-06-19 08:19:40,device_registration,DEV1a432f0a,IN,False,False,0
EVT048c8480-a,CUST00192,2026-06-19 08:25:40,login,DEV8dedf9fb,IN,False,False,0
EVTeada79a3-4,CUST00015,2026-06-19 08:35:34,login,DEV759cde66,IN,False,False,0
EVT34ec5264-a,CUST00165,2026-06-19 08:55:45,otp_request,DEV28c13091,IN,False,False,0
EVT6cddab56-8,CUST00204,2026-06-19 09:03:32,login,DEV63754082,IN,True,False,0
EVTe31db345-7,CUST00228,2026-06-19 09:09:24,login,DEV7c0e8cd8,IN,False,False,0
EVTa1243bea-0,CUST00539,2026-06-19 09:29:57,login,DEV6e191042,IN,False,False,0
EVT226cbc6a-7,CUST00256,2026-06-19 09:46:58,otp_request,DEV473bd358,IN,False,False,0
EVTcb618d75-a,CUST00401,2026-06-19 09:56:50,login,DEVa8f1e091,IN,False,False,0
EVT2bf95861-4,CUST00422,2026-06-19 09:57:57,login,DEV889b78d5,IN,False,False,1
EVT72d35458-6,CUST00061,2026-06-19 10:10:24,login,DEVeb2263dd,IN,False,False,0
EVT39ec8ca1-3,CUST00175,2026-06-19 10:12:10,otp_request,DEV54c63cd8,IN,False,False,0
EVTd10bf4dc-0,CUST00193,2026-06-19 10:25:46,login,DEVaa38d0a1,IN,False,False,0
EVT33478a91-9,CUST00244,2026-06-19 10:27:04,otp_request,DEVe5d6f6e6,IN,False,False,0
EVT7e000029-c,CUST00429,2026-06-19 10:43:15,login,DEVb4323070,IN,False,False,0
EVTe7094153-5,CUST00287,2026-06-19 11:03:04,session_start,DEVeb6c1016,IN,False,False,0
EVT8d73f2a6-5,CUST00458,2026-06-19 11:11:38,login,DEVb21d856b,VN,True,True,2
EVT8a39068b-c,CUST00497,2026-06-19 11:37:55,login,DEVb0b63bcf,IN,False,False,1
EVT0dc78104-8,CUST00263,2026-06-19 11:50:59,session_start,DEVd6d7b3b8,IN,False,False,0
EVTbae1e137-9,CUST00117,2026-06-19 12:05:17,login,DEVf10c718b,IN,False,False,0
EVTeb25d7e7-e,CUST00451,2026-06-19 12:14:47,login,DEV6553867d,IN,False,False,0
EVT593edc83-c,CUST00341,2026-06-19 12:16:24,login,DEV2812859a,IN,False,False,0
EVT2b843ef3-d,CUST00170,2026-06-19 12:22:48,login,DEV39118497,IN,False,False,0
EVTe1509425-8,CUST00160,2026-06-19 12:33:46,password_reset,DEVccc56569,IN,False,False,0
EVTa6b96653-a,CUST00518,2026-06-19 12:41:11,login,DEV040a3aae,IN,False,False,0
EVT92a0c677-b,CUST00499,2026-06-19 12:42:48,login,DEV5cd8fe1a,IN,False,False,0
EVT5b6d6b7c-5,CUST00221,2026-06-19 12:53:31,login,DEVc1581092,IN,False,False,0
EVTe8e977f0-d,CUST00554,2026-06-19 13:20:29,login,DEV1a85910d,IN,False,False,0
EVTc395428a-0,CUST00528,2026-06-19 13:32:20,login,DEVe2f7da51,IN,True,False,0
EVT4516bb39-9,CUST00079,2026-06-19 13:36:51,login,DEVf45045ad,IN,True,False,0
EVTa205e54f-b,CUST00089,2026-06-19 13:39:11,login,DEVdd2467ac,IN,False,False,0
EVT84681060-7,CUST00528,2026-06-19 13:39:31,login,DEV6d204496,IN,False,False,0
EVT743b9f71-7,CUST00355,2026-06-19 13:40:37,session_start,DEV670acc5c,IN,False,False,0
EVT1e42d2b8-0,CUST00325,2026-06-19 13:47:30,login,DEV40a26c60,IN,False,False,0
EVTe476231a-e,CUST00426,2026-06-19 13:47:54,login,DEVaf34cf65,IN,False,False,0
EVTb0c5d3d5-c,CUST00550,2026-06-19 13:49:49,login,DEV692ac139,IN,False,False,0
EVT05c8234b-1,CUST00094,2026-06-19 14:03:01,login,DEV23e2fcb4,IN,False,False,0
EVT010e4265-a,CUST00175,2026-06-19 14:17:08,login,DEV54c63cd8,IN,False,False,0
EVTaab133ba-e,CUST00407,2026-06-19 14:19:24,otp_request,DEVdb23aa8c,IN,False,False,0
EVT37f3f32b-5,CUST00248,2026-06-19 14:24:58,login,DEVd72b6108,IN,False,False,0
EVT9c595e03-4,CUST00527,2026-06-19 14:30:57,session_start,DEVffa361be,IN,False,False,0
EVT3a4fece7-5,CUST00385,2026-06-19 14:39:32,login,DEVb5b453ca,IN,False,False,0
EVT044251db-d,CUST00042,2026-06-19 14:49:55,login,DEVff50bde4,IN,False,False,0
EVTb66db5df-4,CUST00110,2026-06-19 14:54:53,login,DEVb9866767,RU,True,True,3
EVT205c8491-a,CUST00264,2026-06-19 15:06:55,login,DEV3d114802,IN,False,False,0
EVT2e0c881c-1,CUST00176,2026-06-19 15:34:40,login,DEV0a4434d1,UNKNOWN,True,True,2
EVTee403b9f-2,CUST00473,2026-06-19 15:38:38,login,DEVc1101266,IN,False,False,0
EVT2c78644f-d,CUST00142,2026-06-19 15:39:34,login,DEVe87d1c78,IN,False,False,0
EVT3ee79d31-f,CUST00312,2026-06-19 16:03:53,session_start,DEVb0ae8f08,IN,False,False,0
EVT905c7bdd-7,CUST00059,2026-06-19 16:07:50,login,DEV5fb8d16c,IN,False,False,0
EVT7f8736f1-9,CUST00353,2026-06-19 16:16:48,login,DEVebd34616,IN,False,False,0
EVT622c636f-e,CUST00593,2026-06-19 16:18:47,session_start,DEV5024bdc6,IN,False,False,0
EVT641118ec-d,CUST00552,2026-06-19 16:27:42,login,DEVea74bb18,IN,False,False,0
EVT0247b04d-6,CUST00572,2026-06-19 16:51:39,login,DEV563b0ab8,IN,True,False,0
EVT41f83199-f,CUST00245,2026-06-19 17:01:46,login,DEV45df16b6,IN,False,False,0
EVT529b20e0-5,CUST00564,2026-06-19 17:01:49,otp_request,DEV45f50c52,IN,False,False,0
EVTf9723977-5,CUST00460,2026-06-19 17:03:15,login,DEV2303f6c6,IN,False,False,1
EVT05c95f58-9,CUST00463,2026-06-19 17:26:53,login,DEV6bb0c8a0,IN,True,False,0
EVTfa5f9e72-5,CUST00566,2026-06-19 17:44:24,login,DEV2e709838,IN,False,False,0
EVT9255273f-e,CUST00291,2026-06-19 18:04:28,login,DEV4767d76c,IN,False,False,0
EVT1674eb65-0,CUST00140,2026-06-19 18:19:57,login,DEVafffcfd2,IN,False,False,0
EVTc98a2fa2-3,CUST00545,2026-06-19 18:21:19,login,DEV3fa58bda,IN,True,False,0
EVT349b5089-2,CUST00181,2026-06-19 18:23:58,login,DEV1d9af659,IN,False,False,0
EVT43af6c46-a,CUST00360,2026-06-19 18:28:59,login,DEVac9ed156,IN,False,False,0
EVT46a3cc71-f,CUST00244,2026-06-19 18:40:52,login,DEVe5d6f6e6,IN,False,False,0
EVT76b90472-7,CUST00393,2026-06-19 18:42:23,login,DEV74eff545,IN,False,False,0
EVTed1115d7-5,CUST00133,2026-06-19 18:42:45,login,DEVce9e1a11,IN,False,False,1
EVT4acafd79-e,CUST00440,2026-06-19 18:50:01,login,DEVb5836d91,BR,True,True,2
EVT05776108-3,CUST00278,2026-06-19 18:59:11,login,DEV90e0f4a0,IN,False,False,0
EVTd7371450-9,CUST00514,2026-06-19 19:10:11,login,DEV8a4b8f7c,IN,False,False,0
EVT0c3ce284-c,CUST00021,2026-06-19 19:10:48,login,DEVfc377a4c,IN,False,False,0
EVTdc3f42e0-f,CUST00114,2026-06-19 19:33:33,login,DEV82010c62,IN,False,False,0
EVTa0c69223-c,CUST00416,2026-06-19 19:45:58,login,DEV03edd1f8,IN,False,False,0
EVTdcb913b4-7,CUST00388,2026-06-19 19:56:41,otp_request,DEV1d0bc9bd,IN,False,False,0
EVT7d2f4e58-b,CUST00047,2026-06-19 19:56:46,session_start,DEV988c24c9,IN,False,False,0
EVT4fe54745-5,CUST00175,2026-06-19 20:24:47,device_registration,DEV54c63cd8,IN,False,False,0
EVT4be318a8-0,CUST00213,2026-06-19 20:34:32,session_start,DEVe4855aa1,IN,False,False,0
EVT99ef827f-d,CUST00518,2026-06-19 20:51:18,login,DEV040a3aae,IN,False,False,0
EVT497de16d-d,CUST00004,2026-06-19 21:02:15,login,DEV17fc695a,IN,False,False,0
EVTc6141017-1,CUST00582,2026-06-19 21:06:01,session_start,DEV3873e57f,IN,False,False,0
EVT63dba8c8-b,CUST00362,2026-06-19 21:19:59,otp_request,DEVc3c75611,IN,False,False,0
EVT0cccf76f-8,CUST00354,2026-06-19 21:21:08,login,DEVdd0cd405,IN,True,False,0
EVT43c07d43-9,CUST00034,2026-06-19 21:31:31,otp_request,DEV10f1bc81,IN,False,False,0
EVT9a5c68ad-a,CUST00521,2026-06-19 21:40:19,login,DEV72c22a16,IN,False,False,0
EVT04860bee-8,CUST00430,2026-06-19 22:00:29,session_start,DEV2a96e1e2,IN,False,False,0
EVT9aa1f98b-b,CUST00545,2026-06-19 22:22:11,login,DEV175a81ec,IN,False,False,0
EVT781799ff-b,CUST00016,2026-06-19 22:33:17,login,DEVec1b8ca1,IN,False,False,0
EVT53b3618b-a,CUST00429,2026-06-19 22:34:26,login,DEVb4323070,IN,False,False,0
EVTfae45d7c-a,CUST00493,2026-06-19 22:37:56,session_start,DEV965befdf,IN,False,False,0
EVTd25ad576-e,CUST00307,2026-06-19 22:58:20,login,DEVff233d5f,IN,False,False,0
EVT1cc0b764-b,CUST00405,2026-06-19 23:07:18,login,DEVde9e3757,IN,False,False,0
EVT73557b9d-0,CUST00004,2026-06-19 23:11:23,login,DEV17fc695a,IN,False,False,0
EVTca27cd69-4,CUST00443,2026-06-19 23:28:16,login,DEVf1faf665,IN,False,False,1
EVT817b2f21-2,CUST00502,2026-06-19 23:35:24,login,DEV46a02a9b,IN,False,False,0
EVT3c9b3b84-c,CUST00526,2026-06-19 23:55:30,login,DEVa4b1f991,IN,False,False,0
EVT948c7eb4-1,CUST00354,2026-06-20 00:01:35,password_reset,DEV77fc9703,IN,False,False,0
EVT81145252-c,CUST00391,2026-06-20 00:20:08,login,DEVb495db4e,IN,False,False,0
EVT180dc855-c,CUST00273,2026-06-20 00:30:19,login,DEVf1043785,IN,False,False,0
EVT4baf0f5e-a,CUST00024,2026-06-20 00:31:07,login,DEV29a3b2e9,IN,False,False,0
EVT5a589b67-6,CUST00355,2026-06-20 00:34:22,login,DEV670acc5c,IN,False,False,0
EVT7a6e43d0-d,CUST00187,2026-06-20 00:47:59,login,DEVf2e9702d,IN,False,False,0
EVT750d112e-8,CUST00038,2026-06-20 00:51:03,login,DEV24933b83,IN,False,False,0
EVTfd8398c3-5,CUST00347,2026-06-20 00:54:44,session_start,DEV96fc734d,IN,False,False,0
EVTd0f7c7b0-1,CUST00520,2026-06-20 00:57:26,login,DEV1d181ee9,IN,False,False,0
EVT59b9222c-1,CUST00149,2026-06-20 01:01:11,login,DEVb0e6a969,IN,False,False,0
EVTf9c3ee05-0,CUST00243,2026-06-20 01:02:29,login,DEVbc10fa52,IN,False,False,0
EVTc02627d1-f,CUST00354,2026-06-20 01:20:24,login,DEV77fc9703,IN,False,False,0
EVT71a3fad2-b,CUST00024,2026-06-20 01:21:17,login,DEV29a3b2e9,IN,False,False,0
EVT8a8a4105-c,CUST00203,2026-06-20 01:38:29,login,DEVa9f25336,IN,False,False,0
EVT6f082598-e,CUST00537,2026-06-20 01:40:05,login,DEVa79b44b6,IN,False,False,0
EVT8aa6b006-4,CUST00279,2026-06-20 01:52:39,session_start,DEV8861fe18,IN,False,False,0
EVT0f3f0f48-5,CUST00144,2026-06-20 01:55:32,login,DEV0b49452d,IN,False,False,0
EVT14c62aba-8,CUST00517,2026-06-20 02:12:46,login,DEVc9d6a63b,IN,False,False,0
EVTac3a812f-7,CUST00059,2026-06-20 02:18:43,login,DEV5fb8d16c,IN,False,False,0
EVT092c4801-6,CUST00192,2026-06-20 02:36:04,otp_request,DEV8dedf9fb,IN,False,False,0
EVTd1e2b878-c,CUST00344,2026-06-20 02:45:45,login,DEV48603b32,IN,False,False,0
EVTbcd2e8eb-3,CUST00264,2026-06-20 03:21:59,login,DEV3d114802,IN,False,False,0
EVT92a593c8-1,CUST00596,2026-06-20 03:45:19,session_start,DEVf758dce2,IN,False,False,0
EVTa0279a18-6,CUST00113,2026-06-20 03:47:34,login,DEV87f7e1fb,IN,False,False,0
EVTc9525185-8,CUST00019,2026-06-20 03:49:47,login,DEV3139d32c,IN,False,False,0
EVT67cbfc39-f,CUST00231,2026-06-20 03:58:58,login,DEVe49d681d,IN,False,False,0
EVT0273be68-e,CUST00517,2026-06-20 04:12:48,login,DEVc9d6a63b,IN,False,False,0
EVT8ff19886-5,CUST00202,2026-06-20 04:34:03,login,DEVa8aa7158,IN,False,False,0
EVT6c8c5d0e-3,CUST00571,2026-06-20 05:00:46,login,DEV284bf962,IN,False,False,0
EVT407c4370-4,CUST00365,2026-06-20 05:05:06,password_reset,DEV7135f221,IN,False,False,0
EVT5bf0e042-b,CUST00381,2026-06-20 05:07:59,login,DEVbb77e34a,IN,True,False,0
EVTc976ec61-a,CUST00568,2026-06-20 05:30:34,login,DEVbdb025ff,IN,False,False,0
EVT15ab7cd2-7,CUST00509,2026-06-20 05:33:03,session_start,DEV8de08fc2,IN,False,False,0
EVTb69f75c5-c,CUST00140,2026-06-20 05:34:40,login,DEVafffcfd2,IN,False,False,0
EVT0a398bf7-2,CUST00209,2026-06-20 05:37:11,login,DEV74962764,IN,False,False,0
EVTa395b867-7,CUST00552,2026-06-20 05:39:00,login,DEVea74bb18,IN,False,False,0
EVT433fca8a-f,CUST00171,2026-06-20 06:02:58,login,DEV19504cc0,IN,True,False,0
EVT23c8afdb-8,CUST00041,2026-06-20 06:16:28,password_reset,DEV956269f0,IN,False,False,0
EVT276732d3-a,CUST00277,2026-06-20 06:39:04,login,DEVce3714af,IN,False,False,0
EVT39d11950-8,CUST00369,2026-06-20 06:41:14,login,DEV5230dfbd,IN,False,False,0
EVT65db6e43-4,CUST00252,2026-06-20 06:44:42,login,DEV6db99102,IN,False,False,0
EVT71305648-a,CUST00495,2026-06-20 06:45:12,password_reset,DEVd56ce8ea,IN,False,False,0
EVTfd9f45f4-0,CUST00430,2026-06-20 06:48:04,otp_request,DEV2a96e1e2,IN,False,False,0
EVTe8fb5a96-3,CUST00237,2026-06-20 06:48:18,login,DEVc51155ff,IN,False,False,0
EVT9ff0f466-c,CUST00506,2026-06-20 06:58:19,login,DEV0cf2b69b,IN,False,False,0
EVT69c165ae-4,CUST00172,2026-06-20 06:59:46,otp_request,DEV11c58ef0,IN,False,False,0
EVTa2ef0f53-8,CUST00506,2026-06-20 07:08:59,login,DEV0cf2b69b,IN,False,False,0
EVTf9a55cf2-a,CUST00201,2026-06-20 07:22:29,login,DEVf5b78cc7,IN,False,False,0
EVT8a257159-3,CUST00395,2026-06-20 07:26:40,login,DEVbf0d073d,IN,False,False,0
EVTa04d4d14-1,CUST00112,2026-06-20 07:37:49,login,DEV7a0ecfea,IN,False,False,0
EVT331f63fb-d,CUST00013,2026-06-20 07:45:31,login,DEV5be6128e,IN,False,False,0
EVT0e5779ec-b,CUST00330,2026-06-20 07:50:39,login,DEV15ce6a66,IN,False,False,0
EVTaa604892-3,CUST00146,2026-06-20 07:52:42,login,DEV295d6fbf,IN,False,False,0
EVT960be0f4-9,CUST00138,2026-06-20 07:57:23,login,DEV27cb6f2a,IN,False,False,0
EVT60042231-3,CUST00288,2026-06-20 07:59:21,login,DEV7701f7bb,IN,False,False,0
EVTa879d8f8-9,CUST00082,2026-06-20 08:00:17,login,DEV839fbc50,IN,False,False,1
EVT0130d66b-9,CUST00244,2026-06-20 08:04:00,login,DEVe5d6f6e6,IN,False,False,0
EVTb5a6571c-4,CUST00163,2026-06-20 08:04:33,login,DEV696608aa,IN,False,False,0
EVTf480b91e-7,CUST00186,2026-06-20 08:07:25,otp_request,DEV3270e4fa,IN,False,False,0
EVT98159d6c-9,CUST00004,2026-06-20 08:57:51,session_start,DEV17fc695a,IN,False,False,0
EVTa93c9413-1,CUST00429,2026-06-20 09:09:23,login,DEVb4323070,IN,False,False,0
EVTbf96abad-e,CUST00534,2026-06-20 09:13:50,login,DEVa44a0d54,VN,True,True,4
EVT567b9583-e,CUST00506,2026-06-20 09:16:49,login,DEV0cf2b69b,IN,False,False,0
EVT7d8f2350-3,CUST00407,2026-06-20 09:16:55,login,DEVdb23aa8c,IN,False,False,0
EVT97fe56c5-4,CUST00042,2026-06-20 09:52:47,login,DEVff50bde4,IN,False,False,0
EVT1f8b4af1-9,CUST00196,2026-06-20 09:55:31,login,DEVd56f0350,IN,False,False,0
EVT47419b48-3,CUST00097,2026-06-20 10:07:39,login,DEVdb20a56e,IN,False,False,0
EVTc1ff9427-9,CUST00547,2026-06-20 10:19:26,login,DEV5f65c8ce,IN,False,False,0
EVT88438de2-5,CUST00106,2026-06-20 11:02:57,login,DEVb253d218,IN,False,False,1
EVT94e17c88-b,CUST00469,2026-06-20 11:17:20,login,DEV3e8e9f65,RU,True,True,3
EVT31cd9f6e-e,CUST00172,2026-06-20 11:23:08,login,DEV11c58ef0,IN,False,False,0
EVT4c6a70f4-8,CUST00046,2026-06-20 11:25:39,login,DEV98ae4334,IN,False,False,0
EVT9def57b4-d,CUST00283,2026-06-20 11:27:44,login,DEV5cb85aed,IN,False,False,0
EVT56cb1ab0-6,CUST00022,2026-06-20 11:31:03,login,DEVddd1dfb2,IN,False,False,0
EVTe6d7e558-9,CUST00050,2026-06-20 11:48:28,login,DEV8b5b73df,IN,True,False,0
EVT6c936f69-8,CUST00352,2026-06-20 11:56:21,otp_request,DEV9854ce4e,IN,False,False,0
EVT58f42098-5,CUST00244,2026-06-20 12:02:07,login,DEVe5d6f6e6,IN,False,False,0
EVTd6c34b19-b,CUST00509,2026-06-20 12:07:52,login,DEV8de08fc2,IN,False,False,0
EVTe94053af-d,CUST00442,2026-06-20 12:10:19,login,DEV8beddb12,IN,False,False,0
EVTf004e897-a,CUST00138,2026-06-20 12:14:57,password_reset,DEV27cb6f2a,IN,False,False,0
EVTf6c8b8b9-d,CUST00225,2026-06-20 12:19:05,login,DEVdc8aee30,IN,False,False,0
EVT95ca788d-d,CUST00197,2026-06-20 12:20:10,login,DEV35ce8841,IN,False,False,0
EVT7e35cb46-7,CUST00117,2026-06-20 12:26:33,login,DEV0b1f7526,RU,True,True,4
EVT9c88f367-c,CUST00399,2026-06-20 12:46:09,login,DEV65ea60d8,VN,True,True,3
EVT20448d4c-c,CUST00368,2026-06-20 12:53:07,login,DEV581d0820,IN,True,False,0
EVT72114575-f,CUST00408,2026-06-20 12:59:40,login,DEV517400f8,IN,False,False,0
EVT2d5f60d9-1,CUST00560,2026-06-20 13:23:19,login,DEVc4767556,IN,False,False,0
EVT79edf2d0-e,CUST00003,2026-06-20 13:35:06,login,DEV7ec4eb39,RU,True,True,3
EVT79dbf407-c,CUST00380,2026-06-20 13:39:16,login,DEV71299889,IN,False,False,0
EVT15956c42-2,CUST00264,2026-06-20 13:54:46,login,DEV3d114802,IN,False,False,0
EVT639c4c6c-2,CUST00241,2026-06-20 14:09:24,login,DEV63d62a39,IN,False,False,0
EVT3f6eed9d-2,CUST00117,2026-06-20 14:15:02,login,DEVf10c718b,IN,False,False,0
EVTbd0b0fa2-8,CUST00206,2026-06-20 14:40:55,password_reset,DEVce7ae7f6,IN,False,False,0
EVTfcc4091b-f,CUST00121,2026-06-20 14:42:17,login,DEV42c18a62,IN,False,False,0
EVT411920f6-d,CUST00257,2026-06-20 14:55:06,login,DEV6bebac31,IN,False,False,0
EVT0614ac41-2,CUST00215,2026-06-20 15:00:40,login,DEV3805f907,IN,False,False,0
EVT1c3892e8-f,CUST00582,2026-06-20 15:02:20,login,DEV3873e57f,IN,False,False,0
EVT12b2102d-9,CUST00060,2026-06-20 15:14:34,device_registration,DEVf4188f3f,IN,False,False,0
EVT3427e466-1,CUST00465,2026-06-20 15:23:21,login,DEV6a5e6920,IN,False,False,0
EVT8991b01a-a,CUST00101,2026-06-20 15:27:24,login,DEV680ac07a,IN,False,False,0
EVT67ce378f-e,CUST00055,2026-06-20 15:44:46,login,DEVf8cda88b,IN,False,False,0
EVT3b41c943-e,CUST00131,2026-06-20 15:44:50,login,DEV702cdd20,IN,False,False,1
EVT257c54bc-4,CUST00203,2026-06-20 15:50:27,session_start,DEVa9f25336,IN,False,False,0
EVT867772d3-e,CUST00445,2026-06-20 15:58:51,login,DEVb0b862ef,IN,False,False,0
EVT38491ecc-8,CUST00217,2026-06-20 16:01:41,login,DEV8eb22579,IN,False,False,0
EVT7bcf2b31-9,CUST00246,2026-06-20 16:26:42,otp_request,DEV638c254c,IN,False,False,0
EVT7a5d7c82-8,CUST00143,2026-06-20 16:26:53,login,DEVa2607723,IN,False,False,0
EVTcaad515c-1,CUST00161,2026-06-20 16:52:13,login,DEV1f0e523d,NG,True,True,3
EVT9a4ffc0c-9,CUST00053,2026-06-20 16:58:10,login,DEV287d06ca,IN,False,False,0
EVTcb68a34e-c,CUST00388,2026-06-20 17:10:45,device_registration,DEV1d0bc9bd,IN,False,False,0
EVT94213090-4,CUST00228,2026-06-20 17:20:33,login,DEV7c0e8cd8,IN,False,False,0
EVT63cd0cb1-a,CUST00108,2026-06-20 17:24:27,login,DEV1eb51009,IN,True,False,0
EVT61af663c-e,CUST00205,2026-06-20 17:42:31,login,DEV3c20592f,IN,False,False,0
EVTabe05b22-1,CUST00560,2026-06-20 17:48:05,otp_request,DEVc4767556,IN,False,False,0
EVT0c754a17-0,CUST00562,2026-06-20 18:03:35,login,DEV9be71737,IN,False,False,0
EVT77d2b94f-1,CUST00282,2026-06-20 18:05:39,login,DEV7d7ddbed,IN,False,False,0
EVTcd14eacb-7,CUST00469,2026-06-20 18:10:51,login,DEVe9ff1cae,IN,False,False,0
EVTc21f84fc-d,CUST00268,2026-06-20 18:12:10,login,DEVf6b751f7,IN,False,False,0
EVT30799b56-5,CUST00532,2026-06-20 18:33:07,login,DEV9fd34579,IN,False,False,0
EVTabdce0da-b,CUST00309,2026-06-20 18:34:32,login,DEV4e7ed827,IN,False,False,0
EVT73253aa3-e,CUST00072,2026-06-20 18:35:49,login,DEVedcd465e,IN,False,False,0
EVT6522e8b9-8,CUST00564,2026-06-20 19:02:58,login,DEV45f50c52,IN,False,False,0
EVT5115d7ee-3,CUST00277,2026-06-20 19:22:23,session_start,DEVce3714af,IN,False,False,0
EVT99e95433-1,CUST00319,2026-06-20 19:41:44,otp_request,DEV0ba6eab9,IN,False,False,1
EVT8e562fbe-7,CUST00471,2026-06-20 19:49:37,login,DEVe88668a4,IN,True,False,0
EVT5b951652-c,CUST00529,2026-06-20 19:51:25,password_reset,DEVb65feea9,IN,False,False,0
EVTb2a7a475-c,CUST00296,2026-06-20 20:01:36,login,DEV4223623b,IN,False,False,0
EVT83666636-6,CUST00165,2026-06-20 20:13:45,login,DEV28c13091,IN,False,False,0
EVT117e894e-9,CUST00422,2026-06-20 20:15:05,login,DEV889b78d5,IN,False,False,0
EVTa754251d-0,CUST00078,2026-06-20 20:19:16,login,DEV29788933,IN,True,False,0
EVTc3aa59ef-e,CUST00557,2026-06-20 20:53:04,login,DEV2c33acb9,RU,True,True,4
EVT8a45a905-b,CUST00152,2026-06-20 20:54:53,otp_request,DEV0ab54bde,IN,False,False,0
EVT3d8925a9-2,CUST00441,2026-06-20 20:57:15,login,DEV771ad655,IN,False,False,0
EVT8de1596c-5,CUST00086,2026-06-20 21:00:46,otp_request,DEV7914c120,IN,False,False,0
EVT71076f2e-0,CUST00464,2026-06-20 21:04:00,login,DEVe8dd5e5a,IN,False,False,0
EVT081fec82-c,CUST00272,2026-06-20 21:09:26,login,DEVe87466d7,IN,False,False,0
EVT11836c4f-2,CUST00116,2026-06-20 21:12:10,login,DEVdca02eec,IN,False,False,0
EVT79db7862-8,CUST00081,2026-06-20 21:17:58,login,DEV080aadfb,IN,False,False,0
EVTcde55848-b,CUST00299,2026-06-20 21:18:51,login,DEV30e912f2,IN,False,False,0
EVTf845846e-f,CUST00522,2026-06-20 21:38:04,login,DEV97fa7f04,IN,False,False,0
EVT136d6cce-a,CUST00543,2026-06-20 21:42:27,login,DEV4140752c,IN,False,False,0
EVT600fc79c-f,CUST00330,2026-06-20 21:54:03,session_start,DEV15ce6a66,IN,False,False,0
EVTb3ecb951-a,CUST00008,2026-06-20 21:55:01,session_start,DEV47378190,IN,False,False,0
EVT937ca77c-b,CUST00236,2026-06-20 22:15:17,password_reset,DEVd5385b0e,IN,False,False,0
EVT8570b59f-a,CUST00067,2026-06-20 22:24:12,login,DEVd0e6e660,IN,False,False,0
EVT638e1388-8,CUST00204,2026-06-20 22:37:44,login,DEV17e8392a,IN,False,False,0
EVT455f8af7-d,CUST00296,2026-06-20 22:54:22,login,DEVd439566a,IN,True,False,0
EVTe0d6e969-4,CUST00516,2026-06-20 23:07:09,login,DEV21bddb41,IN,False,False,0
EVT8f5e248e-b,CUST00348,2026-06-20 23:07:27,login,DEV32a447b2,IN,False,False,0
EVTc572aa5b-5,CUST00597,2026-06-20 23:08:19,password_reset,DEVf296d9f0,IN,False,False,0
EVT5b59f28e-a,CUST00265,2026-06-20 23:09:46,otp_request,DEV1d48a071,IN,False,False,1
EVTa832a228-8,CUST00560,2026-06-20 23:44:53,login,DEVc4767556,IN,False,False,0
EVT2bd7d038-8,CUST00491,2026-06-21 00:15:18,session_start,DEV5efa9c5b,IN,False,False,0
EVT109efb40-8,CUST00321,2026-06-21 00:17:46,login,DEVa34b6cf6,IN,False,False,0
EVT4bed523c-0,CUST00393,2026-06-21 00:21:49,login,DEV74eff545,IN,False,False,0
EVT50d3802d-b,CUST00256,2026-06-21 00:23:02,login,DEV473bd358,IN,False,False,1
EVTa33b3dfd-9,CUST00231,2026-06-21 00:27:47,login,DEVe49d681d,IN,False,False,0
EVTaee7c7a5-8,CUST00280,2026-06-21 00:28:29,login,DEV11a72609,IN,False,False,0
EVT2fb50401-9,CUST00472,2026-06-21 00:29:59,session_start,DEV77e490c7,IN,False,False,0
EVT6928043e-d,CUST00232,2026-06-21 00:31:04,password_reset,DEV269cd696,IN,False,False,0
EVTa6129a1c-8,CUST00074,2026-06-21 00:35:47,login,DEV66245bfa,IN,False,False,0
EVT5f90bed6-f,CUST00020,2026-06-21 00:39:32,otp_request,DEVa9488d99,IN,False,False,0
EVT0075d3d5-b,CUST00147,2026-06-21 00:51:07,login,DEVb4a69f3c,IN,False,False,0
EVT31a3ac4d-8,CUST00000,2026-06-21 01:09:46,login,DEVbdd640fb,IN,False,False,0
EVTb1b9fd9d-d,CUST00419,2026-06-21 01:28:18,login,DEV43d88870,IN,False,False,0
EVT21c4f6d5-9,CUST00587,2026-06-21 02:05:06,login,DEV098bfdfb,NG,True,True,2
EVT62c965b2-7,CUST00119,2026-06-21 02:06:26,login,DEV14fcdd54,IN,False,False,0
EVT1df05d18-4,CUST00101,2026-06-21 02:46:58,login,DEV680ac07a,IN,False,False,0
EVT6a241f46-3,CUST00229,2026-06-21 02:56:43,login,DEV709b7d97,IN,False,False,0
EVTb0a4f557-3,CUST00326,2026-06-21 02:57:54,login,DEV1d34d08e,IN,False,False,0
EVTd0b3d752-b,CUST00197,2026-06-21 03:06:16,session_start,DEV35ce8841,IN,False,False,0
EVT87f3c9a4-c,CUST00438,2026-06-21 03:06:25,login,DEV9549c931,IN,False,False,0
EVT0c90e028-4,CUST00282,2026-06-21 03:45:00,login,DEV7d7ddbed,IN,False,False,0
EVT931414e8-5,CUST00402,2026-06-21 04:11:59,login,DEV7250ee18,IN,False,False,0
EVT7e0f60b2-2,CUST00194,2026-06-21 04:12:49,login,DEVbf85bf0e,IN,False,False,0
EVT660237ed-a,CUST00586,2026-06-21 04:14:12,session_start,DEV1eb74b56,IN,False,False,0
EVTbe006ccb-f,CUST00576,2026-06-21 04:26:05,session_start,DEV716fda0a,IN,False,False,1
EVTee4205ee-a,CUST00101,2026-06-21 04:30:20,password_reset,DEV680ac07a,IN,False,False,0
EVT907276ea-4,CUST00155,2026-06-21 04:38:31,login,DEVae9bec36,IN,False,False,1
EVT1aa67474-e,CUST00286,2026-06-21 04:40:00,login,DEVa6846099,IN,False,False,0
EVT3d0a5f0c-0,CUST00017,2026-06-21 04:55:57,login,DEV4b0dbb41,IN,False,False,0
EVTe3f342a8-f,CUST00283,2026-06-21 04:59:52,login,DEV5cb85aed,IN,False,False,0
EVTc85b811b-1,CUST00527,2026-06-21 05:21:13,login,DEVffa361be,IN,False,False,0
EVT39385322-5,CUST00517,2026-06-21 05:41:56,login,DEV6f6656b4,IN,True,False,0
EVT235b275b-d,CUST00305,2026-06-21 05:42:56,login,DEVa9f948b2,IN,False,False,0
EVT63d69dd8-5,CUST00495,2026-06-21 05:46:30,session_start,DEVd56ce8ea,IN,False,False,0
EVT29529420-0,CUST00515,2026-06-21 05:49:38,login,DEV1c24220e,IN,False,False,0
EVT916efd7b-7,CUST00082,2026-06-21 05:50:58,login,DEVca33dd84,IN,True,False,0
EVTbe332380-b,CUST00595,2026-06-21 05:51:31,session_start,DEV4a1dab32,IN,False,False,0
EVT3aeceaf8-5,CUST00542,2026-06-21 06:10:38,login,DEV50032b35,IN,False,False,0
EVT5ea0c503-3,CUST00537,2026-06-21 06:15:10,login,DEVa79b44b6,IN,False,False,0
EVT6e935615-3,CUST00294,2026-06-21 06:25:53,otp_request,DEV7e8adee7,IN,False,False,0
EVT78ea47e2-c,CUST00484,2026-06-21 06:28:16,session_start,DEV9c2e58de,IN,False,False,0
EVT93364f7e-8,CUST00018,2026-06-21 06:39:54,login,DEVe2acf72f,IN,False,False,0
EVTb3eda8f1-0,CUST00081,2026-06-21 06:41:40,session_start,DEV080aadfb,IN,False,False,0
EVT1e494952-a,CUST00217,2026-06-21 06:53:05,login,DEV8eb22579,IN,False,False,0
EVTf1bb5d9b-7,CUST00579,2026-06-21 06:58:37,otp_request,DEV585d3f86,IN,False,False,0
EVTb546c5c0-d,CUST00401,2026-06-21 07:18:50,login,DEVa8f1e091,IN,False,False,0
EVT23a13e20-7,CUST00090,2026-06-21 07:22:06,session_start,DEVa748dbcf,IN,False,False,0
EVT60a399d4-e,CUST00061,2026-06-21 07:36:55,otp_request,DEVeb2263dd,IN,False,False,0
EVT71414f58-d,CUST00450,2026-06-21 08:02:48,otp_request,DEV059dd55d,IN,False,False,0
EVTaa757eeb-9,CUST00400,2026-06-21 08:21:24,password_reset,DEVd664d264,IN,False,False,0
EVTa7674726-6,CUST00595,2026-06-21 08:34:28,login,DEV4a1dab32,IN,False,False,0
EVTd1cbc092-9,CUST00292,2026-06-21 08:44:46,otp_request,DEVc01f36bf,IN,False,False,0
EVTb8e19f56-8,CUST00079,2026-06-21 08:55:59,session_start,DEV01d74256,IN,False,False,0
EVT3ad24ac8-b,CUST00240,2026-06-21 09:03:01,login,DEVf1578470,IN,False,False,0
EVTd867888b-7,CUST00081,2026-06-21 09:05:57,login,DEV080aadfb,IN,False,False,0
EVTcd4f8b2b-8,CUST00057,2026-06-21 09:07:17,session_start,DEVa013ac6e,IN,False,False,0
EVT25e050f6-b,CUST00397,2026-06-21 09:22:47,login,DEVdabac50d,IN,False,False,0
EVT28ef2f46-f,CUST00316,2026-06-21 09:39:00,login,DEVd52721e7,IN,False,False,0
EVT949077c2-7,CUST00004,2026-06-21 09:40:30,login,DEV17fc695a,IN,False,False,0
EVT9620bee6-6,CUST00122,2026-06-21 09:50:15,login,DEV506e5a9a,IN,False,False,0
EVT2dbb45bd-2,CUST00281,2026-06-21 09:58:26,login,DEV033d2bce,IN,False,False,0
EVT0e18ab96-2,CUST00319,2026-06-21 10:00:43,otp_request,DEV0ba6eab9,IN,False,False,0
EVT69f6a8cb-4,CUST00459,2026-06-21 10:31:54,login,DEVd51878a7,RU,True,True,4
EVT65a4c79b-2,CUST00263,2026-06-21 10:43:50,session_start,DEVd6d7b3b8,IN,False,False,0
EVT0702c1db-d,CUST00352,2026-06-21 10:58:47,login,DEVdfe88339,RU,True,True,2
EVT2b998363-4,CUST00254,2026-06-21 11:01:01,login,DEV23d34fb6,IN,True,False,0
EVT230f1e69-0,CUST00417,2026-06-21 11:09:26,login,DEVdef57689,IN,False,False,1
EVT1b4909b6-5,CUST00238,2026-06-21 11:20:10,login,DEV05000bc6,IN,False,False,0
EVTac93281a-9,CUST00127,2026-06-21 11:31:32,password_reset,DEV19985f15,IN,False,False,0
EVT1bfc270c-8,CUST00312,2026-06-21 11:39:49,login,DEVb0ae8f08,IN,False,False,0
EVT2c913a7c-a,CUST00030,2026-06-21 11:45:47,login,DEVb02b61c4,IN,False,False,0
EVTd61a080a-3,CUST00249,2026-06-21 11:53:34,session_start,DEVfb10987f,IN,False,False,0
EVT408b1ac0-1,CUST00513,2026-06-21 12:18:59,login,DEV00adad8f,IN,True,False,0
EVT20509c62-0,CUST00026,2026-06-21 12:41:13,otp_request,DEVaefcfad8,IN,False,False,0
EVTb5cbe3f5-6,CUST00102,2026-06-21 12:42:12,login,DEVdd59ba71,IN,False,False,0
EVTd4f76322-b,CUST00133,2026-06-21 12:46:37,session_start,DEVce9e1a11,IN,False,False,0
EVT0262bf90-3,CUST00099,2026-06-21 13:01:42,login,DEV5487452b,UNKNOWN,True,True,3
EVT34cd510f-5,CUST00055,2026-06-21 13:14:01,login,DEV8953cabc,IN,True,False,0
EVT24f43c62-b,CUST00070,2026-06-21 13:52:03,session_start,DEV2a45c2ab,IN,False,False,0
EVT9ea6ed4a-0,CUST00279,2026-06-21 14:00:48,login,DEV8861fe18,IN,False,False,0
EVTdcd81a8b-a,CUST00316,2026-06-21 14:14:02,login,DEVd52721e7,IN,False,False,0
EVT639ac771-b,CUST00431,2026-06-21 14:55:58,session_start,DEV0769165f,IN,False,False,0
EVT0f25477d-a,CUST00051,2026-06-21 14:57:42,login,DEVc0398710,IN,False,False,0
EVT141283fb-e,CUST00260,2026-06-21 15:06:00,login,DEV39669fa7,IN,False,False,0
EVTc9ce44bd-7,CUST00112,2026-06-21 15:20:22,login,DEV7a0ecfea,IN,False,False,0
EVTc227e0f2-0,CUST00519,2026-06-21 15:47:23,otp_request,DEV20733f6d,IN,False,False,0
EVT1a115f59-1,CUST00527,2026-06-21 15:53:05,login,DEVffa361be,IN,False,False,0
EVTb89f72f3-2,CUST00010,2026-06-21 15:58:39,session_start,DEV6c307511,IN,False,False,0
EVT6b358d15-5,CUST00381,2026-06-21 16:10:42,login,DEV445dcc38,IN,False,False,0
EVT1b84edc3-d,CUST00038,2026-06-21 16:10:59,session_start,DEV24933b83,IN,False,False,0
EVT236e9007-3,CUST00395,2026-06-21 16:18:07,login,DEVbf0d073d,IN,False,False,0
EVT84aeffbe-a,CUST00524,2026-06-21 16:23:37,login,DEVba2c98ce,IN,False,False,0
EVT93162f53-e,CUST00493,2026-06-21 16:38:32,login,DEV965befdf,IN,False,False,0
EVTf31046dc-6,CUST00026,2026-06-21 16:42:21,password_reset,DEVaefcfad8,IN,False,False,0
EVTb62c09bf-a,CUST00580,2026-06-21 17:02:31,login,DEVad9fb00d,IN,False,False,0
EVTec9a799e-1,CUST00422,2026-06-21 17:07:13,login,DEV889b78d5,IN,False,False,0
EVT0b458c23-e,CUST00335,2026-06-21 17:33:22,session_start,DEV96a9954f,IN,False,False,0
EVTb972393a-5,CUST00278,2026-06-21 17:52:09,password_reset,DEV90e0f4a0,IN,False,False,0
EVTcab285dc-8,CUST00585,2026-06-21 17:52:18,login,DEVc3a00c6f,IN,False,False,0
EVT20156a72-1,CUST00031,2026-06-21 17:56:25,login,DEV5304317f,IN,False,False,0
EVT8fe069b6-e,CUST00049,2026-06-21 17:56:39,login,DEVf143262f,IN,False,False,0
EVT085eb489-4,CUST00103,2026-06-21 18:05:00,login,DEV2a25a888,IN,False,False,0
EVT5ed7d1a6-7,CUST00519,2026-06-21 18:19:50,login,DEV20733f6d,IN,False,False,0
EVT82fce908-1,CUST00497,2026-06-21 18:41:48,login,DEVb0b63bcf,IN,False,False,1
EVTfe43541a-b,CUST00364,2026-06-21 18:47:57,login,DEV2cd94cbb,IN,False,False,0
EVTee0f65a8-2,CUST00095,2026-06-21 19:03:25,login,DEV766ecb15,IN,False,False,0
EVT5a5226e6-9,CUST00019,2026-06-21 19:18:27,login,DEV3139d32c,IN,False,False,0
EVT4ce794d7-e,CUST00473,2026-06-21 19:20:46,login,DEVc1101266,IN,False,False,0
EVT3bca7ff6-7,CUST00589,2026-06-21 19:26:21,login,DEV8f0881ee,IN,False,False,1
EVT65c7fb93-e,CUST00411,2026-06-21 19:36:01,login,DEV0f92b3fb,IN,True,False,0
EVTaee14f87-f,CUST00157,2026-06-21 19:41:54,otp_request,DEVdfed2c43,IN,False,False,0
EVTff4625af-b,CUST00008,2026-06-21 19:45:01,login,DEV47378190,IN,False,False,0
EVT1cce08e9-6,CUST00159,2026-06-21 20:02:15,login,DEV3c9ad14c,IN,False,False,0
EVT35d21dea-e,CUST00537,2026-06-21 20:18:50,login,DEVa79b44b6,IN,False,False,0
EVT802a63cc-4,CUST00581,2026-06-21 20:31:39,login,DEV86e52753,IN,False,False,0
EVT87eb0127-c,CUST00047,2026-06-21 21:05:17,login,DEVc1ed3940,IN,True,False,0
EVT22b5f457-1,CUST00107,2026-06-21 21:11:45,login,DEVc88a618e,IN,False,False,0
EVT35ba5e93-b,CUST00547,2026-06-21 21:17:07,login,DEV5f65c8ce,IN,False,False,0
EVT205f9619-d,CUST00539,2026-06-21 21:27:06,session_start,DEV6e191042,IN,False,False,0
EVT8beb4e78-e,CUST00129,2026-06-21 21:32:31,session_start,DEV5958a499,IN,False,False,0
EVTce4ba2bb-6,CUST00446,2026-06-21 21:38:53,login,DEV4d57d880,IN,False,False,0
EVT6f887f28-3,CUST00000,2026-06-21 21:42:36,login,DEVbdd640fb,IN,False,False,0
EVT06289878-6,CUST00509,2026-06-21 21:57:52,login,DEV8de08fc2,IN,False,False,0
EVT61652fd3-4,CUST00574,2026-06-21 22:09:56,login,DEV27d415b6,IN,False,False,0
EVT2c33350c-7,CUST00029,2026-06-21 22:20:33,login,DEV451b4cf3,IN,False,False,0
EVT26996aab-d,CUST00172,2026-06-21 22:43:57,login,DEV11c58ef0,IN,False,False,0
EVT663b4427-b,CUST00559,2026-06-21 22:51:25,password_reset,DEV6dda4f8d,IN,False,False,0
EVT7b53359e-1,CUST00167,2026-06-21 23:14:34,login,DEV787f2425,IN,False,False,0
EVT2cde9187-d,CUST00243,2026-06-21 23:21:21,login,DEVbc10fa52,IN,False,False,0
EVT0c5921f8-0,CUST00181,2026-06-21 23:28:24,login,DEV1d9af659,IN,False,False,0
EVT8470f6c8-c,CUST00492,2026-06-21 23:31:22,login,DEVb24cc64f,IN,False,False,0
EVT0a58f43c-5,CUST00226,2026-06-21 23:54:01,login,DEVc074718e,IN,False,False,0
EVT701fb3ea-a,CUST00371,2026-06-22 00:02:56,login,DEV7ed70ed7,IN,False,False,0
EVTa5fcd671-1,CUST00351,2026-06-22 00:05:25,login,DEV0f44704f,IN,False,False,0
EVT5c11ab6d-4,CUST00075,2026-06-22 00:11:30,login,DEV5f987c71,IN,False,False,0
EVT07b4e684-8,CUST00549,2026-06-22 00:18:15,login,DEV8fca7b6a,IN,False,False,0
EVTe67093a0-f,CUST00107,2026-06-22 00:36:25,login,DEVc88a618e,IN,False,False,0
EVT7c6166df-5,CUST00221,2026-06-22 00:46:01,login,DEVc1581092,IN,False,False,0
EVT2a064fd2-4,CUST00571,2026-06-22 00:46:51,login,DEV284bf962,IN,False,False,0
EVT0d22af35-b,CUST00317,2026-06-22 00:50:03,session_start,DEV5c62b3a2,IN,False,False,0
EVT5fcc997d-1,CUST00333,2026-06-22 00:50:48,login,DEVc693da11,IN,False,False,0
EVTfee5ce69-3,CUST00112,2026-06-22 00:51:02,login,DEV7a0ecfea,IN,False,False,0
EVT2b2bf58c-6,CUST00223,2026-06-22 01:05:24,login,DEV6d3ee1dc,IN,False,False,0
EVTc680a2e5-6,CUST00495,2026-06-22 01:11:44,login,DEVd56ce8ea,IN,False,False,0
EVT585abefb-d,CUST00048,2026-06-22 01:16:24,login,DEV405cacec,IN,False,False,0
EVT5a1baf0e-5,CUST00100,2026-06-22 01:18:07,session_start,DEVc0e9ab30,IN,False,False,0
EVTb81bda1d-3,CUST00593,2026-06-22 01:22:07,login,DEV5024bdc6,IN,False,False,0
EVTbf519362-4,CUST00049,2026-06-22 01:26:25,session_start,DEVf143262f,IN,False,False,0
EVTc9c23e69-d,CUST00009,2026-06-22 01:27:44,login,DEVc241330b,IN,False,False,0
EVT66c64e18-f,CUST00338,2026-06-22 01:46:03,login,DEV1a9e82f5,UNKNOWN,True,True,3
EVT929daf9f-0,CUST00218,2026-06-22 02:05:02,login,DEV1f115b76,IN,False,False,0
EVTc7688339-2,CUST00249,2026-06-22 02:22:24,login,DEVfb10987f,IN,False,False,0
EVTbbfb1b71-0,CUST00284,2026-06-22 02:34:39,login,DEV75b17a55,IN,False,False,0
EVT29fb832c-c,CUST00315,2026-06-22 02:54:17,login,DEV98c7472a,IN,False,False,0
EVT92811c92-9,CUST00320,2026-06-22 03:02:04,login,DEV4ac9778d,IN,False,False,0
EVT56f401e5-c,CUST00246,2026-06-22 03:08:02,login,DEV638c254c,IN,False,False,0
EVT8121c051-c,CUST00511,2026-06-22 03:08:35,login,DEVc63d04ee,IN,False,False,0
EVT3ef7839f-8,CUST00537,2026-06-22 03:13:32,login,DEVa79b44b6,IN,False,False,0
EVTfd987761-b,CUST00591,2026-06-22 03:43:58,login,DEV54a3e5ae,UNKNOWN,True,True,2
EVT5d71a898-6,CUST00089,2026-06-22 03:56:14,login,DEVdd2467ac,IN,False,False,0
EVTde1d4653-d,CUST00481,2026-06-22 04:08:01,session_start,DEV5f18e583,IN,False,False,0
EVT641e7f8c-4,CUST00557,2026-06-22 04:13:06,login,DEV8e676a01,IN,False,False,0
EVT77cf865f-7,CUST00414,2026-06-22 04:36:49,login,DEV50cca99f,IN,True,False,0
EVTc7774fae-6,CUST00187,2026-06-22 04:40:59,password_reset,DEVf2e9702d,IN,False,False,0
EVT606cc2f5-2,CUST00228,2026-06-22 04:45:52,session_start,DEV7c0e8cd8,IN,False,False,0
EVT774c0afa-7,CUST00075,2026-06-22 04:51:28,login,DEV5f987c71,IN,False,False,0
EVT102f4f5c-5,CUST00376,2026-06-22 04:54:59,login,DEVd32e6dcd,IN,False,False,0
EVTf90fb6e4-e,CUST00306,2026-06-22 05:13:31,login,DEV8db06746,IN,False,False,1
EVT98a547b2-0,CUST00381,2026-06-22 05:16:48,login,DEV445dcc38,IN,False,False,0
EVTcf5c8dd3-d,CUST00476,2026-06-22 05:23:36,password_reset,DEV8eac0a33,IN,False,False,0
EVT66205167-1,CUST00247,2026-06-22 05:32:45,session_start,DEVcc530e36,IN,False,False,0
EVT1b552618-e,CUST00371,2026-06-22 05:51:52,login,DEV7ed70ed7,IN,False,False,0
EVT9cac3d21-a,CUST00455,2026-06-22 05:55:52,login,DEVe726be23,IN,False,False,1
EVTb34c6c73-5,CUST00060,2026-06-22 06:00:21,login,DEVf4188f3f,IN,False,False,0
EVTf42973f5-d,CUST00573,2026-06-22 06:10:31,login,DEV98a21f1c,IN,False,False,0
EVTffc9cf29-7,CUST00361,2026-06-22 06:13:15,login,DEV29c649ec,IN,True,False,0
EVT93d054e4-3,CUST00330,2026-06-22 06:18:12,device_registration,DEV15ce6a66,IN,False,False,0
EVT35a7ac9b-4,CUST00383,2026-06-22 06:44:41,password_reset,DEV7c16128d,IN,False,False,0
EVTc05e5ade-b,CUST00588,2026-06-22 06:48:04,login,DEV88575117,IN,False,False,0
EVT7ea19c4a-7,CUST00199,2026-06-22 06:57:02,login,DEV454c976e,IN,True,False,0
EVT37b567b4-1,CUST00344,2026-06-22 07:03:26,login,DEV48603b32,IN,False,False,0
EVT20d4ba18-9,CUST00252,2026-06-22 07:06:43,login,DEV6db99102,IN,False,False,0
EVT03671560-f,CUST00567,2026-06-22 07:19:30,login,DEVa847bce7,IN,False,False,0
EVT390bde0d-9,CUST00161,2026-06-22 07:25:27,login,DEV2bb47785,IN,True,False,0
EVTe835f080-d,CUST00261,2026-06-22 07:42:33,login,DEVf510ab53,IN,False,False,0
EVTb52f5f46-c,CUST00516,2026-06-22 07:47:00,login,DEV21bddb41,IN,False,False,0
EVTab37ff0a-a,CUST00173,2026-06-22 07:53:22,login,DEV31ccd55c,RU,True,True,3
EVTe24c724b-e,CUST00396,2026-06-22 08:14:20,login,DEV11df12d7,IN,False,False,0
EVTabeb5f49-7,CUST00440,2026-06-22 08:26:23,session_start,DEVaab612c9,IN,False,False,0
EVTde46222e-2,CUST00260,2026-06-22 08:40:06,login,DEV39669fa7,IN,False,False,0
EVT3487246c-2,CUST00335,2026-06-22 08:40:44,otp_request,DEV96a9954f,IN,False,False,0
EVTd7aae31f-6,CUST00471,2026-06-22 09:21:06,login,DEVa8f4c2dc,NG,True,True,3
EVT5cce5ba9-3,CUST00039,2026-06-22 09:23:34,login,DEVbeb79919,IN,False,False,1
EVT89a92af3-a,CUST00558,2026-06-22 09:32:46,otp_request,DEV47503f1d,IN,False,False,0
EVTa29a7e5f-5,CUST00516,2026-06-22 09:53:44,password_reset,DEV21bddb41,IN,False,False,0
EVT7d82e0de-e,CUST00013,2026-06-22 10:05:47,login,DEV922e047f,IN,True,False,0
EVTea163354-a,CUST00092,2026-06-22 10:19:34,otp_request,DEVccf3a171,IN,False,False,0
EVTf3abea0d-5,CUST00102,2026-06-22 10:24:35,login,DEVdd59ba71,IN,False,False,1
EVT42d943ee-5,CUST00151,2026-06-22 10:44:54,login,DEV8d7248e2,IN,False,False,0
EVTf301bb6c-b,CUST00240,2026-06-22 11:29:18,login,DEVf1578470,IN,False,False,0
EVT1ccc33c1-7,CUST00464,2026-06-22 11:56:22,login,DEVe8dd5e5a,IN,False,False,0
EVT3bc5f97f-d,CUST00298,2026-06-22 12:19:20,login,DEV8e485223,IN,False,False,0
EVT07c0d116-a,CUST00034,2026-06-22 13:11:56,password_reset,DEV10f1bc81,IN,False,False,0
EVTc75ff368-5,CUST00417,2026-06-22 13:40:52,password_reset,DEVdef57689,IN,False,False,0
EVT6abb6c41-f,CUST00502,2026-06-22 14:16:31,login,DEV46a02a9b,IN,False,False,0
EVTa589c017-1,CUST00460,2026-06-22 14:35:15,login,DEV702adf3b,RU,True,True,3
EVTe723ada3-8,CUST00058,2026-06-22 15:07:34,login,DEV81f631d4,IN,False,False,0
EVTa5b2c7ea-2,CUST00230,2026-06-22 15:50:07,password_reset,DEV3c07c574,IN,False,False,0
EVT89207bc4-8,CUST00247,2026-06-22 15:53:05,password_reset,DEVcc530e36,IN,False,False,0
EVT396d1ffb-3,CUST00178,2026-06-22 16:22:12,password_reset,DEV09cb3942,IN,False,False,0
EVTaabb6cac-4,CUST00499,2026-06-22 16:36:47,session_start,DEV5cd8fe1a,IN,False,False,0
EVTb6ef2c43-7,CUST00420,2026-06-22 16:44:29,login,DEVf46a9817,IN,True,False,0
EVT53d2f38a-e,CUST00304,2026-06-22 17:12:12,login,DEVcfea3a8f,IN,True,False,0
EVT164b85f0-c,CUST00591,2026-06-22 17:21:41,session_start,DEVbdf66ba5,IN,False,False,0
EVT882ae449-b,CUST00396,2026-06-22 17:25:02,login,DEV11df12d7,IN,False,False,0
EVT8ca33a54-5,CUST00337,2026-06-22 17:34:32,login,DEVf5c9b047,IN,False,False,0
EVTef2ddcc4-8,CUST00014,2026-06-22 17:35:12,login,DEV43b7a3a6,IN,False,False,0
EVTed1d6d27-0,CUST00549,2026-06-22 17:53:44,login,DEV877477ad,IN,True,False,0
EVT52961fb3-4,CUST00145,2026-06-22 18:20:03,login,DEV217d65a0,IN,False,False,1
EVT19f58e82-5,CUST00105,2026-06-22 18:48:53,login,DEV809a794c,IN,True,False,0
EVT18ab202b-d,CUST00351,2026-06-22 18:52:14,login,DEV0be1bd38,UNKNOWN,True,True,3
EVTf33c4c36-9,CUST00428,2026-06-22 19:11:52,login,DEVfa745761,IN,False,False,0
EVT64bb419d-d,CUST00181,2026-06-22 19:16:01,login,DEVb4fc8fdd,VN,True,True,2
EVTa86e45c6-a,CUST00325,2026-06-22 19:16:19,login,DEVe0ad8c81,NG,True,True,2
EVT224a94a5-7,CUST00007,2026-06-22 19:32:09,login,DEV478d365f,IN,True,False,0
EVT2ac38bd3-1,CUST00489,2026-06-22 19:32:49,login,DEV1dba1267,IN,False,False,0
EVT4cdbf99e-e,CUST00574,2026-06-22 19:42:54,device_registration,DEV27d415b6,IN,False,False,0
EVTc1eecd7a-2,CUST00377,2026-06-22 19:50:38,otp_request,DEVde8ede0b,IN,False,False,0
EVT3d0d3ffd-6,CUST00442,2026-06-22 19:53:53,session_start,DEV8beddb12,IN,False,False,0
EVTeaadcb2f-0,CUST00527,2026-06-22 20:05:14,login,DEVffa361be,IN,False,False,0
EVT7f6bf62c-a,CUST00323,2026-06-22 20:13:28,login,DEV48ca7651,IN,False,False,0
EVT581993cc-4,CUST00259,2026-06-22 20:17:10,login,DEV0d557b61,IN,False,False,0
EVTc21c3fb3-a,CUST00150,2026-06-22 20:21:12,session_start,DEV093923de,IN,False,False,1
EVTb43bd27f-4,CUST00028,2026-06-22 20:24:57,login,DEV3eabedcb,IN,False,False,0
EVTd8ef8f09-4,CUST00107,2026-06-22 20:38:22,login,DEV0961b319,IN,True,False,0
EVT3e9639ba-0,CUST00123,2026-06-22 20:40:59,login,DEV21813d25,IN,False,False,0
EVT802b1bf4-b,CUST00314,2026-06-22 20:51:56,login,DEV96ef2ad6,IN,False,False,0
EVT4d980202-3,CUST00571,2026-06-22 20:53:47,otp_request,DEV284bf962,IN,False,False,0
EVTba85e403-6,CUST00409,2026-06-22 20:56:56,login,DEVe9d68f23,IN,False,False,0
EVTb52c4358-d,CUST00467,2026-06-22 21:17:28,otp_request,DEV5da8d6d2,IN,False,False,0
EVTd7b798ec-f,CUST00191,2026-06-22 21:21:18,login,DEVdac5169d,IN,True,False,0
EVT5f5310d7-6,CUST00254,2026-06-22 21:28:09,login,DEV0c2fded5,IN,True,False,0
EVT214dc588-c,CUST00453,2026-06-22 21:31:32,login,DEVf93e08d5,IN,False,False,0
EVT8a0ea57a-9,CUST00235,2026-06-22 21:41:23,session_start,DEV7746d0ba,IN,False,False,0
EVT1027fbf7-3,CUST00376,2026-06-22 22:02:22,login,DEVd32e6dcd,IN,False,False,0
EVT4165964c-0,CUST00300,2026-06-22 22:09:25,login,DEV680bac63,IN,False,False,0
EVTc3b1927b-c,CUST00339,2026-06-22 22:34:25,device_registration,DEV43bfd931,IN,False,False,0
EVT3e612d66-0,CUST00230,2026-06-22 22:35:45,login,DEV3c07c574,IN,False,False,0
EVT45e49a9e-5,CUST00543,2026-06-22 22:37:14,login,DEV4140752c,IN,False,False,0
EVTb0d18df1-4,CUST00484,2026-06-22 22:37:36,login,DEV9c2e58de,IN,False,False,1
EVT047d4bc7-2,CUST00226,2026-06-22 23:04:18,login,DEV663cf258,VN,True,True,2
EVT9ca4364d-5,CUST00238,2026-06-22 23:07:35,login,DEV05000bc6,IN,False,False,0
EVT38e59b27-1,CUST00171,2026-06-22 23:37:08,login,DEV6601ddd0,IN,False,False,0
EVTc60fb252-4,CUST00313,2026-06-22 23:52:33,login,DEVbd1531c8,IN,False,False,0
EVT97feb937-a,CUST00380,2026-06-22 23:59:06,login,DEV71299889,IN,False,False,1
EVT54e14f3a-b,CUST00223,2026-06-23 00:03:37,login,DEV6d3ee1dc,IN,False,False,0
EVT236dd176-d,CUST00185,2026-06-23 00:13:45,login,DEVf0b5156b,IN,False,False,0
EVT8fbba749-5,CUST00167,2026-06-23 00:21:15,session_start,DEV787f2425,IN,False,False,1
EVTa52964ff-c,CUST00026,2026-06-23 00:27:37,login,DEVaefcfad8,IN,False,False,0
EVTdf996726-5,CUST00589,2026-06-23 00:41:24,login,DEV8f0881ee,IN,False,False,0
EVTa5b09024-a,CUST00473,2026-06-23 00:45:25,login,DEVc1101266,IN,False,False,0
EVT440dd09f-c,CUST00586,2026-06-23 00:49:48,login,DEV1eb74b56,IN,False,False,0
EVTa38bbaa4-4,CUST00336,2026-06-23 00:51:44,otp_request,DEV9191b363,IN,False,False,0
EVT5bb8b9c8-8,CUST00135,2026-06-23 01:06:52,login,DEVee87905e,IN,False,False,0
EVT6bd1f826-e,CUST00435,2026-06-23 01:23:10,device_registration,DEV2e183554,IN,False,False,0
EVTf2ce7eeb-4,CUST00176,2026-06-23 01:47:09,session_start,DEVe08596db,IN,False,False,0
EVT8cd74c27-9,CUST00210,2026-06-23 01:51:24,login,DEV935f2b0a,IN,False,False,0
EVT33b70b63-4,CUST00568,2026-06-23 01:51:57,login,DEVbdb025ff,IN,False,False,0
EVTf166cdcf-7,CUST00090,2026-06-23 02:03:36,login,DEVa748dbcf,IN,False,False,0
EVTbcaff931-e,CUST00142,2026-06-23 02:08:06,session_start,DEVe87d1c78,IN,False,False,0
EVTb1c8d50a-1,CUST00503,2026-06-23 02:11:24,login,DEVf2f25eef,IN,False,False,0
EVT1fca0f16-7,CUST00413,2026-06-23 02:48:05,login,DEVf72169bb,IN,False,False,0
EVTbecfa316-c,CUST00456,2026-06-23 02:51:17,login,DEVb9668355,RU,True,True,4
EVT289ac251-5,CUST00273,2026-06-23 02:58:39,otp_request,DEVf1043785,IN,False,False,0
EVT3ae28023-5,CUST00076,2026-06-23 03:02:37,session_start,DEV7394988f,IN,False,False,0
EVTc2e79a98-5,CUST00086,2026-06-23 03:21:33,login,DEV7914c120,IN,False,False,0
EVT3677f5b4-6,CUST00565,2026-06-23 03:31:53,login,DEVebe9e207,IN,False,False,0
EVT893e2b89-d,CUST00238,2026-06-23 03:46:01,login,DEV05000bc6,IN,False,False,0
EVT55cf37ba-e,CUST00316,2026-06-23 03:48:25,login,DEVd52721e7,IN,False,False,1
EVT420079f5-1,CUST00247,2026-06-23 03:51:47,password_reset,DEVcc530e36,IN,False,False,0
EVT64880945-a,CUST00109,2026-06-23 03:53:24,session_start,DEV37bb3eec,IN,False,False,0
EVT49694032-5,CUST00268,2026-06-23 03:53:29,login,DEVf6b751f7,IN,False,False,0
EVTc310d2a2-0,CUST00452,2026-06-23 03:55:13,login,DEVdd750e98,IN,False,False,0
EVT0cf173f9-7,CUST00163,2026-06-23 03:56:04,login,DEV696608aa,IN,False,False,0
EVTe7f1ec14-f,CUST00552,2026-06-23 04:02:00,login,DEV966925ed,IN,True,False,0
EVT5820b3f2-5,CUST00164,2026-06-23 04:09:38,login,DEVbc2cbb0d,IN,False,False,0
EVT075dacd4-2,CUST00458,2026-06-23 04:12:50,login,DEV402913ec,IN,False,False,0
EVTebc1bb52-8,CUST00122,2026-06-23 04:16:30,login,DEV506e5a9a,IN,False,False,0
EVTe0827f76-1,CUST00129,2026-06-23 04:18:54,login,DEV5958a499,IN,False,False,0
EVTb465c027-2,CUST00338,2026-06-23 04:59:28,login,DEVc342bd2b,IN,False,False,0
EVT54170a17-c,CUST00008,2026-06-23 05:10:05,login,DEV47378190,IN,False,False,0
EVT5c3552b3-9,CUST00321,2026-06-23 05:14:28,login,DEVa34b6cf6,IN,False,False,0
EVT0e3141ec-5,CUST00126,2026-06-23 05:14:45,session_start,DEV9f044aed,IN,False,False,0
EVT690a7b80-a,CUST00453,2026-06-23 05:27:12,login,DEVf93e08d5,IN,False,False,0
EVT8bc85d37-0,CUST00544,2026-06-23 05:30:30,session_start,DEVafd380c4,IN,False,False,0
EVT161d5c87-5,CUST00129,2026-06-23 05:42:18,session_start,DEV5958a499,IN,False,False,0
EVTd50cf57e-3,CUST00497,2026-06-23 05:50:59,session_start,DEVb0b63bcf,IN,False,False,0
EVT570e5af5-f,CUST00370,2026-06-23 05:54:35,login,DEV292bd156,IN,False,False,0
EVT189099c9-f,CUST00213,2026-06-23 06:09:19,login,DEVe4855aa1,IN,False,False,0
EVT41e39149-7,CUST00367,2026-06-23 06:22:24,login,DEV2e8139fe,VN,True,True,2
EVTb056fa5a-4,CUST00282,2026-06-23 06:32:52,login,DEV77b299e6,IN,True,False,0
EVT3e16918f-7,CUST00519,2026-06-23 06:32:55,login,DEV84dc5e33,IN,True,False,0
EVTbeed10b6-4,CUST00000,2026-06-23 06:34:24,password_reset,DEVbdd640fb,IN,False,False,0
EVTa9e27ba9-9,CUST00007,2026-06-23 06:40:52,login,DEV6b65a6a4,IN,False,False,0
EVT6511e61a-1,CUST00156,2026-06-23 06:51:23,login,DEV5a8aaeca,IN,False,False,0
EVTefd1b588-1,CUST00263,2026-06-23 06:52:14,login,DEVd6d7b3b8,IN,False,False,0
EVTaf3f9d9a-b,CUST00241,2026-06-23 06:54:50,login,DEV63d62a39,IN,False,False,0
EVTeb1bb47f-4,CUST00524,2026-06-23 07:02:43,login,DEVba2c98ce,IN,False,False,0
EVT21f6c63d-a,CUST00201,2026-06-23 07:03:15,session_start,DEVf5b78cc7,IN,False,False,0
EVT8677b81d-1,CUST00365,2026-06-23 07:06:49,session_start,DEV7135f221,IN,False,False,0
EVT0ce3dcce-0,CUST00429,2026-06-23 07:10:18,login,DEVb9e1aa73,IN,True,False,0
EVT8603156a-1,CUST00019,2026-06-23 07:19:27,login,DEV3139d32c,IN,False,False,1
EVTf1b88d65-4,CUST00088,2026-06-23 07:59:37,session_start,DEV5ab33edf,IN,False,False,0
EVT6b4c2dac-d,CUST00239,2026-06-23 08:28:47,login,DEV8b81ea62,IN,True,False,0
EVT1ba651ed-3,CUST00529,2026-06-23 08:33:10,session_start,DEVb65feea9,IN,False,False,0
EVT1ceb08fe-f,CUST00448,2026-06-23 08:40:54,login,DEV61a11729,IN,False,False,0
EVTa542deb9-2,CUST00223,2026-06-23 08:41:40,login,DEV6d3ee1dc,IN,False,False,0
EVT97ad6a67-2,CUST00234,2026-06-23 08:45:24,login,DEVeea0e30e,IN,True,False,0
EVT6307d4d1-2,CUST00120,2026-06-23 08:46:33,otp_request,DEV90b2b633,IN,False,False,0
EVTcc8a6796-7,CUST00487,2026-06-23 08:55:32,otp_request,DEV1dde7969,IN,False,False,0
EVT9997496b-c,CUST00526,2026-06-23 08:57:53,login,DEVa4b1f991,IN,False,False,0
EVT3f46057b-7,CUST00273,2026-06-23 09:02:14,session_start,DEVf1043785,IN,False,False,0
EVTcbf925b5-6,CUST00217,2026-06-23 09:03:48,login,DEV8eb22579,IN,False,False,1
EVT1f737931-b,CUST00502,2026-06-23 09:19:08,login,DEVc88736e9,NG,True,True,3
EVT1139fa12-3,CUST00064,2026-06-23 09:43:02,login,DEVce88cb2d,IN,False,False,0
EVT6f8ef978-5,CUST00463,2026-06-23 09:43:16,login,DEV5d678bb1,IN,False,False,0
EVTc30dcc74-0,CUST00573,2026-06-23 09:51:38,login,DEV98a21f1c,IN,False,False,0
EVTa1726883-d,CUST00256,2026-06-23 09:52:37,password_reset,DEV473bd358,IN,False,False,0
EVTa5b40983-3,CUST00139,2026-06-23 10:21:00,session_start,DEV35ebd32d,IN,False,False,0
EVT65bf8e04-a,CUST00238,2026-06-23 10:26:09,login,DEV05000bc6,IN,False,False,0
EVT66a4372a-9,CUST00154,2026-06-23 10:28:58,login,DEV5a6d4596,IN,True,False,0
EVT3f5e3b8c-c,CUST00104,2026-06-23 10:54:00,login,DEV63f2ae24,IN,False,False,0
EVT68e5c8cd-b,CUST00183,2026-06-23 10:54:37,device_registration,DEV6fa17735,IN,False,False,0
EVTdfb44eef-7,CUST00507,2026-06-23 11:11:31,login,DEVda69aa76,IN,True,False,0
EVT34879e41-1,CUST00131,2026-06-23 11:16:44,login,DEV702cdd20,IN,False,False,0
EVTd5dbcbee-c,CUST00563,2026-06-23 11:21:06,login,DEVb18753e6,IN,False,False,0
EVTdf69a560-9,CUST00570,2026-06-23 11:26:34,login,DEV604e46cb,IN,False,False,0
EVT752caa97-b,CUST00502,2026-06-23 11:46:02,password_reset,DEV46a02a9b,IN,False,False,0
EVT13ad3ead-8,CUST00356,2026-06-23 11:51:36,login,DEV8a3c3b5e,IN,False,False,0
EVTf090f5a0-c,CUST00080,2026-06-23 11:57:11,login,DEV0f1259e0,IN,False,False,0
EVTad409244-c,CUST00185,2026-06-23 12:10:55,session_start,DEVf0b5156b,IN,False,False,1
EVT5422ea97-e,CUST00466,2026-06-23 12:28:47,login,DEVc958e75e,IN,False,False,0
EVT95831d58-e,CUST00076,2026-06-23 12:31:12,login,DEV7394988f,IN,False,False,0
EVTff69723d-5,CUST00093,2026-06-23 12:34:25,device_registration,DEV310c0c00,IN,False,False,0
EVTfe7b178d-f,CUST00404,2026-06-23 12:45:37,session_start,DEV6090d697,IN,False,False,0
EVT2e740569-5,CUST00510,2026-06-23 13:01:08,login,DEVd0243d72,IN,False,False,0
EVT8dd7e052-4,CUST00512,2026-06-23 13:06:42,login,DEV989240ac,IN,False,False,0
EVT5e1b015f-6,CUST00454,2026-06-23 13:06:53,login,DEVbec39a37,IN,False,False,0
EVTbf4113cb-3,CUST00385,2026-06-23 13:19:11,login,DEVb5b453ca,IN,False,False,0
EVTe6f8dac3-b,CUST00558,2026-06-23 13:23:04,otp_request,DEV47503f1d,IN,False,False,0
EVT16c72b1a-e,CUST00456,2026-06-23 13:32:46,password_reset,DEV3ae909fe,IN,False,False,0
EVTeea00af9-6,CUST00577,2026-06-23 13:35:10,session_start,DEV9b69554d,IN,False,False,0
EVT43a534d2-8,CUST00208,2026-06-23 14:01:35,login,DEV9c7c7377,IN,False,False,0
EVTea8104ad-7,CUST00418,2026-06-23 14:12:16,login,DEV1327f1bc,IN,False,False,0
EVTfabb6609-7,CUST00367,2026-06-23 14:20:03,password_reset,DEVd0725b5c,IN,False,False,0
EVT1519830c-4,CUST00113,2026-06-23 14:37:11,login,DEV87f7e1fb,IN,False,False,0
EVT5fb8944d-d,CUST00163,2026-06-23 14:39:25,login,DEV696608aa,IN,False,False,0
EVT96bfbee0-0,CUST00242,2026-06-23 14:46:19,login,DEV45bbfb02,BR,True,True,2
EVTfef7d9ea-7,CUST00037,2026-06-23 15:40:47,login,DEVe27a984d,IN,False,False,0
EVT0ab74b5d-f,CUST00585,2026-06-23 15:42:11,session_start,DEVc3a00c6f,IN,False,False,1
EVT000cd21a-6,CUST00289,2026-06-23 15:47:20,login,DEV97ac6aa8,IN,False,False,0
EVT768b4f7e-6,CUST00093,2026-06-23 15:54:47,session_start,DEV310c0c00,IN,False,False,0
EVTc5efd670-1,CUST00446,2026-06-23 16:03:22,session_start,DEV4d57d880,IN,False,False,0
EVT17e52113-4,CUST00112,2026-06-23 16:04:16,login,DEV7a0ecfea,IN,False,False,1
EVT62821d61-3,CUST00273,2026-06-23 16:05:49,login,DEVf1043785,IN,False,False,1
EVTd284b528-b,CUST00291,2026-06-23 16:17:26,session_start,DEV4767d76c,IN,False,False,0
EVT2d798f3e-8,CUST00552,2026-06-23 16:22:44,login,DEVea74bb18,IN,False,False,0
EVT6906d118-6,CUST00441,2026-06-23 16:26:49,login,DEV771ad655,IN,False,False,0
EVTaaf78c67-5,CUST00029,2026-06-23 16:32:30,login,DEV451b4cf3,IN,False,False,0
EVTf8ed8b6a-4,CUST00020,2026-06-23 16:34:31,login,DEVdfe9a6ee,RU,True,True,3
EVT054046cc-1,CUST00469,2026-06-23 16:43:51,login,DEVe9ff1cae,IN,False,False,0
EVTcbc72f1a-c,CUST00098,2026-06-23 16:49:17,login,DEVa6f2f7b8,IN,False,False,0
EVT82e89b5e-4,CUST00291,2026-06-23 17:03:20,login,DEV1cd6cf0d,BR,True,True,2
EVT2f4cfefb-f,CUST00366,2026-06-23 17:10:11,login,DEVff37d19c,IN,False,False,0
EVT096b7724-5,CUST00520,2026-06-23 17:25:40,login,DEV1d181ee9,IN,False,False,0
EVTe39836bb-e,CUST00064,2026-06-23 17:35:06,otp_request,DEVce88cb2d,IN,False,False,1
EVTff4c96d6-7,CUST00029,2026-06-23 17:39:38,login,DEV451b4cf3,IN,False,False,0
EVTa0ee404f-9,CUST00319,2026-06-23 17:45:57,otp_request,DEV0ba6eab9,IN,False,False,0
EVTbb63721d-1,CUST00498,2026-06-23 17:50:59,login,DEV71d79665,IN,False,False,0
EVTc4b27b21-b,CUST00535,2026-06-23 17:51:03,login,DEV816bcb9f,IN,False,False,0
EVT7ee667de-d,CUST00480,2026-06-23 17:57:10,login,DEV618ae305,IN,False,False,0
EVTf8cbab4c-9,CUST00129,2026-06-23 18:12:10,login,DEV5958a499,IN,False,False,0
EVT4e7674e9-c,CUST00400,2026-06-23 18:14:10,login,DEVd664d264,IN,False,False,0
EVT1eece891-5,CUST00376,2026-06-23 18:15:05,login,DEVd32e6dcd,IN,False,False,0
EVT7b874b4a-c,CUST00292,2026-06-23 18:20:45,login,DEVc01f36bf,IN,False,False,0
EVT24aa5685-7,CUST00173,2026-06-23 18:35:26,login,DEV59e4b671,IN,False,False,0
EVTd91738f8-0,CUST00251,2026-06-23 18:51:40,login,DEVa9ba5a27,IN,False,False,1
EVT7f843004-c,CUST00466,2026-06-23 18:52:01,login,DEVc958e75e,IN,False,False,0
EVT37c6bc5d-1,CUST00418,2026-06-23 19:33:33,login,DEV1327f1bc,IN,False,False,0
EVT481186e9-1,CUST00217,2026-06-23 19:37:50,login,DEV8eb22579,IN,False,False,0
EVT9df034d3-9,CUST00307,2026-06-23 19:40:10,login,DEVff233d5f,IN,False,False,0
EVT65022273-a,CUST00024,2026-06-23 19:52:08,login,DEV1f1d1b20,IN,True,False,0
EVTa7939a2e-3,CUST00192,2026-06-23 19:57:44,login,DEV8dedf9fb,IN,False,False,0
EVTb3da5808-7,CUST00285,2026-06-23 20:04:47,session_start,DEV2d174fc9,IN,False,False,0
EVT93e0f235-4,CUST00239,2026-06-23 20:21:49,otp_request,DEV9360715f,IN,False,False,0
EVTf6ff3521-c,CUST00159,2026-06-23 20:25:48,login,DEV3c9ad14c,IN,False,False,0
EVTe9aa144b-9,CUST00079,2026-06-23 21:12:55,login,DEV01d74256,IN,False,False,0
EVT87beb021-f,CUST00363,2026-06-23 21:33:10,login,DEV9384ec2b,IN,False,False,0
EVT901bcdef-b,CUST00042,2026-06-23 22:01:51,password_reset,DEVff50bde4,IN,False,False,0
EVTc09cb506-4,CUST00011,2026-06-23 22:04:14,login,DEV371ecd7b,IN,False,False,0
EVT28de68ab-a,CUST00439,2026-06-23 22:15:42,login,DEV352b6689,IN,True,False,0
EVT5fa8c28a-c,CUST00287,2026-06-23 22:21:31,login,DEVa830b0ba,IN,True,False,0
EVTb5103e9c-8,CUST00315,2026-06-23 22:24:21,login,DEV98c7472a,IN,False,False,0
EVTfe7c80e9-a,CUST00140,2026-06-23 22:46:06,login,DEVafffcfd2,IN,False,False,0
EVTd7b73862-b,CUST00557,2026-06-23 22:49:21,login,DEV8e676a01,IN,False,False,0
EVT147f0413-b,CUST00354,2026-06-23 23:08:13,login,DEV77fc9703,IN,False,False,0
EVT011bb348-8,CUST00422,2026-06-23 23:19:40,password_reset,DEV889b78d5,IN,False,False,0
EVTb8f0188e-f,CUST00075,2026-06-23 23:23:21,login,DEV5f987c71,IN,False,False,0
EVT77ed78d9-a,CUST00483,2026-06-23 23:30:49,login,DEVf1738856,IN,False,False,0
EVT6cb96a2c-d,CUST00427,2026-06-23 23:34:34,login,DEV3a3c8a71,IN,False,False,0
EVTa07eafb1-0,CUST00214,2026-06-23 23:35:23,password_reset,DEVe2add909,IN,False,False,0
EVT4c4b52aa-0,CUST00510,2026-06-23 23:35:53,session_start,DEVd0243d72,IN,False,False,0
EVT73dd3bc6-d,CUST00204,2026-06-23 23:40:49,login,DEV17e8392a,IN,False,False,0
EVT1db14bfc-6,CUST00123,2026-06-23 23:43:02,login,DEV21813d25,IN,False,False,0
EVTf2a45575-e,CUST00502,2026-06-23 23:44:03,login,DEV46a02a9b,IN,False,False,0
EVTacef45c4-d,CUST00204,2026-06-23 23:44:44,password_reset,DEV17e8392a,IN,False,False,1
EVTeb053fc4-1,CUST00080,2026-06-23 23:50:37,login,DEV0f1259e0,IN,False,False,0
EVTcb881c32-c,CUST00090,2026-06-24 00:01:56,session_start,DEVa748dbcf,IN,False,False,0
EVT7e7838c9-c,CUST00030,2026-06-24 00:04:03,otp_request,DEVb02b61c4,IN,False,False,1
EVTfdf48930-a,CUST00570,2026-06-24 00:04:10,login,DEV604e46cb,IN,False,False,0
EVT7279101c-9,CUST00346,2026-06-24 00:21:42,login,DEV43b9da13,IN,False,False,0
EVT9ceab67b-b,CUST00422,2026-06-24 00:34:43,login,DEV889b78d5,IN,False,False,0
EVT1bad52a8-a,CUST00180,2026-06-24 00:43:46,login,DEV6fb78271,IN,False,False,0
EVT3737cc38-1,CUST00409,2026-06-24 00:54:27,login,DEVe9d68f23,IN,False,False,0
EVT80cfb1db-1,CUST00245,2026-06-24 01:01:38,login,DEV45df16b6,IN,False,False,0
EVT2747b93c-9,CUST00027,2026-06-24 01:06:35,login,DEVa28defe3,IN,False,False,0
EVT3c64b7e5-5,CUST00422,2026-06-24 01:32:09,login,DEVa5c3a0a9,IN,True,False,0
EVTf82c6ad8-5,CUST00436,2026-06-24 01:52:40,login,DEV9c07a751,IN,False,False,0
EVTa888e7af-f,CUST00590,2026-06-24 02:06:55,login,DEV5aaab32f,IN,False,False,0
EVTf5c9f459-9,CUST00329,2026-06-24 02:50:01,login,DEVcfa701cd,IN,False,False,0
EVT462741ec-0,CUST00451,2026-06-24 02:55:27,login,DEV6553867d,IN,False,False,0
EVT1e5ebe54-5,CUST00061,2026-06-24 02:59:05,login,DEVeb2263dd,IN,False,False,0
EVT2eeaf8b3-f,CUST00271,2026-06-24 03:12:01,login,DEV00f899de,IN,True,False,0
EVT3aad5840-3,CUST00248,2026-06-24 03:16:45,login,DEVd72b6108,IN,False,False,0
EVTbcd4344f-c,CUST00105,2026-06-24 03:23:42,login,DEVc8fe3ccd,IN,False,False,0
EVT5bd93609-b,CUST00143,2026-06-24 03:30:24,password_reset,DEVa2607723,IN,False,False,0
EVT0eaf04b5-f,CUST00025,2026-06-24 03:47:18,login,DEVab9099a4,IN,False,False,1
EVT233e84ac-3,CUST00529,2026-06-24 03:47:46,login,DEVb65feea9,IN,False,False,0
EVT1723ecdb-b,CUST00164,2026-06-24 04:00:52,login,DEVbc2cbb0d,IN,False,False,0
EVTe0b4659a-0,CUST00234,2026-06-24 04:03:50,login,DEV6a34c854,IN,False,False,0
EVTb86d066b-1,CUST00149,2026-06-24 04:10:37,login,DEVb0e6a969,IN,False,False,0
EVT3d44cb2c-e,CUST00073,2026-06-24 04:31:26,login,DEVb09b2a5c,IN,False,False,0
EVTf3402dd3-4,CUST00308,2026-06-24 04:35:25,login,DEV5a104129,IN,False,False,0
EVTc355853e-b,CUST00420,2026-06-24 04:47:44,login,DEV65c17795,IN,False,False,0
EVT2bf23fc0-7,CUST00278,2026-06-24 04:48:41,login,DEV34460c61,IN,True,False,0
EVTd8d994b8-d,CUST00118,2026-06-24 04:57:09,login,DEV94340a03,IN,False,False,0
EVT19664504-6,CUST00339,2026-06-24 05:06:05,login,DEV0cdddf92,IN,True,False,0
EVT44296ca2-1,CUST00296,2026-06-24 05:12:58,login,DEV4223623b,IN,False,False,0
EVT8ece1128-5,CUST00040,2026-06-24 05:25:56,password_reset,DEVbf3c4c06,IN,False,False,0
EVT421becca-0,CUST00367,2026-06-24 05:30:27,login,DEVd0725b5c,IN,False,False,1
EVTb4f136fc-f,CUST00323,2026-06-24 05:42:32,login,DEV48ca7651,IN,False,False,0
EVTa60147c3-4,CUST00270,2026-06-24 05:58:34,login,DEV4fa03f26,IN,False,False,0
EVTf387e1bd-2,CUST00002,2026-06-24 06:00:59,login,DEVbd9c66b3,IN,False,False,0
EVTbaedb7ab-9,CUST00256,2026-06-24 06:01:15,login,DEV26a97770,IN,True,False,0
EVTe4aa786d-9,CUST00151,2026-06-24 06:03:48,session_start,DEV8d7248e2,IN,False,False,0
EVT667ae277-3,CUST00535,2026-06-24 06:08:00,login,DEV816bcb9f,IN,False,False,1
EVTa9c3640d-e,CUST00465,2026-06-24 06:17:47,login,DEV6a5e6920,IN,False,False,0
EVT17ec889c-8,CUST00008,2026-06-24 06:23:33,session_start,DEV47378190,IN,False,False,0
EVT9d3616a1-0,CUST00139,2026-06-24 06:23:52,otp_request,DEV35ebd32d,IN,False,False,0
EVTa203b5c1-5,CUST00238,2026-06-24 06:33:56,login,DEVaa68a301,IN,True,False,0
EVT0bc57207-3,CUST00127,2026-06-24 06:46:38,login,DEV19985f15,IN,False,False,0
EVT76733597-7,CUST00557,2026-06-24 07:20:01,password_reset,DEV8e676a01,IN,False,False,0
EVT10372a5c-b,CUST00279,2026-06-24 07:28:02,password_reset,DEV8861fe18,IN,False,False,0
EVT1ce62a9f-7,CUST00341,2026-06-24 07:30:11,device_registration,DEV2812859a,IN,False,False,0
EVT9ea56510-4,CUST00423,2026-06-24 07:49:41,login,DEV15f3f9e1,IN,True,False,0
EVT9a7fde23-a,CUST00469,2026-06-24 07:58:08,login,DEVe9ff1cae,IN,False,False,0
EVT0ac33b9c-3,CUST00337,2026-06-24 08:06:03,login,DEV50d8929c,UNKNOWN,True,True,3
EVT3be79df4-7,CUST00011,2026-06-24 08:13:05,login,DEV371ecd7b,IN,False,False,0
EVT74017bb3-c,CUST00384,2026-06-24 08:30:17,login,DEVa14923c2,IN,False,False,0
EVT286e3f0a-d,CUST00558,2026-06-24 09:26:23,login,DEV47503f1d,IN,False,False,0
EVT294a8a71-b,CUST00290,2026-06-24 09:33:00,login,DEV8b41bcd9,VN,True,True,4
EVT381487da-2,CUST00081,2026-06-24 09:51:51,login,DEV688cce17,IN,True,False,0
EVTf42323d9-1,CUST00570,2026-06-24 09:56:33,login,DEV604e46cb,IN,False,False,0
EVT26fb0b0c-a,CUST00442,2026-06-24 10:14:56,login,DEVaf7da5d4,IN,True,False,0
EVTd3f4a49b-3,CUST00049,2026-06-24 10:48:03,otp_request,DEVf143262f,IN,False,False,0
EVTc9e55c47-a,CUST00247,2026-06-24 10:52:43,login,DEVcc530e36,IN,False,False,0
EVT8f942977-b,CUST00464,2026-06-24 11:04:00,password_reset,DEVe8dd5e5a,IN,False,False,0
EVT2dc09158-7,CUST00239,2026-06-24 11:12:34,login,DEV9360715f,IN,False,False,1
EVT527a9f7b-d,CUST00589,2026-06-24 11:14:30,login,DEV8f0881ee,IN,False,False,0
EVT35c606b5-4,CUST00219,2026-06-24 11:29:11,otp_request,DEV76f2dbfe,IN,False,False,0
EVTc1b5b5ca-b,CUST00020,2026-06-24 11:48:58,login,DEVa9488d99,IN,False,False,0
EVT51397c06-a,CUST00146,2026-06-24 11:50:21,login,DEV295d6fbf,IN,False,False,0
EVT18a440bd-1,CUST00280,2026-06-24 12:14:08,login,DEV11a72609,IN,False,False,0
EVT05e71b68-0,CUST00367,2026-06-24 12:14:18,login,DEVd7561954,IN,True,False,0
EVTec1a86d3-5,CUST00329,2026-06-24 12:42:34,login,DEVcfa701cd,IN,False,False,0
EVT7b6c7129-c,CUST00236,2026-06-24 12:51:02,login,DEVd5385b0e,IN,False,False,0
EVT0e165b12-9,CUST00123,2026-06-24 12:52:01,password_reset,DEV21813d25,IN,False,False,0
EVT7249f62c-0,CUST00065,2026-06-24 13:18:50,session_start,DEV3da9c2a9,IN,False,False,0
EVT836b47c3-7,CUST00480,2026-06-24 13:22:06,login,DEV618ae305,IN,False,False,0
EVT67e54646-8,CUST00228,2026-06-24 13:22:57,login,DEV7c0e8cd8,IN,False,False,0
EVTb8943df8-c,CUST00372,2026-06-24 13:48:06,login,DEV668409e3,IN,False,False,0
EVT91b8ff07-e,CUST00556,2026-06-24 13:49:37,login,DEVd8e7012f,IN,False,False,0
EVT16718639-f,CUST00322,2026-06-24 14:18:40,login,DEV1a432f0a,IN,False,False,0
EVT2803feb5-d,CUST00432,2026-06-24 14:20:48,session_start,DEV0e5dd462,IN,False,False,0
EVT2294fa0a-8,CUST00289,2026-06-24 14:45:39,otp_request,DEV97ac6aa8,IN,False,False,0
EVTe645bb00-d,CUST00511,2026-06-24 14:53:56,login,DEVc63d04ee,IN,False,False,0
EVT627ca9f7-7,CUST00353,2026-06-24 15:01:44,otp_request,DEVebd34616,IN,False,False,0
EVTec8be537-5,CUST00049,2026-06-24 15:29:18,login,DEVf143262f,IN,False,False,0
EVTb69aca1e-9,CUST00529,2026-06-24 15:47:36,login,DEVb65feea9,IN,False,False,0
EVTfde91c42-0,CUST00112,2026-06-24 15:53:19,login,DEV7a0ecfea,IN,False,False,0
EVT2a329b37-5,CUST00574,2026-06-24 16:05:05,login,DEV60b97459,IN,True,False,0
EVTf80443ee-c,CUST00308,2026-06-24 16:26:23,login,DEV5a104129,IN,False,False,0
EVT92a54d04-f,CUST00147,2026-06-24 16:28:30,login,DEVb4a69f3c,IN,False,False,0
EVT89d8953b-8,CUST00337,2026-06-24 16:29:32,login,DEVb8cf3f6a,IN,True,False,0
EVT311f5d4a-c,CUST00583,2026-06-24 16:34:36,login,DEV0e0630cd,IN,False,False,0
EVT8be15610-b,CUST00314,2026-06-24 16:52:53,login,DEV96ef2ad6,IN,False,False,0
EVT40fea948-d,CUST00160,2026-06-24 17:11:22,login,DEVb5bef85b,IN,True,False,0
EVTabf2b369-5,CUST00444,2026-06-24 17:11:48,device_registration,DEV4c955f6a,IN,False,False,0
EVTbc2e2b59-2,CUST00207,2026-06-24 17:29:01,login,DEV0bd4a990,IN,False,False,0
EVT13106665-a,CUST00207,2026-06-24 17:34:42,login,DEV0bd4a990,IN,False,False,0
EVTf204be89-4,CUST00036,2026-06-24 17:42:17,login,DEV366eb16f,IN,False,False,0
EVTa7087280-3,CUST00305,2026-06-24 18:02:55,session_start,DEVa9f948b2,IN,False,False,0
EVT9ec5405d-c,CUST00279,2026-06-24 18:11:12,session_start,DEV8861fe18,IN,False,False,0
EVT2518ec09-e,CUST00448,2026-06-24 18:26:12,login,DEV61a11729,IN,False,False,0
EVT0097d5f0-f,CUST00039,2026-06-24 18:30:12,login,DEVf889c78a,BR,True,True,2
EVT850a48d4-4,CUST00158,2026-06-24 18:39:39,login,DEVbfddc3d9,IN,False,False,0
EVTc4bd338e-1,CUST00321,2026-06-24 18:39:40,login,DEVa34b6cf6,IN,False,False,0
EVTe83cdff9-7,CUST00374,2026-06-24 18:43:28,login,DEV409d3602,IN,False,False,0
EVTd5e4157d-2,CUST00410,2026-06-24 18:46:21,login,DEVfd08b32c,IN,False,False,0
EVTcd693dab-e,CUST00527,2026-06-24 18:52:03,session_start,DEVffa361be,IN,False,False,0
EVTcb53f0be-5,CUST00283,2026-06-24 19:02:02,login,DEV5cb85aed,IN,False,False,0
EVTc4502052-8,CUST00466,2026-06-24 19:05:43,otp_request,DEVc958e75e,IN,False,False,0
EVTd65e59dd-e,CUST00005,2026-06-24 19:23:27,login,DEV9a1de644,IN,False,False,0
EVTc81a5f0f-1,CUST00488,2026-06-24 19:32:59,login,DEV0986bbeb,IN,False,False,0
EVT073bca43-a,CUST00578,2026-06-24 20:07:50,otp_request,DEV372f871a,IN,False,False,0
EVT3f87dfc2-1,CUST00118,2026-06-24 21:02:44,login,DEV94340a03,IN,False,False,0
EVTbfb8abb9-a,CUST00266,2026-06-24 21:20:05,login,DEV770c7798,IN,False,False,0
EVT94047909-d,CUST00437,2026-06-24 21:26:45,login,DEVaee1e86b,IN,False,False,0
EVTd97e8d3c-0,CUST00224,2026-06-24 21:49:59,login,DEV722764e6,IN,False,False,0
EVTc7610e83-8,CUST00501,2026-06-24 22:02:14,login,DEVa5135ea0,IN,False,False,0
EVTa61f0b96-e,CUST00113,2026-06-24 22:08:27,login,DEV87f7e1fb,IN,False,False,0
EVT1a354475-8,CUST00337,2026-06-24 22:19:02,password_reset,DEVf5c9b047,IN,False,False,0
EVT7df37378-9,CUST00270,2026-06-24 22:23:21,login,DEV4fa03f26,IN,False,False,0
EVTa51e01ad-7,CUST00344,2026-06-24 22:29:09,password_reset,DEV48603b32,IN,False,False,0
EVT2ad55c0b-6,CUST00262,2026-06-24 22:34:14,login,DEV07f194f9,IN,False,False,0
EVT76e5ae78-7,CUST00035,2026-06-24 22:45:23,login,DEV9132b63e,IN,False,False,0
EVTb4157cea-0,CUST00143,2026-06-24 22:49:50,session_start,DEVa2607723,IN,False,False,0
EVT4c7f03bb-a,CUST00274,2026-06-24 22:57:38,password_reset,DEV9793b9b4,IN,False,False,0
EVTb3cbc1c4-4,CUST00212,2026-06-24 23:11:02,login,DEV759f52c9,IN,True,False,0
EVT15fa9483-f,CUST00093,2026-06-24 23:18:13,login,DEV310c0c00,IN,False,False,0
EVT0dfabe46-d,CUST00531,2026-06-24 23:21:51,login,DEV25f934bf,IN,False,False,0
EVT1be00f8e-0,CUST00320,2026-06-24 23:32:32,session_start,DEV4ac9778d,IN,False,False,0
EVT4d25d614-5,CUST00384,2026-06-24 23:38:27,login,DEV5905fd87,BR,True,True,3
EVTe214d458-f,CUST00396,2026-06-24 23:39:25,login,DEV11df12d7,IN,False,False,0
EVT2c56e0cd-a,CUST00165,2026-06-24 23:57:54,login,DEV28c13091,IN,False,False,0
EVTc5285425-c,CUST00134,2026-06-24 23:59:37,session_start,DEVaaf91531,IN,False,False,0
EVT16c8e3d7-a,CUST00183,2026-06-25 00:02:41,login,DEV6fa17735,IN,False,False,0
EVT8e4c3ab5-6,CUST00068,2026-06-25 00:06:43,login,DEV885f6e66,IN,False,False,0
EVT5f9cb7e0-6,CUST00386,2026-06-25 00:12:20,login,DEV03802b70,IN,False,False,0
EVTcb5d2b59-2,CUST00274,2026-06-25 00:17:58,login,DEV9793b9b4,IN,False,False,0
EVTeb3cc270-e,CUST00557,2026-06-25 00:18:30,session_start,DEV8e676a01,IN,False,False,0
EVT490ccf97-2,CUST00510,2026-06-25 00:21:18,login,DEVd0243d72,IN,False,False,0
EVT5f13e10b-f,CUST00272,2026-06-25 00:32:18,login,DEVe87466d7,IN,False,False,0
EVT0328c136-6,CUST00087,2026-06-25 00:38:07,login,DEV1825bc54,IN,False,False,0
EVTdcad8ec2-9,CUST00246,2026-06-25 00:38:32,login,DEV638c254c,IN,False,False,0
EVT4998ef25-e,CUST00279,2026-06-25 00:48:22,login,DEV63ce0666,IN,True,False,0
EVT3948fe22-0,CUST00165,2026-06-25 00:48:31,otp_request,DEV28c13091,IN,False,False,0
EVT426cd241-2,CUST00002,2026-06-25 00:55:15,login,DEVf60ad0a3,IN,True,False,0
EVT380cc838-2,CUST00536,2026-06-25 00:55:26,login,DEVcb08587d,IN,False,False,0
EVTe13f8740-b,CUST00496,2026-06-25 01:15:27,login,DEVf065c817,IN,False,False,0
EVT16ac92bb-f,CUST00063,2026-06-25 01:23:44,login,DEV926730dc,IN,True,False,0
EVTa6685e80-f,CUST00523,2026-06-25 01:46:30,login,DEV38b77c07,IN,False,False,0
EVT2f191516-5,CUST00308,2026-06-25 02:00:54,login,DEV5a104129,IN,False,False,0
EVTfba6abf7-c,CUST00030,2026-06-25 02:16:51,session_start,DEVb02b61c4,IN,False,False,0
EVTcdbbbc7a-a,CUST00318,2026-06-25 02:24:18,login,DEVa18abfa8,IN,True,False,0
EVTf5530567-0,CUST00337,2026-06-25 02:27:20,login,DEVf5c9b047,IN,False,False,0
EVT8bbf1b30-9,CUST00376,2026-06-25 02:42:42,login,DEVd32e6dcd,IN,False,False,1
EVTaf7d7f21-1,CUST00344,2026-06-25 02:42:58,device_registration,DEV48603b32,IN,False,False,0
EVTcff716ad-b,CUST00592,2026-06-25 02:44:35,login,DEV2c1fd0db,VN,True,True,4
EVT9e47a339-c,CUST00211,2026-06-25 02:57:44,otp_request,DEV624c69b6,IN,False,False,0
EVT17c95aaa-2,CUST00339,2026-06-25 03:10:00,login,DEV43bfd931,IN,False,False,0
EVTfbda05ae-b,CUST00519,2026-06-25 03:54:00,login,DEV20733f6d,IN,False,False,0
EVT93423b4f-8,CUST00393,2026-06-25 03:57:03,login,DEV74eff545,IN,False,False,0
EVT9feefdff-c,CUST00010,2026-06-25 04:08:40,login,DEV6c307511,IN,False,False,0
EVTe27bb6c4-4,CUST00430,2026-06-25 04:25:52,login,DEV2a96e1e2,IN,False,False,0
EVT57d3ec63-e,CUST00586,2026-06-25 04:39:41,login,DEV1eb74b56,IN,False,False,0
EVT1b37ef19-b,CUST00194,2026-06-25 04:51:39,login,DEVbf85bf0e,IN,False,False,0
EVT4b4ef503-f,CUST00198,2026-06-25 04:57:47,otp_request,DEV9b4e2c24,IN,False,False,0
EVT98874bfe-c,CUST00057,2026-06-25 05:03:52,login,DEVa013ac6e,IN,False,False,0
EVT1e6773d7-f,CUST00503,2026-06-25 05:28:44,login,DEVf2f25eef,IN,False,False,0
EVT9425fc3a-6,CUST00399,2026-06-25 05:35:10,login,DEV00a81de9,IN,False,False,0
EVTb4522738-e,CUST00475,2026-06-25 05:36:25,session_start,DEV65bcc272,IN,False,False,0
EVTae1455f4-d,CUST00514,2026-06-25 05:37:05,login,DEV8a4b8f7c,IN,False,False,0
EVT36308a60-1,CUST00372,2026-06-25 05:45:32,login,DEV668409e3,IN,False,False,0
EVT47c68688-e,CUST00082,2026-06-25 05:46:53,login,DEV839fbc50,IN,False,False,0
EVT6bd95a4f-3,CUST00231,2026-06-25 05:52:02,login,DEV1192e4dc,IN,True,False,0
EVT66fba71d-b,CUST00121,2026-06-25 06:01:17,otp_request,DEV42c18a62,IN,False,False,0
EVT22538040-7,CUST00307,2026-06-25 06:07:51,session_start,DEVff233d5f,IN,False,False,0
EVT13325c31-d,CUST00138,2026-06-25 06:14:49,login,DEV27cb6f2a,IN,False,False,0
EVT076451d3-2,CUST00467,2026-06-25 06:31:34,login,DEV5da8d6d2,IN,False,False,0
EVTed56c714-5,CUST00323,2026-06-25 07:11:01,login,DEV48ca7651,IN,False,False,0
EVT69b6f3b7-f,CUST00359,2026-06-25 07:17:50,login,DEV069f14f1,IN,False,False,0
EVT61935990-a,CUST00069,2026-06-25 07:27:00,device_registration,DEVa8e56e0c,IN,False,False,0
EVT932df381-3,CUST00575,2026-06-25 07:44:16,login,DEV68f06068,BR,True,True,2
EVTcf0e6d2b-3,CUST00054,2026-06-25 07:51:31,login,DEVb8db0672,IN,False,False,0
EVTe797f3ae-0,CUST00375,2026-06-25 07:54:37,login,DEVc5c5b37a,IN,False,False,1
EVT96053035-6,CUST00145,2026-06-25 08:00:08,session_start,DEV217d65a0,IN,False,False,0
EVT7caa281b-4,CUST00223,2026-06-25 09:15:44,login,DEV6d3ee1dc,IN,False,False,0
EVTc521ff2e-f,CUST00306,2026-06-25 09:17:24,otp_request,DEV8db06746,IN,False,False,0
EVTcab21438-8,CUST00568,2026-06-25 09:29:55,session_start,DEVbdb025ff,IN,False,False,0
EVTd8feb8de-6,CUST00348,2026-06-25 10:13:22,login,DEV32a447b2,IN,False,False,0
EVTbcda835f-7,CUST00398,2026-06-25 10:16:29,login,DEVc9a7d91f,IN,False,False,0
EVT987593c3-2,CUST00359,2026-06-25 10:22:01,login,DEV069f14f1,IN,False,False,0
EVT223bd9be-b,CUST00517,2026-06-25 10:40:55,login,DEVc9d6a63b,IN,False,False,0
EVT2f7e6184-2,CUST00235,2026-06-25 10:49:58,login,DEVd516f81c,IN,True,False,0
EVT6e9c92ba-b,CUST00557,2026-06-25 10:57:14,login,DEV8e676a01,IN,False,False,0
EVT869d4cb7-b,CUST00456,2026-06-25 11:14:42,login,DEV3ae909fe,IN,False,False,0
EVT5415c636-9,CUST00517,2026-06-25 11:16:15,session_start,DEVc9d6a63b,IN,False,False,0
EVT7f53d344-a,CUST00168,2026-06-25 11:17:08,device_registration,DEVeb1fa9f2,IN,False,False,0
EVTf5159494-3,CUST00056,2026-06-25 11:42:54,login,DEV81f76d1c,IN,False,False,0
EVTad3053ce-a,CUST00426,2026-06-25 12:09:47,session_start,DEVaf34cf65,IN,False,False,0
EVTbbc99473-4,CUST00223,2026-06-25 12:25:07,login,DEV6d3ee1dc,IN,False,False,0
EVT493e904d-3,CUST00021,2026-06-25 12:30:06,login,DEVfc377a4c,IN,False,False,0
EVT37b71c72-b,CUST00552,2026-06-25 12:52:14,login,DEV8735b2bb,IN,True,False,0
EVT46e1ee40-d,CUST00168,2026-06-25 12:56:15,login,DEVeb1fa9f2,IN,False,False,1
EVTe53e5f4c-6,CUST00166,2026-06-25 13:04:07,otp_request,DEV61ee411a,IN,False,False,0
EVT913a1734-c,CUST00220,2026-06-25 13:09:23,login,DEV8f15ba58,IN,False,False,0
EVT7e63f654-5,CUST00425,2026-06-25 13:26:09,login,DEV9e11d2cd,IN,False,False,0
EVT0fc98d2e-0,CUST00137,2026-06-25 13:39:28,login,DEVe3c43657,IN,False,False,0
EVTf7aeede8-0,CUST00370,2026-06-25 13:45:39,login,DEV292bd156,IN,False,False,0
EVTc4ea4ece-6,CUST00224,2026-06-25 13:59:08,login,DEV722764e6,IN,False,False,0
EVT6f5aad52-9,CUST00266,2026-06-25 14:02:48,login,DEV770c7798,IN,False,False,0
EVT05cf079e-a,CUST00397,2026-06-25 14:02:54,login,DEVdabac50d,IN,False,False,0
EVT47a2a10b-b,CUST00131,2026-06-25 14:14:11,login,DEV702cdd20,IN,False,False,0
EVTaf80ccb1-6,CUST00104,2026-06-25 14:28:14,login,DEV477ab887,IN,True,False,0
EVT9136d4ad-f,CUST00456,2026-06-25 14:57:30,login,DEV3ae909fe,IN,False,False,0
EVTc1204784-5,CUST00273,2026-06-25 15:05:48,login,DEVdb0dc10e,IN,True,False,0
EVT9594eea8-4,CUST00501,2026-06-25 15:18:00,login,DEVa5135ea0,IN,False,False,0
EVT3799a376-7,CUST00271,2026-06-25 15:18:29,session_start,DEVedcb8cb6,IN,False,False,0
EVT2024c407-3,CUST00570,2026-06-25 15:31:17,session_start,DEV604e46cb,IN,False,False,0
EVTeb45bc38-9,CUST00313,2026-06-25 15:31:56,login,DEVbd1531c8,IN,False,False,0
EVT42067d80-d,CUST00414,2026-06-25 15:42:04,login,DEV19b17e80,IN,False,False,0
EVT734eab10-8,CUST00380,2026-06-25 16:13:31,login,DEV71299889,IN,False,False,0
EVT09360f02-7,CUST00430,2026-06-25 16:44:14,login,DEV2a96e1e2,IN,False,False,0
EVT9b792afa-2,CUST00152,2026-06-25 17:10:21,session_start,DEV0ab54bde,IN,False,False,0
EVT334477eb-5,CUST00427,2026-06-25 17:12:50,login,DEV3a3c8a71,IN,False,False,0
EVT1b67f7bb-3,CUST00281,2026-06-25 17:20:51,login,DEV033d2bce,IN,False,False,0
EVT702b7014-a,CUST00187,2026-06-25 17:23:37,otp_request,DEVf2e9702d,IN,False,False,0
EVTf165d779-0,CUST00086,2026-06-25 17:31:11,login,DEV7914c120,IN,False,False,0
EVT83c5c510-0,CUST00394,2026-06-25 17:33:40,login,DEV30cbd755,IN,False,False,0
EVT2ff3cde4-6,CUST00019,2026-06-25 17:36:33,login,DEV3139d32c,IN,False,False,0
EVT57bcad3a-d,CUST00186,2026-06-25 17:55:37,login,DEV3270e4fa,IN,False,False,0
EVT1da76d69-8,CUST00335,2026-06-25 18:02:25,password_reset,DEV96a9954f,IN,False,False,0
EVT724c5cd0-0,CUST00580,2026-06-25 18:17:29,login,DEV93231668,IN,True,False,0
EVT0c880714-8,CUST00136,2026-06-25 18:39:05,login,DEVe0ccedc5,IN,False,False,0
EVT5c85a58c-d,CUST00578,2026-06-25 19:10:08,otp_request,DEV372f871a,IN,False,False,0
EVT24f3984a-2,CUST00068,2026-06-25 19:20:43,login,DEV607b7b22,UNKNOWN,True,True,4
EVT741b77f5-4,CUST00034,2026-06-25 19:30:35,login,DEV10f1bc81,IN,False,False,0
EVT90ebba12-9,CUST00533,2026-06-25 19:34:58,login,DEVb64fa54a,IN,False,False,1
EVT44c1f1b5-e,CUST00162,2026-06-25 20:00:14,otp_request,DEVecab3301,IN,False,False,0
EVT9f8d367d-6,CUST00352,2026-06-25 20:17:35,login,DEV9854ce4e,IN,False,False,0
EVT1d2d1771-6,CUST00486,2026-06-25 20:19:54,login,DEVb379cb1e,IN,False,False,0
EVTa38295d3-1,CUST00056,2026-06-25 20:22:37,login,DEV81f76d1c,IN,False,False,0
EVT01ae7eb1-4,CUST00289,2026-06-25 20:32:31,login,DEV97ac6aa8,IN,False,False,0
EVT21084dd9-f,CUST00031,2026-06-25 21:00:45,login,DEV5304317f,IN,False,False,1
EVT3d846fc9-c,CUST00168,2026-06-25 21:02:57,login,DEVeb1fa9f2,IN,False,False,0
EVT67e2189b-f,CUST00344,2026-06-25 21:26:28,login,DEV48603b32,IN,False,False,0
EVT732fc932-a,CUST00476,2026-06-25 21:30:30,login,DEV8eac0a33,IN,False,False,1
EVT36903edb-9,CUST00535,2026-06-25 21:41:56,login,DEV816bcb9f,IN,False,False,0
EVTb5100bca-0,CUST00510,2026-06-25 21:48:51,login,DEV9770d013,IN,True,False,0
EVTe1d46f82-2,CUST00112,2026-06-25 21:54:51,otp_request,DEV7a0ecfea,IN,False,False,0
EVTd0e34b2b-1,CUST00478,2026-06-25 22:02:40,login,DEV1fa382e8,IN,False,False,0
EVTdf9b141e-c,CUST00126,2026-06-25 22:02:42,login,DEV9f044aed,IN,False,False,0
EVTed6f4ee3-e,CUST00390,2026-06-25 22:38:17,login,DEVeec259dc,IN,False,False,0
EVTbd03d33b-e,CUST00307,2026-06-25 22:39:35,login,DEVff233d5f,IN,False,False,0
EVT57d52b78-9,CUST00254,2026-06-25 23:41:01,password_reset,DEV53cd6268,IN,False,False,0
EVT4d187b75-a,CUST00210,2026-06-25 23:49:48,login,DEV935f2b0a,IN,False,False,0
EVT7eef09ab-d,CUST00190,2026-06-26 00:34:47,login,DEV81d2c7de,IN,False,False,0
EVT59fcfaeb-7,CUST00365,2026-06-26 00:51:35,login,DEV7135f221,IN,False,False,0
EVT71f9b0e2-d,CUST00344,2026-06-26 00:54:11,session_start,DEV48603b32,IN,False,False,0
EVTf2d3f761-0,CUST00034,2026-06-26 01:33:45,login,DEV10f1bc81,IN,False,False,0
EVT0d722918-1,CUST00361,2026-06-26 02:00:29,password_reset,DEV964db03f,IN,False,False,0
EVT083f64c3-1,CUST00063,2026-06-26 02:28:33,login,DEV5cec4eb5,IN,False,False,0
EVTf83a1bce-7,CUST00490,2026-06-26 02:51:29,password_reset,DEV899ca782,IN,False,False,0
EVT6852c038-b,CUST00525,2026-06-26 02:54:05,login,DEV7ef86974,IN,True,False,0
EVTe7ba26ac-a,CUST00050,2026-06-26 03:04:15,login,DEV1d53434b,IN,False,False,0
EVTefb2d33c-1,CUST00450,2026-06-26 03:42:23,login,DEV059dd55d,IN,False,False,0
EVT69fb0763-8,CUST00155,2026-06-26 03:55:09,login,DEVae9bec36,IN,False,False,0
EVTdf223246-e,CUST00583,2026-06-26 03:57:08,login,DEV0e0630cd,IN,False,False,0
EVTcd840a47-f,CUST00297,2026-06-26 03:58:46,login,DEV989d9d4a,IN,False,False,1
EVTe090c65f-7,CUST00416,2026-06-26 04:03:51,login,DEV4e02ffb3,RU,True,True,4
EVT9d264599-c,CUST00084,2026-06-26 04:06:16,device_registration,DEVb92da22b,IN,False,False,0
EVTc7a2f280-9,CUST00165,2026-06-26 04:22:58,session_start,DEV28c13091,IN,False,False,0
EVTcebeabaa-2,CUST00135,2026-06-26 04:23:57,session_start,DEVee87905e,IN,False,False,0
EVT5d2e7b90-a,CUST00394,2026-06-26 04:37:42,login,DEV30cbd755,IN,False,False,0
EVT7f0386fa-1,CUST00126,2026-06-26 04:39:52,session_start,DEV9f044aed,IN,False,False,1
EVT49ed856e-7,CUST00317,2026-06-26 04:43:29,session_start,DEV5c62b3a2,IN,False,False,0
EVT123c6a29-9,CUST00576,2026-06-26 05:02:43,login,DEV716fda0a,IN,False,False,0
EVT89efa861-b,CUST00492,2026-06-26 05:11:14,login,DEVa99e7d01,IN,True,False,0
EVT9cc3c1f5-9,CUST00307,2026-06-26 05:21:44,login,DEVff233d5f,IN,False,False,0
EVT6964eb16-1,CUST00388,2026-06-26 05:22:42,login,DEV1d0bc9bd,IN,False,False,0
EVTd6d24227-2,CUST00518,2026-06-26 05:47:47,login,DEV040a3aae,IN,False,False,0
EVT5e24296e-b,CUST00448,2026-06-26 05:49:40,session_start,DEV61a11729,IN,False,False,0
EVT5832c8de-5,CUST00297,2026-06-26 05:51:49,session_start,DEV989d9d4a,IN,False,False,0
EVT4b27b079-5,CUST00211,2026-06-26 06:00:32,login,DEV624c69b6,IN,False,False,0
EVTc226ab53-b,CUST00339,2026-06-26 06:03:09,login,DEV43bfd931,IN,False,False,0
EVTf2c84743-9,CUST00143,2026-06-26 06:09:32,session_start,DEVa2607723,IN,False,False,0
EVTe916da57-f,CUST00014,2026-06-26 06:21:28,password_reset,DEV43b7a3a6,IN,False,False,0
EVTa7e29299-2,CUST00477,2026-06-26 06:24:00,login,DEV6502d6a2,IN,False,False,0
EVTe54c8739-3,CUST00272,2026-06-26 06:43:22,session_start,DEVe87466d7,IN,False,False,0
EVTda3c45ca-4,CUST00135,2026-06-26 06:52:13,login,DEVee87905e,IN,False,False,0
EVTcfe4ce7b-2,CUST00024,2026-06-26 06:57:09,login,DEV5a45b8cc,IN,True,False,0
EVTe52a33e6-f,CUST00464,2026-06-26 07:16:04,session_start,DEVe8dd5e5a,IN,False,False,0
EVT19df5a16-c,CUST00217,2026-06-26 07:26:32,login,DEV1f7e09de,IN,True,False,0
EVT81f46dfd-3,CUST00482,2026-06-26 07:27:42,otp_request,DEV78b2b549,IN,False,False,0
EVTe4917f7d-9,CUST00173,2026-06-26 07:31:46,login,DEV59e4b671,IN,False,False,0
EVTdabc47ce-3,CUST00538,2026-06-26 07:35:33,login,DEV8d244e3e,IN,False,False,0
EVT7394d796-5,CUST00453,2026-06-26 07:42:30,session_start,DEVf93e08d5,IN,False,False,0
EVT565c1e3f-6,CUST00376,2026-06-26 07:45:11,login,DEVd32e6dcd,IN,False,False,0
EVT693e5fcf-c,CUST00528,2026-06-26 08:05:38,login,DEV6d204496,IN,False,False,0
EVT53391df4-5,CUST00260,2026-06-26 08:10:38,login,DEV39669fa7,IN,False,False,0
EVT7808a004-0,CUST00460,2026-06-26 08:19:05,session_start,DEV2303f6c6,IN,False,False,1
EVT8198d1f5-6,CUST00244,2026-06-26 08:44:32,otp_request,DEVe5d6f6e6,IN,False,False,0
EVT1b0ae22e-e,CUST00160,2026-06-26 09:33:03,login,DEVccc56569,IN,False,False,0
EVT9a760ea9-b,CUST00552,2026-06-26 09:58:32,login,DEVea74bb18,IN,False,False,0
EVT15260718-c,CUST00023,2026-06-26 09:58:45,login,DEV7412b293,IN,False,False,0
EVTf1224f43-c,CUST00548,2026-06-26 10:30:26,login,DEV0f5ae9d3,IN,False,False,0
EVTb91340e3-9,CUST00493,2026-06-26 10:45:35,login,DEV37f15695,RU,True,True,4
EVT55273407-7,CUST00173,2026-06-26 11:18:36,password_reset,DEV59e4b671,IN,False,False,0
EVT0890f506-5,CUST00353,2026-06-26 11:31:03,login,DEVebd34616,IN,False,False,0
EVTf0fbdb65-a,CUST00498,2026-06-26 11:36:47,login,DEV71d79665,IN,False,False,0
EVTf75c0751-8,CUST00595,2026-06-26 11:54:02,login,DEV4a1dab32,IN,False,False,0
EVT8486b704-0,CUST00530,2026-06-26 12:11:38,login,DEVe63658c9,IN,False,False,0
EVT166e6aeb-7,CUST00507,2026-06-26 12:15:17,login,DEVbe07d0c9,IN,True,False,0
EVT9ab2b735-8,CUST00487,2026-06-26 12:40:48,login,DEV1dde7969,IN,False,False,0
EVT585409d9-d,CUST00228,2026-06-26 12:43:45,session_start,DEV7c0e8cd8,IN,False,False,0
EVT0a76bd91-9,CUST00394,2026-06-26 12:54:52,login,DEV30cbd755,IN,False,False,1
EVT4c4d6e40-2,CUST00218,2026-06-26 13:01:04,login,DEV1f115b76,IN,False,False,0
EVTf220eeb5-6,CUST00546,2026-06-26 13:20:35,session_start,DEV6e8f75a1,IN,False,False,0
EVTe2ed8686-b,CUST00198,2026-06-26 13:21:24,login,DEV9b4e2c24,IN,False,False,0
EVTf8f58a26-1,CUST00162,2026-06-26 13:29:46,login,DEVecab3301,IN,False,False,0
EVT140642a8-2,CUST00476,2026-06-26 13:33:28,session_start,DEV8eac0a33,IN,False,False,0
EVTedb68b81-c,CUST00260,2026-06-26 13:54:49,login,DEV39669fa7,IN,False,False,0
EVTc5583a17-f,CUST00469,2026-06-26 13:54:55,login,DEVe9ff1cae,IN,False,False,0
EVT9ba4d5a6-0,CUST00318,2026-06-26 13:58:51,login,DEVb540b30e,IN,False,False,0
EVTf6d22a7b-a,CUST00061,2026-06-26 14:05:25,login,DEVeb2263dd,IN,False,False,0
EVTb176e71f-3,CUST00533,2026-06-26 14:27:51,login,DEVb64fa54a,IN,False,False,0
EVTf24e1445-4,CUST00350,2026-06-26 14:37:17,login,DEV02f38593,IN,True,False,0
EVT4eb39f63-3,CUST00419,2026-06-26 14:51:30,login,DEV43d88870,IN,False,False,0
EVT9f8c2c51-9,CUST00429,2026-06-26 15:11:51,login,DEVb4323070,IN,False,False,0
EVTfb481ded-0,CUST00187,2026-06-26 15:22:24,session_start,DEVf2e9702d,IN,False,False,0
EVT1b5829c9-2,CUST00447,2026-06-26 15:30:49,password_reset,DEVda743152,IN,False,False,0
EVTfbf3a106-2,CUST00473,2026-06-26 15:33:43,login,DEVc1101266,IN,False,False,1
EVTc53f1db3-d,CUST00213,2026-06-26 16:15:29,login,DEVe4855aa1,IN,False,False,0
EVT250b0aeb-f,CUST00212,2026-06-26 16:23:52,login,DEV4d315b7c,IN,True,False,0
EVTbce0caef-f,CUST00549,2026-06-26 16:25:39,session_start,DEV8fca7b6a,IN,False,False,0
EVTce8b76a2-0,CUST00486,2026-06-26 16:29:16,login,DEVb379cb1e,IN,False,False,0
EVTb5a5f8e6-b,CUST00029,2026-06-26 16:45:24,login,DEV451b4cf3,IN,False,False,0
EVT586a346a-d,CUST00035,2026-06-26 16:52:50,login,DEV9132b63e,IN,False,False,0
EVT3066478c-4,CUST00398,2026-06-26 17:17:17,login,DEVc9a7d91f,IN,False,False,0
EVT2a2e1e6a-1,CUST00397,2026-06-26 17:32:39,login,DEVdabac50d,IN,False,False,0
EVT13eb22c9-b,CUST00148,2026-06-26 17:36:34,session_start,DEV1ca3c448,IN,False,False,0
EVT55ab946d-a,CUST00006,2026-06-26 17:48:46,otp_request,DEVb74d0fb1,IN,False,False,0
EVT7b1dbca3-2,CUST00296,2026-06-26 18:17:16,otp_request,DEV4223623b,IN,False,False,0
EVTad05b912-5,CUST00045,2026-06-26 18:36:07,login,DEV28f49481,IN,False,False,0
EVTef60250e-a,CUST00526,2026-06-26 18:37:22,session_start,DEVa4b1f991,IN,False,False,0
EVT4648bbe8-f,CUST00447,2026-06-26 18:51:09,login,DEVda743152,IN,False,False,0
EVT2a9528c3-5,CUST00092,2026-06-26 19:07:16,login,DEVccf3a171,IN,False,False,0
EVT651a6277-0,CUST00477,2026-06-26 19:23:29,login,DEV6502d6a2,IN,False,False,0
EVT2ad11fe8-7,CUST00102,2026-06-26 19:51:31,login,DEVdd59ba71,IN,False,False,0
EVT9c137f71-7,CUST00087,2026-06-26 19:59:23,login,DEVd057358d,RU,True,True,2
EVT7bd7b4bf-8,CUST00239,2026-06-26 20:13:39,login,DEV9360715f,IN,False,False,0
EVTb64e26cf-3,CUST00353,2026-06-26 20:22:01,session_start,DEVebd34616,IN,False,False,0
EVT19ed59a5-9,CUST00528,2026-06-26 20:25:59,session_start,DEV6d204496,IN,False,False,0
EVT1c153057-5,CUST00348,2026-06-26 20:34:30,login,DEV32a447b2,IN,False,False,1
EVT7671b52a-2,CUST00475,2026-06-26 21:15:12,login,DEV6d33758b,UNKNOWN,True,True,4
EVTccaeb64c-7,CUST00352,2026-06-26 21:17:34,login,DEV01c363cd,VN,True,True,3
EVT3735262d-4,CUST00017,2026-06-26 21:36:14,login,DEV4b0dbb41,IN,False,False,0
EVT8be27516-3,CUST00299,2026-06-26 21:41:57,session_start,DEV30e912f2,IN,False,False,0
EVT3b964c74-f,CUST00142,2026-06-26 21:59:33,device_registration,DEVe87d1c78,IN,False,False,0
EVT94a1eab0-b,CUST00221,2026-06-26 22:15:20,login,DEVc1581092,IN,False,False,0
EVTccf4ffb0-b,CUST00100,2026-06-26 22:31:12,login,DEVc0e9ab30,IN,False,False,0
EVT9458054e-c,CUST00002,2026-06-26 22:51:31,otp_request,DEVbd9c66b3,IN,False,False,0
EVTf3d04ffb-4,CUST00107,2026-06-26 23:09:21,session_start,DEVc88a618e,IN,False,False,0
EVTab6ef8dd-5,CUST00244,2026-06-26 23:21:31,login,DEVe5d6f6e6,IN,False,False,0
EVT8ed8a80d-8,CUST00093,2026-06-26 23:36:05,session_start,DEV310c0c00,IN,False,False,0
EVT773fbb30-1,CUST00482,2026-06-26 23:46:37,login,DEV099c3693,VN,True,True,3
EVTa8c649ab-e,CUST00401,2026-06-26 23:54:41,login,DEVf716b195,IN,True,False,0
EVT868592d2-5,CUST00540,2026-06-27 00:10:26,login,DEV69efafb1,IN,False,False,0
EVT1270c935-e,CUST00374,2026-06-27 00:20:58,login,DEV409d3602,IN,False,False,0
EVTff2c37dc-6,CUST00239,2026-06-27 00:31:33,login,DEV68ec88eb,IN,True,False,0
EVTe2495790-5,CUST00516,2026-06-27 00:37:08,otp_request,DEV21bddb41,IN,False,False,0
EVTd4e20134-3,CUST00418,2026-06-27 01:02:32,login,DEV1327f1bc,IN,False,False,0
EVTdd23ff41-d,CUST00240,2026-06-27 01:06:30,login,DEVf1578470,IN,False,False,0
EVTcdfa76af-6,CUST00437,2026-06-27 01:19:58,password_reset,DEVaee1e86b,IN,False,False,0
EVT4d38a8d0-1,CUST00420,2026-06-27 01:44:30,otp_request,DEV65c17795,IN,False,False,0
EVT257f7595-c,CUST00048,2026-06-27 01:56:49,login,DEV405cacec,IN,False,False,0
EVTa267d32f-d,CUST00172,2026-06-27 02:28:04,session_start,DEV11c58ef0,IN,False,False,0
EVT9714fadc-b,CUST00349,2026-06-27 02:30:25,otp_request,DEV398d1ca6,IN,False,False,0
EVT43b47ee5-e,CUST00038,2026-06-27 02:58:06,login,DEV24933b83,IN,False,False,0
EVT3878becf-6,CUST00270,2026-06-27 03:10:37,login,DEV4fa03f26,IN,False,False,0
EVT8f158449-4,CUST00007,2026-06-27 03:31:37,device_registration,DEV6b65a6a4,IN,False,False,0
EVT1c405045-4,CUST00270,2026-06-27 03:37:58,login,DEV4fa03f26,IN,False,False,0
EVTfa7cf893-2,CUST00120,2026-06-27 03:40:24,login,DEV3800da79,IN,True,False,0
EVT25637cc3-c,CUST00015,2026-06-27 04:34:18,login,DEV759cde66,IN,False,False,0
EVT761b7e11-7,CUST00560,2026-06-27 04:44:36,login,DEVc4767556,IN,False,False,0
EVTb400a5e1-d,CUST00393,2026-06-27 04:45:50,login,DEV74eff545,IN,False,False,0
EVTaf2537f5-9,CUST00226,2026-06-27 04:56:07,login,DEVc074718e,IN,False,False,0
EVT9293f705-0,CUST00043,2026-06-27 04:56:46,login,DEV7e570ddf,IN,False,False,0
EVT66d4b394-6,CUST00527,2026-06-27 04:59:08,login,DEVffa361be,IN,False,False,0
EVT94e74f26-2,CUST00415,2026-06-27 05:00:31,login,DEV1986b4b2,IN,False,False,0
EVTe8266484-c,CUST00441,2026-06-27 05:14:50,login,DEV771ad655,IN,False,False,0
EVTe64b9b37-a,CUST00171,2026-06-27 05:18:28,login,DEV6601ddd0,IN,False,False,0
EVT21e5259f-c,CUST00436,2026-06-27 05:46:06,login,DEV5f9094ca,UNKNOWN,True,True,3
EVT260e37cc-6,CUST00190,2026-06-27 05:48:10,password_reset,DEV81d2c7de,IN,False,False,0
EVT45c87f41-d,CUST00364,2026-06-27 06:05:46,password_reset,DEV2cd94cbb,IN,False,False,1
EVT84182d35-3,CUST00095,2026-06-27 06:07:27,otp_request,DEV766ecb15,IN,False,False,0
EVT28719b9b-d,CUST00112,2026-06-27 06:09:00,login,DEV7a0ecfea,IN,False,False,0
EVT725d4259-3,CUST00055,2026-06-27 06:10:42,login,DEVf8cda88b,IN,False,False,0
EVT33bcb8a9-c,CUST00333,2026-06-27 06:21:14,login,DEVc693da11,IN,False,False,0
EVTfd236d28-4,CUST00421,2026-06-27 06:24:05,login,DEVd650e1f3,RU,True,True,4
EVT51071545-f,CUST00435,2026-06-27 06:31:00,login,DEV2e183554,IN,False,False,0
EVTcd98f9e2-8,CUST00127,2026-06-27 06:41:34,session_start,DEV19985f15,IN,False,False,0
EVTd45e087f-8,CUST00396,2026-06-27 06:45:24,session_start,DEV11df12d7,IN,False,False,0
EVTca44724a-4,CUST00062,2026-06-27 06:45:57,login,DEV7792a78a,IN,True,False,0
EVT115c42cd-5,CUST00306,2026-06-27 06:56:38,login,DEV8db06746,IN,False,False,0
EVT8623bc74-6,CUST00263,2026-06-27 06:59:04,login,DEVd6d7b3b8,IN,False,False,0
EVT92a97acd-3,CUST00305,2026-06-27 07:04:18,login,DEVa9f948b2,IN,False,False,0
EVT8471b4b0-a,CUST00031,2026-06-27 07:09:14,login,DEV5304317f,IN,False,False,0
EVT3610901c-2,CUST00178,2026-06-27 07:27:10,session_start,DEV09cb3942,IN,False,False,0
EVTd52939e5-3,CUST00109,2026-06-27 07:33:24,login,DEV57232faa,IN,True,False,0
EVT1f0733df-7,CUST00369,2026-06-27 07:41:47,login,DEV5230dfbd,IN,False,False,0
EVT4580dac2-0,CUST00332,2026-06-27 07:43:06,session_start,DEV989bc4da,IN,False,False,0
EVT6f2537ce-a,CUST00274,2026-06-27 08:05:24,login,DEV9793b9b4,IN,False,False,0
EVT2f2bdc13-b,CUST00366,2026-06-27 08:10:15,session_start,DEVff37d19c,IN,False,False,0
EVT4572b385-9,CUST00300,2026-06-27 08:42:39,login,DEV680bac63,IN,False,False,0
EVTc986f893-6,CUST00491,2026-06-27 08:44:21,login,DEV5efa9c5b,IN,False,False,0
EVT5982aa44-5,CUST00326,2026-06-27 08:57:40,otp_request,DEV1d34d08e,IN,False,False,0
EVTa566e884-d,CUST00314,2026-06-27 09:21:11,password_reset,DEV96ef2ad6,IN,False,False,0
EVT3098f7b2-5,CUST00037,2026-06-27 09:43:31,session_start,DEVe27a984d,IN,False,False,0
EVT4f9a5f98-4,CUST00162,2026-06-27 09:59:20,otp_request,DEVecab3301,IN,False,False,0
EVT8c7e2904-4,CUST00299,2026-06-27 10:16:28,login,DEV30e912f2,IN,False,False,0
EVTda2cf852-0,CUST00185,2026-06-27 10:32:43,login,DEVf0b5156b,IN,False,False,0
EVTa8aa454e-c,CUST00550,2026-06-27 10:39:12,login,DEV692ac139,IN,False,False,0
EVT8fddbebc-f,CUST00146,2026-06-27 10:41:30,login,DEV295d6fbf,IN,False,False,0
EVTb9a1f8c5-9,CUST00322,2026-06-27 10:44:48,login,DEV97affdcd,VN,True,True,3
EVT730ad7de-2,CUST00279,2026-06-27 10:49:22,login,DEV8861fe18,IN,False,False,0
EVT7eece88d-a,CUST00088,2026-06-27 10:51:36,session_start,DEV5ab33edf,IN,False,False,0
EVTfc737d92-1,CUST00060,2026-06-27 10:56:40,session_start,DEVf4188f3f,IN,False,False,0
EVT1e245a97-2,CUST00504,2026-06-27 11:00:26,login,DEV1777e8cb,IN,False,False,0
EVTa21c0c06-e,CUST00196,2026-06-27 11:08:33,login,DEVd56f0350,IN,False,False,0
EVT635d8150-d,CUST00597,2026-06-27 11:10:34,login,DEVf296d9f0,IN,False,False,1
EVT9929afeb-4,CUST00237,2026-06-27 11:31:53,login,DEVc51155ff,IN,False,False,1
EVT3c48c936-4,CUST00459,2026-06-27 11:37:38,login,DEVc478f6f1,IN,False,False,0
EVTe182701b-2,CUST00440,2026-06-27 12:08:42,password_reset,DEVaab612c9,IN,False,False,0
EVT4d4f6814-d,CUST00412,2026-06-27 12:37:25,session_start,DEVf6febc0e,IN,False,False,0
EVT333822d1-6,CUST00453,2026-06-27 12:58:22,login,DEVf93e08d5,IN,False,False,0
EVTe041f0a3-3,CUST00580,2026-06-27 13:07:11,login,DEVad9fb00d,IN,False,False,0
EVT96792482-a,CUST00031,2026-06-27 13:10:04,login,DEV5304317f,IN,False,False,1
EVTfa34d2e8-d,CUST00004,2026-06-27 13:31:14,session_start,DEV17fc695a,IN,False,False,0
EVT52335cad-3,CUST00576,2026-06-27 13:35:17,login,DEV5ef75904,RU,True,True,4
EVT25e42403-6,CUST00295,2026-06-27 13:35:22,login,DEV7cd0129d,IN,False,False,0
EVTfaca2c41-5,CUST00200,2026-06-27 13:47:07,login,DEV44de3376,IN,True,False,0
EVT97154633-9,CUST00101,2026-06-27 14:12:51,login,DEV680ac07a,IN,False,False,0
EVT65b63378-a,CUST00313,2026-06-27 15:25:50,login,DEV2e5b80a1,IN,True,False,0
EVTbc7d0e39-c,CUST00506,2026-06-27 15:34:47,login,DEV67f396b4,BR,True,True,3
EVT5fcfe711-8,CUST00539,2026-06-27 15:37:21,login,DEV6e191042,IN,False,False,0
EVT98507072-7,CUST00375,2026-06-27 15:45:08,login,DEVc5c5b37a,IN,False,False,0
EVTdf1e04cb-c,CUST00393,2026-06-27 15:53:16,session_start,DEV74eff545,IN,False,False,0
EVTc2ad0d97-7,CUST00370,2026-06-27 15:57:31,login,DEV292bd156,IN,False,False,1
EVTb1d81887-4,CUST00110,2026-06-27 16:05:54,login,DEVbc594585,IN,False,False,1
EVT277eb0aa-a,CUST00086,2026-06-27 16:06:26,login,DEV7914c120,IN,False,False,0
EVTe941cff1-0,CUST00156,2026-06-27 16:06:37,login,DEV632cd092,IN,True,False,0
EVT340155bd-b,CUST00457,2026-06-27 17:01:52,login,DEV3810ae66,IN,False,False,0
EVTd03bcbfc-d,CUST00457,2026-06-27 17:01:56,login,DEV3810ae66,IN,False,False,0
EVTda55f825-5,CUST00430,2026-06-27 17:09:19,login,DEV2a96e1e2,IN,False,False,0
EVT253741e4-0,CUST00320,2026-06-27 17:19:16,login,DEV4ac9778d,IN,False,False,0
EVT827c9f8c-d,CUST00042,2026-06-27 17:26:20,login,DEVff50bde4,IN,False,False,0
EVTe3de4ec0-4,CUST00192,2026-06-27 17:38:22,login,DEV8dedf9fb,IN,False,False,0
EVT403fd582-4,CUST00256,2026-06-27 17:41:06,session_start,DEV473bd358,IN,False,False,0
EVT772d416d-d,CUST00387,2026-06-27 17:54:58,login,DEV3985fb62,IN,False,False,0
EVTf796611f-c,CUST00165,2026-06-27 18:33:22,login,DEV28c13091,IN,False,False,0
EVTfd561b27-2,CUST00554,2026-06-27 18:40:54,session_start,DEV1a85910d,IN,False,False,0
EVTb189727f-6,CUST00380,2026-06-27 18:53:49,otp_request,DEV71299889,IN,False,False,0
EVTd9ee9678-8,CUST00422,2026-06-27 19:05:08,login,DEV889b78d5,IN,False,False,0
EVTb95e44e3-9,CUST00475,2026-06-27 19:08:25,password_reset,DEV65bcc272,IN,False,False,0
EVT3defa7ba-0,CUST00164,2026-06-27 19:16:27,login,DEVbc2cbb0d,IN,False,False,0
EVT38958939-9,CUST00093,2026-06-27 19:27:47,login,DEV310c0c00,IN,False,False,0
EVT27b608dc-5,CUST00063,2026-06-27 19:57:30,otp_request,DEV5cec4eb5,IN,False,False,0
EVT1ee26f39-e,CUST00445,2026-06-27 20:02:06,login,DEVb0b862ef,IN,False,False,0
EVTa175a9c3-d,CUST00079,2026-06-27 20:07:11,session_start,DEV01d74256,IN,False,False,0
EVTb1fead13-f,CUST00088,2026-06-27 20:25:20,login,DEV5ab33edf,IN,False,False,0
EVTe869707c-b,CUST00236,2026-06-27 20:47:50,login,DEVd5385b0e,IN,False,False,0
EVT6b382a0a-2,CUST00182,2026-06-27 21:01:30,login,DEV30a900ad,IN,False,False,0
EVT518b2f21-9,CUST00041,2026-06-27 21:12:17,login,DEV956269f0,IN,False,False,0
EVT3bd13a43-8,CUST00362,2026-06-27 21:15:02,login,DEVc3c75611,IN,False,False,0
EVTf9d09e26-1,CUST00407,2026-06-27 21:21:37,login,DEVdb23aa8c,IN,False,False,0
EVTa65f7b8a-d,CUST00081,2026-06-27 21:31:37,login,DEV080aadfb,IN,False,False,0
EVT06e3f949-8,CUST00090,2026-06-27 21:33:42,session_start,DEVa748dbcf,IN,False,False,0
EVTef0a573d-5,CUST00037,2026-06-27 21:38:30,login,DEVe27a984d,IN,False,False,0
EVT45f18619-5,CUST00021,2026-06-27 22:01:56,login,DEVfc377a4c,IN,False,False,0
EVT6cfa28cf-b,CUST00500,2026-06-27 22:04:32,login,DEV5e09a9ee,IN,False,False,0
EVT2d1368f3-0,CUST00537,2026-06-27 22:08:39,password_reset,DEVa79b44b6,IN,False,False,0
EVT00d9dc89-0,CUST00004,2026-06-27 22:30:16,login,DEV20b2a35f,IN,True,False,0
EVT3d9ffe59-9,CUST00288,2026-06-27 22:32:34,login,DEV7701f7bb,IN,False,False,0
EVT8c68720e-d,CUST00400,2026-06-27 22:43:58,login,DEVd664d264,IN,False,False,0
EVT18b475b1-c,CUST00420,2026-06-27 22:55:12,login,DEV65c17795,IN,False,False,0
EVT9fd60922-8,CUST00495,2026-06-27 23:08:23,login,DEVd56ce8ea,IN,False,False,0
EVTc4af9dc9-4,CUST00510,2026-06-27 23:11:17,login,DEVd0243d72,IN,False,False,0
EVT90fdbb3e-6,CUST00141,2026-06-27 23:18:44,login,DEV78fd3b16,IN,True,False,0
EVT5b6a8102-0,CUST00020,2026-06-27 23:24:07,login,DEVa9488d99,IN,False,False,0
EVT934b45a8-4,CUST00551,2026-06-27 23:30:37,login,DEVa6d50103,NG,True,True,3
EVTcf767343-f,CUST00143,2026-06-27 23:49:03,session_start,DEVa2607723,IN,False,False,0
EVT9280c5aa-8,CUST00030,2026-06-27 23:49:08,session_start,DEVb02b61c4,IN,False,False,0
EVTc8a6a005-2,CUST00504,2026-06-27 23:50:01,password_reset,DEV1777e8cb,IN,False,False,1
EVTd2e9c930-e,CUST00555,2026-06-28 00:01:30,login,DEVf977de8f,IN,True,False,0
EVT96721e98-5,CUST00228,2026-06-28 00:03:43,login,DEV7c0e8cd8,IN,False,False,0
EVTaeb1fcd3-f,CUST00398,2026-06-28 00:17:13,login,DEVc9a7d91f,IN,False,False,1
EVT033e02f7-1,CUST00124,2026-06-28 00:44:33,otp_request,DEV750cab75,IN,False,False,0
EVT268b84b6-3,CUST00130,2026-06-28 00:52:15,login,DEV3e896c64,IN,False,False,1
EVTcc0a628b-f,CUST00468,2026-06-28 01:08:54,login,DEV45c45a3e,IN,False,False,0
EVT8567c805-3,CUST00094,2026-06-28 01:12:37,login,DEV23e2fcb4,IN,False,False,0
EVT4207fb51-5,CUST00511,2026-06-28 01:13:43,login,DEVc63d04ee,IN,False,False,0
EVTe5508ea2-6,CUST00048,2026-06-28 01:55:30,login,DEV405cacec,IN,False,False,0
EVT7202fae5-7,CUST00223,2026-06-28 01:57:26,login,DEV6d3ee1dc,IN,False,False,0
EVT71594914-b,CUST00246,2026-06-28 02:01:57,login,DEV638c254c,IN,False,False,0
EVTfa42156e-9,CUST00426,2026-06-28 02:12:23,login,DEVaf34cf65,IN,False,False,0
EVT01a25ed1-c,CUST00078,2026-06-28 02:13:43,login,DEV8dcdcd03,IN,False,False,0
EVT71127f4b-2,CUST00543,2026-06-28 02:31:40,login,DEV4140752c,IN,False,False,0
EVTd28fcf68-c,CUST00125,2026-06-28 02:39:05,login,DEVef8c485b,IN,False,False,0
EVT2620f9a9-7,CUST00041,2026-06-28 02:44:29,login,DEV956269f0,IN,False,False,0
EVT0eb5e5a7-9,CUST00243,2026-06-28 02:51:09,login,DEVbc10fa52,IN,False,False,0
EVT186b2880-a,CUST00055,2026-06-28 03:59:51,login,DEVf8cda88b,IN,False,False,0
EVT8db78572-e,CUST00199,2026-06-28 04:10:13,login,DEV7118e364,IN,False,False,0
EVT83239ba9-7,CUST00542,2026-06-28 04:12:58,login,DEV50032b35,IN,False,False,0
EVTf8f9a45d-0,CUST00131,2026-06-28 04:16:39,login,DEV702cdd20,IN,False,False,1
EVT64953d5f-0,CUST00152,2026-06-28 04:28:09,login,DEV0ab54bde,IN,False,False,0
EVT3508507a-f,CUST00083,2026-06-28 04:35:13,login,DEV7c441fe7,IN,False,False,0
EVT6b2d5b09-8,CUST00012,2026-06-28 04:38:08,session_start,DEV1a2a73ed,IN,False,False,0
EVT24ea2f78-2,CUST00322,2026-06-28 04:38:51,login,DEVf3be0191,IN,True,False,0
EVTbe153187-b,CUST00195,2026-06-28 04:44:56,login,DEV91b0e1d9,IN,False,False,0
EVT44d18524-c,CUST00270,2026-06-28 04:57:48,login,DEV4fa03f26,IN,False,False,0
EVT53ce202b-f,CUST00194,2026-06-28 05:32:53,login,DEV496ff6e3,IN,True,False,0
EVTa72edd5f-4,CUST00514,2026-06-28 05:42:49,password_reset,DEV8a4b8f7c,IN,False,False,0
EVT27ef0a4b-5,CUST00298,2026-06-28 05:52:41,login,DEV8e485223,IN,False,False,0
EVTc5f833cf-f,CUST00214,2026-06-28 05:58:30,login,DEVe2add909,IN,False,False,0
EVT620956a8-1,CUST00394,2026-06-28 06:00:58,session_start,DEV30cbd755,IN,False,False,0
EVT966b62ea-9,CUST00159,2026-06-28 06:10:46,login,DEV3c9ad14c,IN,False,False,0
EVT5893ef12-a,CUST00212,2026-06-28 06:26:41,login,DEV25c73c44,IN,False,False,0
EVT3e881490-6,CUST00592,2026-06-28 06:28:11,login,DEV3878a369,VN,True,True,4
EVT2fe938e4-4,CUST00254,2026-06-28 06:37:51,login,DEV53cd6268,IN,False,False,0
EVT72e588e9-4,CUST00207,2026-06-28 06:48:55,login,DEV0bd4a990,IN,False,False,0
EVT3b9b2d45-a,CUST00050,2026-06-28 06:56:24,login,DEV1d53434b,IN,False,False,0
EVT6c5a6c93-8,CUST00017,2026-06-28 07:06:44,session_start,DEV4b0dbb41,IN,False,False,0
EVTd4d8c52e-d,CUST00372,2026-06-28 07:12:58,login,DEVbfa55677,IN,True,False,0
EVTc1d48a10-1,CUST00196,2026-06-28 07:21:27,device_registration,DEVd56f0350,IN,False,False,0
EVTffbb4bcc-a,CUST00392,2026-06-28 07:26:01,session_start,DEV7b85179a,IN,False,False,0
EVT546252e7-f,CUST00055,2026-06-28 07:28:15,login,DEVf8cda88b,IN,False,False,0
EVT54e38579-c,CUST00092,2026-06-28 07:46:41,device_registration,DEVccf3a171,IN,False,False,0
EVT204054fb-9,CUST00529,2026-06-28 07:51:59,otp_request,DEVb65feea9,IN,False,False,0
EVTb366ffd1-a,CUST00494,2026-06-28 07:55:14,login,DEVe2aa7a5d,IN,False,False,0
EVT0426fcc9-2,CUST00076,2026-06-28 07:58:01,login,DEV7394988f,IN,False,False,0
EVT49d93a08-2,CUST00350,2026-06-28 08:04:45,otp_request,DEV44007d5a,IN,False,False,0
EVTb9d707a9-e,CUST00219,2026-06-28 08:10:45,login,DEV76f2dbfe,IN,False,False,0
EVTd7c4fe9c-e,CUST00038,2026-06-28 08:15:44,login,DEV24933b83,IN,False,False,0
EVT9118c400-e,CUST00082,2026-06-28 08:30:38,login,DEV839fbc50,IN,False,False,0
EVTa3b442bd-4,CUST00025,2026-06-28 08:36:43,login,DEVab9099a4,IN,False,False,0
EVT2207cb65-b,CUST00566,2026-06-28 09:09:17,login,DEV2e709838,IN,False,False,0
EVT15969802-b,CUST00005,2026-06-28 09:13:31,login,DEV9a1de644,IN,False,False,0
EVTe10b1a47-7,CUST00037,2026-06-28 09:15:44,device_registration,DEVe27a984d,IN,False,False,0
EVTc08fe6d7-b,CUST00254,2026-06-28 09:35:36,login,DEV53cd6268,IN,False,False,0
EVT5bc76084-e,CUST00266,2026-06-28 09:44:58,login,DEV695db06d,IN,True,False,0
EVT0997623a-e,CUST00053,2026-06-28 10:01:21,session_start,DEV287d06ca,IN,False,False,0
EVT2b7c5ee3-4,CUST00462,2026-06-28 10:17:11,login,DEVc9e26074,IN,False,False,0
EVT54b58635-3,CUST00191,2026-06-28 10:17:46,login,DEV5380b904,IN,False,False,0
EVT98cd2655-5,CUST00209,2026-06-28 11:17:53,password_reset,DEV74962764,IN,False,False,0
EVTca665da6-e,CUST00540,2026-06-28 11:22:22,login,DEV69efafb1,IN,False,False,0
EVT0c4d862e-5,CUST00167,2026-06-28 11:55:08,login,DEVe3e7589e,VN,True,True,3
EVT66c14dca-8,CUST00040,2026-06-28 12:03:18,session_start,DEVbf3c4c06,IN,False,False,0
EVTb8beff3d-c,CUST00048,2026-06-28 12:06:21,login,DEV405cacec,IN,False,False,0
EVT7147f758-c,CUST00409,2026-06-28 12:14:16,password_reset,DEVe9d68f23,IN,False,False,0
EVT980b6853-0,CUST00180,2026-06-28 12:22:20,login,DEV6fb78271,IN,False,False,0
EVTa605b7c9-f,CUST00227,2026-06-28 12:23:42,login,DEV46fde062,IN,False,False,0
EVTfe4cefed-6,CUST00592,2026-06-28 12:29:28,login,DEV75b27455,IN,False,False,0
EVT14e4180c-f,CUST00015,2026-06-28 12:49:51,login,DEV759cde66,IN,False,False,0
EVT5780be17-1,CUST00151,2026-06-28 12:50:47,login,DEV8d7248e2,IN,False,False,0
EVTbc9a7998-6,CUST00169,2026-06-28 12:59:44,login,DEVd20eac17,IN,False,False,0
EVT68d0a2a8-c,CUST00031,2026-06-28 13:08:08,login,DEV5304317f,IN,False,False,0
EVTe33fc52c-4,CUST00261,2026-06-28 13:11:45,otp_request,DEVf510ab53,IN,False,False,0
EVT09b2eae6-5,CUST00215,2026-06-28 13:12:36,login,DEV3805f907,IN,False,False,0
EVT076c108d-2,CUST00338,2026-06-28 13:13:08,login,DEVc342bd2b,IN,False,False,0
EVT4654e77d-d,CUST00252,2026-06-28 13:14:51,login,DEV6db99102,IN,False,False,0
EVT0f735617-9,CUST00258,2026-06-28 13:21:41,login,DEV5578126e,IN,True,False,0
EVT115db44f-c,CUST00326,2026-06-28 13:36:47,login,DEV1d34d08e,IN,False,False,0
EVT7f7eedaa-a,CUST00222,2026-06-28 13:38:27,login,DEVaf826da0,IN,True,False,0
EVTa8cf2936-8,CUST00430,2026-06-28 13:49:47,login,DEV2a96e1e2,IN,False,False,0
EVT8941bdd3-9,CUST00312,2026-06-28 13:53:59,login,DEVb0ae8f08,IN,False,False,0
EVTf60fdbf2-2,CUST00318,2026-06-28 14:02:26,login,DEV66747987,IN,True,False,0
EVTf859396d-c,CUST00419,2026-06-28 14:03:43,login,DEV43d88870,IN,False,False,0
EVTc509d558-0,CUST00297,2026-06-28 14:40:38,login,DEV989d9d4a,IN,False,False,0
EVT453b45fe-6,CUST00141,2026-06-28 14:49:07,otp_request,DEV81627cf1,IN,False,False,0
EVTa5eea4a2-2,CUST00394,2026-06-28 14:54:58,session_start,DEV30cbd755,IN,False,False,0
EVT41c7a406-9,CUST00120,2026-06-28 15:00:46,login,DEVcb3ada7f,IN,True,False,0
EVTbfeef19d-b,CUST00263,2026-06-28 15:05:57,login,DEVd6d7b3b8,IN,False,False,0
EVT13483fb3-c,CUST00437,2026-06-28 15:06:15,login,DEVaee1e86b,IN,False,False,0
EVT5f8a2e3c-1,CUST00414,2026-06-28 15:09:00,login,DEV19b17e80,IN,False,False,0
EVT23966b83-5,CUST00418,2026-06-28 15:21:49,session_start,DEV1327f1bc,IN,False,False,1
EVTd8842354-7,CUST00341,2026-06-28 15:55:29,login,DEV2812859a,IN,False,False,0
EVTcef44098-4,CUST00520,2026-06-28 15:57:57,session_start,DEV1d181ee9,IN,False,False,0
EVT5074ac13-f,CUST00424,2026-06-28 16:04:56,session_start,DEV7cea2045,IN,False,False,0
EVT4758367b-a,CUST00027,2026-06-28 16:34:38,otp_request,DEVa28defe3,IN,False,False,0
EVTab6b3f08-a,CUST00344,2026-06-28 16:50:01,login,DEV48603b32,IN,False,False,0
EVTc5144d98-b,CUST00056,2026-06-28 16:54:23,login,DEV81f76d1c,IN,False,False,0
EVT7fc4bd3f-8,CUST00319,2026-06-28 17:23:35,login,DEVec2597eb,BR,True,True,2
EVT8456ce4f-7,CUST00354,2026-06-28 17:29:38,login,DEV77fc9703,IN,False,False,0
EVT3a25be44-d,CUST00282,2026-06-28 18:27:23,login,DEVfe318a9e,UNKNOWN,True,True,3
EVTa25291f3-7,CUST00315,2026-06-28 18:27:41,login,DEV98c7472a,IN,False,False,0
EVTd66de2a1-2,CUST00359,2026-06-28 18:27:55,login,DEV069f14f1,IN,False,False,0
EVT5fcf5c22-b,CUST00575,2026-06-28 18:46:51,login,DEV0cbd3c03,IN,False,False,0
EVTa87319fe-9,CUST00467,2026-06-28 18:53:44,login,DEV5da8d6d2,IN,False,False,0
EVT08651a6e-1,CUST00420,2026-06-28 19:07:50,login,DEV65c17795,IN,False,False,0
EVTc82d4afa-9,CUST00326,2026-06-28 19:55:46,login,DEV64ea7b95,VN,True,True,2
EVT15bebdd0-9,CUST00435,2026-06-28 20:02:07,login,DEV2e183554,IN,False,False,0
EVT1dee4b6d-3,CUST00401,2026-06-28 20:16:08,login,DEVa8f1e091,IN,False,False,0
EVT67b41520-b,CUST00477,2026-06-28 20:25:04,session_start,DEV6502d6a2,IN,False,False,0
EVT2e8498c6-7,CUST00015,2026-06-28 21:00:14,login,DEV288d6c65,IN,True,False,0
EVT54231dbe-2,CUST00185,2026-06-28 21:05:29,login,DEVf0b5156b,IN,False,False,0
EVTc6e79a7b-f,CUST00219,2026-06-28 21:25:24,login,DEV130aef28,BR,True,True,3
EVT0ab2e2ca-7,CUST00513,2026-06-28 21:29:50,login,DEVfbe94499,IN,False,False,0
EVT9bb718a5-c,CUST00190,2026-06-28 21:38:12,login,DEV4d617ffb,IN,True,False,0
EVT74246baa-2,CUST00314,2026-06-28 22:00:57,session_start,DEV96ef2ad6,IN,False,False,0
EVTc41e63d4-9,CUST00045,2026-06-28 22:22:41,login,DEVc9bbdda4,BR,True,True,2
EVTf48f709c-4,CUST00048,2026-06-28 22:32:43,session_start,DEV405cacec,IN,False,False,0
EVT57076494-0,CUST00509,2026-06-28 23:22:30,login,DEV8de08fc2,IN,False,False,0
EVTaf70de70-2,CUST00087,2026-06-28 23:23:30,otp_request,DEV1825bc54,IN,False,False,0
EVTb106c45a-7,CUST00130,2026-06-28 23:26:20,login,DEVd4ec675d,IN,True,False,0
EVTfa5fafdb-5,CUST00402,2026-06-29 00:15:34,login,DEV7250ee18,IN,False,False,0
EVT82e2b02d-8,CUST00291,2026-06-29 00:27:33,login,DEV4767d76c,IN,False,False,0
EVT82d29bf8-6,CUST00567,2026-06-29 00:29:19,login,DEVa847bce7,IN,False,False,0
EVT71f71add-a,CUST00518,2026-06-29 00:52:11,otp_request,DEV040a3aae,IN,False,False,0
EVTa1731ed8-7,CUST00354,2026-06-29 01:20:48,login,DEV77fc9703,IN,False,False,0
EVTe60d7a94-b,CUST00305,2026-06-29 01:21:04,password_reset,DEVa9f948b2,IN,False,False,0
EVT49a5baeb-d,CUST00299,2026-06-29 01:21:38,password_reset,DEV30e912f2,IN,False,False,0
EVT63ccf604-e,CUST00264,2026-06-29 01:32:52,otp_request,DEV3d114802,IN,False,False,0
EVTb58dfc59-e,CUST00519,2026-06-29 01:45:09,login,DEV20733f6d,IN,False,False,0
EVT6994bf84-5,CUST00247,2026-06-29 02:02:40,login,DEVcc530e36,IN,False,False,0
EVT17664a5a-f,CUST00111,2026-06-29 02:11:40,login,DEVede652f5,IN,True,False,0
EVT3c847821-4,CUST00567,2026-06-29 02:22:57,login,DEVa847bce7,IN,False,False,0
EVT757e2b43-a,CUST00556,2026-06-29 02:55:50,login,DEVd8e7012f,IN,False,False,0
EVT887b03e5-e,CUST00045,2026-06-29 03:06:14,login,DEV28f49481,IN,False,False,0
EVT5b80b8d1-8,CUST00142,2026-06-29 03:15:34,password_reset,DEVe87d1c78,IN,False,False,0
EVTb5b2872b-a,CUST00415,2026-06-29 03:39:11,login,DEV5630899b,UNKNOWN,True,True,2
EVT59e110eb-1,CUST00259,2026-06-29 04:04:35,session_start,DEV0d557b61,IN,False,False,0
EVT6af31899-0,CUST00391,2026-06-29 04:12:44,login,DEVb495db4e,IN,False,False,0
EVT143029a9-d,CUST00032,2026-06-29 04:20:15,login,DEV0e51f30d,IN,False,False,0
EVTd5de293b-b,CUST00587,2026-06-29 04:51:43,login,DEV6e3f683a,IN,False,False,0
EVT9ca3fbb3-f,CUST00028,2026-06-29 05:12:00,login,DEV3eabedcb,IN,False,False,0
EVTa6aa59e5-d,CUST00088,2026-06-29 05:26:24,login,DEV5ab33edf,IN,False,False,0
EVT497bc13b-d,CUST00442,2026-06-29 05:54:07,login,DEV8beddb12,IN,False,False,0
EVTc55fa445-f,CUST00369,2026-06-29 06:47:07,login,DEV5230dfbd,IN,False,False,0
EVTb0d508a9-e,CUST00393,2026-06-29 06:49:28,login,DEV74eff545,IN,False,False,0
EVT2e4bebc4-2,CUST00010,2026-06-29 06:52:13,otp_request,DEV6c307511,IN,False,False,0
EVT5df06e8c-8,CUST00027,2026-06-29 07:33:48,login,DEVa28defe3,IN,False,False,0
EVT559a8f54-c,CUST00293,2026-06-29 07:44:29,login,DEVab0e664e,IN,False,False,0
EVTcf51a203-a,CUST00345,2026-06-29 07:51:41,login,DEV1238d630,IN,False,False,0
EVT1b332e43-a,CUST00368,2026-06-29 07:59:54,login,DEV785299f4,IN,False,False,0
EVT0c9e5550-3,CUST00161,2026-06-29 08:00:15,login,DEV698c206f,IN,False,False,0
EVT3c8aae87-9,CUST00511,2026-06-29 08:02:35,session_start,DEVc63d04ee,IN,False,False,0
EVTfa207403-4,CUST00153,2026-06-29 08:07:59,password_reset,DEVeededb07,IN,False,False,0
EVT220b9ea9-8,CUST00061,2026-06-29 08:20:06,login,DEVeb2263dd,IN,False,False,0
EVTf8d78cbc-5,CUST00518,2026-06-29 08:21:24,login,DEV040a3aae,IN,False,False,0
EVT84fcfcb0-f,CUST00284,2026-06-29 08:45:09,login,DEV75b17a55,IN,False,False,0
EVT3db02235-2,CUST00080,2026-06-29 08:46:26,login,DEV0f1259e0,IN,False,False,0
EVTbca6a6b0-9,CUST00596,2026-06-29 08:55:41,login,DEVf758dce2,IN,False,False,0
EVTe44cbd41-c,CUST00277,2026-06-29 08:59:41,login,DEVce3714af,IN,False,False,0
EVTf4d375c1-a,CUST00032,2026-06-29 09:17:26,login,DEV0e51f30d,IN,False,False,0
EVTba236c22-e,CUST00158,2026-06-29 09:21:55,otp_request,DEVbfddc3d9,IN,False,False,0
EVTcf3a2f8d-5,CUST00430,2026-06-29 09:41:51,login,DEV2a96e1e2,IN,False,False,0
EVT68a522b9-f,CUST00008,2026-06-29 10:06:55,login,DEV82b91686,IN,True,False,0
EVT3f55f644-f,CUST00455,2026-06-29 10:10:46,login,DEV30084a02,RU,True,True,4
EVT59432772-6,CUST00415,2026-06-29 10:58:58,login,DEVa84f3d75,UNKNOWN,True,True,3
EVT80599b93-7,CUST00004,2026-06-29 11:03:06,password_reset,DEV17fc695a,IN,False,False,0
EVT57d9cbb0-3,CUST00170,2026-06-29 11:04:15,otp_request,DEV39118497,IN,False,False,0
EVTf61b2bfd-6,CUST00513,2026-06-29 11:10:47,session_start,DEVfbe94499,IN,False,False,1
EVT28489240-2,CUST00228,2026-06-29 11:28:38,otp_request,DEV7c0e8cd8,IN,False,False,0
EVT39b9c13a-5,CUST00550,2026-06-29 11:29:40,login,DEV692ac139,IN,False,False,0
EVT8ac35ac4-5,CUST00104,2026-06-29 11:35:57,login,DEV63f2ae24,IN,False,False,0
EVT9e15ebcc-6,CUST00406,2026-06-29 11:37:40,login,DEV3d225c30,IN,False,False,0
EVT3b53f64b-7,CUST00226,2026-06-29 12:06:47,session_start,DEVc074718e,IN,False,False,0
EVTc2294116-1,CUST00321,2026-06-29 12:36:11,session_start,DEVa34b6cf6,IN,False,False,0
EVT9399ad15-a,CUST00285,2026-06-29 12:53:50,login,DEV2d174fc9,IN,False,False,0
EVTb2a0f778-8,CUST00294,2026-06-29 12:55:24,session_start,DEV7e8adee7,IN,False,False,0
EVT436ae2bb-d,CUST00247,2026-06-29 13:07:59,password_reset,DEVcc530e36,IN,False,False,0
EVTfe07832a-b,CUST00299,2026-06-29 13:30:18,login,DEV30e912f2,IN,False,False,0
EVTefd37a6d-0,CUST00504,2026-06-29 13:41:58,login,DEV1777e8cb,IN,False,False,0
EVT2cd58759-e,CUST00068,2026-06-29 14:00:11,login,DEV885f6e66,IN,False,False,0
EVT6f6afbe1-6,CUST00276,2026-06-29 14:01:26,login,DEVf4aa15ac,IN,True,False,0
EVTb1644235-4,CUST00205,2026-06-29 14:18:02,login,DEV3c20592f,IN,False,False,0
EVTc523b4e9-0,CUST00546,2026-06-29 14:19:38,login,DEV6e8f75a1,IN,False,False,0
EVT0b3d6dc9-6,CUST00316,2026-06-29 14:32:46,login,DEVd52721e7,IN,False,False,1
EVTef158d5b-2,CUST00052,2026-06-29 14:40:07,login,DEV5715bd6f,IN,False,False,0
EVTeb10052a-c,CUST00518,2026-06-29 14:50:04,login,DEVab6b897b,UNKNOWN,True,True,4
EVTd99598fb-9,CUST00593,2026-06-29 15:21:56,login,DEVc37180d4,VN,True,True,4
EVT250487e4-a,CUST00530,2026-06-29 15:40:45,login,DEVe63658c9,IN,False,False,0
EVTeade7b17-b,CUST00449,2026-06-29 16:05:58,login,DEV4bbe4aff,IN,False,False,0
EVT4491be40-1,CUST00482,2026-06-29 16:19:02,login,DEV78b2b549,IN,False,False,0
EVT4a95c90d-7,CUST00260,2026-06-29 16:34:33,login,DEVa118766a,UNKNOWN,True,True,4
EVTf4852088-e,CUST00415,2026-06-29 16:44:44,login,DEV1986b4b2,IN,False,False,0
EVTfab8328f-2,CUST00260,2026-06-29 16:51:05,login,DEV39669fa7,IN,False,False,0
EVTd85195ac-d,CUST00417,2026-06-29 17:03:33,password_reset,DEVdef57689,IN,False,False,0
EVTfe54ee4b-8,CUST00066,2026-06-29 17:11:23,login,DEV14296c07,IN,False,False,0
EVT3e245fbf-f,CUST00087,2026-06-29 17:31:02,session_start,DEV1825bc54,IN,False,False,0
EVT3ec2e72a-c,CUST00513,2026-06-29 17:35:27,login,DEVfbe94499,IN,False,False,0
EVTc4f5b03e-5,CUST00487,2026-06-29 17:39:54,login,DEV1dde7969,IN,False,False,0
EVT30d73df7-1,CUST00043,2026-06-29 17:59:33,login,DEV7e570ddf,IN,False,False,0
EVTc28fa16b-0,CUST00104,2026-06-29 18:22:59,password_reset,DEV63f2ae24,IN,False,False,0
EVT6c21835d-d,CUST00202,2026-06-29 18:26:56,session_start,DEVa8aa7158,IN,False,False,0
EVT3b7f1998-1,CUST00564,2026-06-29 18:27:04,login,DEV45f50c52,IN,False,False,0
EVT501ba851-5,CUST00075,2026-06-29 18:33:47,login,DEV5f987c71,IN,False,False,0
EVTba92992e-4,CUST00162,2026-06-29 18:36:04,login,DEVecab3301,IN,False,False,0
EVT00f2baa4-9,CUST00369,2026-06-29 18:38:42,session_start,DEV5230dfbd,IN,False,False,0
EVT39ed0800-3,CUST00308,2026-06-29 18:40:59,login,DEV5a104129,IN,False,False,0
EVT8e990457-e,CUST00487,2026-06-29 18:48:36,login,DEV1dde7969,IN,False,False,0
EVTf541a44e-1,CUST00456,2026-06-29 18:59:44,login,DEV3ae909fe,IN,False,False,0
EVT6e76936a-a,CUST00235,2026-06-29 19:15:20,login,DEV7746d0ba,IN,False,False,0
EVT77dd362b-4,CUST00473,2026-06-29 19:43:14,login,DEVc1101266,IN,False,False,0
EVT008ffab9-3,CUST00193,2026-06-29 20:05:46,login,DEVaa38d0a1,IN,False,False,0
EVT23ef5561-8,CUST00226,2026-06-29 20:13:36,login,DEVc074718e,IN,False,False,0
EVTccac2fb5-1,CUST00098,2026-06-29 20:25:00,login,DEVa6f2f7b8,IN,False,False,0
EVT1422373f-8,CUST00000,2026-06-29 20:25:56,login,DEVbdd640fb,IN,False,False,0
EVTafe2487f-4,CUST00425,2026-06-29 20:46:34,session_start,DEV9e11d2cd,IN,False,False,0
EVTa90e319d-6,CUST00300,2026-06-29 20:50:21,login,DEV680bac63,IN,False,False,0
EVTbf67de42-3,CUST00293,2026-06-29 20:52:50,login,DEVab0e664e,IN,False,False,0
EVTcff2b1c4-e,CUST00091,2026-06-29 21:25:30,login,DEV0f844fef,IN,False,False,0
EVT2be26bd1-1,CUST00552,2026-06-29 21:29:47,login,DEVea74bb18,IN,False,False,0
EVT7d05121c-c,CUST00436,2026-06-29 21:30:48,otp_request,DEV9c07a751,IN,False,False,0
EVTf1db228c-b,CUST00410,2026-06-29 21:37:33,login,DEV940cbc1d,VN,True,True,3
EVT3334cd07-e,CUST00421,2026-06-29 21:40:47,login,DEV541cdfcd,IN,False,False,0
EVT3ee82983-d,CUST00076,2026-06-29 21:51:05,session_start,DEV7394988f,IN,False,False,0
EVTaca58d95-9,CUST00055,2026-06-29 21:52:34,login,DEVf8cda88b,IN,False,False,0
EVT8e484bc0-6,CUST00517,2026-06-29 22:00:36,session_start,DEVc9d6a63b,IN,False,False,0
EVT7d6c3d2a-5,CUST00303,2026-06-29 22:07:34,login,DEV046a0df5,IN,False,False,0
EVT6f2aec8a-5,CUST00389,2026-06-29 22:09:17,login,DEVa5d04d53,IN,False,False,0
EVT88ab7afd-6,CUST00426,2026-06-29 22:12:08,login,DEV9c9425d8,IN,True,False,0
EVT04b40ac9-2,CUST00303,2026-06-29 22:35:39,login,DEV046a0df5,IN,False,False,0
EVTc2ffd690-a,CUST00566,2026-06-29 22:58:52,login,DEV2e709838,IN,False,False,0
EVT09f64405-0,CUST00040,2026-06-29 23:05:28,session_start,DEVbf3c4c06,IN,False,False,0
EVT7aa1219a-7,CUST00229,2026-06-29 23:06:19,session_start,DEV709b7d97,IN,False,False,1
EVTc350bf4f-3,CUST00577,2026-06-29 23:09:57,otp_request,DEV9b69554d,IN,False,False,0
EVT746b161a-3,CUST00244,2026-06-29 23:16:24,login,DEVe5d6f6e6,IN,False,False,0
EVT5207c6cc-9,CUST00509,2026-06-29 23:43:02,login,DEV8de08fc2,IN,False,False,0
EVTd6a7aa06-2,CUST00560,2026-06-29 23:48:31,login,DEVc4767556,IN,False,False,0
EVTba5c865d-b,CUST00231,2026-06-30 00:09:23,login,DEVe49d681d,IN,False,False,0
EVTe7e646c7-0,CUST00016,2026-06-30 00:26:58,login,DEVec1b8ca1,IN,False,False,0
EVT107380cb-4,CUST00584,2026-06-30 00:29:50,session_start,DEVf200c261,IN,False,False,0
EVTf4124360-1,CUST00019,2026-06-30 00:31:43,login,DEV3139d32c,IN,False,False,0
EVT90ce77e9-7,CUST00103,2026-06-30 00:33:19,login,DEV2a25a888,IN,False,False,0
EVTde431e06-e,CUST00031,2026-06-30 00:35:45,session_start,DEV5304317f,IN,False,False,0
EVT567e642e-0,CUST00162,2026-06-30 01:03:57,login,DEVecab3301,IN,False,False,0
EVT84a2576c-1,CUST00032,2026-06-30 01:12:15,login,DEV0e51f30d,IN,False,False,0
EVT1407a94b-0,CUST00306,2026-06-30 01:20:26,login,DEVe9052c4b,RU,True,True,2
EVTaee0ba17-9,CUST00037,2026-06-30 01:26:33,login,DEVaf31dee8,RU,True,True,3
EVT21ffcf72-9,CUST00506,2026-06-30 01:32:53,login,DEV0cf2b69b,IN,False,False,1
EVT6c521d13-b,CUST00091,2026-06-30 01:55:15,login,DEV0f844fef,IN,False,False,0
EVTbaaeebf8-9,CUST00452,2026-06-30 02:26:58,login,DEVdd750e98,IN,False,False,0
EVTa46b6fce-e,CUST00212,2026-06-30 02:34:24,session_start,DEV25c73c44,IN,False,False,0
EVTb148b2a6-e,CUST00198,2026-06-30 02:39:29,session_start,DEV9b4e2c24,IN,False,False,0
EVT11654cb3-d,CUST00365,2026-06-30 02:56:28,session_start,DEV7135f221,IN,False,False,0
EVT33ffb402-a,CUST00370,2026-06-30 03:10:00,login,DEV292bd156,IN,False,False,0
EVT5dba2337-c,CUST00089,2026-06-30 03:13:01,login,DEVc5ba8420,IN,True,False,0
EVTa0152b5b-6,CUST00270,2026-06-30 03:18:37,login,DEV4fa03f26,IN,False,False,0
EVTd5647056-8,CUST00256,2026-06-30 03:31:29,login,DEV1ab84c1b,IN,True,False,0
EVT00fa0eb4-5,CUST00153,2026-06-30 03:48:14,login,DEVeededb07,IN,False,False,0
EVT4dd7962b-b,CUST00356,2026-06-30 03:59:29,session_start,DEV8a3c3b5e,IN,False,False,0
EVT9fbc879e-8,CUST00282,2026-06-30 03:59:53,login,DEV7d7ddbed,IN,False,False,0
EVT744da236-5,CUST00500,2026-06-30 04:47:51,session_start,DEV5e09a9ee,IN,False,False,0
EVTc5ba36af-f,CUST00493,2026-06-30 04:51:13,session_start,DEV965befdf,IN,False,False,0
EVT6c93a791-8,CUST00063,2026-06-30 05:23:26,password_reset,DEV5cec4eb5,IN,False,False,0
EVT34981735-4,CUST00119,2026-06-30 05:35:41,login,DEV14fcdd54,IN,False,False,0
EVT2ed1027f-d,CUST00008,2026-06-30 05:38:50,login,DEV62e5b19a,BR,True,True,3
EVT1036ca81-0,CUST00188,2026-06-30 05:47:16,login,DEV9f871ce7,IN,False,False,0
EVTc179c596-d,CUST00488,2026-06-30 06:01:50,login,DEV0986bbeb,IN,False,False,0
EVTb2cc4372-6,CUST00516,2026-06-30 06:03:53,login,DEV21bddb41,IN,False,False,0
EVTbdb58d06-2,CUST00372,2026-06-30 06:14:54,otp_request,DEV668409e3,IN,False,False,0
EVT21d8b96a-6,CUST00233,2026-06-30 06:24:35,login,DEV271e3ee2,IN,False,False,0
EVTcc2b2f49-c,CUST00581,2026-06-30 06:25:52,login,DEV86e52753,IN,False,False,0
EVT6b0ae0e3-9,CUST00037,2026-06-30 06:38:06,login,DEVe27a984d,IN,False,False,1
EVT3f30ea12-c,CUST00556,2026-06-30 07:19:44,login,DEVd8e7012f,IN,False,False,0
EVTc8ecb641-9,CUST00591,2026-06-30 07:23:37,login,DEVbdf66ba5,IN,False,False,0
EVTed850a6d-7,CUST00403,2026-06-30 07:35:35,login,DEV551ac8ea,IN,False,False,0
EVTdbd30aec-0,CUST00127,2026-06-30 08:07:20,login,DEV19985f15,IN,False,False,1
EVT1752815c-b,CUST00557,2026-06-30 08:20:10,login,DEV8e676a01,IN,False,False,0
EVT3f738f50-1,CUST00142,2026-06-30 08:43:16,login,DEVe87d1c78,IN,False,False,0
EVT6e1a1e1b-e,CUST00463,2026-06-30 09:06:52,login,DEV5d678bb1,IN,False,False,0
EVTceef7261-b,CUST00293,2026-06-30 09:19:20,session_start,DEVab0e664e,IN,False,False,0
EVT6147adeb-2,CUST00085,2026-06-30 09:26:25,session_start,DEV93829b43,IN,False,False,1
EVTa2379e6f-d,CUST00194,2026-06-30 10:00:58,login,DEVbf85bf0e,IN,False,False,0
EVTa43e558c-2,CUST00116,2026-06-30 10:28:08,login,DEVdca02eec,IN,False,False,0
EVT69bba3c4-6,CUST00473,2026-06-30 10:35:50,login,DEVc1101266,IN,False,False,0
EVT38aa76df-d,CUST00165,2026-06-30 10:39:53,login,DEV28c13091,IN,False,False,0
EVT67c0518b-1,CUST00081,2026-06-30 10:49:14,device_registration,DEV080aadfb,IN,False,False,0
EVTca9f1d59-8,CUST00163,2026-06-30 11:06:49,otp_request,DEV696608aa,IN,False,False,0
EVT7b7ce7cc-f,CUST00343,2026-06-30 11:07:23,login,DEV085b15fb,IN,False,False,0
EVTd513da02-5,CUST00446,2026-06-30 11:10:38,login,DEV4d57d880,IN,False,False,0
EVTa180f402-f,CUST00566,2026-06-30 11:10:55,login,DEV2e709838,IN,False,False,0
EVTbf337a15-1,CUST00073,2026-06-30 11:34:41,login,DEVb09b2a5c,IN,False,False,0
EVTd6e11e55-e,CUST00193,2026-06-30 11:44:10,login,DEV7533c4df,IN,True,False,0
EVTbbe30fd2-4,CUST00581,2026-06-30 11:51:37,login,DEV86e52753,IN,False,False,0
EVT542ef29e-1,CUST00552,2026-06-30 11:58:42,otp_request,DEVea74bb18,IN,False,False,0
EVT041b1878-1,CUST00563,2026-06-30 12:16:58,login,DEVb18753e6,IN,False,False,0
EVT90fcc9f1-2,CUST00226,2026-06-30 12:19:31,login,DEVc074718e,IN,False,False,1
EVT59432577-2,CUST00036,2026-06-30 12:56:00,login,DEVf84a9bca,IN,True,False,0
EVT485f7888-1,CUST00183,2026-06-30 13:00:58,login,DEV6fa17735,IN,False,False,0
EVTa1e518a2-9,CUST00109,2026-06-30 13:13:49,login,DEV37bb3eec,IN,False,False,0
EVT7580e4e9-5,CUST00166,2026-06-30 13:15:12,session_start,DEV61ee411a,IN,False,False,0
EVT99487f82-1,CUST00416,2026-06-30 13:24:10,login,DEV03edd1f8,IN,False,False,0
EVTc3f9c78c-a,CUST00441,2026-06-30 13:37:18,session_start,DEV771ad655,IN,False,False,0
EVT2a32e553-7,CUST00559,2026-06-30 13:40:23,otp_request,DEV6dda4f8d,IN,False,False,0
EVT6d575fd1-f,CUST00523,2026-06-30 13:49:34,login,DEV38b77c07,IN,False,False,0
EVT41bc3273-5,CUST00294,2026-06-30 13:56:58,login,DEV0466b04d,IN,True,False,0
EVT5168bbf2-9,CUST00143,2026-06-30 14:17:47,session_start,DEVa2607723,IN,False,False,0
EVT294d43ed-2,CUST00320,2026-06-30 14:32:07,login,DEV4ac9778d,IN,False,False,0
EVT141b9098-8,CUST00339,2026-06-30 14:32:58,login,DEV43bfd931,IN,False,False,0
EVTf8736e59-0,CUST00154,2026-06-30 14:43:28,login,DEV45358d5a,IN,True,False,0
EVTee1db5ee-f,CUST00077,2026-06-30 14:50:04,login,DEVd772aea9,IN,True,False,0
EVT7414e3e1-a,CUST00366,2026-06-30 15:02:18,login,DEVff37d19c,IN,False,False,0
EVT823c7ef9-c,CUST00213,2026-06-30 15:25:31,session_start,DEVe4855aa1,IN,False,False,0
EVT427f6635-5,CUST00498,2026-06-30 15:37:33,login,DEV71d79665,IN,False,False,0
EVT32803153-3,CUST00191,2026-06-30 15:44:54,login,DEV70e39ecb,UNKNOWN,True,True,4
EVT225f52ab-5,CUST00568,2026-06-30 15:48:47,login,DEVbdb025ff,IN,False,False,0
EVTf65e52fd-2,CUST00509,2026-06-30 15:55:01,session_start,DEV8de08fc2,IN,False,False,1
EVT51facefa-d,CUST00075,2026-06-30 16:02:36,login,DEV5f987c71,IN,False,False,0
EVTe7ab2ef7-7,CUST00334,2026-06-30 16:11:07,login,DEVe893be3d,IN,False,False,0
EVT47e321c2-a,CUST00228,2026-06-30 16:56:38,login,DEV7c0e8cd8,IN,False,False,0
EVT7453c9c3-8,CUST00080,2026-06-30 17:30:55,login,DEV5c57eb93,VN,True,True,3
EVT12fe28bf-8,CUST00003,2026-06-30 17:34:38,session_start,DEV972a8469,IN,False,False,0
EVT6553b15f-1,CUST00275,2026-06-30 19:08:14,login,DEV3e2b6091,IN,False,False,0
EVTa4d78f64-1,CUST00508,2026-06-30 19:15:17,login,DEV34885a46,IN,False,False,0
EVTe9a1c6d5-c,CUST00171,2026-06-30 19:44:37,login,DEV6601ddd0,IN,False,False,0
EVT6986305a-5,CUST00267,2026-06-30 19:49:20,login,DEV5e6fea07,IN,False,False,0
EVT8208fd42-2,CUST00342,2026-06-30 19:51:49,login,DEVb07aa066,IN,False,False,0
EVT255bfc1c-7,CUST00087,2026-06-30 19:51:52,password_reset,DEV1825bc54,IN,False,False,0
EVTca7ecb33-7,CUST00539,2026-06-30 19:53:17,login,DEV6e191042,IN,False,False,0
EVT8d93e14a-5,CUST00084,2026-06-30 19:58:07,login,DEVb92da22b,IN,False,False,0
EVT03200c4e-4,CUST00317,2026-06-30 20:06:32,login,DEV5c62b3a2,IN,False,False,0
EVTc8cba592-b,CUST00203,2026-06-30 20:08:31,session_start,DEVa9f25336,IN,False,False,1
EVT07e3c39a-a,CUST00217,2026-06-30 20:12:12,login,DEV8eb22579,IN,False,False,1
EVTc78e0272-c,CUST00559,2026-06-30 20:20:55,login,DEV6dda4f8d,IN,False,False,0
EVT39bfc9b6-4,CUST00304,2026-06-30 20:24:15,login,DEV6786d506,IN,False,False,0
EVTceae71cf-c,CUST00034,2026-06-30 20:27:47,login,DEV10f1bc81,IN,False,False,0
EVTcd6c78dd-d,CUST00425,2026-06-30 20:29:01,session_start,DEV9e11d2cd,IN,False,False,0
EVT27c6cbb1-c,CUST00122,2026-06-30 20:37:21,session_start,DEV506e5a9a,IN,False,False,0
EVT93fde248-a,CUST00320,2026-06-30 20:53:27,login,DEV4ac9778d,IN,False,False,0
EVTc3093b6e-3,CUST00057,2026-06-30 21:09:07,login,DEVa013ac6e,IN,False,False,0
EVT1b993f82-f,CUST00329,2026-06-30 21:18:40,login,DEV028ccae1,NG,True,True,4
EVT92f72f86-3,CUST00448,2026-06-30 21:25:57,login,DEV518d38f8,IN,True,False,0
EVT8b0a4802-b,CUST00545,2026-06-30 21:33:08,login,DEV175a81ec,IN,False,False,0
EVT8c128604-2,CUST00246,2026-06-30 21:37:11,login,DEV1182d657,IN,True,False,0
EVT2285b2ef-c,CUST00021,2026-06-30 21:41:22,login,DEVfc377a4c,IN,False,False,0
EVTa40dfea5-b,CUST00223,2026-06-30 22:32:54,otp_request,DEV6d3ee1dc,IN,False,False,0
EVTddbb5298-a,CUST00366,2026-06-30 22:34:45,login,DEV3e4c23fb,IN,True,False,0
EVTdbb54645-7,CUST00162,2026-06-30 22:44:45,session_start,DEVecab3301,IN,False,False,0
EVT00501cd8-8,CUST00397,2026-06-30 22:56:47,login,DEV36c84263,IN,True,False,0
EVT5a332b7d-1,CUST00253,2026-06-30 23:18:05,login,DEV945dbe02,RU,True,True,2
EVTfbdc532e-6,CUST00312,2026-06-30 23:25:50,otp_request,DEVb0ae8f08,IN,False,False,0
EVT5d42b9e9-6,CUST00010,2026-06-30 23:42:48,session_start,DEV6c307511,IN,False,False,0
EVTb6646199-e,CUST00302,2026-06-30 23:44:58,login,DEVb63b4dc3,IN,False,False,0
EVT75f8e3a8-7,CUST00077,2026-06-30 23:50:33,session_start,DEV1064005c,IN,False,False,0
EVT86341718-2,CUST00043,2026-06-30 23:54:32,session_start,DEV7e570ddf,IN,False,False,0
EVT5afa0fb3-5,CUST00303,2026-07-01 00:07:00,login,DEV046a0df5,IN,False,False,0
EVT97da64cb-8,CUST00420,2026-07-01 00:08:32,login,DEV65c17795,IN,False,False,0
EVT855c0a97-9,CUST00262,2026-07-01 00:10:28,login,DEV07f194f9,IN,False,False,0
EVT682904ca-f,CUST00523,2026-07-01 00:12:33,login,DEV38b77c07,IN,False,False,0
EVTfb95d0fc-a,CUST00157,2026-07-01 00:37:59,login,DEVdfed2c43,IN,False,False,0
EVT505c7527-d,CUST00199,2026-07-01 00:40:58,login,DEV7118e364,IN,False,False,0
EVT73137fa5-d,CUST00480,2026-07-01 00:45:38,login,DEV618ae305,IN,False,False,0
EVTf4dea863-7,CUST00311,2026-07-01 00:48:06,login,DEVeb108621,NG,True,True,4
EVT54ce26be-c,CUST00081,2026-07-01 00:54:11,otp_request,DEV080aadfb,IN,False,False,0
EVT5719d3e4-1,CUST00596,2026-07-01 00:58:01,login,DEVf758dce2,IN,False,False,0
EVT77617d80-5,CUST00209,2026-07-01 01:14:12,login,DEV74962764,IN,False,False,1
EVT25bdab14-7,CUST00598,2026-07-01 01:25:09,login,DEVb08a4895,IN,False,False,0
EVT1a43db54-5,CUST00023,2026-07-01 01:31:18,login,DEV7412b293,IN,False,False,1
EVT29298691-e,CUST00401,2026-07-01 01:33:54,login,DEVa8f1e091,IN,False,False,0
EVT91b76c45-d,CUST00566,2026-07-01 01:43:21,otp_request,DEV2e709838,IN,False,False,0
EVT243113fd-8,CUST00218,2026-07-01 01:49:58,login,DEV1f115b76,IN,False,False,0
EVT36cdf42f-8,CUST00437,2026-07-01 01:52:39,login,DEVaee1e86b,IN,False,False,0
EVT8baaf744-a,CUST00034,2026-07-01 01:54:02,login,DEV10f1bc81,IN,False,False,0
EVT58e9bbad-3,CUST00438,2026-07-01 01:59:00,login,DEV9549c931,IN,False,False,0
EVTb02e21aa-3,CUST00183,2026-07-01 02:06:32,login,DEV6fa17735,IN,False,False,0
EVT24c778a5-9,CUST00035,2026-07-01 02:37:55,login,DEV9132b63e,IN,False,False,0
EVT0dd7cac2-8,CUST00569,2026-07-01 02:46:28,login,DEV177d6e7e,IN,False,False,0
EVT0a670143-6,CUST00208,2026-07-01 02:50:36,login,DEV9c7c7377,IN,False,False,0
EVTeb22ec1d-4,CUST00347,2026-07-01 02:52:14,login,DEV96fc734d,IN,False,False,0
EVTb11c7dff-b,CUST00532,2026-07-01 02:55:23,login,DEV9fd34579,IN,False,False,0
EVTb1eedf64-0,CUST00356,2026-07-01 03:05:56,login,DEV8a3c3b5e,IN,False,False,0
EVT8d9957fa-7,CUST00512,2026-07-01 03:07:05,login,DEV989240ac,IN,False,False,0
EVT3f5fbf4f-d,CUST00109,2026-07-01 03:10:44,otp_request,DEV37bb3eec,IN,False,False,0
EVT548e1f6b-6,CUST00050,2026-07-01 03:22:09,session_start,DEV1d53434b,IN,False,False,0
EVT6a7330b3-e,CUST00576,2026-07-01 03:26:34,login,DEV716fda0a,IN,False,False,0
EVT5eef0d1e-3,CUST00242,2026-07-01 03:26:49,login,DEVd5f25073,IN,False,False,0
EVT783e40ab-b,CUST00435,2026-07-01 03:40:15,login,DEV2e183554,IN,False,False,0
EVT41a50d68-4,CUST00188,2026-07-01 03:40:20,login,DEVaed65001,IN,True,False,0
EVT380a1bb7-d,CUST00598,2026-07-01 03:40:38,login,DEVb08a4895,IN,False,False,0
EVTf00f63ef-e,CUST00235,2026-07-01 03:41:55,login,DEV7746d0ba,IN,False,False,0
EVTafb28b3d-3,CUST00170,2026-07-01 03:47:32,login,DEV39118497,IN,False,False,0
EVTe2ad828b-1,CUST00565,2026-07-01 03:50:50,session_start,DEVebe9e207,IN,False,False,0
EVT55f3ad50-e,CUST00149,2026-07-01 03:57:54,login,DEVb0e6a969,IN,False,False,0
EVT47c1c017-6,CUST00089,2026-07-01 04:04:37,login,DEVdd2467ac,IN,False,False,0
EVT294d25fc-0,CUST00482,2026-07-01 04:13:34,login,DEV78b2b549,IN,False,False,0
EVTbca83a82-7,CUST00451,2026-07-01 04:14:08,login,DEV6553867d,IN,False,False,0
EVT72c573e9-5,CUST00482,2026-07-01 04:35:16,login,DEV78b2b549,IN,False,False,0
EVT7a4a902f-2,CUST00115,2026-07-01 04:48:40,session_start,DEV118a9d29,IN,False,False,0
EVT4b657bcc-b,CUST00147,2026-07-01 04:48:58,login,DEVb4a69f3c,IN,False,False,0
EVTd900b745-3,CUST00522,2026-07-01 04:49:13,login,DEV97fa7f04,IN,False,False,0
EVTa358c4d3-f,CUST00589,2026-07-01 05:04:21,session_start,DEV8f0881ee,IN,False,False,0
EVTf89617fa-6,CUST00294,2026-07-01 05:05:04,login,DEV7e8adee7,IN,False,False,0
EVT99b3568d-6,CUST00456,2026-07-01 05:25:34,login,DEV3ae909fe,IN,False,False,0
EVT276e1d67-0,CUST00413,2026-07-01 05:41:17,login,DEVf72169bb,IN,False,False,0
EVTc47dd678-4,CUST00565,2026-07-01 06:05:09,login,DEVebe9e207,IN,False,False,0
EVTc6ac1b04-d,CUST00065,2026-07-01 06:17:30,login,DEV3da9c2a9,IN,False,False,0
EVT57f7d71f-2,CUST00261,2026-07-01 06:26:10,session_start,DEVf510ab53,IN,False,False,0
EVT82d621dd-f,CUST00091,2026-07-01 06:28:04,login,DEVc5c19ddb,BR,True,True,2
EVT56c76990-7,CUST00499,2026-07-01 06:49:35,otp_request,DEV5cd8fe1a,IN,False,False,0
EVT47efa886-d,CUST00462,2026-07-01 06:49:52,session_start,DEVc9e26074,IN,False,False,0
EVT2a7cf9e9-d,CUST00331,2026-07-01 06:52:56,session_start,DEV8edddfcd,IN,False,False,0
EVT6ef54cee-b,CUST00572,2026-07-01 06:58:58,login,DEV530ac1c7,IN,False,False,0
EVT3c775558-b,CUST00358,2026-07-01 06:59:27,login,DEVbc0a6a5d,IN,False,False,0
EVT4b658517-1,CUST00543,2026-07-01 07:09:37,login,DEV4140752c,IN,False,False,0
EVT5fdcabbf-6,CUST00061,2026-07-01 07:47:37,login,DEVeb2263dd,IN,False,False,0
EVTf1f71605-a,CUST00300,2026-07-01 07:53:10,password_reset,DEV680bac63,IN,False,False,0
EVT851b9860-3,CUST00364,2026-07-01 07:54:01,login,DEV2cd94cbb,IN,False,False,0
EVT59bb8900-6,CUST00236,2026-07-01 07:56:38,password_reset,DEVd5385b0e,IN,False,False,1
EVT55957cd1-a,CUST00233,2026-07-01 08:03:47,login,DEV602596fb,IN,True,False,0
EVT61cb0527-7,CUST00363,2026-07-01 08:08:15,login,DEV9384ec2b,IN,False,False,0
EVT33f60730-9,CUST00555,2026-07-01 09:05:33,login,DEV279c658a,IN,False,False,0
EVTd8e70aeb-e,CUST00138,2026-07-01 09:05:36,login,DEV27cb6f2a,IN,False,False,0
EVT28e60130-2,CUST00383,2026-07-01 09:16:36,login,DEV7c16128d,IN,False,False,0
EVTb82d40de-f,CUST00306,2026-07-01 09:46:48,login,DEV8db06746,IN,False,False,0
EVT154ebf91-d,CUST00574,2026-07-01 10:10:47,login,DEV27d415b6,IN,False,False,0
EVT323132fa-6,CUST00255,2026-07-01 10:16:33,login,DEV56666f9f,IN,False,False,0
EVTc7332304-4,CUST00012,2026-07-01 10:16:47,login,DEV1a2a73ed,IN,False,False,0
EVTbe86f5d0-f,CUST00477,2026-07-01 10:34:51,login,DEV6502d6a2,IN,False,False,0
EVT6dd49c96-6,CUST00174,2026-07-01 11:02:36,password_reset,DEVadf4e62d,IN,False,False,0
EVTcbfd4a31-c,CUST00205,2026-07-01 11:09:27,login,DEV3c20592f,IN,False,False,0
EVT0f8a579c-b,CUST00481,2026-07-01 11:10:25,password_reset,DEV5f18e583,IN,False,False,0
EVT46feacd4-f,CUST00108,2026-07-01 11:20:04,login,DEV7c967f79,IN,False,False,0
EVT865a7766-a,CUST00189,2026-07-01 11:20:16,login,DEV1fe771d6,IN,False,False,0
EVT74ed53ce-e,CUST00428,2026-07-01 11:23:24,login,DEVac5a61d3,IN,True,False,0
EVT8dda4ff2-b,CUST00152,2026-07-01 11:28:32,login,DEV0ab54bde,IN,False,False,0
EVT37f25d36-8,CUST00104,2026-07-01 11:59:35,otp_request,DEV63f2ae24,IN,False,False,0
EVT222db2cf-b,CUST00454,2026-07-01 12:00:33,login,DEVbec39a37,IN,False,False,0
EVT15c18944-b,CUST00489,2026-07-01 12:00:52,login,DEVa9dfcc0c,IN,True,False,0
EVT5fa18468-6,CUST00466,2026-07-01 12:36:53,password_reset,DEVc958e75e,IN,False,False,0
EVT361f448c-c,CUST00290,2026-07-01 12:42:18,login,DEV696932ac,IN,True,False,0
EVTdb1a8e44-f,CUST00015,2026-07-01 13:10:39,login,DEV9155ed93,IN,True,False,0
EVT6bbdb66f-9,CUST00120,2026-07-01 13:26:46,otp_request,DEV90b2b633,IN,False,False,0
EVT042b03ca-7,CUST00112,2026-07-01 13:29:45,password_reset,DEV7a0ecfea,IN,False,False,0
EVTa1230193-5,CUST00491,2026-07-01 13:37:57,login,DEV5efa9c5b,IN,False,False,0
EVT84a91789-b,CUST00253,2026-07-01 13:59:20,login,DEV2e85cb21,IN,False,False,0
EVTb9a5d4d0-4,CUST00171,2026-07-01 14:18:56,login,DEV6601ddd0,IN,False,False,0
EVTcb21aa80-1,CUST00484,2026-07-01 14:19:10,otp_request,DEV9c2e58de,IN,False,False,0
EVT8f040721-e,CUST00418,2026-07-01 15:00:47,session_start,DEV1327f1bc,IN,False,False,0
EVT1bf645f6-2,CUST00049,2026-07-01 15:27:23,login,DEVf143262f,IN,False,False,0
EVT44de950f-2,CUST00581,2026-07-01 15:30:51,login,DEV86e52753,IN,False,False,0
EVTedd32be9-2,CUST00593,2026-07-01 15:37:20,login,DEV5024bdc6,IN,False,False,0
EVTfb29ff36-2,CUST00420,2026-07-01 15:38:01,otp_request,DEV65c17795,IN,False,False,0
EVTdc05ae03-d,CUST00486,2026-07-01 15:40:22,login,DEVb379cb1e,IN,False,False,0
EVT3fe604f4-2,CUST00453,2026-07-01 15:57:08,otp_request,DEVf93e08d5,IN,False,False,0
EVTb85acaf0-d,CUST00463,2026-07-01 16:00:16,login,DEV2abb8747,IN,True,False,0
EVT1f7bd82f-2,CUST00490,2026-07-01 16:01:11,login,DEV899ca782,IN,False,False,0
EVTad4b24ec-5,CUST00486,2026-07-01 16:03:59,login,DEVb379cb1e,IN,False,False,0
EVT56c890a5-6,CUST00507,2026-07-01 16:05:18,login,DEVfd235def,IN,False,False,0
EVT243012da-b,CUST00101,2026-07-01 16:06:58,login,DEV680ac07a,IN,False,False,0
EVTe1bbb8cd-7,CUST00149,2026-07-01 16:11:06,session_start,DEVb0e6a969,IN,False,False,0
EVT9134c0b7-6,CUST00343,2026-07-01 16:16:05,otp_request,DEV085b15fb,IN,False,False,0
EVTa9325ae1-9,CUST00320,2026-07-01 16:19:48,login,DEV4ac9778d,IN,False,False,0
EVT65cc59d6-2,CUST00528,2026-07-01 16:20:57,login,DEV6f1e2050,UNKNOWN,True,True,2
EVTf8ded777-b,CUST00111,2026-07-01 16:44:31,login,DEV504867ba,IN,False,False,0
EVT9c48c830-6,CUST00363,2026-07-01 16:55:18,login,DEV9384ec2b,IN,False,False,0
EVT27035b27-9,CUST00222,2026-07-01 17:08:32,login,DEVd0a44432,IN,False,False,0
EVTc3b44bae-1,CUST00376,2026-07-01 17:14:07,login,DEV6577aba9,IN,True,False,0
EVTe2c328aa-3,CUST00021,2026-07-01 17:22:33,login,DEVfc377a4c,IN,False,False,0
EVT17eaec83-8,CUST00032,2026-07-01 17:27:38,login,DEV0e51f30d,IN,False,False,0
EVT9e45455e-2,CUST00161,2026-07-01 17:32:53,otp_request,DEV698c206f,IN,False,False,0
EVT6e3c4532-1,CUST00023,2026-07-01 18:03:02,login,DEV7412b293,IN,False,False,0
EVTcbf6aa23-a,CUST00325,2026-07-01 18:06:49,login,DEV40a26c60,IN,False,False,0
EVT6d4772f8-d,CUST00580,2026-07-01 18:09:47,login,DEVad9fb00d,IN,False,False,0
EVT90ce82e8-e,CUST00141,2026-07-01 18:17:08,login,DEV81627cf1,IN,False,False,0
EVT235fc3d5-2,CUST00198,2026-07-01 18:24:04,login,DEV9b4e2c24,IN,False,False,0
EVT938f2b90-6,CUST00481,2026-07-01 18:25:06,password_reset,DEV5f18e583,IN,False,False,0
EVT73b0e73d-5,CUST00588,2026-07-01 18:29:16,session_start,DEV88575117,IN,False,False,0
EVT4082cbb9-4,CUST00007,2026-07-01 18:37:34,login,DEV6b65a6a4,IN,False,False,0
EVT528a34f3-6,CUST00436,2026-07-01 18:53:25,login,DEV9c07a751,IN,False,False,0
EVT20d1968f-0,CUST00433,2026-07-01 19:10:55,login,DEV6e417d47,IN,False,False,0
EVT5209eaab-3,CUST00395,2026-07-01 19:29:14,login,DEVbf0d073d,IN,False,False,0
EVT4b7a123e-3,CUST00480,2026-07-01 19:35:14,login,DEV618ae305,IN,False,False,0
EVTb46788bd-d,CUST00135,2026-07-01 19:41:44,otp_request,DEVee87905e,IN,False,False,0
EVT91788bdd-4,CUST00513,2026-07-01 19:48:14,otp_request,DEVfbe94499,IN,False,False,0
EVTf4ca6e70-7,CUST00400,2026-07-01 19:50:56,session_start,DEVd664d264,IN,False,False,0
EVTd3946dc7-a,CUST00381,2026-07-01 20:03:07,login,DEV445dcc38,IN,False,False,0
EVT57f479b5-b,CUST00114,2026-07-01 20:19:42,login,DEV82010c62,IN,False,False,0
EVT57bd0ca8-5,CUST00569,2026-07-01 20:24:42,session_start,DEV177d6e7e,IN,False,False,0
EVTcc1b4157-e,CUST00023,2026-07-01 20:35:51,otp_request,DEV7412b293,IN,False,False,0
EVT8e5e71c5-9,CUST00176,2026-07-01 20:36:34,login,DEV7cd5babe,RU,True,True,4
EVT31dae817-4,CUST00243,2026-07-01 20:43:02,login,DEVbc10fa52,IN,False,False,0
EVTb8663c7c-a,CUST00473,2026-07-01 20:44:09,login,DEVc1101266,IN,False,False,0
EVTec814510-c,CUST00594,2026-07-01 20:45:57,login,DEV67884209,IN,False,False,0
EVT928b1e4b-4,CUST00499,2026-07-01 20:51:47,login,DEV5cd8fe1a,IN,False,False,1
EVTd98f5e83-c,CUST00557,2026-07-01 20:53:45,login,DEV8e676a01,IN,False,False,0
EVT3e42df5b-9,CUST00080,2026-07-01 20:56:13,login,DEV0f1259e0,IN,False,False,0
EVT396c357b-d,CUST00204,2026-07-01 20:57:24,login,DEV17e8392a,IN,False,False,0
EVT1deb979d-8,CUST00405,2026-07-01 21:11:23,login,DEVde9e3757,IN,False,False,0
EVTb466fab6-9,CUST00144,2026-07-01 21:21:50,login,DEV0b49452d,IN,False,False,0
EVT92051da0-e,CUST00455,2026-07-01 21:54:35,login,DEVe726be23,IN,False,False,0
EVT2d8d7db8-5,CUST00561,2026-07-01 22:12:52,login,DEVaccb461a,IN,False,False,0
EVT87cb0e2a-2,CUST00362,2026-07-01 22:14:50,login,DEVc3c75611,IN,False,False,0
EVT9c8aa872-0,CUST00347,2026-07-01 22:19:57,login,DEV96fc734d,IN,False,False,0
EVT214bd473-e,CUST00501,2026-07-01 22:38:42,password_reset,DEVa5135ea0,IN,False,False,0
EVT3922a7e4-2,CUST00128,2026-07-01 23:17:41,otp_request,DEV8181a8cc,IN,False,False,0
EVT430438b5-3,CUST00456,2026-07-01 23:17:52,session_start,DEV3ae909fe,IN,False,False,0
EVTbbd0fe6c-6,CUST00279,2026-07-01 23:19:55,login,DEV8861fe18,IN,False,False,0
EVT020978dc-b,CUST00377,2026-07-01 23:19:58,login,DEV1c30f3f5,NG,True,True,3
EVTe79f9f3d-1,CUST00184,2026-07-01 23:21:09,login,DEVce777f00,IN,False,False,0
EVT088dbd82-d,CUST00150,2026-07-01 23:47:49,login,DEV093923de,IN,False,False,0
EVT8fb3a134-f,CUST00212,2026-07-01 23:49:20,login,DEV25c73c44,IN,False,False,0
EVT6016c743-8,CUST00149,2026-07-02 00:01:50,password_reset,DEVb0e6a969,IN,False,False,0
EVT1b7e0502-c,CUST00277,2026-07-02 00:15:58,login,DEVce3714af,IN,False,False,0
EVTfffcd743-e,CUST00303,2026-07-02 00:20:39,login,DEV046a0df5,IN,False,False,0
EVTef69a980-5,CUST00142,2026-07-02 00:20:48,login,DEVe87d1c78,IN,False,False,0
EVT9dd2f9de-f,CUST00041,2026-07-02 00:29:19,session_start,DEV956269f0,IN,False,False,0
EVTc3a6b204-f,CUST00252,2026-07-02 00:45:05,login,DEV6db99102,IN,False,False,0
EVT69498671-7,CUST00558,2026-07-02 01:04:51,login,DEV47503f1d,IN,False,False,0
EVT9e44e98c-b,CUST00189,2026-07-02 01:05:55,otp_request,DEV1fe771d6,IN,False,False,0
EVTf91e5fcd-8,CUST00183,2026-07-02 01:36:06,login,DEV6fa17735,IN,False,False,0
EVTa9d049dc-3,CUST00211,2026-07-02 01:36:07,login,DEV624c69b6,IN,False,False,1
EVT8c53b74c-0,CUST00295,2026-07-02 01:50:19,login,DEV7cd0129d,IN,False,False,0
EVT2023fd4b-a,CUST00351,2026-07-02 01:55:07,login,DEV0f44704f,IN,False,False,0
EVT3ca0cbd6-7,CUST00463,2026-07-02 02:07:31,login,DEV24a7dce4,IN,True,False,0
EVT329fc417-1,CUST00138,2026-07-02 02:14:18,login,DEV27cb6f2a,IN,False,False,0
EVT21a44c4a-0,CUST00555,2026-07-02 02:32:06,login,DEVaadbb2fc,IN,True,False,0
EVT379d58f9-d,CUST00117,2026-07-02 02:36:20,login,DEVf10c718b,IN,False,False,0
EVT6d98567e-c,CUST00528,2026-07-02 02:40:45,session_start,DEV6d204496,IN,False,False,0
EVTd1682e09-f,CUST00078,2026-07-02 02:53:52,session_start,DEV8dcdcd03,IN,False,False,0
EVT92f71993-4,CUST00337,2026-07-02 02:58:30,login,DEVf5c9b047,IN,False,False,0
EVT97f971d5-9,CUST00428,2026-07-02 03:11:06,login,DEVfa745761,IN,False,False,0
EVT97a418b8-9,CUST00230,2026-07-02 03:16:11,session_start,DEV3c07c574,IN,False,False,0
EVT9ba14c35-0,CUST00311,2026-07-02 03:24:19,session_start,DEVbe2d740a,IN,False,False,0
EVT1b2ededb-8,CUST00036,2026-07-02 03:26:51,login,DEV366eb16f,IN,False,False,0
EVTb2d7692a-e,CUST00339,2026-07-02 03:36:05,password_reset,DEV43bfd931,IN,False,False,0
EVTc3cb0c28-4,CUST00427,2026-07-02 03:51:22,login,DEV3a3c8a71,IN,False,False,1
EVTe09ef2a3-a,CUST00346,2026-07-02 03:53:28,login,DEV43b9da13,IN,False,False,0
EVT17cb67b8-6,CUST00472,2026-07-02 04:06:52,login,DEV77e490c7,IN,False,False,0
EVT71efe72a-a,CUST00113,2026-07-02 04:33:53,session_start,DEV87f7e1fb,IN,False,False,0
EVT891f6912-1,CUST00072,2026-07-02 04:38:28,login,DEVedcd465e,IN,False,False,0
EVT7d2d93e8-b,CUST00517,2026-07-02 04:47:35,login,DEVc9d6a63b,IN,False,False,0
EVTfdf02450-5,CUST00434,2026-07-02 04:50:51,login,DEV697c3923,IN,False,False,0
EVTf97f4994-1,CUST00273,2026-07-02 05:00:29,login,DEVf1043785,IN,False,False,0
EVT74fa65ce-4,CUST00425,2026-07-02 05:06:55,password_reset,DEV9e11d2cd,IN,False,False,1
EVT12f04460-d,CUST00595,2026-07-02 05:18:57,login,DEV876080e1,IN,True,False,0
EVT63f6bf77-a,CUST00368,2026-07-02 05:34:12,login,DEV785299f4,IN,False,False,0
EVT9c18e0ba-3,CUST00506,2026-07-02 05:38:26,login,DEVd5942bb2,IN,True,False,0
EVT9c1c3517-8,CUST00005,2026-07-02 05:49:00,session_start,DEV9a1de644,IN,False,False,0
EVTdc6dafff-5,CUST00105,2026-07-02 05:56:00,session_start,DEVc8fe3ccd,IN,False,False,0
EVT1ca691e1-d,CUST00190,2026-07-02 06:02:48,login,DEV9d70773e,RU,True,True,3
EVT9a0f09e9-e,CUST00421,2026-07-02 06:05:08,login,DEV541cdfcd,IN,False,False,0
EVTcf3ee4aa-5,CUST00433,2026-07-02 06:14:58,session_start,DEV6e417d47,IN,False,False,0
EVTf53ba020-b,CUST00437,2026-07-02 06:17:37,session_start,DEVaee1e86b,IN,False,False,0
EVTf198f62e-5,CUST00492,2026-07-02 06:22:26,login,DEVb24cc64f,IN,False,False,0
EVT7ea5a387-3,CUST00111,2026-07-02 06:22:56,login,DEV504867ba,IN,False,False,0
EVT92701d60-7,CUST00161,2026-07-02 06:42:36,device_registration,DEV698c206f,IN,False,False,0
EVT1d2c2721-7,CUST00099,2026-07-02 06:52:06,login,DEV03c72ba8,IN,False,False,0
EVTfd06a179-7,CUST00410,2026-07-02 06:53:13,session_start,DEVfd08b32c,IN,False,False,0
EVTe2901d96-c,CUST00537,2026-07-02 07:27:01,login,DEVa79b44b6,IN,False,False,0
EVTe4af65aa-0,CUST00054,2026-07-02 07:35:36,login,DEVb252456e,IN,True,False,0
EVT11defebf-9,CUST00221,2026-07-02 07:47:59,login,DEVc1581092,IN,False,False,0
EVT43d643ed-2,CUST00292,2026-07-02 07:57:54,session_start,DEVc01f36bf,IN,False,False,0
EVTa65d958e-9,CUST00260,2026-07-02 08:06:38,login,DEV39669fa7,IN,False,False,0
EVT34dbda6b-d,CUST00555,2026-07-02 08:10:28,login,DEV279c658a,IN,False,False,0
EVT88addab1-d,CUST00202,2026-07-02 08:15:22,login,DEVa8aa7158,IN,False,False,0
EVTc8d0f9e5-9,CUST00086,2026-07-02 08:39:19,password_reset,DEV7914c120,IN,False,False,0
EVTcf1643a0-8,CUST00441,2026-07-02 08:47:11,login,DEV771ad655,IN,False,False,1
EVT3d563b0e-d,CUST00586,2026-07-02 08:55:52,login,DEV1eb74b56,IN,False,False,0
EVTa70a409d-a,CUST00484,2026-07-02 09:22:34,login,DEV9c2e58de,IN,False,False,0
EVT9afa8267-4,CUST00261,2026-07-02 09:54:26,login,DEVf510ab53,IN,False,False,0
EVTcf2e3296-7,CUST00138,2026-07-02 10:03:15,login,DEV27cb6f2a,IN,False,False,0
EVT49ee4969-0,CUST00362,2026-07-02 10:33:03,login,DEVc3c75611,IN,False,False,0
EVT66d78e18-a,CUST00295,2026-07-02 10:33:55,login,DEV66383fa3,RU,True,True,2
EVT373aedf8-4,CUST00121,2026-07-02 10:42:10,session_start,DEV42c18a62,IN,False,False,0
EVTcb80f288-4,CUST00080,2026-07-02 10:48:23,session_start,DEV0f1259e0,IN,False,False,0
EVTc481ea69-f,CUST00453,2026-07-02 11:38:40,login,DEVf93e08d5,IN,False,False,0
EVTc948384b-1,CUST00210,2026-07-02 11:56:38,login,DEV935f2b0a,IN,False,False,0
EVT0ec0713d-e,CUST00070,2026-07-02 12:14:56,login,DEV2a45c2ab,IN,False,False,0
EVTa3708c7f-d,CUST00521,2026-07-02 12:16:50,otp_request,DEV72c22a16,IN,False,False,0
EVT92779574-c,CUST00034,2026-07-02 12:42:39,login,DEV10f1bc81,IN,False,False,0
EVT8422c0cf-d,CUST00492,2026-07-02 12:51:35,session_start,DEVb24cc64f,IN,False,False,0
EVT1c0f0bdc-a,CUST00042,2026-07-02 13:30:17,login,DEVff50bde4,IN,False,False,0
EVT22c0c475-a,CUST00329,2026-07-02 13:31:13,otp_request,DEVcfa701cd,IN,False,False,0
EVT07fbb920-d,CUST00349,2026-07-02 13:43:13,login,DEV398d1ca6,IN,False,False,0
EVTb11af726-2,CUST00197,2026-07-02 13:57:29,login,DEV35ce8841,IN,False,False,1
EVTc161b06c-1,CUST00558,2026-07-02 13:58:11,login,DEV47503f1d,IN,False,False,0
EVTd6eaf269-5,CUST00306,2026-07-02 14:00:44,login,DEV8db06746,IN,False,False,0
EVT863dfcd6-4,CUST00294,2026-07-02 14:13:06,login,DEV7e8adee7,IN,False,False,0
EVTdd3ee854-5,CUST00265,2026-07-02 14:17:01,login,DEV1d48a071,IN,False,False,0
EVTacdfe0ff-c,CUST00364,2026-07-02 14:17:55,session_start,DEV2cd94cbb,IN,False,False,0
EVT737cf8b5-6,CUST00216,2026-07-02 14:20:17,otp_request,DEVb227462c,IN,False,False,0
EVT86c2ad8f-b,CUST00354,2026-07-02 14:28:35,login,DEV77fc9703,IN,False,False,0
EVT1a482803-0,CUST00480,2026-07-02 14:28:51,session_start,DEV618ae305,IN,False,False,0
EVT8b0ea0b9-1,CUST00272,2026-07-02 14:29:53,otp_request,DEVe87466d7,IN,False,False,0
EVTf3bc9a71-0,CUST00137,2026-07-02 14:43:13,login,DEVe3c43657,IN,False,False,0
EVTe0864418-7,CUST00332,2026-07-02 14:46:34,login,DEV989bc4da,IN,False,False,0
EVTdf40ae0a-e,CUST00409,2026-07-02 14:54:33,login,DEV62a73ff5,UNKNOWN,True,True,4
EVT65edcfe3-4,CUST00030,2026-07-02 15:01:26,session_start,DEVb02b61c4,IN,False,False,0
EVT73e7f042-5,CUST00134,2026-07-02 15:24:44,login,DEVaaf91531,IN,False,False,0
EVTe47f9c7e-0,CUST00518,2026-07-02 15:34:15,device_registration,DEV040a3aae,IN,False,False,0
EVTdae13a7f-f,CUST00545,2026-07-02 15:51:49,login,DEV175a81ec,IN,False,False,0
EVT1a8cf13c-2,CUST00187,2026-07-02 15:55:53,login,DEVf2e9702d,IN,False,False,0
EVTf7336094-6,CUST00156,2026-07-02 16:01:13,session_start,DEV5a8aaeca,IN,False,False,0
EVTf69072cf-a,CUST00477,2026-07-02 16:18:09,login,DEV6502d6a2,IN,False,False,0
EVT8e8c71d8-3,CUST00486,2026-07-02 16:18:38,login,DEVb379cb1e,IN,False,False,0
EVT39b02e2a-d,CUST00070,2026-07-02 16:19:56,login,DEV2a45c2ab,IN,False,False,0
EVT5c70ee97-f,CUST00120,2026-07-02 16:23:41,login,DEV90b2b633,IN,False,False,0
EVT6f0d7229-1,CUST00476,2026-07-02 16:53:46,login,DEV8eac0a33,IN,False,False,0
EVT76f1a8e8-4,CUST00042,2026-07-02 17:15:26,login,DEV02a49e9a,VN,True,True,3
EVT5037e669-8,CUST00439,2026-07-02 17:35:31,login,DEVa34db7c5,IN,False,False,0
EVTcb35097a-e,CUST00119,2026-07-02 17:53:41,login,DEV14fcdd54,IN,False,False,0
EVT5ea2d56b-4,CUST00402,2026-07-02 17:54:11,login,DEV7250ee18,IN,False,False,0
EVT704d628f-3,CUST00549,2026-07-02 18:13:16,login,DEV8fca7b6a,IN,False,False,0
EVT01e187d8-1,CUST00167,2026-07-02 18:21:08,login,DEV787f2425,IN,False,False,0
EVT5dda5439-d,CUST00552,2026-07-02 18:21:10,login,DEV2977fb6e,NG,True,True,4
EVTe6fdd7af-d,CUST00037,2026-07-02 18:31:21,login,DEVe27a984d,IN,False,False,0
EVTa44d3bc0-0,CUST00589,2026-07-02 18:34:01,login,DEV8d84067f,IN,True,False,0
EVT0bc1f9e5-f,CUST00128,2026-07-02 18:38:29,session_start,DEV8181a8cc,IN,False,False,0
EVT9099a283-e,CUST00306,2026-07-02 19:02:24,login,DEV8db06746,IN,False,False,0
EVTa7728290-7,CUST00547,2026-07-02 19:06:45,password_reset,DEV5f65c8ce,IN,False,False,0
EVTa50784cb-c,CUST00277,2026-07-02 19:10:35,login,DEVce3714af,IN,False,False,0
EVTf6121d2c-a,CUST00273,2026-07-02 20:07:19,login,DEVf1043785,IN,False,False,0
EVTe1cde87f-e,CUST00002,2026-07-02 20:09:39,login,DEVbd9c66b3,IN,False,False,0
EVTf413db19-b,CUST00123,2026-07-02 20:21:32,session_start,DEV21813d25,IN,False,False,1
EVTa9eb0bf9-8,CUST00598,2026-07-02 20:26:41,login,DEVb08a4895,IN,False,False,0
EVTf3c2944a-b,CUST00168,2026-07-02 20:45:50,session_start,DEVeb1fa9f2,IN,False,False,0
EVTccb1063d-2,CUST00404,2026-07-02 21:05:09,login,DEV6090d697,IN,False,False,0
EVTae455cc6-b,CUST00046,2026-07-02 21:12:59,session_start,DEV98ae4334,IN,False,False,0
EVT60b759a9-f,CUST00433,2026-07-02 21:13:51,login,DEV6e417d47,IN,False,False,0
EVT81c61eeb-0,CUST00191,2026-07-02 21:17:27,login,DEV5380b904,IN,False,False,0
EVT302f420e-f,CUST00478,2026-07-02 21:43:29,otp_request,DEV1fa382e8,IN,False,False,0
EVT519554e3-0,CUST00015,2026-07-02 21:53:53,login,DEV759cde66,IN,False,False,0
EVT365bc763-a,CUST00326,2026-07-02 22:08:55,login,DEV1d34d08e,IN,False,False,0
EVT304b2370-8,CUST00119,2026-07-02 22:13:34,login,DEV14fcdd54,IN,False,False,0
EVTb73f6e64-3,CUST00422,2026-07-02 22:17:25,otp_request,DEV889b78d5,IN,False,False,0
EVT2875ad5d-2,CUST00384,2026-07-02 22:18:31,session_start,DEVa14923c2,IN,False,False,1
EVT46a56fe8-6,CUST00087,2026-07-02 22:37:54,session_start,DEV1825bc54,IN,False,False,0
EVTb24beb96-c,CUST00155,2026-07-02 23:03:46,login,DEVae9bec36,IN,False,False,0
EVT4a90cd0c-2,CUST00019,2026-07-02 23:18:58,session_start,DEV3139d32c,IN,False,False,0
EVT4a7d6fa1-1,CUST00595,2026-07-02 23:35:31,login,DEV4a1dab32,IN,False,False,0
EVT64f22a7c-8,CUST00391,2026-07-03 00:05:20,otp_request,DEVb495db4e,IN,False,False,0
EVT9d4d0658-8,CUST00523,2026-07-03 00:12:06,login,DEV38b77c07,IN,False,False,0
EVT86cac6f4-e,CUST00009,2026-07-03 00:19:59,login,DEVc241330b,IN,False,False,0
EVT2a9527f6-f,CUST00149,2026-07-03 00:21:11,login,DEVb0e6a969,IN,False,False,0
EVT76c5a0dc-7,CUST00002,2026-07-03 00:25:14,login,DEVbd9c66b3,IN,False,False,0
EVTb7f60cdf-4,CUST00054,2026-07-03 00:31:24,login,DEVb8db0672,IN,False,False,0
EVT7d23d479-9,CUST00059,2026-07-03 00:57:04,login,DEV5fb8d16c,IN,False,False,0
EVT581ab26c-e,CUST00495,2026-07-03 00:57:38,login,DEVd56ce8ea,IN,False,False,0
EVT61af0e8e-d,CUST00272,2026-07-03 01:00:47,password_reset,DEVe87466d7,IN,False,False,0
EVTa689b424-7,CUST00051,2026-07-03 01:33:47,login,DEVc0398710,IN,False,False,0
EVTf47e3ca0-7,CUST00592,2026-07-03 01:35:33,login,DEV75b27455,IN,False,False,0
EVT89a3c811-8,CUST00121,2026-07-03 02:08:49,otp_request,DEV42c18a62,IN,False,False,0
EVT53a71719-b,CUST00452,2026-07-03 02:12:35,session_start,DEVdd750e98,IN,False,False,0
EVTb2b3bb39-4,CUST00393,2026-07-03 02:27:02,login,DEV74eff545,IN,False,False,0
EVT6c35e33c-7,CUST00572,2026-07-03 02:30:41,login,DEV530ac1c7,IN,False,False,0
EVTa4d546e1-7,CUST00495,2026-07-03 02:41:34,login,DEVd56ce8ea,IN,False,False,0
EVTe1035e1c-e,CUST00161,2026-07-03 02:50:23,login,DEV698c206f,IN,False,False,0
EVTd5d9a385-2,CUST00375,2026-07-03 03:14:27,otp_request,DEVc5c5b37a,IN,False,False,0
EVT1f3cea1d-2,CUST00322,2026-07-03 03:18:03,login,DEV1a432f0a,IN,False,False,0
EVT0f14f86c-2,CUST00510,2026-07-03 03:26:48,device_registration,DEVd0243d72,IN,False,False,0
EVT0ceaaf73-a,CUST00338,2026-07-03 03:27:34,otp_request,DEVc342bd2b,IN,False,False,0
EVT13aec376-c,CUST00027,2026-07-03 03:29:04,login,DEVa28defe3,IN,False,False,0
EVT4b83b570-8,CUST00218,2026-07-03 03:42:05,login,DEV1f115b76,IN,False,False,0
EVT8c2aa0b1-8,CUST00219,2026-07-03 03:42:53,login,DEV76f2dbfe,IN,False,False,0
EVTafbffde4-a,CUST00305,2026-07-03 03:49:06,password_reset,DEVa9f948b2,IN,False,False,0
EVT6dec6bbd-f,CUST00117,2026-07-03 04:08:02,device_registration,DEVf10c718b,IN,False,False,0
EVTaba23511-f,CUST00507,2026-07-03 04:15:37,login,DEVfd235def,IN,False,False,0
EVTbe5f902f-b,CUST00237,2026-07-03 04:17:34,session_start,DEVc51155ff,IN,False,False,0
EVTba303cce-3,CUST00539,2026-07-03 04:17:42,login,DEV6e191042,IN,False,False,0
EVT0a42be3f-e,CUST00405,2026-07-03 04:21:09,login,DEVde9e3757,IN,False,False,0
EVT8cca8963-2,CUST00286,2026-07-03 04:32:45,session_start,DEVa6846099,IN,False,False,0
EVT1874ed7d-9,CUST00558,2026-07-03 04:36:38,login,DEV47503f1d,IN,False,False,0
EVT8702f4ad-c,CUST00358,2026-07-03 04:36:58,login,DEVbc0a6a5d,IN,False,False,0
EVTc7b611cd-1,CUST00293,2026-07-03 04:38:11,session_start,DEVab0e664e,IN,False,False,0
EVTf891b0c3-d,CUST00003,2026-07-03 04:44:14,login,DEV972a8469,IN,False,False,0
EVTb6f31d02-9,CUST00499,2026-07-03 05:05:50,device_registration,DEV5cd8fe1a,IN,False,False,0
EVTb440b852-e,CUST00312,2026-07-03 05:11:47,login,DEVb0ae8f08,IN,False,False,0
EVT4c485cfc-9,CUST00444,2026-07-03 05:24:02,login,DEV4c955f6a,IN,False,False,0
EVT1a50a93c-e,CUST00562,2026-07-03 05:51:40,login,DEV9be71737,IN,False,False,0
EVT4d862412-a,CUST00369,2026-07-03 05:59:30,login,DEV5230dfbd,IN,False,False,0
EVT3d57ee27-3,CUST00511,2026-07-03 06:02:32,login,DEVc63d04ee,IN,False,False,0
EVTf50d7a37-a,CUST00078,2026-07-03 06:05:54,login,DEV8dcdcd03,IN,False,False,0
EVTc9ea356a-7,CUST00150,2026-07-03 06:23:09,otp_request,DEV093923de,IN,False,False,0
EVT8ae0b8a0-8,CUST00201,2026-07-03 06:57:19,login,DEVf5b78cc7,IN,False,False,0
EVT8e301bcc-3,CUST00350,2026-07-03 07:07:39,login,DEV44007d5a,IN,False,False,0
EVT1374975f-6,CUST00262,2026-07-03 07:56:13,login,DEV9f9dda0d,VN,True,True,2
EVTb38046ef-a,CUST00247,2026-07-03 07:56:26,login,DEVcc530e36,IN,False,False,0
EVT7d9704fe-8,CUST00412,2026-07-03 08:28:49,login,DEVf6febc0e,IN,False,False,0
EVT286ed390-e,CUST00050,2026-07-03 08:31:18,login,DEV1d53434b,IN,False,False,1
EVTb177116d-f,CUST00396,2026-07-03 08:37:15,login,DEV11df12d7,IN,False,False,0
EVTd0ef1299-2,CUST00598,2026-07-03 08:39:10,session_start,DEVb08a4895,IN,False,False,0
EVTac6c2e1b-7,CUST00423,2026-07-03 08:39:16,session_start,DEVa075e927,IN,False,False,1
EVT2a35ce30-3,CUST00178,2026-07-03 09:10:52,login,DEV09cb3942,IN,False,False,0
EVTc571f9ab-4,CUST00577,2026-07-03 09:15:32,login,DEV9b69554d,IN,False,False,0
EVTdf629d0c-b,CUST00389,2026-07-03 09:33:37,login,DEVa5d04d53,IN,False,False,0
EVTf7222fbe-e,CUST00218,2026-07-03 09:47:57,login,DEV1f115b76,IN,False,False,0
EVTe581620f-d,CUST00444,2026-07-03 09:48:29,login,DEV4c955f6a,IN,False,False,0
EVT4603c9ee-d,CUST00227,2026-07-03 10:07:17,session_start,DEV46fde062,IN,False,False,0
EVTc626e38f-7,CUST00162,2026-07-03 10:23:06,login,DEVecab3301,IN,False,False,0
EVTff0dd3c2-a,CUST00591,2026-07-03 10:28:15,session_start,DEVbdf66ba5,IN,False,False,0
EVT9d66e815-5,CUST00024,2026-07-03 10:37:29,session_start,DEV29a3b2e9,IN,False,False,0
EVT6374ed14-2,CUST00469,2026-07-03 10:38:15,login,DEVe9ff1cae,IN,False,False,1
EVTdfda35b2-2,CUST00112,2026-07-03 11:03:06,login,DEV7a0ecfea,IN,False,False,0
EVTa7dc2bc0-b,CUST00127,2026-07-03 11:17:46,otp_request,DEV19985f15,IN,False,False,0
EVT25ce2a21-e,CUST00299,2026-07-03 11:29:59,login,DEV30e912f2,IN,False,False,0
EVTb4746349-4,CUST00047,2026-07-03 11:44:00,login,DEV988c24c9,IN,False,False,0
EVTbc69c155-1,CUST00104,2026-07-03 12:58:18,login,DEV63f2ae24,IN,False,False,0
EVTfe12ace5-0,CUST00576,2026-07-03 13:33:59,login,DEV716fda0a,IN,False,False,0
EVT703c1286-b,CUST00271,2026-07-03 13:44:21,otp_request,DEVedcb8cb6,IN,False,False,0
EVTc78a7900-d,CUST00451,2026-07-03 14:00:30,login,DEV6553867d,IN,False,False,0
EVTa874d557-c,CUST00132,2026-07-03 14:04:26,login,DEV8a4f48b2,VN,True,True,3
EVT92b26acd-c,CUST00191,2026-07-03 14:18:53,login,DEV5380b904,IN,False,False,0
EVT4f75d45a-7,CUST00340,2026-07-03 14:23:12,login,DEV3d67cde9,IN,False,False,0
EVTf18cccdc-1,CUST00134,2026-07-03 14:27:29,login,DEVaaf91531,IN,False,False,0
EVT5c56d9bc-5,CUST00086,2026-07-03 14:29:01,login,DEV7914c120,IN,False,False,0
EVT7f0223bc-6,CUST00138,2026-07-03 14:45:40,login,DEV27cb6f2a,IN,False,False,0
EVT54ad2b86-3,CUST00522,2026-07-03 14:50:19,login,DEVad735097,BR,True,True,4
EVT7daec949-d,CUST00152,2026-07-03 15:09:09,login,DEV0ab54bde,IN,False,False,0
EVTfdd99681-e,CUST00369,2026-07-03 15:09:21,session_start,DEV5230dfbd,IN,False,False,1
EVT90c031a8-a,CUST00277,2026-07-03 15:33:02,login,DEV91be48c3,NG,True,True,3
EVTaf4637b3-c,CUST00393,2026-07-03 15:54:05,login,DEV74eff545,IN,False,False,0
EVT6e89a7a8-b,CUST00480,2026-07-03 15:58:07,login,DEV618ae305,IN,False,False,0
EVT8d5af123-0,CUST00348,2026-07-03 16:03:34,login,DEVf3151b0a,BR,True,True,2
EVT52c5be0f-f,CUST00573,2026-07-03 16:08:01,login,DEV55b2f82a,IN,True,False,0
EVT140f9b24-f,CUST00456,2026-07-03 16:10:32,login,DEV4a3c2fe2,VN,True,True,2
EVTc4c608eb-1,CUST00474,2026-07-03 16:16:08,otp_request,DEVad238d36,IN,False,False,0
EVT7466ef02-5,CUST00110,2026-07-03 16:38:04,login,DEVbc594585,IN,False,False,1
EVT9f708368-c,CUST00017,2026-07-03 16:47:11,login,DEV4b0dbb41,IN,False,False,0
EVT1ee93260-3,CUST00195,2026-07-03 16:57:13,login,DEV91b0e1d9,IN,False,False,0
EVTb4c0fd18-6,CUST00580,2026-07-03 17:23:52,device_registration,DEVad9fb00d,IN,False,False,0
EVTbb2aa146-2,CUST00054,2026-07-03 17:24:03,session_start,DEVb8db0672,IN,False,False,1
EVT2d90e4ee-0,CUST00215,2026-07-03 17:36:54,login,DEV3805f907,IN,False,False,0
EVT6c04399d-f,CUST00321,2026-07-03 17:38:44,login,DEV669f5e4f,IN,True,False,0
EVT8188de48-7,CUST00334,2026-07-03 17:46:00,session_start,DEVe893be3d,IN,False,False,0
EVTd10320a3-8,CUST00017,2026-07-03 17:48:17,login,DEV4a36acf1,NG,True,True,4
EVT30307633-a,CUST00004,2026-07-03 17:55:13,login,DEV17fc695a,IN,False,False,0
EVT0d95aaf5-2,CUST00203,2026-07-03 18:33:00,login,DEVa9f25336,IN,False,False,0
EVT71980a55-f,CUST00568,2026-07-03 18:45:06,login,DEVbdb025ff,IN,False,False,0
EVT8f8dd995-1,CUST00394,2026-07-03 18:48:07,login,DEV30cbd755,IN,False,False,1
EVT49fafbef-c,CUST00012,2026-07-03 19:03:33,login,DEVf60249b5,IN,True,False,0
EVT24c58b47-1,CUST00410,2026-07-03 19:45:00,session_start,DEVfd08b32c,IN,False,False,0
EVT8ad634a7-f,CUST00310,2026-07-03 19:45:05,login,DEVd3c0331b,BR,True,True,4
EVTf2c0a0cf-b,CUST00361,2026-07-03 20:05:46,login,DEV964db03f,IN,False,False,0
EVT2ba17f78-3,CUST00592,2026-07-03 20:21:41,login,DEV75b27455,IN,False,False,0
EVT00e78824-3,CUST00317,2026-07-03 21:00:32,password_reset,DEV5c62b3a2,IN,False,False,0
EVT685707ac-3,CUST00423,2026-07-03 21:17:43,password_reset,DEVa075e927,IN,False,False,0
EVT9f8acdeb-2,CUST00232,2026-07-03 21:21:35,session_start,DEV269cd696,IN,False,False,0
EVT57d337d3-4,CUST00094,2026-07-03 21:22:57,session_start,DEV23e2fcb4,IN,False,False,0
EVT72fcc072-5,CUST00305,2026-07-03 21:40:45,login,DEVa9f948b2,IN,False,False,0
EVTc3595dc2-0,CUST00538,2026-07-03 21:47:16,otp_request,DEV8d244e3e,IN,False,False,0
EVT7f13de67-9,CUST00323,2026-07-03 21:47:52,login,DEV48ca7651,IN,False,False,0
EVTf7eae66e-c,CUST00091,2026-07-03 21:53:07,login,DEV0f844fef,IN,False,False,0
EVT05aa5eab-8,CUST00271,2026-07-03 22:00:45,otp_request,DEVedcb8cb6,IN,False,False,0
EVTba991da0-8,CUST00522,2026-07-03 22:10:12,login,DEV97fa7f04,IN,False,False,0
EVTe4dc4306-8,CUST00224,2026-07-03 22:18:39,otp_request,DEV722764e6,IN,False,False,0
EVT98d53cf5-4,CUST00269,2026-07-03 22:23:45,login,DEVc71d5e60,IN,False,False,0
EVT314b4d36-9,CUST00500,2026-07-03 22:33:01,login,DEV5e09a9ee,IN,False,False,0
EVT846af2e6-5,CUST00524,2026-07-03 22:34:10,login,DEVba2c98ce,IN,False,False,0
EVTbf16e3e9-4,CUST00457,2026-07-03 22:34:11,login,DEV3810ae66,IN,False,False,0
EVT958c9cfd-a,CUST00364,2026-07-03 22:49:53,login,DEV2cd94cbb,IN,False,False,0
EVT6f6bbdf3-c,CUST00214,2026-07-03 22:52:55,password_reset,DEVe2add909,IN,False,False,1
EVT5bc677ca-a,CUST00170,2026-07-03 22:54:30,login,DEV39118497,IN,False,False,0
EVT3918d757-1,CUST00396,2026-07-03 23:09:50,login,DEVd9f0fa1f,UNKNOWN,True,True,3
EVT817ed3f4-a,CUST00238,2026-07-03 23:24:16,login,DEVe66aeaff,RU,True,True,3
EVTbcb3636d-7,CUST00248,2026-07-03 23:34:29,login,DEVd72b6108,IN,False,False,0
EVT6c2b5781-c,CUST00471,2026-07-03 23:39:00,otp_request,DEVded255d0,IN,False,False,0
EVT40c37cbc-3,CUST00449,2026-07-03 23:41:08,session_start,DEV4bbe4aff,IN,False,False,0
EVTff1b654d-6,CUST00501,2026-07-03 23:45:56,session_start,DEVa5135ea0,IN,False,False,0
EVTb506c24d-8,CUST00402,2026-07-03 23:47:15,login,DEV7250ee18,IN,False,False,0
EVTdff47c51-5,CUST00235,2026-07-03 23:56:15,login,DEV7746d0ba,IN,False,False,0
EVT69be173a-8,CUST00131,2026-07-04 00:08:01,login,DEV702cdd20,IN,False,False,0
EVTedabddab-7,CUST00282,2026-07-04 00:23:46,login,DEV7d7ddbed,IN,False,False,0
EVT712ab8eb-3,CUST00561,2026-07-04 00:40:15,login,DEVaccb461a,IN,False,False,0
EVTc6f903cf-4,CUST00368,2026-07-04 00:53:18,login,DEV785299f4,IN,False,False,0
EVT09a0a0f6-7,CUST00003,2026-07-04 01:20:07,login,DEV972a8469,IN,False,False,0
EVT11489054-7,CUST00567,2026-07-04 01:28:49,login,DEVa847bce7,IN,False,False,0
EVT378e6510-8,CUST00073,2026-07-04 01:30:12,login,DEVb09b2a5c,IN,False,False,0
EVT216e9fe5-9,CUST00111,2026-07-04 01:35:20,login,DEV504867ba,IN,False,False,0
EVT1ad74fd4-2,CUST00533,2026-07-04 01:38:44,session_start,DEVb64fa54a,IN,False,False,0
EVT1bff3142-a,CUST00095,2026-07-04 01:48:21,login,DEV766ecb15,IN,False,False,0
EVTa6fd0cb1-1,CUST00052,2026-07-04 01:58:46,login,DEV5715bd6f,IN,False,False,0
EVTfd063a58-a,CUST00569,2026-07-04 02:22:10,login,DEV177d6e7e,IN,False,False,0
EVTdcc7eb51-4,CUST00571,2026-07-04 02:25:22,login,DEV284bf962,IN,False,False,0
EVTec6a37ad-8,CUST00091,2026-07-04 02:33:35,login,DEV0f844fef,IN,False,False,0
EVT70cafdd8-f,CUST00012,2026-07-04 02:54:11,session_start,DEV1a2a73ed,IN,False,False,0
EVT86c45e42-9,CUST00407,2026-07-04 03:07:03,password_reset,DEVdb23aa8c,IN,False,False,0
EVT866cfb2b-3,CUST00333,2026-07-04 03:16:07,password_reset,DEVc693da11,IN,False,False,0
EVTdb9a0eb7-b,CUST00332,2026-07-04 03:19:28,session_start,DEV989bc4da,IN,False,False,0
EVTe5e79add-6,CUST00492,2026-07-04 03:26:57,login,DEVb24cc64f,IN,False,False,0
EVT3a42958b-6,CUST00547,2026-07-04 04:04:46,session_start,DEV5f65c8ce,IN,False,False,0
EVT65125d2e-2,CUST00426,2026-07-04 04:10:42,session_start,DEVaf34cf65,IN,False,False,0
EVT5b9e75f4-1,CUST00535,2026-07-04 04:18:56,login,DEV816bcb9f,IN,False,False,0
EVT18ecde2b-0,CUST00363,2026-07-04 04:39:56,session_start,DEV9384ec2b,IN,False,False,0
EVTe8b77f7b-7,CUST00004,2026-07-04 05:03:37,login,DEV17fc695a,IN,False,False,0
EVT1a7167c7-6,CUST00086,2026-07-04 05:05:38,password_reset,DEV7914c120,IN,False,False,0
EVT77ff3c31-c,CUST00548,2026-07-04 05:55:16,login,DEV0f5ae9d3,IN,False,False,0
EVTab0b4cc5-1,CUST00155,2026-07-04 05:57:44,session_start,DEVae9bec36,IN,False,False,0
EVTdcdbf14e-5,CUST00382,2026-07-04 06:00:22,login,DEV49bc473f,IN,False,False,0
EVT8f3dc97f-e,CUST00087,2026-07-04 06:15:17,login,DEV1825bc54,IN,False,False,0
EVT6b1b8c03-0,CUST00463,2026-07-04 06:29:44,login,DEVb1f6d38e,IN,True,False,0
EVT6b52f93c-2,CUST00140,2026-07-04 06:48:12,login,DEVafffcfd2,IN,False,False,0
EVT2dd93719-f,CUST00429,2026-07-04 06:50:00,login,DEVb4323070,IN,False,False,0
EVT3be8a5df-5,CUST00226,2026-07-04 07:25:29,login,DEVc074718e,IN,False,False,0
EVTa2ac7896-7,CUST00437,2026-07-04 07:40:57,session_start,DEVaee1e86b,IN,False,False,0
EVT6b15c11b-b,CUST00091,2026-07-04 07:58:34,login,DEV0f844fef,IN,False,False,0
EVT6e52b671-b,CUST00582,2026-07-04 08:06:00,login,DEV3873e57f,IN,False,False,0
EVT95dad216-a,CUST00238,2026-07-04 08:14:25,session_start,DEV05000bc6,IN,False,False,0
EVT1d444351-7,CUST00344,2026-07-04 08:26:58,session_start,DEV48603b32,IN,False,False,0
EVT8e52fc42-7,CUST00137,2026-07-04 08:46:24,login,DEVe3c43657,IN,False,False,0
EVT0b704f97-d,CUST00505,2026-07-04 09:25:30,login,DEVa3b5cece,IN,False,False,0
EVT6e3cdd4f-5,CUST00088,2026-07-04 09:26:00,login,DEV5ab33edf,IN,False,False,0
EVT61223189-3,CUST00253,2026-07-04 09:49:19,login,DEV2e85cb21,IN,False,False,0
EVTf27f3ad7-4,CUST00231,2026-07-04 09:59:56,login,DEVe49d681d,IN,False,False,0
EVTf7b217c7-a,CUST00029,2026-07-04 10:10:04,login,DEV451b4cf3,IN,False,False,0
EVT7e02c8c1-e,CUST00378,2026-07-04 10:11:59,login,DEV4128b138,NG,True,True,3
EVT91ed554a-3,CUST00285,2026-07-04 10:23:02,login,DEV2d174fc9,IN,False,False,0
EVTf6423513-9,CUST00346,2026-07-04 10:49:30,login,DEVd5672f5d,IN,True,False,0
EVT26331cc6-c,CUST00383,2026-07-04 11:19:45,login,DEV7c16128d,IN,False,False,0
EVT22249813-0,CUST00377,2026-07-04 11:31:15,session_start,DEVde8ede0b,IN,False,False,0
EVTbec62bbe-4,CUST00544,2026-07-04 11:34:16,login,DEVafd380c4,IN,False,False,0
EVT72f60958-1,CUST00091,2026-07-04 11:41:55,login,DEV0f844fef,IN,False,False,0
EVTe1721c83-e,CUST00050,2026-07-04 11:44:46,login,DEV1d53434b,IN,False,False,0
EVTee409f44-c,CUST00203,2026-07-04 11:50:10,login,DEV5c4cbcb4,IN,True,False,0
EVTba05dd0f-a,CUST00189,2026-07-04 11:54:09,login,DEV1fe771d6,IN,False,False,0
EVT699fdb02-b,CUST00386,2026-07-04 12:03:15,login,DEV03802b70,IN,False,False,0
EVT04ffeab2-c,CUST00140,2026-07-04 12:12:17,login,DEVafffcfd2,IN,False,False,0
EVTcc351e4f-7,CUST00090,2026-07-04 12:15:35,login,DEVa748dbcf,IN,False,False,0
EVT317046b9-3,CUST00285,2026-07-04 12:16:12,session_start,DEV2d174fc9,IN,False,False,0
EVTbbaa574f-e,CUST00186,2026-07-04 12:20:11,login,DEV3270e4fa,IN,False,False,0
EVTc5f8e2f8-4,CUST00126,2026-07-04 12:29:36,login,DEV9f044aed,IN,False,False,0
EVT4ce953a7-2,CUST00088,2026-07-04 12:47:53,login,DEV5ab33edf,IN,False,False,0
EVT9f690cde-7,CUST00482,2026-07-04 12:55:34,login,DEV78b2b549,IN,False,False,0
EVT9b9abb6d-d,CUST00234,2026-07-04 12:58:34,login,DEVa09d63de,IN,True,False,0
EVT6dd013f3-8,CUST00235,2026-07-04 13:13:45,login,DEV7746d0ba,IN,False,False,0
EVTfdb7c107-0,CUST00556,2026-07-04 13:17:51,otp_request,DEVd8e7012f,IN,False,False,0
EVT8772a3ba-0,CUST00589,2026-07-04 13:30:47,login,DEV5cff7279,IN,True,False,0
EVTcd4f2875-d,CUST00398,2026-07-04 13:46:19,login,DEVc9a7d91f,IN,False,False,0
EVT29d0c613-b,CUST00257,2026-07-04 13:59:04,login,DEV6bebac31,IN,False,False,0
EVT2ab7b2ef-8,CUST00101,2026-07-04 14:09:54,session_start,DEV680ac07a,IN,False,False,0
EVTa99c37b3-a,CUST00561,2026-07-04 14:22:47,login,DEVaccb461a,IN,False,False,0
EVT50d8ae13-5,CUST00028,2026-07-04 14:28:06,login,DEV216bb956,IN,True,False,0
EVT6d744a0b-3,CUST00311,2026-07-04 14:41:40,otp_request,DEVbe2d740a,IN,False,False,0
EVT408669bb-4,CUST00357,2026-07-04 14:43:42,otp_request,DEV9918ee46,IN,False,False,0
EVT8be5199e-e,CUST00475,2026-07-04 14:50:54,login,DEVf55c6af8,RU,True,True,3
EVTa995ecc3-6,CUST00132,2026-07-04 14:55:43,login,DEV4d71c366,IN,False,False,0
EVT6a36af18-0,CUST00015,2026-07-04 15:03:59,login,DEV759cde66,IN,False,False,0
EVT9496634f-d,CUST00445,2026-07-04 15:31:58,login,DEVb0b862ef,IN,False,False,0
EVT5711d5fd-3,CUST00334,2026-07-04 15:36:49,password_reset,DEVe893be3d,IN,False,False,0
EVTba098a27-4,CUST00458,2026-07-04 15:41:39,login,DEV402913ec,IN,False,False,0
EVT80b9ec30-e,CUST00217,2026-07-04 15:52:51,login,DEV8eb22579,IN,False,False,0
EVT78202426-3,CUST00482,2026-07-04 15:59:34,session_start,DEV78b2b549,IN,False,False,0
EVT168885c2-8,CUST00301,2026-07-04 16:00:33,login,DEV3d85de89,IN,False,False,0
EVT98af5cca-6,CUST00101,2026-07-04 16:05:32,otp_request,DEV680ac07a,IN,False,False,0
EVTb129a6a4-d,CUST00510,2026-07-04 16:24:12,login,DEV59cb1e01,IN,True,False,0
EVTe6b9d31a-3,CUST00082,2026-07-04 16:43:17,login,DEV839fbc50,IN,False,False,0
EVTac5f12ef-8,CUST00128,2026-07-04 16:48:17,login,DEV8181a8cc,IN,False,False,0
EVT2320de16-1,CUST00352,2026-07-04 16:51:28,login,DEV9854ce4e,IN,False,False,1
EVT9caf4bfe-7,CUST00381,2026-07-04 16:56:29,login,DEV445dcc38,IN,False,False,0
EVT3c10316d-3,CUST00434,2026-07-04 16:58:48,session_start,DEV697c3923,IN,False,False,0
EVT0979f5d3-4,CUST00480,2026-07-04 17:11:13,login,DEV618ae305,IN,False,False,0
EVT3d4196fe-9,CUST00050,2026-07-04 17:15:51,login,DEV1d53434b,IN,False,False,0
EVT77e8b762-b,CUST00279,2026-07-04 17:18:41,login,DEV8861fe18,IN,False,False,0
EVT4458b006-3,CUST00203,2026-07-04 17:24:14,login,DEVa9f25336,IN,False,False,0
EVTcc8cc291-f,CUST00537,2026-07-04 17:31:36,session_start,DEVa79b44b6,IN,False,False,0
EVT3b8846e6-1,CUST00483,2026-07-04 17:39:15,login,DEV03305744,IN,True,False,0
EVT5f89a98c-2,CUST00336,2026-07-04 17:46:59,login,DEVd78c2051,IN,True,False,0
EVT8e2ac3ff-3,CUST00255,2026-07-04 18:23:31,session_start,DEV56666f9f,IN,False,False,0
EVTb0736dd1-f,CUST00369,2026-07-04 18:27:17,otp_request,DEV5230dfbd,IN,False,False,0
EVT439db29d-4,CUST00185,2026-07-04 18:36:28,login,DEVf0b5156b,IN,False,False,0
EVTe9b1c4a1-d,CUST00301,2026-07-04 18:37:32,session_start,DEV3d85de89,IN,False,False,0
EVT965d744f-0,CUST00121,2026-07-04 18:51:47,login,DEV42c18a62,IN,False,False,0
EVTa127dc6b-a,CUST00214,2026-07-04 19:13:34,login,DEVe2add909,IN,False,False,0
EVT6676cc75-6,CUST00187,2026-07-04 19:25:57,login,DEVf2e9702d,IN,False,False,0
EVT2240063b-f,CUST00177,2026-07-04 19:48:54,login,DEV94a1875d,IN,False,False,0
EVTb0af70d2-4,CUST00131,2026-07-04 20:03:36,login,DEV29c09a85,VN,True,True,4
EVTcff14c0e-c,CUST00369,2026-07-04 21:00:21,login,DEV5230dfbd,IN,False,False,0
EVT97674900-4,CUST00003,2026-07-04 21:01:28,login,DEV972a8469,IN,False,False,0
EVT8b2ab759-2,CUST00278,2026-07-04 21:13:55,login,DEV90e0f4a0,IN,False,False,0
EVT05fef7bc-2,CUST00497,2026-07-04 21:27:47,login,DEVb0b63bcf,IN,False,False,0
EVTf9285706-5,CUST00472,2026-07-04 21:29:46,session_start,DEV77e490c7,IN,False,False,0
EVTe3a68a70-7,CUST00053,2026-07-04 21:33:16,login,DEV287d06ca,IN,False,False,0
EVT43ad3d62-b,CUST00046,2026-07-04 21:42:50,login,DEV98ae4334,IN,False,False,0
EVT2877f5d9-0,CUST00035,2026-07-04 21:44:10,login,DEV9132b63e,IN,False,False,0
EVT811317a8-f,CUST00196,2026-07-04 21:52:28,login,DEVd56f0350,IN,False,False,0
EVTc5709e30-4,CUST00180,2026-07-04 21:53:20,session_start,DEV6fb78271,IN,False,False,0
EVT0a0537f0-2,CUST00005,2026-07-04 22:05:51,login,DEV9a1de644,IN,False,False,0
EVTe9d6bb7e-3,CUST00162,2026-07-04 22:22:32,session_start,DEVecab3301,IN,False,False,0
EVTc05db774-1,CUST00191,2026-07-04 22:32:43,login,DEV5380b904,IN,False,False,0
EVTf4fd25b7-3,CUST00210,2026-07-04 22:36:13,session_start,DEV935f2b0a,IN,False,False,0
EVTfc8d5b93-a,CUST00003,2026-07-04 22:38:50,login,DEV972a8469,IN,False,False,0
EVT3a363b3a-8,CUST00430,2026-07-04 22:41:53,login,DEV70d21fea,BR,True,True,4
EVT032a461a-d,CUST00159,2026-07-04 22:57:13,login,DEV3c9ad14c,IN,False,False,0
EVT67213a70-1,CUST00109,2026-07-04 22:58:25,login,DEV37bb3eec,IN,False,False,0
EVT17584f23-1,CUST00315,2026-07-04 23:01:39,login,DEV98c7472a,IN,False,False,0
EVT9b3b5b4c-f,CUST00460,2026-07-04 23:10:04,password_reset,DEV2303f6c6,IN,False,False,0
EVT497ec6d1-0,CUST00061,2026-07-04 23:10:21,login,DEVeb2263dd,IN,False,False,1
EVTff7d39f7-9,CUST00465,2026-07-04 23:26:21,login,DEV6a5e6920,IN,False,False,0
EVT88efe82b-1,CUST00450,2026-07-04 23:32:56,login,DEV059dd55d,IN,False,False,1
EVTdc5cd673-c,CUST00341,2026-07-04 23:44:45,login,DEV2812859a,IN,False,False,0
EVT913767ab-4,CUST00400,2026-07-04 23:45:40,login,DEVd664d264,IN,False,False,0
EVT4ba99d78-b,CUST00404,2026-07-04 23:58:47,login,DEV6090d697,IN,False,False,0
EVT13365c0c-8,CUST00184,2026-07-05 00:04:38,session_start,DEVce777f00,IN,False,False,0
EVTa3422e50-9,CUST00079,2026-07-05 00:09:59,login,DEV01d74256,IN,False,False,0
EVT14aa3ca3-7,CUST00379,2026-07-05 00:10:21,login,DEV9f64eeed,IN,False,False,0
EVT394b5576-f,CUST00278,2026-07-05 00:16:52,login,DEV7609c580,UNKNOWN,True,True,4
EVTa255e1bb-0,CUST00084,2026-07-05 00:19:17,login,DEVb92da22b,IN,False,False,0
EVT301c6abf-c,CUST00307,2026-07-05 00:40:36,login,DEVff233d5f,IN,False,False,0
EVTa8702d97-1,CUST00565,2026-07-05 00:47:37,login,DEVebe9e207,IN,False,False,1
EVT861b4f5b-4,CUST00126,2026-07-05 00:54:49,login,DEV9f044aed,IN,False,False,0
EVT2755d942-8,CUST00366,2026-07-05 00:56:00,login,DEV6acac286,RU,True,True,4
EVT2f098f4d-a,CUST00452,2026-07-05 01:18:12,login,DEVdd750e98,IN,False,False,0
EVT6f04af36-5,CUST00176,2026-07-05 01:37:15,login,DEVe08596db,IN,False,False,0
EVT7fcbcf31-9,CUST00440,2026-07-05 01:37:46,login,DEVaab612c9,IN,False,False,0
EVTc4100108-0,CUST00269,2026-07-05 01:38:33,session_start,DEVc71d5e60,IN,False,False,0
EVTd9b59f84-e,CUST00083,2026-07-05 01:41:47,login,DEV7c441fe7,IN,False,False,0
EVT9740b212-2,CUST00266,2026-07-05 01:54:43,login,DEV770c7798,IN,False,False,0
EVTcde5c35a-b,CUST00238,2026-07-05 02:18:31,login,DEV05000bc6,IN,False,False,0
EVT9d6d37c7-5,CUST00193,2026-07-05 02:29:20,login,DEV0e03622c,IN,True,False,0
EVTfea82e3a-b,CUST00169,2026-07-05 02:53:47,login,DEVd20eac17,IN,False,False,0
EVT92dba65f-e,CUST00044,2026-07-05 02:58:57,login,DEV119bd998,VN,True,True,3
EVT647ac591-5,CUST00224,2026-07-05 03:19:38,otp_request,DEV722764e6,IN,False,False,0
EVT4806f804-0,CUST00038,2026-07-05 03:22:02,login,DEV24933b83,IN,False,False,0
EVT8222cd7f-3,CUST00241,2026-07-05 03:25:46,login,DEV63d62a39,IN,False,False,0
EVTd5bf85f3-2,CUST00465,2026-07-05 03:29:39,password_reset,DEV6a5e6920,IN,False,False,0
EVTf11c0ac5-8,CUST00151,2026-07-05 03:34:01,session_start,DEV8d7248e2,IN,False,False,0
EVT52b0147b-f,CUST00523,2026-07-05 03:34:59,login,DEV38b77c07,IN,False,False,0
EVT4fb67094-1,CUST00338,2026-07-05 04:09:52,login,DEVc342bd2b,IN,False,False,0
EVT4f11d8dc-5,CUST00009,2026-07-05 04:17:11,login,DEVc241330b,IN,False,False,0
EVT8ccc617e-8,CUST00328,2026-07-05 04:24:49,login,DEVafbb411a,IN,False,False,0
EVTa23ff67d-e,CUST00206,2026-07-05 04:50:04,login,DEVce7ae7f6,IN,False,False,0
EVT0ee52f63-9,CUST00322,2026-07-05 05:23:28,login,DEV1a432f0a,IN,False,False,0
EVT92502e59-1,CUST00128,2026-07-05 05:54:58,device_registration,DEV8181a8cc,IN,False,False,0
EVT61a66444-e,CUST00154,2026-07-05 06:07:44,login,DEV0a368ce7,IN,False,False,0
EVTe7354db2-5,CUST00449,2026-07-05 06:19:55,login,DEV4bbe4aff,IN,False,False,0
EVTa3595d1f-7,CUST00120,2026-07-05 06:22:47,login,DEV90b2b633,IN,False,False,0
EVT789fed96-7,CUST00299,2026-07-05 06:22:53,login,DEV30e912f2,IN,False,False,0
EVTcb371d97-c,CUST00137,2026-07-05 06:28:25,login,DEVe3c43657,IN,False,False,0
EVT290c42f8-d,CUST00452,2026-07-05 07:05:11,session_start,DEVdd750e98,IN,False,False,0
EVT516546ca-5,CUST00538,2026-07-05 07:16:21,login,DEV8d244e3e,IN,False,False,0
EVT2e2cb850-6,CUST00458,2026-07-05 07:25:26,login,DEV402913ec,IN,False,False,0
EVT6e5fbf71-9,CUST00343,2026-07-05 07:32:02,login,DEV085b15fb,IN,False,False,0
EVT3ff93134-6,CUST00269,2026-07-05 08:29:49,login,DEVc71d5e60,IN,False,False,0
EVT73e88db6-9,CUST00270,2026-07-05 08:32:42,login,DEV4fa03f26,IN,False,False,0
EVT709b5f65-e,CUST00231,2026-07-05 08:40:17,login,DEV59430636,IN,True,False,0
EVTf14152c7-a,CUST00428,2026-07-05 08:45:01,login,DEVfa745761,IN,False,False,0
EVTcec3a6f4-9,CUST00525,2026-07-05 08:56:49,login,DEVa8addf36,IN,False,False,0
EVT402d105b-1,CUST00220,2026-07-05 09:01:35,login,DEV8f15ba58,IN,False,False,0
EVTbc5e3e2f-c,CUST00589,2026-07-05 09:18:41,login,DEV8f0881ee,IN,False,False,0
EVT35afbb2d-3,CUST00199,2026-07-05 09:24:01,login,DEV7118e364,IN,False,False,0
EVT8bd0d625-2,CUST00425,2026-07-05 09:44:48,login,DEVa71dc051,IN,True,False,0
EVT9cf021b8-4,CUST00355,2026-07-05 09:48:09,login,DEV670acc5c,IN,False,False,0
EVTef6e9295-9,CUST00481,2026-07-05 09:52:39,login,DEV5f18e583,IN,False,False,0
EVT8b75190c-4,CUST00482,2026-07-05 10:02:19,login,DEV7f14d81c,UNKNOWN,True,True,2
EVT047dd583-9,CUST00414,2026-07-05 10:03:37,session_start,DEV19b17e80,IN,False,False,0
EVTbdd4c1f2-7,CUST00409,2026-07-05 10:12:13,login,DEVe9d68f23,IN,False,False,0
EVTe9ea8b10-3,CUST00512,2026-07-05 10:27:54,login,DEV989240ac,IN,False,False,0
EVT6e96f611-e,CUST00341,2026-07-05 10:42:39,login,DEVbcccd4b3,NG,True,True,4
EVT57dda51e-a,CUST00595,2026-07-05 10:44:00,login,DEV4a1dab32,IN,False,False,0
EVT5a304528-0,CUST00020,2026-07-05 10:52:27,login,DEVa9488d99,IN,False,False,0
EVTa3209116-2,CUST00132,2026-07-05 10:54:41,session_start,DEV4d71c366,IN,False,False,0
EVT01d3a033-3,CUST00521,2026-07-05 10:56:47,login,DEV72c22a16,IN,False,False,0
EVT62ed5403-8,CUST00552,2026-07-05 11:10:41,session_start,DEVea74bb18,IN,False,False,0
EVT1df44d3e-f,CUST00245,2026-07-05 11:14:06,login,DEV45df16b6,IN,False,False,0
EVTbcc4f0db-c,CUST00356,2026-07-05 11:32:21,session_start,DEV8a3c3b5e,IN,False,False,0
EVTf60b9881-7,CUST00514,2026-07-05 11:43:37,login,DEV8a4b8f7c,IN,False,False,0
EVT19b7775f-e,CUST00590,2026-07-05 11:59:46,login,DEV5aaab32f,IN,False,False,0
EVT6690a951-f,CUST00243,2026-07-05 12:25:22,login,DEVbc10fa52,IN,False,False,0
EVTc3101e2e-7,CUST00489,2026-07-05 12:36:58,login,DEV1dba1267,IN,False,False,0
EVT2c3aacdc-a,CUST00120,2026-07-05 12:39:50,login,DEV90b2b633,IN,False,False,0
EVT21986e3c-d,CUST00418,2026-07-05 13:12:16,login,DEV1327f1bc,IN,False,False,0
EVT833c8f55-a,CUST00230,2026-07-05 13:31:46,login,DEV3c07c574,IN,False,False,0
EVTba0371f9-9,CUST00441,2026-07-05 13:44:29,otp_request,DEV771ad655,IN,False,False,0
EVT6338fb29-7,CUST00335,2026-07-05 13:45:27,login,DEV96a9954f,IN,False,False,0
EVT3e6b74fd-9,CUST00212,2026-07-05 13:48:09,login,DEV25c73c44,IN,False,False,0
EVT9b0707e5-f,CUST00259,2026-07-05 13:49:22,password_reset,DEV0d557b61,IN,False,False,0
EVT844e250b-e,CUST00157,2026-07-05 13:49:30,device_registration,DEVdfed2c43,IN,False,False,0
EVTb4adaf89-0,CUST00045,2026-07-05 15:04:00,login,DEV28f49481,IN,False,False,0
EVTcd602879-f,CUST00461,2026-07-05 15:13:07,login,DEVa0a11839,IN,False,False,1
EVT42803aa0-5,CUST00258,2026-07-05 15:27:09,login,DEV78660765,IN,False,False,0
EVT45f3dc5a-a,CUST00560,2026-07-05 15:32:12,login,DEVc4767556,IN,False,False,0
EVT7c059799-b,CUST00163,2026-07-05 15:39:49,session_start,DEV696608aa,IN,False,False,0
EVTd773f98d-5,CUST00088,2026-07-05 15:42:45,login,DEV5ab33edf,IN,False,False,0
EVT11f0a923-2,CUST00366,2026-07-05 15:52:30,login,DEV68c5eddc,IN,True,False,0
EVT366b3575-d,CUST00583,2026-07-05 15:59:19,login,DEV0e0630cd,IN,False,False,1
EVTf2cffcae-f,CUST00265,2026-07-05 16:12:24,login,DEV1d48a071,IN,False,False,0
EVT8d8164b0-f,CUST00388,2026-07-05 16:22:30,login,DEV1d0bc9bd,IN,False,False,0
EVTb390b059-2,CUST00108,2026-07-05 16:30:54,device_registration,DEV7c967f79,IN,False,False,0
EVTf1bef588-9,CUST00234,2026-07-05 16:41:15,login,DEV569d7aeb,VN,True,True,4
EVT5b7e24ca-7,CUST00406,2026-07-05 16:44:19,login,DEV3d225c30,IN,False,False,1
EVTf02a1b37-9,CUST00166,2026-07-05 16:48:17,login,DEV4635d22a,IN,True,False,0
EVTac672695-a,CUST00115,2026-07-05 16:49:01,login,DEV19848c74,IN,True,False,0
EVT355cca9c-f,CUST00273,2026-07-05 16:54:08,login,DEVf1043785,IN,False,False,1
EVT56d44952-e,CUST00462,2026-07-05 16:55:13,device_registration,DEVc9e26074,IN,False,False,0
EVTb52a9e6b-c,CUST00210,2026-07-05 17:00:52,login,DEV935f2b0a,IN,False,False,0
EVT2e326567-d,CUST00023,2026-07-05 17:07:26,login,DEV7412b293,IN,False,False,0
EVT2f8c83e5-6,CUST00084,2026-07-05 17:08:49,login,DEVb92da22b,IN,False,False,0
EVT077d8688-5,CUST00421,2026-07-05 17:09:00,session_start,DEV541cdfcd,IN,False,False,0
EVT0131ff3b-6,CUST00175,2026-07-05 17:18:49,login,DEV54c63cd8,IN,False,False,0
EVTf0533851-d,CUST00262,2026-07-05 17:39:29,login,DEV07f194f9,IN,False,False,0
EVT7c89617d-3,CUST00582,2026-07-05 17:48:15,login,DEV3873e57f,IN,False,False,0
EVT7bab1baa-2,CUST00188,2026-07-05 18:06:35,otp_request,DEV9f871ce7,IN,False,False,0
EVTac9b389a-6,CUST00202,2026-07-05 18:11:33,otp_request,DEVa8aa7158,IN,False,False,0
EVTaae6787e-e,CUST00367,2026-07-05 18:17:17,login,DEVd0725b5c,IN,False,False,0
EVT3730dfba-6,CUST00195,2026-07-05 18:25:04,login,DEV91b0e1d9,IN,False,False,0
EVTb599277f-f,CUST00166,2026-07-05 18:31:55,session_start,DEV61ee411a,IN,False,False,0
EVT82f552c8-9,CUST00407,2026-07-05 18:35:29,login,DEVdb23aa8c,IN,False,False,0
EVT2b76a718-5,CUST00435,2026-07-05 18:38:38,login,DEV2e183554,IN,False,False,0
EVTb5ae2a56-f,CUST00301,2026-07-05 18:42:58,login,DEV3d85de89,IN,False,False,0
EVT75366b9f-3,CUST00088,2026-07-05 19:01:04,otp_request,DEV5ab33edf,IN,False,False,0
EVT81ee30e4-8,CUST00382,2026-07-05 19:04:03,session_start,DEV49bc473f,IN,False,False,0
EVT13f39289-4,CUST00284,2026-07-05 19:04:58,login,DEV75b17a55,IN,False,False,0
EVT409e7a80-8,CUST00080,2026-07-05 19:06:05,login,DEV0f1259e0,IN,False,False,0
EVTdf5325cf-8,CUST00567,2026-07-05 19:10:39,login,DEV4258828b,IN,True,False,0
EVTb4209103-b,CUST00244,2026-07-05 19:40:28,login,DEVe5d6f6e6,IN,False,False,0
EVT0dd4c0e6-0,CUST00383,2026-07-05 19:51:17,password_reset,DEV7c16128d,IN,False,False,0
EVT9d37efb6-e,CUST00144,2026-07-05 19:53:23,device_registration,DEV0b49452d,IN,False,False,0
EVTd7d3b9d9-4,CUST00199,2026-07-05 20:02:54,otp_request,DEV7118e364,IN,False,False,0
EVT4d40e14f-0,CUST00220,2026-07-05 20:19:38,login,DEVd92757a8,UNKNOWN,True,True,2
EVTa2cbc85c-3,CUST00388,2026-07-05 20:31:46,login,DEVaa2bcaa7,IN,True,False,0
EVT23b590e1-f,CUST00455,2026-07-05 20:46:51,login,DEV1b705635,IN,True,False,0
EVTe27718c5-7,CUST00014,2026-07-05 20:51:34,device_registration,DEV43b7a3a6,IN,False,False,0
EVTa8f75fed-0,CUST00181,2026-07-05 21:06:26,login,DEVe9382f35,IN,True,False,0
EVTe7d3f770-9,CUST00388,2026-07-05 21:22:26,login,DEV1d0bc9bd,IN,False,False,0
EVTef0abbd0-d,CUST00544,2026-07-05 21:30:15,login,DEV285e9704,BR,True,True,4
EVTe9366a85-3,CUST00216,2026-07-05 21:35:18,otp_request,DEVb227462c,IN,False,False,0
EVT4c1d2e43-0,CUST00437,2026-07-05 21:47:55,login,DEVaee1e86b,IN,False,False,0
EVTa6cbb287-1,CUST00542,2026-07-05 21:59:37,login,DEV4cd3dfc4,IN,True,False,0
EVT183fea70-3,CUST00137,2026-07-05 22:03:32,password_reset,DEVe3c43657,IN,False,False,0
EVTc2b2547d-a,CUST00585,2026-07-05 22:18:29,login,DEVc3a00c6f,IN,False,False,0
EVT636f6e5c-2,CUST00071,2026-07-05 22:33:38,session_start,DEV9b49bd26,IN,False,False,0
EVT788fd0cd-6,CUST00153,2026-07-05 22:42:41,login,DEVeededb07,IN,False,False,0
EVT1a9b0d42-1,CUST00264,2026-07-05 22:42:41,login,DEV3d114802,IN,False,False,0
EVT8505d91d-f,CUST00399,2026-07-05 22:43:27,login,DEV00a81de9,IN,False,False,0
EVT95c89b2d-7,CUST00386,2026-07-05 22:47:06,login,DEV03802b70,IN,False,False,0
EVT54470290-4,CUST00322,2026-07-05 22:56:22,login,DEV1a432f0a,IN,False,False,0
EVT0840405a-f,CUST00105,2026-07-05 22:56:51,login,DEVc8fe3ccd,IN,False,False,0
EVT34a0dcd4-1,CUST00214,2026-07-05 22:58:18,login,DEVe2add909,IN,False,False,0
EVT23d26b8d-a,CUST00168,2026-07-05 23:00:16,login,DEVeb1fa9f2,IN,False,False,0
EVTb6d62dfd-7,CUST00507,2026-07-05 23:01:00,login,DEVbdcfc42b,NG,True,True,3
EVTdc432ed5-6,CUST00252,2026-07-05 23:06:40,login,DEV6db99102,IN,False,False,0
EVT1a89b71e-a,CUST00020,2026-07-05 23:14:44,otp_request,DEVa9488d99,IN,False,False,0
EVT0d67d38e-9,CUST00006,2026-07-05 23:23:27,login,DEVb74d0fb1,IN,False,False,0
EVT3a3e46b0-9,CUST00156,2026-07-05 23:38:59,login,DEV5a8aaeca,IN,False,False,0
EVT9e0a294e-c,CUST00590,2026-07-05 23:59:31,login,DEVfd0be52c,IN,True,False,0
EVTa1d770ea-c,CUST00294,2026-07-06 00:02:15,login,DEV7e8adee7,IN,False,False,0
EVTc997f2fa-9,CUST00528,2026-07-06 00:22:26,login,DEV6d204496,IN,False,False,0
EVTddc096d2-2,CUST00454,2026-07-06 00:46:07,login,DEV542fbdd4,IN,True,False,0
EVT1d91fe39-d,CUST00153,2026-07-06 01:49:30,login,DEVeededb07,IN,False,False,0
EVTd06d3943-c,CUST00330,2026-07-06 01:51:06,session_start,DEV15ce6a66,IN,False,False,0
EVT3c573da8-0,CUST00228,2026-07-06 01:51:33,login,DEVb0385cd1,NG,True,True,2
EVTe7574997-8,CUST00314,2026-07-06 01:59:07,login,DEV96ef2ad6,IN,False,False,0
EVTf4672866-e,CUST00309,2026-07-06 01:59:14,login,DEV4e7ed827,IN,False,False,0
EVTbd22f7fc-a,CUST00521,2026-07-06 02:35:32,session_start,DEV72c22a16,IN,False,False,0
EVTe9ebd446-2,CUST00390,2026-07-06 02:38:36,login,DEVeec259dc,IN,False,False,0
EVT0d31812e-3,CUST00072,2026-07-06 02:53:53,session_start,DEVedcd465e,IN,False,False,0
EVTa2ed50b9-d,CUST00584,2026-07-06 03:01:51,login,DEVf200c261,IN,False,False,0
EVT34323ec6-b,CUST00043,2026-07-06 03:03:47,password_reset,DEV7e570ddf,IN,False,False,0
EVT20029d9f-0,CUST00262,2026-07-06 03:09:03,session_start,DEV07f194f9,IN,False,False,0
EVT11162039-e,CUST00558,2026-07-06 03:20:57,otp_request,DEV47503f1d,IN,False,False,0
EVTf7d7465d-3,CUST00111,2026-07-06 03:53:48,login,DEV504867ba,IN,False,False,1
EVT1d57e734-3,CUST00220,2026-07-06 03:54:52,login,DEV8f15ba58,IN,False,False,0
EVTacd3d56f-3,CUST00544,2026-07-06 04:16:44,login,DEVafd380c4,IN,False,False,0
EVT7885187d-1,CUST00171,2026-07-06 04:20:40,login,DEV6601ddd0,IN,False,False,0
EVT85eb2b3f-a,CUST00372,2026-07-06 04:23:27,login,DEV668409e3,IN,False,False,0
EVTdb7904e0-c,CUST00168,2026-07-06 04:25:49,session_start,DEVeb1fa9f2,IN,False,False,0
EVT2700b560-9,CUST00051,2026-07-06 04:39:34,login,DEVd961cea0,UNKNOWN,True,True,3
EVT8a713a73-f,CUST00496,2026-07-06 04:47:02,login,DEVf065c817,IN,False,False,0
EVT30c9c51f-c,CUST00195,2026-07-06 05:03:22,login,DEV91b0e1d9,IN,False,False,0
EVT13fc927f-7,CUST00501,2026-07-06 05:03:44,login,DEVa5135ea0,IN,False,False,0
EVT35adde88-4,CUST00149,2026-07-06 05:07:55,login,DEVb0e6a969,IN,False,False,0
EVT722dce13-4,CUST00139,2026-07-06 05:16:09,login,DEV35ebd32d,IN,False,False,0
EVTcac4d0eb-3,CUST00030,2026-07-06 05:27:50,otp_request,DEVb02b61c4,IN,False,False,0
EVT53f30073-8,CUST00055,2026-07-06 05:31:23,login,DEVf8cda88b,IN,False,False,0
EVT5e15433b-6,CUST00542,2026-07-06 05:44:39,otp_request,DEV50032b35,IN,False,False,0
EVT3cd5fd7f-4,CUST00017,2026-07-06 06:15:33,login,DEV4b0dbb41,IN,False,False,0
EVT65339cf0-7,CUST00296,2026-07-06 06:23:16,password_reset,DEV4223623b,IN,False,False,0
EVT01a4c2d1-4,CUST00582,2026-07-06 06:31:05,login,DEV3873e57f,IN,False,False,0
EVTe0f0c823-d,CUST00556,2026-07-06 06:34:24,login,DEVd4d1bf15,RU,True,True,3
EVT92eae3b6-4,CUST00212,2026-07-06 06:41:06,login,DEV3975864c,VN,True,True,4
EVT91d5bfdd-0,CUST00157,2026-07-06 06:44:31,login,DEV895d603d,IN,True,False,0
EVT74eda60e-3,CUST00184,2026-07-06 07:39:23,login,DEVce777f00,IN,False,False,0
EVT4d560a3d-f,CUST00034,2026-07-06 07:48:44,login,DEV10f1bc81,IN,False,False,0
EVT10b6a662-2,CUST00176,2026-07-06 08:21:52,login,DEVe08596db,IN,False,False,0
EVT22460ac9-4,CUST00225,2026-07-06 08:40:33,login,DEVdc8aee30,IN,False,False,0
EVT5200044b-3,CUST00213,2026-07-06 08:41:04,login,DEVe4855aa1,IN,False,False,0
EVT192703a7-d,CUST00335,2026-07-06 08:45:54,login,DEV96a9954f,IN,False,False,0
EVTcd6bb03b-e,CUST00144,2026-07-06 09:01:28,session_start,DEV0b49452d,IN,False,False,0
EVT668d3c8b-d,CUST00255,2026-07-06 09:43:36,login,DEV56666f9f,IN,False,False,0
EVT3e20718a-0,CUST00374,2026-07-06 10:34:41,login,DEV409d3602,IN,False,False,0
EVT26a9e100-b,CUST00079,2026-07-06 10:35:15,login,DEV01d74256,IN,False,False,0
EVT638644e0-7,CUST00371,2026-07-06 10:43:56,login,DEV7ed70ed7,IN,False,False,0
EVT4a5d6cea-b,CUST00325,2026-07-06 11:10:51,login,DEV40a26c60,IN,False,False,0
EVT1d03c3d5-b,CUST00229,2026-07-06 11:32:39,otp_request,DEV709b7d97,IN,False,False,0
EVT639509c4-1,CUST00555,2026-07-06 11:39:20,login,DEV279c658a,IN,False,False,0
EVT7a89cbeb-b,CUST00031,2026-07-06 11:40:50,session_start,DEV5304317f,IN,False,False,0
EVT72cc3fc5-5,CUST00403,2026-07-06 11:44:10,login,DEV551ac8ea,IN,False,False,0
EVTd1b60755-8,CUST00531,2026-07-06 12:03:04,login,DEV25f934bf,IN,False,False,0
EVT397a284f-7,CUST00413,2026-07-06 12:15:08,login,DEVf72169bb,IN,False,False,0
EVT10f35676-5,CUST00330,2026-07-06 12:24:33,login,DEV15ce6a66,IN,False,False,0
EVTc3e3c148-0,CUST00433,2026-07-06 12:24:53,session_start,DEV6e417d47,IN,False,False,0
EVTf692641a-9,CUST00192,2026-07-06 12:28:18,login,DEV8dedf9fb,IN,False,False,0
EVTb432ece9-7,CUST00393,2026-07-06 12:30:39,otp_request,DEV74eff545,IN,False,False,0
EVT2bde3c78-a,CUST00537,2026-07-06 12:42:30,session_start,DEVa79b44b6,IN,False,False,0
EVT13aae9c8-e,CUST00415,2026-07-06 13:04:04,login,DEV1986b4b2,IN,False,False,0
EVT24784b7d-5,CUST00510,2026-07-06 13:07:08,session_start,DEVd0243d72,IN,False,False,1
EVT1a04409f-3,CUST00125,2026-07-06 13:12:20,login,DEVdca261ea,IN,True,False,0
EVTa5b13afd-a,CUST00459,2026-07-06 13:13:52,login,DEVc478f6f1,IN,False,False,0
EVT06b4ed27-2,CUST00307,2026-07-06 13:18:17,login,DEVff233d5f,IN,False,False,0
EVTa05ff5e6-c,CUST00382,2026-07-06 13:26:44,login,DEV49bc473f,IN,False,False,0
EVT7233d5af-9,CUST00164,2026-07-06 13:31:51,login,DEVbc2cbb0d,IN,False,False,0
EVT0df81d2b-2,CUST00464,2026-07-06 13:49:53,login,DEVe8dd5e5a,IN,False,False,0
EVTc840789b-7,CUST00444,2026-07-06 13:51:28,login,DEV4c955f6a,IN,False,False,0
EVTcd320878-e,CUST00473,2026-07-06 14:03:46,login,DEVc1101266,IN,False,False,0
EVT5e244824-a,CUST00206,2026-07-06 14:07:25,login,DEVce7ae7f6,IN,False,False,0
EVTbd20c36a-2,CUST00479,2026-07-06 14:17:24,otp_request,DEVbfbf397b,IN,False,False,0
EVTa854027e-5,CUST00286,2026-07-06 14:19:45,otp_request,DEVa6846099,IN,False,False,0
EVT15661feb-0,CUST00407,2026-07-06 14:19:55,login,DEVdb23aa8c,IN,False,False,0
EVT7d76ab58-b,CUST00278,2026-07-06 14:22:02,login,DEV90e0f4a0,IN,False,False,0
EVT0cbe938d-2,CUST00456,2026-07-06 14:23:30,otp_request,DEV3ae909fe,IN,False,False,0
EVTae11d3c2-3,CUST00563,2026-07-06 14:34:14,login,DEVb18753e6,IN,False,False,0
EVTec257a75-4,CUST00230,2026-07-06 14:36:25,login,DEV3c07c574,IN,False,False,0
EVTd3e78237-c,CUST00598,2026-07-06 14:42:39,login,DEVb08a4895,IN,False,False,0
EVT7c8b7f1e-5,CUST00371,2026-07-06 15:03:35,session_start,DEV7ed70ed7,IN,False,False,0
EVT4262a48c-9,CUST00476,2026-07-06 15:04:53,login,DEV8eac0a33,IN,False,False,0
EVT3f8e2d0d-5,CUST00128,2026-07-06 15:23:23,login,DEV8181a8cc,IN,False,False,0
EVTf186e47a-a,CUST00077,2026-07-06 15:26:34,login,DEV1064005c,IN,False,False,0
EVTe8a44238-5,CUST00563,2026-07-06 16:13:13,session_start,DEVb18753e6,IN,False,False,0
EVT172e8c68-8,CUST00225,2026-07-06 16:14:40,password_reset,DEVdc8aee30,IN,False,False,1
EVT4ec3f970-9,CUST00042,2026-07-06 16:24:43,login,DEVff50bde4,IN,False,False,0
EVT0858f527-7,CUST00503,2026-07-06 16:30:24,session_start,DEVf2f25eef,IN,False,False,0
EVT4b26f0a3-3,CUST00429,2026-07-06 16:37:14,session_start,DEVb4323070,IN,False,False,0
EVT0f6ce9bf-f,CUST00060,2026-07-06 16:52:40,login,DEVf4188f3f,IN,False,False,0
EVT7832b59c-2,CUST00530,2026-07-06 16:56:02,login,DEVe63658c9,IN,False,False,0
EVTe3ea2d7f-c,CUST00185,2026-07-06 17:16:00,login,DEVf0b5156b,IN,False,False,0
EVT51cbf9e5-f,CUST00148,2026-07-06 17:21:31,login,DEV1ca3c448,IN,False,False,0
EVTfba837a7-a,CUST00413,2026-07-06 17:24:41,login,DEV4f22fd57,IN,True,False,0
EVT6605de3c-1,CUST00295,2026-07-06 17:34:31,login,DEV7cd0129d,IN,False,False,0
EVTebf484d0-c,CUST00469,2026-07-06 17:47:24,device_registration,DEVe9ff1cae,IN,False,False,0
EVTf28bf846-3,CUST00340,2026-07-06 18:23:49,login,DEV3d67cde9,IN,False,False,0
EVT816ce054-2,CUST00190,2026-07-06 18:30:49,login,DEV81d2c7de,IN,False,False,1
EVTcbb18c79-1,CUST00111,2026-07-06 18:38:55,login,DEV504867ba,IN,False,False,0
EVT6088825e-e,CUST00541,2026-07-06 18:44:22,device_registration,DEV66132e69,IN,False,False,0
EVT5683ede0-1,CUST00151,2026-07-06 19:09:44,login,DEV8d7248e2,IN,False,False,0
EVT47d6723c-d,CUST00223,2026-07-06 19:17:01,login,DEV6d3ee1dc,IN,False,False,0
EVTe0ee5e8a-b,CUST00214,2026-07-06 19:21:20,login,DEVe2add909,IN,False,False,0
EVT6491982b-e,CUST00304,2026-07-06 19:39:51,login,DEV6786d506,IN,False,False,0
EVTf99cea5c-b,CUST00126,2026-07-06 19:46:30,otp_request,DEV9f044aed,IN,False,False,0
EVTc64c9647-9,CUST00043,2026-07-06 20:11:42,login,DEV7e570ddf,IN,False,False,0
EVT23226464-a,CUST00537,2026-07-06 20:14:51,login,DEVa79b44b6,IN,False,False,1
EVT71be94c3-6,CUST00181,2026-07-06 20:27:02,login,DEV1d9af659,IN,False,False,0
EVTe1886146-f,CUST00251,2026-07-06 20:36:02,login,DEVa9ba5a27,IN,False,False,0
EVTb9add00a-e,CUST00568,2026-07-06 20:46:09,login,DEVbdb025ff,IN,False,False,0
EVT13c37b5d-b,CUST00292,2026-07-06 20:51:44,login,DEVc01f36bf,IN,False,False,0
EVT8f1c3fa0-7,CUST00278,2026-07-06 20:55:53,otp_request,DEV90e0f4a0,IN,False,False,0
EVT523c0ed4-a,CUST00512,2026-07-06 21:01:50,login,DEV2e52635d,IN,True,False,0
EVT027e789c-c,CUST00255,2026-07-06 21:07:15,login,DEV56666f9f,IN,False,False,0
EVTcfd7f3b9-c,CUST00105,2026-07-06 21:08:25,login,DEVc8fe3ccd,IN,False,False,0
EVT4988e418-f,CUST00051,2026-07-06 21:24:14,session_start,DEVc0398710,IN,False,False,0
EVTdf41e335-b,CUST00042,2026-07-06 21:30:09,login,DEVff50bde4,IN,False,False,0
EVT85319f0f-b,CUST00176,2026-07-06 21:45:25,login,DEVe08596db,IN,False,False,0
EVT0b705933-4,CUST00094,2026-07-06 22:27:16,login,DEV23e2fcb4,IN,False,False,0
EVT4f10aae3-b,CUST00507,2026-07-06 22:31:09,login,DEVfd235def,IN,False,False,0
EVTcba88a28-1,CUST00594,2026-07-06 22:42:06,login,DEV67884209,IN,False,False,0
EVTf5141058-3,CUST00046,2026-07-06 23:09:31,login,DEV98ae4334,IN,False,False,0
EVTa21b0307-8,CUST00000,2026-07-06 23:34:28,login,DEVbdd640fb,IN,False,False,1
EVT822c4d32-6,CUST00009,2026-07-06 23:51:07,login,DEVc241330b,IN,False,False,0
EVT10681724-e,CUST00452,2026-07-06 23:52:17,login,DEV3933c2ed,UNKNOWN,True,True,3
EVT7606fa34-5,CUST00415,2026-07-06 23:56:40,login,DEV1986b4b2,IN,False,False,0
EVT85c53910-9,CUST00237,2026-07-07 00:01:53,login,DEVc51155ff,IN,False,False,0
EVT5d0b042d-e,CUST00340,2026-07-07 00:06:56,session_start,DEV3d67cde9,IN,False,False,0
EVT4362262d-e,CUST00463,2026-07-07 00:12:14,login,DEV5d678bb1,IN,False,False,0
EVTa23036d2-8,CUST00594,2026-07-07 00:13:00,login,DEV67884209,IN,False,False,0
EVTc0ac1c00-a,CUST00550,2026-07-07 00:44:53,login,DEV692ac139,IN,False,False,0
EVT31f3f0c0-2,CUST00102,2026-07-07 00:45:25,session_start,DEVdd59ba71,IN,False,False,1
EVT73069588-4,CUST00014,2026-07-07 00:59:29,otp_request,DEV43b7a3a6,IN,False,False,0
EVTe6426f0b-8,CUST00396,2026-07-07 01:02:08,login,DEV11df12d7,IN,False,False,0
EVT36fea0b4-3,CUST00290,2026-07-07 01:16:03,login,DEV3ed8c56c,IN,False,False,0
EVT495743a2-8,CUST00121,2026-07-07 01:18:15,login,DEV42c18a62,IN,False,False,0
EVT8f221604-d,CUST00244,2026-07-07 01:30:03,password_reset,DEVe5d6f6e6,IN,False,False,0
EVT848af440-7,CUST00028,2026-07-07 01:30:05,session_start,DEV3eabedcb,IN,False,False,0
EVT87f1d48c-d,CUST00175,2026-07-07 01:38:35,login,DEV54c63cd8,IN,False,False,0
EVTcadc3379-c,CUST00363,2026-07-07 01:45:08,login,DEVcd766247,IN,True,False,0
EVT03ba33a0-f,CUST00563,2026-07-07 01:48:01,password_reset,DEVb18753e6,IN,False,False,0
EVT2b1ac76c-8,CUST00106,2026-07-07 02:00:46,login,DEVb253d218,IN,False,False,0
EVT1491b51d-e,CUST00580,2026-07-07 02:06:10,login,DEVad9fb00d,IN,False,False,0
EVT1c3efda4-6,CUST00503,2026-07-07 02:08:27,login,DEVf2f25eef,IN,False,False,0
EVTed3353fc-6,CUST00353,2026-07-07 02:14:23,session_start,DEVebd34616,IN,False,False,0
EVT1901ef87-0,CUST00083,2026-07-07 02:21:20,login,DEV7c441fe7,IN,False,False,0
EVT15f0e5ea-4,CUST00584,2026-07-07 02:48:58,password_reset,DEVf200c261,IN,False,False,0
EVT8d87b7be-2,CUST00574,2026-07-07 02:56:01,login,DEV27d415b6,IN,False,False,0
EVTe1ad640c-7,CUST00227,2026-07-07 03:20:28,login,DEV46fde062,IN,False,False,0
EVT2fbc9834-9,CUST00461,2026-07-07 03:22:31,login,DEV143e77c2,UNKNOWN,True,True,4
EVTaaf407f7-0,CUST00056,2026-07-07 03:44:52,device_registration,DEV81f76d1c,IN,False,False,0
EVT1f5df912-5,CUST00138,2026-07-07 04:27:40,login,DEV27cb6f2a,IN,False,False,0
EVTbcc57be0-0,CUST00097,2026-07-07 04:38:41,login,DEVdb20a56e,IN,False,False,0
EVT78460474-9,CUST00432,2026-07-07 05:34:42,session_start,DEV0e5dd462,IN,False,False,0
EVT92fbacf6-d,CUST00183,2026-07-07 05:43:29,login,DEV6fa17735,IN,False,False,0
EVTa5c9cf20-3,CUST00472,2026-07-07 05:52:06,session_start,DEV77e490c7,IN,False,False,0
EVT5edce3b7-c,CUST00460,2026-07-07 06:08:16,login,DEV0029691e,IN,True,False,0
EVT0d574085-0,CUST00460,2026-07-07 06:08:18,login,DEV2303f6c6,IN,False,False,0
EVTa2819fce-d,CUST00561,2026-07-07 06:14:14,login,DEVaccb461a,IN,False,False,0
EVT22bf18f5-1,CUST00029,2026-07-07 06:17:28,login,DEV451b4cf3,IN,False,False,0
EVTa8cdf44d-7,CUST00234,2026-07-07 06:25:20,login,DEV6a34c854,IN,False,False,0
EVT7de1936b-d,CUST00582,2026-07-07 06:36:41,login,DEV3873e57f,IN,False,False,0
EVTd550f98f-1,CUST00568,2026-07-07 06:45:01,login,DEV1e7c30a0,IN,True,False,0
EVT94c8a69d-4,CUST00540,2026-07-07 06:47:05,password_reset,DEV69efafb1,IN,False,False,0
EVT8a693650-a,CUST00592,2026-07-07 06:49:43,login,DEV75b27455,IN,False,False,0
EVT9bc27450-a,CUST00264,2026-07-07 06:53:59,login,DEVe61219b5,IN,True,False,0
EVT5a947a40-a,CUST00363,2026-07-07 07:00:51,login,DEV9384ec2b,IN,False,False,0
EVT94ad345a-e,CUST00345,2026-07-07 07:14:52,login,DEV1238d630,IN,False,False,0
EVT7a768555-a,CUST00045,2026-07-07 07:22:12,login,DEV28f49481,IN,False,False,0
EVT7eccdaf4-c,CUST00104,2026-07-07 07:57:07,session_start,DEV63f2ae24,IN,False,False,0
EVT2db13deb-e,CUST00247,2026-07-07 08:11:57,login,DEVcc530e36,IN,False,False,0
EVTcd04c001-5,CUST00241,2026-07-07 08:16:26,login,DEV63d62a39,IN,False,False,0
EVT378a91e6-8,CUST00201,2026-07-07 08:22:05,login,DEV480a202f,RU,True,True,3
EVTec1f41ce-5,CUST00233,2026-07-07 08:34:13,session_start,DEV271e3ee2,IN,False,False,0
EVT4823debe-c,CUST00454,2026-07-07 09:03:40,device_registration,DEVbec39a37,IN,False,False,0
EVT8cfb137c-a,CUST00443,2026-07-07 09:03:46,login,DEVf1faf665,IN,False,False,0
EVT647dc392-9,CUST00100,2026-07-07 09:13:06,login,DEVc0e9ab30,IN,False,False,0
EVT7e388a19-4,CUST00414,2026-07-07 09:29:36,session_start,DEV19b17e80,IN,False,False,0
EVT50ffde64-6,CUST00216,2026-07-07 09:31:01,login,DEVb227462c,IN,False,False,1
EVT8c357321-4,CUST00194,2026-07-07 09:39:14,session_start,DEVbf85bf0e,IN,False,False,0
EVT616d41c8-5,CUST00434,2026-07-07 09:40:17,session_start,DEV697c3923,IN,False,False,0
EVT8b074d1a-6,CUST00211,2026-07-07 09:42:15,session_start,DEV624c69b6,IN,False,False,0
EVTcb6ad0c7-a,CUST00109,2026-07-07 09:44:58,login,DEV37bb3eec,IN,False,False,0
EVT34fadee1-0,CUST00153,2026-07-07 10:04:02,login,DEVeededb07,IN,False,False,0
EVT0265a223-7,CUST00519,2026-07-07 10:26:48,login,DEV20733f6d,IN,False,False,0
EVT3e5f7e23-7,CUST00377,2026-07-07 10:43:48,login,DEVde8ede0b,IN,False,False,0
EVT0f57bc75-0,CUST00020,2026-07-07 10:45:09,login,DEV22f5b1a9,IN,True,False,0
EVT66849b64-3,CUST00551,2026-07-07 11:03:10,login,DEVeec335f7,IN,True,False,0
EVT8a5a4272-5,CUST00513,2026-07-07 11:04:01,login,DEVfbe94499,IN,False,False,0
EVTd18183d1-a,CUST00067,2026-07-07 11:20:59,password_reset,DEVd0e6e660,IN,False,False,0
EVTc04446bf-d,CUST00220,2026-07-07 11:28:23,login,DEV8f15ba58,IN,False,False,1
EVTdd90fef2-f,CUST00297,2026-07-07 11:30:03,login,DEVecea934f,IN,True,False,0
EVTabcec90f-7,CUST00337,2026-07-07 12:15:38,session_start,DEVf5c9b047,IN,False,False,0
EVT8a08d40e-a,CUST00355,2026-07-07 12:30:38,login,DEV670acc5c,IN,False,False,0
EVTdac7bffa-d,CUST00233,2026-07-07 13:04:06,login,DEV8da72e1a,IN,True,False,0
EVT70869a45-4,CUST00313,2026-07-07 13:15:23,session_start,DEVbd1531c8,IN,False,False,0
EVT345e2eaf-c,CUST00309,2026-07-07 13:18:37,login,DEV4e7ed827,IN,False,False,0
EVTc7f4f4f9-8,CUST00197,2026-07-07 13:32:28,login,DEV35ce8841,IN,False,False,0
EVTf04084d0-4,CUST00331,2026-07-07 13:35:09,login,DEVc3e8212d,IN,True,False,0
EVT0b34fc84-1,CUST00281,2026-07-07 13:52:48,login,DEV033d2bce,IN,False,False,0
EVT350b0860-0,CUST00540,2026-07-07 13:56:11,login,DEV69efafb1,IN,False,False,0
EVT4052e3a5-6,CUST00439,2026-07-07 14:00:04,login,DEVa34db7c5,IN,False,False,0
EVT341583df-5,CUST00427,2026-07-07 14:13:31,login,DEV471994c9,IN,True,False,0
EVT92ef8d59-0,CUST00316,2026-07-07 14:15:01,login,DEV53fdb674,IN,True,False,0
EVT247474b3-1,CUST00535,2026-07-07 14:25:45,login,DEV816bcb9f,IN,False,False,0
EVTd89462e8-9,CUST00209,2026-07-07 14:26:04,login,DEV74962764,IN,False,False,0
EVTbeea002a-c,CUST00499,2026-07-07 14:29:37,password_reset,DEV5cd8fe1a,IN,False,False,0
EVT19fc8579-a,CUST00512,2026-07-07 14:30:07,login,DEV989240ac,IN,False,False,0
EVTe05b46c5-5,CUST00010,2026-07-07 14:32:17,login,DEV6c307511,IN,False,False,1
EVT6d39da75-a,CUST00139,2026-07-07 14:44:32,login,DEV35ebd32d,IN,False,False,0
EVT2bb2c51f-7,CUST00121,2026-07-07 14:58:04,login,DEV5ef59cd3,IN,True,False,0
EVT7bb775d4-9,CUST00353,2026-07-07 15:05:19,login,DEVebd34616,IN,False,False,0
EVT2598bc54-e,CUST00495,2026-07-07 15:13:25,login,DEVd56ce8ea,IN,False,False,0
EVTc5828939-0,CUST00291,2026-07-07 15:16:11,login,DEV4767d76c,IN,False,False,1
EVT098c60b3-e,CUST00052,2026-07-07 15:22:45,login,DEV5715bd6f,IN,False,False,0
EVT217bc29e-e,CUST00538,2026-07-07 15:49:10,login,DEV8d244e3e,IN,False,False,0
EVTb2414482-5,CUST00069,2026-07-07 15:50:34,login,DEVa8e56e0c,IN,False,False,0
EVT302b0401-e,CUST00596,2026-07-07 15:57:59,login,DEVf758dce2,IN,False,False,0
EVTcd649aff-4,CUST00364,2026-07-07 16:07:16,login,DEV2cd94cbb,IN,False,False,0
EVTbea6450f-0,CUST00273,2026-07-07 16:59:18,session_start,DEVf1043785,IN,False,False,0
EVTb5d9ad36-5,CUST00201,2026-07-07 17:14:41,login,DEVf5b78cc7,IN,False,False,0
EVTf5d8fb91-e,CUST00127,2026-07-07 17:41:32,login,DEV19985f15,IN,False,False,0
EVTcb1b8eff-d,CUST00245,2026-07-07 17:42:29,password_reset,DEV45df16b6,IN,False,False,0
EVT42ac66dc-9,CUST00356,2026-07-07 17:55:46,login,DEV8a3c3b5e,IN,False,False,0
EVTe5c482ff-5,CUST00321,2026-07-07 17:58:27,otp_request,DEVa34b6cf6,IN,False,False,0
EVTb89f3a92-9,CUST00118,2026-07-07 18:01:31,device_registration,DEV94340a03,IN,False,False,0
EVTb8a1e477-e,CUST00524,2026-07-07 18:17:16,password_reset,DEVba2c98ce,IN,False,False,0
EVT6bda623f-a,CUST00356,2026-07-07 18:20:16,login,DEV611e5684,IN,True,False,0
EVTa5df6f85-b,CUST00218,2026-07-07 18:30:01,password_reset,DEV1f115b76,IN,False,False,0
EVTe1fdc6d1-6,CUST00140,2026-07-07 18:30:30,login,DEVafffcfd2,IN,False,False,0
EVTd5b1a96a-2,CUST00423,2026-07-07 19:08:40,password_reset,DEVa075e927,IN,False,False,0
EVT31b42308-b,CUST00386,2026-07-07 19:26:22,login,DEV03802b70,IN,False,False,0
EVT8a2db2e6-3,CUST00065,2026-07-07 19:39:03,login,DEV3da9c2a9,IN,False,False,0
EVT3653e588-a,CUST00460,2026-07-07 19:48:15,session_start,DEV2303f6c6,IN,False,False,0
EVT7fcc4456-2,CUST00462,2026-07-07 20:07:02,login,DEVc9e26074,IN,False,False,0
EVT49646b96-f,CUST00080,2026-07-07 20:59:38,login,DEV0f1259e0,IN,False,False,0
EVT922b4fb2-1,CUST00445,2026-07-07 21:10:37,login,DEVb0b862ef,IN,False,False,0
EVT8e969227-7,CUST00086,2026-07-07 21:35:46,login,DEV7914c120,IN,False,False,0
EVT2df8d4a8-3,CUST00557,2026-07-07 21:40:20,login,DEV8e676a01,IN,False,False,0
EVT910c4cb7-2,CUST00159,2026-07-07 21:50:49,login,DEV3c9ad14c,IN,False,False,0
EVTfe60afde-4,CUST00487,2026-07-07 21:56:13,login,DEV1dde7969,IN,False,False,0
EVT635a11f2-5,CUST00227,2026-07-07 22:13:45,login,DEV46fde062,IN,False,False,0
EVTb076a7dc-f,CUST00083,2026-07-07 22:39:08,otp_request,DEV7c441fe7,IN,False,False,0
EVTffa623d0-e,CUST00028,2026-07-07 22:46:32,login,DEV3eabedcb,IN,False,False,0
EVT7e7d5e88-4,CUST00412,2026-07-07 22:48:16,login,DEVf6febc0e,IN,False,False,0
EVT486fac8f-a,CUST00468,2026-07-07 22:49:19,login,DEV45c45a3e,IN,False,False,0
EVTf37599aa-1,CUST00571,2026-07-07 22:53:41,session_start,DEV284bf962,IN,False,False,0
EVT4aea1b8f-b,CUST00106,2026-07-07 23:01:07,login,DEVb253d218,IN,False,False,0
EVTf0c3dc02-c,CUST00277,2026-07-07 23:01:17,login,DEV1987e27b,VN,True,True,3
EVT763f56ac-b,CUST00559,2026-07-07 23:05:25,login,DEV6dda4f8d,IN,False,False,0
EVT1f5d988f-7,CUST00036,2026-07-07 23:09:12,login,DEV366eb16f,IN,False,False,1
EVTd7be7b4f-b,CUST00445,2026-07-07 23:12:43,login,DEVb0b862ef,IN,False,False,0
EVT582b91ee-f,CUST00068,2026-07-07 23:14:04,otp_request,DEV885f6e66,IN,False,False,0
EVTc7cfeca8-2,CUST00163,2026-07-07 23:24:19,login,DEV696608aa,IN,False,False,0
EVTfeb2ac4b-8,CUST00201,2026-07-07 23:36:54,login,DEV1ad4e764,IN,True,False,0
EVTdeaeb0c0-a,CUST00588,2026-07-07 23:36:55,login,DEV88575117,IN,False,False,0
EVT9f8cc29f-f,CUST00040,2026-07-07 23:38:07,login,DEVbf3c4c06,IN,False,False,0
EVT6b161276-d,CUST00421,2026-07-07 23:41:32,login,DEVef58b690,IN,True,False,0
EVT22ab7752-c,CUST00061,2026-07-07 23:48:26,login,DEVeb2263dd,IN,False,False,0
EVT68181f5b-b,CUST00391,2026-07-07 23:51:46,otp_request,DEVb495db4e,IN,False,False,0
EVT4dffc9aa-b,CUST00419,2026-07-08 00:05:12,login,DEV43d88870,IN,False,False,0
EVT0fb97b5d-5,CUST00433,2026-07-08 00:08:47,otp_request,DEV6e417d47,IN,False,False,0
EVTb63fa809-e,CUST00344,2026-07-08 00:12:24,session_start,DEV48603b32,IN,False,False,0
EVT79d19c4e-1,CUST00295,2026-07-08 00:15:40,session_start,DEV7cd0129d,IN,False,False,0
EVTba5e4066-c,CUST00409,2026-07-08 00:19:09,login,DEVe9d68f23,IN,False,False,0
EVT2bacf712-d,CUST00265,2026-07-08 00:38:05,session_start,DEV1d48a071,IN,False,False,0
EVT0123a348-6,CUST00097,2026-07-08 00:47:15,login,DEVdb20a56e,IN,False,False,0
EVTaf5a7636-e,CUST00483,2026-07-08 01:02:03,login,DEVf1738856,IN,False,False,0
EVT02b622e9-8,CUST00225,2026-07-08 01:07:29,login,DEVdc8aee30,IN,False,False,0
EVT7464d6f2-1,CUST00553,2026-07-08 01:08:03,password_reset,DEV49a214ae,IN,False,False,0
EVT4459e2fd-2,CUST00581,2026-07-08 01:10:43,login,DEV041aabfd,IN,True,False,0
EVT0cf697a5-7,CUST00138,2026-07-08 01:11:26,login,DEV27cb6f2a,IN,False,False,0
EVTbf8ff33e-e,CUST00581,2026-07-08 01:14:45,login,DEV86e52753,IN,False,False,0
EVT33a51ac6-c,CUST00562,2026-07-08 01:33:15,password_reset,DEV9be71737,IN,False,False,0
EVT950df1a0-7,CUST00091,2026-07-08 02:06:29,otp_request,DEV0f844fef,IN,False,False,0
EVT9bafcc20-0,CUST00406,2026-07-08 02:20:39,session_start,DEV3d225c30,IN,False,False,1
EVT41ff81d1-6,CUST00237,2026-07-08 02:32:25,login,DEVc51155ff,IN,False,False,0
EVTfb8fe8c4-d,CUST00142,2026-07-08 02:35:31,device_registration,DEVe87d1c78,IN,False,False,0
EVTaa2fd9d1-b,CUST00555,2026-07-08 02:45:40,login,DEV279c658a,IN,False,False,0
EVTbdcf6fd4-8,CUST00560,2026-07-08 02:59:46,login,DEVc4767556,IN,False,False,0
EVT71a91c81-4,CUST00562,2026-07-08 03:08:01,session_start,DEV9be71737,IN,False,False,0
EVT5d1ddcb7-a,CUST00490,2026-07-08 03:26:12,login,DEV899ca782,IN,False,False,0
EVT11e74656-9,CUST00516,2026-07-08 03:33:37,login,DEV21bddb41,IN,False,False,0
EVT88a613b4-a,CUST00267,2026-07-08 03:38:27,session_start,DEV5e6fea07,IN,False,False,0
EVT1b2765f6-f,CUST00466,2026-07-08 03:55:42,login,DEVc958e75e,IN,False,False,0
EVTe3ad64d4-e,CUST00078,2026-07-08 04:15:55,login,DEV8dcdcd03,IN,False,False,0
EVT9de7df7b-5,CUST00384,2026-07-08 04:19:14,session_start,DEVa14923c2,IN,False,False,0
EVTfad34352-1,CUST00510,2026-07-08 04:23:19,login,DEVd0243d72,IN,False,False,0
EVT81e58eee-f,CUST00404,2026-07-08 04:42:40,session_start,DEV6090d697,IN,False,False,0
EVT1db60efe-7,CUST00165,2026-07-08 05:09:02,login,DEV3adbd2b2,IN,True,False,0
EVT0b2d983a-f,CUST00558,2026-07-08 06:27:27,login,DEV47503f1d,IN,False,False,0
EVTa6cc0a57-8,CUST00513,2026-07-08 06:54:50,login,DEVfbe94499,IN,False,False,0
EVTc9c1ad45-f,CUST00205,2026-07-08 06:56:26,login,DEV3c20592f,IN,False,False,0
EVT36a2c52b-0,CUST00113,2026-07-08 07:00:45,login,DEV87f7e1fb,IN,False,False,0
EVT58c1aad6-f,CUST00125,2026-07-08 07:02:20,login,DEVef8c485b,IN,False,False,0
EVT48d3d2ce-f,CUST00289,2026-07-08 07:10:09,login,DEV97ac6aa8,IN,False,False,0
EVT2c6a6e9a-3,CUST00002,2026-07-08 07:21:59,login,DEVbd9c66b3,IN,False,False,0
EVT326684ff-3,CUST00525,2026-07-08 07:28:51,otp_request,DEVa8addf36,IN,False,False,0
EVT25e6d919-d,CUST00465,2026-07-08 07:35:13,login,DEV6a5e6920,IN,False,False,0
EVT12b99a50-8,CUST00220,2026-07-08 07:47:34,login,DEV8f15ba58,IN,False,False,0
EVTff69af1c-0,CUST00018,2026-07-08 08:01:38,login,DEV720f1c3d,RU,True,True,3
EVT1c654aa2-c,CUST00144,2026-07-08 08:15:29,login,DEV0b49452d,IN,False,False,0
EVT92c5d3d7-c,CUST00474,2026-07-08 08:17:38,login,DEV266bb932,IN,True,False,0
EVT4a229ba5-9,CUST00504,2026-07-08 08:20:28,login,DEV1777e8cb,IN,False,False,0
EVT9a7db4b4-e,CUST00112,2026-07-08 08:48:21,login,DEV9b828fab,UNKNOWN,True,True,3
EVTc4246277-8,CUST00336,2026-07-08 08:52:33,login,DEV9191b363,IN,False,False,0
EVT1b41a61e-8,CUST00203,2026-07-08 08:55:44,login,DEVa9f25336,IN,False,False,0
EVT55c551fc-f,CUST00053,2026-07-08 09:13:20,login,DEV287d06ca,IN,False,False,0
EVT09624ec9-e,CUST00224,2026-07-08 09:27:15,login,DEV722764e6,IN,False,False,0
EVTab310bfe-f,CUST00355,2026-07-08 09:35:58,login,DEV670acc5c,IN,False,False,0
EVT21da5db1-5,CUST00461,2026-07-08 10:09:47,login,DEVa0a11839,IN,False,False,0
EVTbca37653-5,CUST00463,2026-07-08 10:15:59,login,DEV5d678bb1,IN,False,False,0
EVTe9eba9fe-9,CUST00552,2026-07-08 10:35:34,login,DEVea74bb18,IN,False,False,0
EVTf2a32efd-f,CUST00142,2026-07-08 10:40:04,login,DEVe87d1c78,IN,False,False,0
EVTde72d970-1,CUST00435,2026-07-08 11:05:17,login,DEV2e183554,IN,False,False,0
EVT9642b052-5,CUST00550,2026-07-08 11:05:47,login,DEV692ac139,IN,False,False,0
EVT02dabd76-f,CUST00218,2026-07-08 11:08:21,login,DEV1f115b76,IN,False,False,0
EVT8e5fd65f-5,CUST00342,2026-07-08 11:18:38,login,DEVb07aa066,IN,False,False,0
EVT160beed4-0,CUST00338,2026-07-08 11:36:12,session_start,DEVc342bd2b,IN,False,False,0
EVT5c230306-c,CUST00536,2026-07-08 11:57:18,login,DEVcb08587d,IN,False,False,0
EVTbd29ede9-c,CUST00004,2026-07-08 12:15:40,login,DEV17fc695a,IN,False,False,0
EVT502cf0ee-2,CUST00101,2026-07-08 12:21:52,login,DEV680ac07a,IN,False,False,0
EVT503b4078-a,CUST00100,2026-07-08 12:37:00,login,DEVc0e9ab30,IN,False,False,0
EVTec50ace4-8,CUST00056,2026-07-08 12:39:05,login,DEV81f76d1c,IN,False,False,0
EVT3acb43a3-d,CUST00063,2026-07-08 12:59:05,login,DEV5cec4eb5,IN,False,False,0
EVT7f695b97-e,CUST00368,2026-07-08 13:41:52,session_start,DEV785299f4,IN,False,False,0
EVT3f8c1097-c,CUST00092,2026-07-08 13:47:02,login,DEVccf3a171,IN,False,False,0
EVT1e5bc68b-1,CUST00544,2026-07-08 13:55:40,login,DEVafd380c4,IN,False,False,0
EVTc2a663d6-d,CUST00186,2026-07-08 13:58:03,login,DEV9814697c,NG,True,True,2
EVT83c7f1d9-a,CUST00238,2026-07-08 14:00:42,login,DEV0289a49c,IN,True,False,0
EVTdf162ec3-b,CUST00172,2026-07-08 14:05:18,password_reset,DEV11c58ef0,IN,False,False,0
EVTa48e40f1-d,CUST00020,2026-07-08 14:07:23,login,DEVa9488d99,IN,False,False,1
EVT99afee64-9,CUST00471,2026-07-08 14:30:25,password_reset,DEVded255d0,IN,False,False,0
EVT52965cf3-8,CUST00416,2026-07-08 14:30:47,login,DEV03edd1f8,IN,False,False,0
EVT632c817e-8,CUST00312,2026-07-08 15:11:33,password_reset,DEVb0ae8f08,IN,False,False,0
EVTc847b130-d,CUST00331,2026-07-08 15:31:14,otp_request,DEV8edddfcd,IN,False,False,0
EVT35b86d0a-8,CUST00322,2026-07-08 15:54:22,login,DEV1a432f0a,IN,False,False,0
EVT1375ee90-d,CUST00084,2026-07-08 16:15:08,session_start,DEVb92da22b,IN,False,False,0
EVTb2a6e468-d,CUST00080,2026-07-08 16:21:35,login,DEV0f1259e0,IN,False,False,0
EVTa2cd1590-5,CUST00130,2026-07-08 16:34:33,login,DEV3e896c64,IN,False,False,0
EVTdf482e7c-a,CUST00226,2026-07-08 16:49:04,login,DEVc074718e,IN,False,False,0
EVT12b3c5eb-4,CUST00460,2026-07-08 17:04:42,session_start,DEV2303f6c6,IN,False,False,0
EVTc51e21bd-b,CUST00418,2026-07-08 17:06:22,login,DEVb04fd83c,IN,True,False,0
EVT14588063-5,CUST00307,2026-07-08 17:06:33,login,DEVff233d5f,IN,False,False,0
EVT9523175b-c,CUST00209,2026-07-08 17:12:16,login,DEVe2d8d2e6,BR,True,True,4
EVT73b0d676-3,CUST00135,2026-07-08 17:14:07,login,DEVee87905e,IN,False,False,0
EVTa2da43a7-f,CUST00538,2026-07-08 17:18:21,password_reset,DEV8d244e3e,IN,False,False,0
EVTc921057c-3,CUST00223,2026-07-08 17:26:46,login,DEV6d3ee1dc,IN,False,False,0
EVTf2dd85f6-3,CUST00552,2026-07-08 17:27:43,login,DEVea74bb18,IN,False,False,0
EVT4c23e844-3,CUST00450,2026-07-08 17:35:33,login,DEV059dd55d,IN,False,False,0
EVT95284c0a-c,CUST00232,2026-07-08 18:07:55,login,DEV269cd696,IN,False,False,0
EVT95866982-f,CUST00539,2026-07-08 18:16:59,login,DEV6e191042,IN,False,False,0
EVT8dc4c81f-a,CUST00432,2026-07-08 18:26:53,password_reset,DEV0e5dd462,IN,False,False,0
EVTab45eaf0-7,CUST00392,2026-07-08 18:35:49,login,DEV7b85179a,IN,False,False,0
EVT267eddce-d,CUST00007,2026-07-08 18:36:04,login,DEV6b65a6a4,IN,False,False,0
EVT46c79b36-f,CUST00167,2026-07-08 18:40:26,login,DEV787f2425,IN,False,False,0
EVT1b9ec5f9-d,CUST00301,2026-07-08 18:46:17,login,DEV3d85de89,IN,False,False,0
EVT8bf160df-8,CUST00543,2026-07-08 19:06:11,session_start,DEV4140752c,IN,False,False,0
EVT905f9096-2,CUST00083,2026-07-08 19:26:18,login,DEV7c441fe7,IN,False,False,0
EVTe6cfcbd8-7,CUST00234,2026-07-08 19:27:05,login,DEV6a34c854,IN,False,False,0
EVTe212f7e1-8,CUST00523,2026-07-08 19:31:07,session_start,DEV38b77c07,IN,False,False,0
EVT66d71d97-b,CUST00161,2026-07-08 19:32:48,otp_request,DEV698c206f,IN,False,False,0
EVTbd1a8f4b-8,CUST00052,2026-07-08 19:38:06,password_reset,DEV5715bd6f,IN,False,False,1
EVTd8dff535-c,CUST00111,2026-07-08 19:39:09,otp_request,DEV504867ba,IN,False,False,0
EVT6403c4bc-1,CUST00396,2026-07-08 20:01:15,login,DEV11df12d7,IN,False,False,0
EVT90ccd1e5-8,CUST00135,2026-07-08 20:01:45,login,DEVf93adb04,IN,True,False,0
EVT48998e5f-d,CUST00111,2026-07-08 20:03:06,session_start,DEV504867ba,IN,False,False,0
EVT85664da4-8,CUST00358,2026-07-08 20:05:25,login,DEV9170d854,IN,True,False,0
EVT1652142c-4,CUST00560,2026-07-08 20:06:33,login,DEVfe13d91c,IN,True,False,0
EVTd43cdd6d-e,CUST00031,2026-07-08 20:17:31,login,DEV5304317f,IN,False,False,0
EVT160a3a13-3,CUST00479,2026-07-08 20:39:31,session_start,DEVbfbf397b,IN,False,False,0
EVT202a9ced-8,CUST00032,2026-07-08 20:52:46,login,DEV796c6ae6,IN,True,False,0
EVTdef3306a-f,CUST00265,2026-07-08 21:05:52,login,DEV1d48a071,IN,False,False,0
EVT2336d60b-0,CUST00568,2026-07-08 21:09:18,session_start,DEVbdb025ff,IN,False,False,0
EVTedcabf94-6,CUST00083,2026-07-08 21:16:42,login,DEV7c441fe7,IN,False,False,0
EVT569b111f-1,CUST00492,2026-07-08 21:23:07,session_start,DEVb24cc64f,IN,False,False,0
EVT5f90ea2c-f,CUST00341,2026-07-08 21:28:36,login,DEV305c5d6f,IN,True,False,0
EVT06531d47-4,CUST00213,2026-07-08 21:49:43,otp_request,DEVe4855aa1,IN,False,False,0
EVT55c34853-0,CUST00126,2026-07-08 21:53:46,session_start,DEV9f044aed,IN,False,False,0
EVTf4e95734-5,CUST00045,2026-07-08 21:55:03,login,DEV28f49481,IN,False,False,0
EVT4c9bff5c-e,CUST00115,2026-07-08 21:58:08,login,DEV118a9d29,IN,False,False,0
EVT9dec2b83-3,CUST00219,2026-07-08 22:19:55,login,DEV76f2dbfe,IN,False,False,0
EVT6f07b60f-9,CUST00174,2026-07-08 22:42:35,login,DEVadf4e62d,IN,False,False,0
EVT1dd03ecd-0,CUST00479,2026-07-08 22:49:00,session_start,DEVbfbf397b,IN,False,False,0
EVTf4ac27ef-b,CUST00540,2026-07-08 23:09:28,login,DEV69efafb1,IN,False,False,0
EVTac00f929-b,CUST00364,2026-07-08 23:15:26,login,DEV2cd94cbb,IN,False,False,0
EVT15936f42-4,CUST00495,2026-07-08 23:19:38,login,DEVd56ce8ea,IN,False,False,0
EVTb60b4f87-5,CUST00179,2026-07-08 23:26:19,login,DEV587ef344,IN,False,False,0
EVT9cc05b67-a,CUST00261,2026-07-08 23:50:16,login,DEVf510ab53,IN,False,False,0
EVTfd8fb938-f,CUST00566,2026-07-08 23:57:37,login,DEV2e709838,IN,False,False,0
EVTb6697d0a-8,CUST00418,2026-07-09 00:13:53,login,DEV1327f1bc,IN,False,False,0
EVTf83811c5-4,CUST00404,2026-07-09 00:18:37,login,DEV6090d697,IN,False,False,0
EVT44f00717-1,CUST00511,2026-07-09 00:36:59,login,DEVc63d04ee,IN,False,False,0
EVTeb821435-3,CUST00533,2026-07-09 00:51:03,session_start,DEVb64fa54a,IN,False,False,0
EVT70c23600-2,CUST00298,2026-07-09 00:51:13,login,DEV8e485223,IN,False,False,0
EVTc82f78fd-9,CUST00089,2026-07-09 00:54:39,otp_request,DEVdd2467ac,IN,False,False,1
EVT2f17a43f-6,CUST00471,2026-07-09 01:05:26,login,DEV503ef9cb,IN,True,False,0
EVT1b0c62eb-2,CUST00135,2026-07-09 01:19:29,device_registration,DEVee87905e,IN,False,False,0
EVT62e7c1a6-1,CUST00039,2026-07-09 01:20:54,login,DEVbeb79919,IN,False,False,0
EVTa42d0cd7-f,CUST00053,2026-07-09 01:25:28,login,DEV287d06ca,IN,False,False,0
EVT2fb21e66-7,CUST00053,2026-07-09 01:37:01,login,DEV287d06ca,IN,False,False,0
EVT08e94548-9,CUST00449,2026-07-09 01:43:07,login,DEV4bbe4aff,IN,False,False,0
EVTbf00f56c-6,CUST00285,2026-07-09 01:49:54,login,DEV2d174fc9,IN,False,False,1
EVT750acc98-2,CUST00253,2026-07-09 01:52:26,session_start,DEV2e85cb21,IN,False,False,0
EVT8a624cbd-e,CUST00083,2026-07-09 02:03:33,otp_request,DEV7c441fe7,IN,False,False,0
EVT9645dec1-8,CUST00548,2026-07-09 02:10:31,login,DEV0f5ae9d3,IN,False,False,0
EVT8ee9581a-e,CUST00171,2026-07-09 02:13:28,login,DEV6601ddd0,IN,False,False,0
EVTc0d2201b-2,CUST00491,2026-07-09 02:13:34,login,DEV5efa9c5b,IN,False,False,0
EVTff4b3804-1,CUST00484,2026-07-09 02:17:06,login,DEV95935df6,IN,True,False,0
EVT7942000a-c,CUST00490,2026-07-09 02:34:27,login,DEV899ca782,IN,False,False,0
EVTf4acc7e2-f,CUST00189,2026-07-09 02:56:02,login,DEV1fe771d6,IN,False,False,1
EVTce67b962-5,CUST00587,2026-07-09 02:57:17,login,DEV6e3f683a,IN,False,False,0
EVT76b874d3-4,CUST00260,2026-07-09 02:59:36,login,DEV39669fa7,IN,False,False,0
EVTe226a768-d,CUST00301,2026-07-09 03:44:33,login,DEV3d85de89,IN,False,False,0
EVTf9722cc1-3,CUST00152,2026-07-09 03:52:44,login,DEV0ab54bde,IN,False,False,0
EVT9bd972ca-0,CUST00517,2026-07-09 04:02:33,login,DEVc9d6a63b,IN,False,False,0
EVT2086ba87-0,CUST00381,2026-07-09 04:04:19,login,DEV116f176a,VN,True,True,2
EVTf28dacb1-2,CUST00455,2026-07-09 04:06:52,login,DEV561657a8,IN,True,False,0
EVTd6312a80-1,CUST00018,2026-07-09 04:07:23,session_start,DEVe2acf72f,IN,False,False,1
EVT55dddf38-f,CUST00410,2026-07-09 04:19:11,otp_request,DEVfd08b32c,IN,False,False,0
EVT32fc5015-b,CUST00530,2026-07-09 04:28:24,login,DEV051852dc,RU,True,True,2
EVT9c89d374-c,CUST00044,2026-07-09 04:32:56,otp_request,DEVdc713d96,IN,False,False,0
EVT485d831c-9,CUST00167,2026-07-09 05:17:01,login,DEV787f2425,IN,False,False,0
EVT577bc55a-3,CUST00009,2026-07-09 05:19:03,login,DEVc241330b,IN,False,False,0
EVTb717548d-5,CUST00491,2026-07-09 05:34:51,login,DEV5efa9c5b,IN,False,False,0
EVTc85cd714-7,CUST00088,2026-07-09 05:38:44,otp_request,DEV5ab33edf,IN,False,False,0
EVT3d7d9e1e-c,CUST00052,2026-07-09 06:02:11,login,DEV1345c526,IN,True,False,0
EVT5f32d5d8-2,CUST00125,2026-07-09 06:26:34,otp_request,DEVef8c485b,IN,False,False,0
EVTdc956e31-0,CUST00575,2026-07-09 06:31:13,login,DEV0cbd3c03,IN,False,False,0
EVT5e717fca-0,CUST00129,2026-07-09 06:33:10,login,DEV5958a499,IN,False,False,0
EVT49a5fd0d-e,CUST00413,2026-07-09 06:39:18,login,DEVf72169bb,IN,False,False,0
EVT31ab0158-2,CUST00329,2026-07-09 06:45:40,session_start,DEVcfa701cd,IN,False,False,0
EVTae27d432-1,CUST00059,2026-07-09 06:53:13,login,DEV5fb8d16c,IN,False,False,0
EVT84e3b774-5,CUST00189,2026-07-09 06:59:45,session_start,DEV1fe771d6,IN,False,False,0
EVT394b5d35-d,CUST00594,2026-07-09 07:14:24,login,DEV67884209,IN,False,False,1
EVT89b5aab0-c,CUST00070,2026-07-09 07:36:06,login,DEV2a45c2ab,IN,False,False,0
EVT592448ee-7,CUST00418,2026-07-09 07:45:38,login,DEV1327f1bc,IN,False,False,0
EVTfa2c9e79-2,CUST00551,2026-07-09 07:46:50,password_reset,DEVf0ede303,IN,False,False,0
EVTd2eaef18-4,CUST00153,2026-07-09 08:16:24,login,DEVeededb07,IN,False,False,0
EVT5c17ebb5-0,CUST00243,2026-07-09 08:46:18,otp_request,DEVbc10fa52,IN,False,False,0
EVTef7cef26-3,CUST00446,2026-07-09 08:58:35,login,DEV4d57d880,IN,False,False,0
EVT7d283421-2,CUST00374,2026-07-09 09:14:11,session_start,DEV409d3602,IN,False,False,0
EVTccca1e14-c,CUST00270,2026-07-09 09:33:07,login,DEV4fa03f26,IN,False,False,0
EVTdb6a34ea-c,CUST00250,2026-07-09 09:38:44,login,DEVe82c7d7b,IN,False,False,0
EVT80daa8ca-6,CUST00176,2026-07-09 10:00:10,login,DEVe08596db,IN,False,False,0
EVT7232245c-d,CUST00182,2026-07-09 10:15:34,login,DEVe220134e,IN,True,False,0
EVT797e3984-d,CUST00164,2026-07-09 10:23:25,login,DEVbc2cbb0d,IN,False,False,0
EVTba554e35-d,CUST00506,2026-07-09 10:26:45,login,DEV0cf2b69b,IN,False,False,0
EVTc605e58a-4,CUST00129,2026-07-09 10:26:59,login,DEV5958a499,IN,False,False,0
EVTd0d74aa0-e,CUST00550,2026-07-09 10:31:45,login,DEV6d473b55,RU,True,True,2
EVT18412e07-f,CUST00566,2026-07-09 10:33:01,login,DEV2e709838,IN,False,False,0
EVTbb859153-4,CUST00581,2026-07-09 10:44:06,login,DEVe2888ddb,IN,True,False,0
EVT74bd0c93-8,CUST00079,2026-07-09 11:03:26,password_reset,DEV01d74256,IN,False,False,1
EVT1edbbe71-d,CUST00293,2026-07-09 11:08:21,login,DEVab0e664e,IN,False,False,0
EVT80acefb5-7,CUST00508,2026-07-09 11:16:19,login,DEV34885a46,IN,False,False,0
EVTb74966cb-2,CUST00407,2026-07-09 11:18:05,login,DEVdb23aa8c,IN,False,False,0
EVT87e504ce-1,CUST00077,2026-07-09 11:59:18,login,DEV8988266f,RU,True,True,2
EVT4a85e443-3,CUST00553,2026-07-09 12:08:21,login,DEV49a214ae,IN,False,False,0
EVT6c4c450b-6,CUST00101,2026-07-09 12:33:43,login,DEV680ac07a,IN,False,False,0
EVTd353db1c-3,CUST00052,2026-07-09 12:38:38,login,DEV99d2f7f2,IN,True,False,0
EVTcea95510-5,CUST00535,2026-07-09 12:43:51,login,DEV816bcb9f,IN,False,False,0
EVT3e3869e2-0,CUST00299,2026-07-09 12:55:42,login,DEV30e912f2,IN,False,False,0
EVTb958d153-2,CUST00564,2026-07-09 12:57:51,device_registration,DEV45f50c52,IN,False,False,0
EVT24eeb4a6-c,CUST00040,2026-07-09 13:02:08,login,DEVbf3c4c06,IN,False,False,0
EVTa9a0758e-f,CUST00579,2026-07-09 13:05:01,login,DEV585d3f86,IN,False,False,0
EVTd37ee471-6,CUST00288,2026-07-09 13:12:37,login,DEV7701f7bb,IN,False,False,0
EVT2c5fd1ca-b,CUST00427,2026-07-09 13:27:41,login,DEVc2fdb44a,BR,True,True,3
EVT5636d3b7-c,CUST00070,2026-07-09 13:33:50,login,DEVec1aa530,RU,True,True,2
EVTda3465d9-8,CUST00598,2026-07-09 13:43:40,login,DEVb08a4895,IN,False,False,0
EVTdaea544a-2,CUST00422,2026-07-09 13:43:49,login,DEV889b78d5,IN,False,False,0
EVT6ab62dbf-8,CUST00582,2026-07-09 14:12:13,otp_request,DEV3873e57f,IN,False,False,0
EVT0cb5ee5c-6,CUST00164,2026-07-09 14:13:48,login,DEVbc2cbb0d,IN,False,False,0
EVTdcffd7b6-3,CUST00468,2026-07-09 14:14:40,login,DEV45c45a3e,IN,False,False,1
EVT4ff85111-f,CUST00305,2026-07-09 14:16:18,otp_request,DEVa9f948b2,IN,False,False,0
EVTf104ad27-e,CUST00590,2026-07-09 14:28:35,login,DEV5aaab32f,IN,False,False,0
EVT011c4544-7,CUST00196,2026-07-09 14:35:10,login,DEVd56f0350,IN,False,False,0
EVT4a832ab5-5,CUST00530,2026-07-09 14:35:41,login,DEVe63658c9,IN,False,False,0
EVT80e022c8-3,CUST00567,2026-07-09 14:37:39,otp_request,DEVa847bce7,IN,False,False,0
EVT48c31385-9,CUST00237,2026-07-09 14:42:44,login,DEVf41facd1,IN,True,False,0
EVTf3234331-1,CUST00141,2026-07-09 15:01:40,login,DEV138664e3,RU,True,True,3
EVT6e6a3d5b-2,CUST00457,2026-07-09 15:16:54,login,DEV3810ae66,IN,False,False,0
EVT07480379-3,CUST00414,2026-07-09 15:49:24,login,DEV19b17e80,IN,False,False,0
EVT9df79a27-d,CUST00309,2026-07-09 16:12:41,login,DEV4e7ed827,IN,False,False,0
EVTe82b5b36-4,CUST00169,2026-07-09 16:16:27,login,DEVd20eac17,IN,False,False,0
EVT6001f54d-0,CUST00237,2026-07-09 16:33:40,login,DEVc51155ff,IN,False,False,0
EVT21c71aa3-7,CUST00059,2026-07-09 16:35:41,login,DEV5fb8d16c,IN,False,False,0
EVT4bae2c00-e,CUST00211,2026-07-09 16:46:09,login,DEV4087550b,IN,True,False,0
EVT15c211ca-e,CUST00559,2026-07-09 16:51:24,login,DEVa701e867,IN,True,False,0
EVTfab6ad91-b,CUST00322,2026-07-09 17:11:44,session_start,DEV1a432f0a,IN,False,False,0
EVT2c154804-0,CUST00161,2026-07-09 17:20:33,login,DEV698c206f,IN,False,False,0
EVT50647c59-7,CUST00135,2026-07-09 17:31:45,login,DEVee87905e,IN,False,False,0
EVT0bc6e292-b,CUST00433,2026-07-09 17:38:09,login,DEVa7b414b4,IN,True,False,0
EVT573bfc17-2,CUST00144,2026-07-09 17:41:06,login,DEV0b49452d,IN,False,False,0
EVT139b4c16-f,CUST00425,2026-07-09 17:48:44,login,DEVe11b2f5a,IN,True,False,0
EVT092385fe-2,CUST00371,2026-07-09 17:51:34,login,DEV7ed70ed7,IN,False,False,0
EVTdcd1c413-0,CUST00188,2026-07-09 17:58:59,otp_request,DEV9f871ce7,IN,False,False,0
EVTa84554c3-a,CUST00097,2026-07-09 18:03:15,session_start,DEVdb20a56e,IN,False,False,0
EVT9194821e-e,CUST00163,2026-07-09 18:10:04,login,DEV696608aa,IN,False,False,0
EVT7b2a7f10-3,CUST00478,2026-07-09 18:12:05,otp_request,DEV1fa382e8,IN,False,False,0
EVT994316bb-d,CUST00279,2026-07-09 18:38:43,session_start,DEV8861fe18,IN,False,False,0
EVTf7bce0ef-7,CUST00571,2026-07-09 18:40:45,login,DEV284bf962,IN,False,False,0
EVT377f35c1-0,CUST00098,2026-07-09 19:33:10,login,DEVf365185d,NG,True,True,4
EVT37850b5c-3,CUST00318,2026-07-09 20:00:50,login,DEVb540b30e,IN,False,False,1
EVT07179ef3-3,CUST00442,2026-07-09 20:18:55,login,DEV8beddb12,IN,False,False,0
EVTdbb24c33-a,CUST00478,2026-07-09 20:58:58,login,DEV1fa382e8,IN,False,False,0
EVT4f489f45-9,CUST00505,2026-07-09 21:01:35,otp_request,DEVa3b5cece,IN,False,False,0
EVTec19e4eb-3,CUST00302,2026-07-09 21:15:57,login,DEVb63b4dc3,IN,False,False,0
EVT44d7df9a-2,CUST00087,2026-07-09 21:23:36,otp_request,DEV1825bc54,IN,False,False,0
EVT956abfdf-b,CUST00392,2026-07-09 21:32:09,login,DEV7b85179a,IN,False,False,1
EVT209f4ff2-1,CUST00522,2026-07-09 21:38:52,login,DEV97fa7f04,IN,False,False,0
EVTff3c6d4e-a,CUST00369,2026-07-09 21:41:56,session_start,DEV5230dfbd,IN,False,False,0
EVT28628b4e-c,CUST00379,2026-07-09 21:42:52,session_start,DEV9f64eeed,IN,False,False,0
EVTcbbed980-0,CUST00103,2026-07-09 21:47:28,login,DEV2a25a888,IN,False,False,0
EVTc0cffa73-3,CUST00395,2026-07-09 21:54:39,login,DEVbf0d073d,IN,False,False,0
EVTb8b791b0-4,CUST00494,2026-07-09 22:00:25,login,DEVe2aa7a5d,IN,False,False,0
EVTdd34aa18-9,CUST00075,2026-07-09 22:09:09,device_registration,DEV5f987c71,IN,False,False,0
EVTda7bf28b-9,CUST00483,2026-07-09 22:20:36,otp_request,DEVf1738856,IN,False,False,0
EVT2851a8be-2,CUST00337,2026-07-09 22:39:23,otp_request,DEVf5c9b047,IN,False,False,0
EVTf80b2cea-6,CUST00084,2026-07-09 22:58:41,login,DEVb92da22b,IN,False,False,1
EVTb9163357-4,CUST00483,2026-07-09 23:17:08,password_reset,DEVf1738856,IN,False,False,0
EVT6483b0e7-9,CUST00367,2026-07-09 23:19:20,otp_request,DEVd0725b5c,IN,False,False,0
EVT8d0df6f6-0,CUST00473,2026-07-09 23:30:29,password_reset,DEVc1101266,IN,False,False,0
EVTe9570a2a-f,CUST00383,2026-07-09 23:37:17,login,DEV7c16128d,IN,False,False,0
EVT74797b61-2,CUST00057,2026-07-10 00:07:56,login,DEVa013ac6e,IN,False,False,0
EVT702f31e5-6,CUST00149,2026-07-10 00:11:36,login,DEVb0e6a969,IN,False,False,0
EVT48817b98-7,CUST00574,2026-07-10 00:11:52,session_start,DEV27d415b6,IN,False,False,0
EVT1e559419-1,CUST00537,2026-07-10 00:22:33,login,DEVa79b44b6,IN,False,False,0
EVT4bf1d7a8-b,CUST00540,2026-07-10 00:29:42,login,DEV2e0cf801,VN,True,True,2
EVTaa528f85-0,CUST00585,2026-07-10 00:31:18,login,DEVc3a00c6f,IN,False,False,0
EVTa7668617-7,CUST00224,2026-07-10 00:36:37,login,DEV722764e6,IN,False,False,0
EVTf5f3943a-e,CUST00450,2026-07-10 00:40:20,session_start,DEV059dd55d,IN,False,False,0
EVT8c57a277-0,CUST00269,2026-07-10 00:41:33,login,DEVc71d5e60,IN,False,False,0
EVTea18d32c-7,CUST00073,2026-07-10 00:43:48,login,DEVb09b2a5c,IN,False,False,0
EVT108abb5c-0,CUST00570,2026-07-10 00:56:53,login,DEV604e46cb,IN,False,False,0
EVT850cddfd-1,CUST00424,2026-07-10 01:25:04,password_reset,DEV7cea2045,IN,False,False,1
EVTaf32baf8-8,CUST00234,2026-07-10 01:27:34,session_start,DEV6a34c854,IN,False,False,0
EVT7462f144-c,CUST00428,2026-07-10 01:29:50,login,DEVfa745761,IN,False,False,1
EVT6f2e92b9-d,CUST00293,2026-07-10 01:44:50,login,DEVab0e664e,IN,False,False,1
EVT3dba6da8-5,CUST00020,2026-07-10 01:48:46,login,DEVa9488d99,IN,False,False,0
EVTdf7d0dd7-2,CUST00013,2026-07-10 02:13:11,session_start,DEV5be6128e,IN,False,False,0
EVT15669e36-4,CUST00122,2026-07-10 02:32:48,login,DEV506e5a9a,IN,False,False,0
EVT7a8104de-b,CUST00021,2026-07-10 03:00:47,login,DEVfc377a4c,IN,False,False,0
EVT83601fb5-b,CUST00502,2026-07-10 03:02:53,login,DEV46a02a9b,IN,False,False,0
EVTd88a2b67-2,CUST00583,2026-07-10 03:16:41,login,DEV4410d892,IN,True,False,0
EVT20afaf9e-0,CUST00529,2026-07-10 03:21:29,login,DEVb65feea9,IN,False,False,0
EVT79ea5621-6,CUST00361,2026-07-10 03:37:04,otp_request,DEV964db03f,IN,False,False,0
EVT1f44aa88-8,CUST00274,2026-07-10 03:37:44,login,DEV9793b9b4,IN,False,False,0
EVT7800e27a-9,CUST00308,2026-07-10 04:04:22,login,DEV5a104129,IN,False,False,0
EVT6e66a273-c,CUST00368,2026-07-10 04:08:39,login,DEV785299f4,IN,False,False,0
EVT99966612-9,CUST00193,2026-07-10 04:23:29,login,DEVaa38d0a1,IN,False,False,0
EVT4f7f963e-d,CUST00442,2026-07-10 04:23:57,login,DEV8beddb12,IN,False,False,0
EVT4ccb2355-3,CUST00081,2026-07-10 04:30:00,session_start,DEV080aadfb,IN,False,False,0
EVT9b4547e0-7,CUST00232,2026-07-10 04:36:46,login,DEV269cd696,IN,False,False,0
EVTe237c877-2,CUST00324,2026-07-10 04:42:15,login,DEV5738811d,IN,False,False,0
EVT60ee64ba-a,CUST00191,2026-07-10 05:17:05,otp_request,DEV5380b904,IN,False,False,1
EVT503be788-2,CUST00173,2026-07-10 05:31:33,login,DEV59e4b671,IN,False,False,1
EVT4cec495b-2,CUST00162,2026-07-10 05:43:47,login,DEVecab3301,IN,False,False,0
EVTd455b87e-9,CUST00310,2026-07-10 06:05:59,login,DEV72be5fb8,IN,True,False,0
EVT852393d7-9,CUST00585,2026-07-10 06:07:26,login,DEVc3a00c6f,IN,False,False,0
EVTa8cfe589-9,CUST00222,2026-07-10 06:17:24,login,DEVd0a44432,IN,False,False,1
EVT8bea75c1-b,CUST00077,2026-07-10 06:28:20,session_start,DEV1064005c,IN,False,False,0
EVTd0095507-0,CUST00224,2026-07-10 06:28:27,login,DEV722764e6,IN,False,False,0
EVTefb3eb37-6,CUST00281,2026-07-10 06:45:26,login,DEV818b0652,IN,True,False,0
EVTa4f954fc-c,CUST00451,2026-07-10 06:48:47,login,DEV6553867d,IN,False,False,0
EVT6c5ccba7-b,CUST00460,2026-07-10 06:49:29,login,DEV2303f6c6,IN,False,False,0
EVTb8ddf15d-8,CUST00424,2026-07-10 06:59:54,login,DEV7cea2045,IN,False,False,0
EVT2a9edda7-7,CUST00313,2026-07-10 07:05:58,login,DEVbd1531c8,IN,False,False,0
EVT7317591a-3,CUST00097,2026-07-10 07:12:16,password_reset,DEVdb20a56e,IN,False,False,1
EVTbd3c83c3-6,CUST00590,2026-07-10 07:32:11,login,DEV5aaab32f,IN,False,False,0
EVT9fb886b2-a,CUST00565,2026-07-10 07:34:25,login,DEVebe9e207,IN,False,False,0
EVT142e3df0-3,CUST00191,2026-07-10 07:35:07,login,DEV5380b904,IN,False,False,0
EVT6b2e258e-a,CUST00580,2026-07-10 07:38:29,login,DEV2d3b840d,IN,True,False,0
EVT2ba46308-7,CUST00521,2026-07-10 07:40:58,login,DEV72c22a16,IN,False,False,0
EVT0df1172a-4,CUST00396,2026-07-10 07:49:46,login,DEV11df12d7,IN,False,False,0
EVT7a3a6e96-2,CUST00055,2026-07-10 07:50:53,login,DEVf8cda88b,IN,False,False,0
EVT89628f6e-9,CUST00058,2026-07-10 07:54:54,login,DEV81f631d4,IN,False,False,0
EVTebc8f6b7-e,CUST00282,2026-07-10 07:59:46,login,DEV7d7ddbed,IN,False,False,0
EVTa6388854-f,CUST00212,2026-07-10 08:03:53,otp_request,DEV25c73c44,IN,False,False,0
EVT889fe107-4,CUST00142,2026-07-10 08:17:22,login,DEVe87d1c78,IN,False,False,0
EVT9343e6ea-9,CUST00294,2026-07-10 08:46:40,session_start,DEV7e8adee7,IN,False,False,0
EVT7978dc84-e,CUST00329,2026-07-10 08:48:41,login,DEVcfa701cd,IN,False,False,0
EVT2fb7e9bd-5,CUST00582,2026-07-10 08:48:42,login,DEV3873e57f,IN,False,False,0
EVTbce642a4-0,CUST00425,2026-07-10 08:51:39,login,DEVeabb42d6,IN,True,False,0
EVT4cc57e0d-2,CUST00070,2026-07-10 08:54:07,otp_request,DEV2a45c2ab,IN,False,False,0
EVTecaf8800-a,CUST00566,2026-07-10 09:05:21,otp_request,DEV2e709838,IN,False,False,0
EVTe8239943-7,CUST00414,2026-07-10 09:08:30,otp_request,DEV19b17e80,IN,False,False,0
EVT457e55cb-4,CUST00417,2026-07-10 09:13:00,login,DEVdef57689,IN,False,False,0
EVTc9254bb5-4,CUST00272,2026-07-10 09:29:08,login,DEVe87466d7,IN,False,False,0
EVT17430eff-0,CUST00400,2026-07-10 09:32:09,login,DEVf5260cb1,NG,True,True,3
EVT53cc6b95-c,CUST00335,2026-07-10 09:42:48,login,DEV96a9954f,IN,False,False,0
EVTc87df059-b,CUST00322,2026-07-10 09:48:54,login,DEVdb1df2c3,IN,True,False,0
EVT2e0fb5b3-8,CUST00090,2026-07-10 09:56:57,login,DEVa748dbcf,IN,False,False,0
EVTbcc4f087-7,CUST00395,2026-07-10 09:59:46,login,DEVbf0d073d,IN,False,False,0
EVT1bf962a5-1,CUST00581,2026-07-10 11:13:01,login,DEV86e52753,IN,False,False,1
EVTea98fef8-d,CUST00066,2026-07-10 11:18:47,login,DEV14296c07,IN,False,False,0
EVTc156e501-b,CUST00113,2026-07-10 11:41:17,login,DEV87f7e1fb,IN,False,False,0
EVT811414f8-d,CUST00053,2026-07-10 11:54:31,session_start,DEV287d06ca,IN,False,False,0
EVT119fb03e-9,CUST00233,2026-07-10 12:23:04,login,DEV271e3ee2,IN,False,False,0
EVT1192a38f-6,CUST00334,2026-07-10 12:48:47,login,DEV0784781d,IN,True,False,0
EVTbb64a525-b,CUST00226,2026-07-10 13:04:54,login,DEVc074718e,IN,False,False,0
EVT6aa0426d-f,CUST00071,2026-07-10 13:15:47,login,DEV9b49bd26,IN,False,False,0
EVT613c9847-1,CUST00418,2026-07-10 13:16:42,login,DEVf4de6a69,IN,True,False,0
EVTa0180791-e,CUST00209,2026-07-10 13:39:06,login,DEV74962764,IN,False,False,0
EVTe2fb8d66-a,CUST00581,2026-07-10 13:40:03,session_start,DEV86e52753,IN,False,False,0
EVTee25356a-a,CUST00248,2026-07-10 14:03:13,login,DEVd72b6108,IN,False,False,0
EVT0f5f9707-a,CUST00276,2026-07-10 14:05:50,login,DEV4d3485c5,IN,False,False,0
EVT12d15585-b,CUST00085,2026-07-10 14:43:45,session_start,DEV93829b43,IN,False,False,0
EVTe39eb7c2-6,CUST00482,2026-07-10 15:06:37,session_start,DEV78b2b549,IN,False,False,0
EVT38e7e019-f,CUST00137,2026-07-10 15:39:24,login,DEVe3c43657,IN,False,False,0
EVT677f7c73-f,CUST00427,2026-07-10 15:41:12,session_start,DEV3a3c8a71,IN,False,False,0
EVT0b398e89-f,CUST00467,2026-07-10 15:46:41,session_start,DEV5da8d6d2,IN,False,False,0
EVTbaebe15d-4,CUST00317,2026-07-10 15:54:28,login,DEV5c62b3a2,IN,False,False,0
EVT0b961346-6,CUST00475,2026-07-10 15:54:37,login,DEV65bcc272,IN,False,False,0
EVTdedbcef9-7,CUST00587,2026-07-10 16:05:39,login,DEV6e3f683a,IN,False,False,0
EVT56282768-6,CUST00586,2026-07-10 16:22:09,login,DEV1eb74b56,IN,False,False,0
EVT07298d47-7,CUST00504,2026-07-10 16:23:41,session_start,DEV1777e8cb,IN,False,False,0
EVT0db5d441-2,CUST00152,2026-07-10 16:31:17,device_registration,DEV0ab54bde,IN,False,False,0
EVTf3d6b9f2-d,CUST00418,2026-07-10 16:40:23,device_registration,DEV1327f1bc,IN,False,False,0
EVT8e2017e1-5,CUST00330,2026-07-10 16:44:36,login,DEV15ce6a66,IN,False,False,0
EVTe8334da5-d,CUST00073,2026-07-10 16:47:11,login,DEVb09b2a5c,IN,False,False,0
EVTcf89569d-e,CUST00141,2026-07-10 17:25:42,login,DEV81627cf1,IN,False,False,0
EVTf6e39356-a,CUST00007,2026-07-10 17:38:47,login,DEV6b65a6a4,IN,False,False,0
EVT49c3f48b-f,CUST00400,2026-07-10 18:04:25,login,DEVd664d264,IN,False,False,0
EVTf530c98d-6,CUST00525,2026-07-10 18:10:27,login,DEVa8addf36,IN,False,False,0
EVT0274ce40-e,CUST00130,2026-07-10 18:20:35,login,DEV3e896c64,IN,False,False,0
EVTf5b16d2f-e,CUST00265,2026-07-10 18:23:10,login,DEV7bd0a126,NG,True,True,3
EVT3385db3b-e,CUST00531,2026-07-10 18:24:40,login,DEV25f934bf,IN,False,False,0
EVTc363f61f-9,CUST00422,2026-07-10 18:26:53,login,DEV889b78d5,IN,False,False,0
EVT593c73f2-b,CUST00577,2026-07-10 19:16:52,session_start,DEV9b69554d,IN,False,False,0
EVTf33685da-c,CUST00463,2026-07-10 19:18:30,login,DEV5d678bb1,IN,False,False,0
EVT8cb21aa2-1,CUST00244,2026-07-10 19:45:51,session_start,DEVe5d6f6e6,IN,False,False,0
EVTc4f4b844-4,CUST00367,2026-07-10 19:51:02,login,DEVd0725b5c,IN,False,False,0
EVT552d4865-d,CUST00451,2026-07-10 20:00:01,login,DEV6553867d,IN,False,False,0
EVT23d7e6a1-1,CUST00117,2026-07-10 20:08:06,login,DEVf10c718b,IN,False,False,0
EVTafd5b90b-4,CUST00442,2026-07-10 20:39:58,login,DEV8beddb12,IN,False,False,0
EVT51e744e4-b,CUST00128,2026-07-10 20:52:50,login,DEV8181a8cc,IN,False,False,0
EVT25e591c8-2,CUST00497,2026-07-10 21:36:35,login,DEV2b0d5b1c,IN,True,False,0
EVT3bbdf80c-c,CUST00595,2026-07-10 21:46:04,session_start,DEV4a1dab32,IN,False,False,0
EVT4b6c14e4-c,CUST00356,2026-07-10 21:50:51,login,DEV8a3c3b5e,IN,False,False,0
EVT3f569381-4,CUST00579,2026-07-10 23:25:48,session_start,DEV585d3f86,IN,False,False,0
EVT15b2c2b4-8,CUST00541,2026-07-10 23:27:16,login,DEV66132e69,IN,False,False,0
EVTbce8e033-f,CUST00376,2026-07-10 23:37:17,login,DEVd32e6dcd,IN,False,False,1
EVT20f0156a-1,CUST00040,2026-07-11 00:06:33,login,DEVbf3c4c06,IN,False,False,1
EVT0ffa2366-4,CUST00348,2026-07-11 00:31:52,login,DEV32a447b2,IN,False,False,0
EVT59e1ac09-5,CUST00001,2026-07-11 00:46:53,login,DEV23b8c1e9,IN,False,False,0
EVT18a73d94-a,CUST00257,2026-07-11 00:51:57,login,DEV6bebac31,IN,False,False,0
EVT96f01335-c,CUST00224,2026-07-11 00:52:40,login,DEV722764e6,IN,False,False,1
EVT4c2272f3-4,CUST00152,2026-07-11 00:53:07,login,DEV0ab54bde,IN,False,False,0
EVT57423882-f,CUST00192,2026-07-11 01:13:17,login,DEV8dedf9fb,IN,False,False,0
EVTba108217-0,CUST00024,2026-07-11 01:23:54,login,DEV29a3b2e9,IN,False,False,0
EVT65787d0c-1,CUST00426,2026-07-11 01:29:00,login,DEVaf34cf65,IN,False,False,0
EVTfdc419b2-0,CUST00391,2026-07-11 01:48:36,login,DEVb495db4e,IN,False,False,0
EVTaf4afcdd-5,CUST00297,2026-07-11 02:27:33,login,DEV989d9d4a,IN,False,False,0
EVT9c3de1b0-0,CUST00116,2026-07-11 02:46:36,login,DEVdca02eec,IN,False,False,0
EVTf3025d16-1,CUST00157,2026-07-11 03:03:53,session_start,DEVdfed2c43,IN,False,False,0
EVT1a6b6a7d-1,CUST00115,2026-07-11 03:05:25,login,DEV118a9d29,IN,False,False,0
EVT94ad6252-1,CUST00132,2026-07-11 03:25:23,login,DEV4d71c366,IN,False,False,0
EVTf836f571-3,CUST00011,2026-07-11 03:28:12,login,DEV371ecd7b,IN,False,False,0
EVTc36b9a0a-4,CUST00077,2026-07-11 03:33:26,login,DEV1064005c,IN,False,False,0
EVT095ffa81-4,CUST00021,2026-07-11 03:39:47,login,DEVfc377a4c,IN,False,False,0
EVTec2a322b-a,CUST00493,2026-07-11 03:48:15,login,DEV965befdf,IN,False,False,0
EVT0d6dcb42-b,CUST00384,2026-07-11 04:15:47,login,DEVa14923c2,IN,False,False,0
EVTdc32f8a0-6,CUST00352,2026-07-11 04:43:11,login,DEV9854ce4e,IN,False,False,0
EVT91519998-f,CUST00143,2026-07-11 04:44:36,login,DEVa2607723,IN,False,False,0
EVT1417c2f9-e,CUST00250,2026-07-11 04:49:26,login,DEVe82c7d7b,IN,False,False,0
EVT2976aab2-2,CUST00032,2026-07-11 05:30:02,login,DEV0e51f30d,IN,False,False,0
EVT73b9c2ac-0,CUST00173,2026-07-11 06:37:49,login,DEV59e4b671,IN,False,False,0
EVT3bdccce0-9,CUST00499,2026-07-11 06:41:12,login,DEV5cd8fe1a,IN,False,False,0
EVTf85bc2d3-0,CUST00403,2026-07-11 06:42:39,login,DEV551ac8ea,IN,False,False,0
EVT47d5ac92-0,CUST00387,2026-07-11 06:49:52,login,DEV3985fb62,IN,False,False,0
EVTb864a47b-a,CUST00217,2026-07-11 06:58:51,password_reset,DEV8eb22579,IN,False,False,0
EVT18e824e9-c,CUST00375,2026-07-11 07:07:51,login,DEVc5c5b37a,IN,False,False,0
EVT3e628981-9,CUST00343,2026-07-11 07:16:03,session_start,DEV085b15fb,IN,False,False,0
EVT73d12f3e-5,CUST00396,2026-07-11 07:30:49,login,DEV11df12d7,IN,False,False,0
EVT24108e9a-3,CUST00036,2026-07-11 07:33:39,login,DEV366eb16f,IN,False,False,0
EVT34b6685d-a,CUST00436,2026-07-11 07:40:28,login,DEV9c07a751,IN,False,False,0
EVT9780c215-2,CUST00033,2026-07-11 07:51:03,login,DEVce177b4e,IN,False,False,0
EVTe4872e77-0,CUST00561,2026-07-11 08:00:20,otp_request,DEVaccb461a,IN,False,False,1
EVTd294100f-8,CUST00465,2026-07-11 08:08:04,login,DEV6a5e6920,IN,False,False,0
EVT3527bcee-d,CUST00319,2026-07-11 08:10:47,login,DEV0ba6eab9,IN,False,False,0
EVTa124fdb2-9,CUST00338,2026-07-11 08:51:59,login,DEVc342bd2b,IN,False,False,0
EVTf740d87c-5,CUST00206,2026-07-11 09:02:12,login,DEVce7ae7f6,IN,False,False,0
EVTfbec1ed8-5,CUST00359,2026-07-11 09:10:01,login,DEV069f14f1,IN,False,False,0
EVTf7716700-7,CUST00372,2026-07-11 09:16:19,login,DEV668409e3,IN,False,False,0
EVT2a65bae3-d,CUST00507,2026-07-11 09:17:44,otp_request,DEVfd235def,IN,False,False,0
EVTb9493906-9,CUST00189,2026-07-11 09:28:28,session_start,DEV1fe771d6,IN,False,False,0
EVTaa3b3db7-8,CUST00140,2026-07-11 09:41:27,login,DEV4b50045e,IN,True,False,0
EVT23e96b81-0,CUST00016,2026-07-11 09:53:16,login,DEV76da3747,BR,True,True,3
EVT288f3435-c,CUST00174,2026-07-11 09:58:37,login,DEVadf4e62d,IN,False,False,0
EVTab132032-b,CUST00300,2026-07-11 10:00:57,login,DEV680bac63,IN,False,False,0
EVTb257e257-c,CUST00391,2026-07-11 10:01:20,otp_request,DEVb495db4e,IN,False,False,0
EVTeb93f78c-6,CUST00127,2026-07-11 10:05:57,login,DEV19985f15,IN,False,False,0
EVTf12c2046-1,CUST00485,2026-07-11 10:11:53,login,DEV833d19ff,IN,True,False,0
EVTea879f65-2,CUST00575,2026-07-11 10:14:47,login,DEV0cbd3c03,IN,False,False,0
EVT4db70660-6,CUST00333,2026-07-11 10:36:06,login,DEVc91463ac,IN,True,False,0
EVT637aa999-6,CUST00367,2026-07-11 11:00:45,login,DEVd0725b5c,IN,False,False,0
EVTd123f7c1-b,CUST00229,2026-07-11 11:20:12,device_registration,DEV709b7d97,IN,False,False,0
EVT7387928a-2,CUST00150,2026-07-11 11:59:43,login,DEV093923de,IN,False,False,0
EVT6772fe9f-9,CUST00168,2026-07-11 12:20:43,login,DEVeb1fa9f2,IN,False,False,0
EVT51f4a724-9,CUST00598,2026-07-11 12:26:55,login,DEVb08a4895,IN,False,False,0
EVT370b9a29-0,CUST00135,2026-07-11 12:27:55,login,DEVee87905e,IN,False,False,0
EVT08560684-8,CUST00252,2026-07-11 12:55:13,device_registration,DEV6db99102,IN,False,False,0
EVTbda3c162-3,CUST00127,2026-07-11 13:04:40,session_start,DEV19985f15,IN,False,False,0
EVT6ed47a6d-8,CUST00462,2026-07-11 13:19:52,session_start,DEVc9e26074,IN,False,False,0
EVT297a8503-d,CUST00484,2026-07-11 13:21:15,login,DEV9c2e58de,IN,False,False,0
EVTa18e4440-7,CUST00599,2026-07-11 13:26:40,session_start,DEV6fcc57dd,IN,False,False,0
EVT8fa8ae34-3,CUST00296,2026-07-11 13:46:03,session_start,DEV4223623b,IN,False,False,0
EVTa0970ff4-d,CUST00393,2026-07-11 13:46:15,login,DEV74eff545,IN,False,False,0
EVT5b7d9d2d-2,CUST00415,2026-07-11 13:53:39,session_start,DEV1986b4b2,IN,False,False,0
EVT9c678393-2,CUST00055,2026-07-11 13:54:51,otp_request,DEVf8cda88b,IN,False,False,0
EVT73d0b6c7-f,CUST00289,2026-07-11 14:08:09,session_start,DEV97ac6aa8,IN,False,False,0
EVT25f98046-0,CUST00400,2026-07-11 14:21:24,login,DEVd664d264,IN,False,False,0
EVTfef97d57-3,CUST00303,2026-07-11 14:41:26,session_start,DEV046a0df5,IN,False,False,0
EVT5d696bc8-d,CUST00144,2026-07-11 14:46:05,login,DEV0b49452d,IN,False,False,0
EVT5fbbf0b1-8,CUST00015,2026-07-11 15:01:10,login,DEV759cde66,IN,False,False,0
EVTdfb2591d-f,CUST00313,2026-07-11 15:02:38,login,DEVf8930a13,IN,True,False,0
EVT12068ad6-1,CUST00368,2026-07-11 15:22:48,otp_request,DEV785299f4,IN,False,False,0
EVT673ba8bd-c,CUST00039,2026-07-11 15:27:52,login,DEVbeb79919,IN,False,False,0
EVTa3a6ef83-c,CUST00146,2026-07-11 15:37:57,login,DEV295d6fbf,IN,False,False,0
EVT450ab36d-f,CUST00386,2026-07-11 15:41:32,login,DEV03802b70,IN,False,False,0
EVT2efcd60c-5,CUST00570,2026-07-11 15:42:45,login,DEV604e46cb,IN,False,False,0
EVT439e754c-6,CUST00161,2026-07-11 16:18:35,login,DEV698c206f,IN,False,False,0
EVT9d1c0838-e,CUST00146,2026-07-11 16:33:35,session_start,DEV295d6fbf,IN,False,False,0
EVT668c879b-d,CUST00137,2026-07-11 17:00:00,login,DEVe3c43657,IN,False,False,0
EVTefb56207-d,CUST00156,2026-07-11 17:03:59,login,DEV5a8aaeca,IN,False,False,0
EVT1e7f92ad-e,CUST00430,2026-07-11 17:14:39,login,DEV2a96e1e2,IN,False,False,0
EVT6b1d20b9-8,CUST00554,2026-07-11 17:24:06,login,DEV1a85910d,IN,False,False,0
EVT3ff69f41-9,CUST00292,2026-07-11 17:28:50,login,DEVc01f36bf,IN,False,False,0
EVTc942e6e8-2,CUST00475,2026-07-11 17:30:04,password_reset,DEV65bcc272,IN,False,False,0
EVT0c36ad4e-9,CUST00257,2026-07-11 17:33:48,login,DEV6bebac31,IN,False,False,0
EVT1e46c88e-2,CUST00351,2026-07-11 17:34:17,login,DEV0809c464,IN,True,False,0
EVTf9ad97ae-0,CUST00586,2026-07-11 17:47:03,session_start,DEV1eb74b56,IN,False,False,0
EVT45f72e6c-7,CUST00514,2026-07-11 17:47:18,login,DEV8a4b8f7c,IN,False,False,0
EVT2e2bdc6c-b,CUST00173,2026-07-11 18:14:30,login,DEV59e4b671,IN,False,False,0
EVTfad3b44c-3,CUST00301,2026-07-11 18:35:13,session_start,DEV3d85de89,IN,False,False,0
EVTc4605896-e,CUST00407,2026-07-11 18:56:02,otp_request,DEVdb23aa8c,IN,False,False,0
EVT6f94da50-e,CUST00386,2026-07-11 19:00:55,login,DEV03802b70,IN,False,False,0
EVT8c52d271-0,CUST00183,2026-07-11 19:18:05,login,DEV6fa17735,IN,False,False,0
EVTcdd0b4d4-5,CUST00041,2026-07-11 19:21:29,login,DEV956269f0,IN,False,False,0
EVT546fcba3-b,CUST00368,2026-07-11 19:26:36,login,DEV785299f4,IN,False,False,0
EVT76492e64-f,CUST00096,2026-07-11 19:32:04,login,DEV134c6c92,IN,False,False,0
EVTd14c6d19-a,CUST00217,2026-07-11 19:41:52,login,DEVe1e0d3d7,NG,True,True,2
EVT6afa828c-2,CUST00052,2026-07-11 19:52:44,otp_request,DEV5715bd6f,IN,False,False,0
EVT2dd2d8c0-7,CUST00540,2026-07-11 19:54:16,login,DEV69efafb1,IN,False,False,0
EVT2804335a-3,CUST00484,2026-07-11 20:34:33,login,DEV9c2e58de,IN,False,False,0
EVTfab522e5-1,CUST00569,2026-07-11 20:46:04,login,DEV753840d9,VN,True,True,4
EVTff31950a-f,CUST00287,2026-07-11 20:51:08,login,DEVeb6c1016,IN,False,False,0
EVTead1d758-b,CUST00341,2026-07-11 21:01:28,login,DEV2812859a,IN,False,False,0
EVT3f4574d4-4,CUST00526,2026-07-11 21:28:42,login,DEVa4b1f991,IN,False,False,0
EVTe606d7c2-1,CUST00317,2026-07-11 21:30:33,otp_request,DEV5c62b3a2,IN,False,False,0
EVTcd0d4d73-c,CUST00428,2026-07-11 21:34:22,login,DEVfa745761,IN,False,False,0
EVTdce70289-4,CUST00447,2026-07-11 21:38:56,session_start,DEVda743152,IN,False,False,0
EVTa3fb6d0b-f,CUST00413,2026-07-11 21:42:27,session_start,DEVf72169bb,IN,False,False,0
EVT6ab76840-f,CUST00483,2026-07-11 22:04:14,login,DEVf1738856,IN,False,False,0
EVT97d02f8f-a,CUST00454,2026-07-11 22:16:39,otp_request,DEVbec39a37,IN,False,False,0
EVT584cb0f7-4,CUST00408,2026-07-11 22:29:03,session_start,DEV517400f8,IN,False,False,0
EVTf0f7ad22-c,CUST00118,2026-07-11 22:35:02,login,DEV94340a03,IN,False,False,0
EVT45d07382-2,CUST00443,2026-07-11 22:47:34,login,DEVf1faf665,IN,False,False,0
EVT1ccec1ef-1,CUST00297,2026-07-11 22:50:15,session_start,DEV989d9d4a,IN,False,False,0
EVTd2eba277-f,CUST00440,2026-07-11 22:57:03,login,DEVaab612c9,IN,False,False,0
EVTe9ad0e9b-8,CUST00057,2026-07-11 23:14:46,login,DEVa013ac6e,IN,False,False,0
EVT3513a238-d,CUST00325,2026-07-11 23:27:25,session_start,DEV40a26c60,IN,False,False,0
EVT8129aa0c-4,CUST00461,2026-07-11 23:56:16,login,DEVa0a11839,IN,False,False,0
EVT833334f6-6,CUST00564,2026-07-12 00:01:12,device_registration,DEV45f50c52,IN,False,False,0
EVT3451cf94-e,CUST00571,2026-07-12 00:25:47,session_start,DEV284bf962,IN,False,False,0
EVT6cdb930c-d,CUST00317,2026-07-12 00:29:36,login,DEV352d855e,IN,True,False,0
EVTb011b125-0,CUST00269,2026-07-12 00:37:04,login,DEVc71d5e60,IN,False,False,1
EVTbce05a63-1,CUST00429,2026-07-12 00:37:34,login,DEVb4323070,IN,False,False,0
EVT755d814b-5,CUST00132,2026-07-12 00:54:13,login,DEV4d71c366,IN,False,False,0
EVT32fd73c5-0,CUST00273,2026-07-12 01:10:40,session_start,DEVf1043785,IN,False,False,0
EVTf2dcb12b-0,CUST00121,2026-07-12 01:17:33,login,DEV42c18a62,IN,False,False,0
EVTd59f2b69-7,CUST00506,2026-07-12 01:18:35,device_registration,DEV0cf2b69b,IN,False,False,0
EVT4439940d-0,CUST00272,2026-07-12 01:21:25,login,DEVe87466d7,IN,False,False,0
EVT41191aa7-1,CUST00195,2026-07-12 01:21:56,login,DEV91b0e1d9,IN,False,False,0
EVT4f67448e-1,CUST00123,2026-07-12 01:27:13,login,DEV21813d25,IN,False,False,0
EVT083ed925-c,CUST00550,2026-07-12 01:37:46,session_start,DEV692ac139,IN,False,False,0
EVT47198f5c-f,CUST00448,2026-07-12 01:45:55,login,DEV61a11729,IN,False,False,0
EVTf3c1114d-4,CUST00510,2026-07-12 02:27:09,session_start,DEVd0243d72,IN,False,False,0
EVT1578d709-4,CUST00014,2026-07-12 02:47:04,session_start,DEV43b7a3a6,IN,False,False,0
EVTae423568-d,CUST00172,2026-07-12 03:21:58,password_reset,DEV11c58ef0,IN,False,False,0
EVT93c16428-c,CUST00142,2026-07-12 03:26:53,login,DEVb7636ce8,IN,True,False,0
EVT7a4c38ef-3,CUST00578,2026-07-12 04:08:30,login,DEV372f871a,IN,False,False,0
EVT72f4c4b3-4,CUST00083,2026-07-12 04:11:59,login,DEV811143a5,IN,True,False,0
EVT07f8d4f0-f,CUST00025,2026-07-12 04:15:38,login,DEVab9099a4,IN,False,False,0
EVT6d7fd4e2-8,CUST00473,2026-07-12 04:16:02,device_registration,DEVc1101266,IN,False,False,0
EVT8e687e83-0,CUST00025,2026-07-12 04:48:14,login,DEV8e382a3d,IN,True,False,0
EVT5132fe68-a,CUST00451,2026-07-12 04:48:48,login,DEV6553867d,IN,False,False,0
EVTc80c2195-8,CUST00141,2026-07-12 04:51:55,login,DEV81627cf1,IN,False,False,0
EVTbd1116ee-f,CUST00255,2026-07-12 05:16:43,device_registration,DEV56666f9f,IN,False,False,0
EVTa1d78199-d,CUST00377,2026-07-12 05:16:51,login,DEVde8ede0b,IN,False,False,0
EVT4f4c3f0b-3,CUST00555,2026-07-12 05:41:18,session_start,DEV279c658a,IN,False,False,0
EVT4cb4a7f6-9,CUST00533,2026-07-12 05:43:35,otp_request,DEVb64fa54a,IN,False,False,0
EVT9f3204af-d,CUST00320,2026-07-12 05:46:29,login,DEV4e33db37,IN,True,False,0
EVTf7315749-4,CUST00012,2026-07-12 05:54:24,otp_request,DEV1a2a73ed,IN,False,False,0
EVTeeb44055-e,CUST00573,2026-07-12 05:54:52,login,DEV86403806,UNKNOWN,True,True,3
EVTdd83ad03-7,CUST00105,2026-07-12 06:03:25,login,DEVc8fe3ccd,IN,False,False,0
EVTb636cc4c-5,CUST00349,2026-07-12 06:04:33,login,DEV398d1ca6,IN,False,False,0
EVTb85f164b-6,CUST00311,2026-07-12 06:41:57,login,DEVbe2d740a,IN,False,False,0
EVTec4e8cbb-a,CUST00164,2026-07-12 06:42:29,login,DEVbc2cbb0d,IN,False,False,0
EVT4b88445a-1,CUST00542,2026-07-12 06:48:05,login,DEV50032b35,IN,False,False,0
EVTd0be73ee-f,CUST00021,2026-07-12 06:48:24,login,DEVfc377a4c,IN,False,False,0
EVTdb558642-3,CUST00425,2026-07-12 06:49:11,login,DEV9e11d2cd,IN,False,False,0
EVTc86aed73-3,CUST00513,2026-07-12 07:00:05,login,DEVfbe94499,IN,False,False,0
EVT2f2a2499-2,CUST00559,2026-07-12 07:00:44,login,DEV1ff868e7,IN,True,False,0
EVT0bab8f53-c,CUST00376,2026-07-12 07:09:38,login,DEVd32e6dcd,IN,False,False,0
EVTeafd3e7b-f,CUST00450,2026-07-12 07:18:46,login,DEV059dd55d,IN,False,False,0
EVT4aaa7f99-4,CUST00415,2026-07-12 07:45:35,session_start,DEV1986b4b2,IN,False,False,0
EVT5d00df1b-a,CUST00193,2026-07-12 08:04:20,login,DEVaa38d0a1,IN,False,False,1
EVT33777a82-3,CUST00094,2026-07-12 08:04:20,login,DEV273fd952,BR,True,True,2
EVT8fde042a-1,CUST00487,2026-07-12 08:08:46,login,DEV1dde7969,IN,False,False,0
EVTe1ccff0d-8,CUST00228,2026-07-12 08:09:07,login,DEV7c0e8cd8,IN,False,False,0
EVTf2f5b176-2,CUST00157,2026-07-12 08:13:15,login,DEVdfed2c43,IN,False,False,0
EVT0766699f-7,CUST00512,2026-07-12 08:25:54,login,DEV989240ac,IN,False,False,0
EVT7b07fd31-a,CUST00013,2026-07-12 08:38:51,session_start,DEV5be6128e,IN,False,False,0
EVTe0354d75-a,CUST00494,2026-07-12 08:41:36,login,DEVe2aa7a5d,IN,False,False,1
EVT9174f53b-5,CUST00551,2026-07-12 08:49:17,session_start,DEVf0ede303,IN,False,False,0
EVT05e15e2f-f,CUST00455,2026-07-12 08:56:42,otp_request,DEVe726be23,IN,False,False,0
EVTa8049463-0,CUST00356,2026-07-12 09:32:05,login,DEV8a3c3b5e,IN,False,False,0
EVT01afb939-c,CUST00490,2026-07-12 09:33:17,login,DEV899ca782,IN,False,False,1
EVTf5948a54-5,CUST00080,2026-07-12 09:42:54,login,DEV0f1259e0,IN,False,False,0
EVT032a09e0-5,CUST00189,2026-07-12 09:44:50,login,DEV1fe771d6,IN,False,False,0
EVTd5108bc0-2,CUST00412,2026-07-12 09:54:12,login,DEVf6febc0e,IN,False,False,0
EVTc4376d89-5,CUST00433,2026-07-12 10:02:20,device_registration,DEV6e417d47,IN,False,False,0
EVTe54ca6ca-d,CUST00340,2026-07-12 10:02:30,login,DEV3d67cde9,IN,False,False,0
EVTd92f3c1e-d,CUST00044,2026-07-12 10:17:56,login,DEVdc713d96,IN,False,False,0
EVT86879aa9-1,CUST00057,2026-07-12 10:18:44,login,DEVa013ac6e,IN,False,False,0
EVT4a3e7903-4,CUST00572,2026-07-12 10:37:25,login,DEV9adc8fe3,IN,True,False,0
EVT2aefcf3b-4,CUST00233,2026-07-12 10:38:58,login,DEV271e3ee2,IN,False,False,0
EVT88f7f097-5,CUST00355,2026-07-12 11:07:37,login,DEV670acc5c,IN,False,False,0
EVT5a0461c9-9,CUST00417,2026-07-12 11:17:09,login,DEVdef57689,IN,False,False,0
EVTdb00ab4c-9,CUST00522,2026-07-12 11:40:28,otp_request,DEV97fa7f04,IN,False,False,0
EVT698f546d-5,CUST00287,2026-07-12 11:55:10,login,DEVeb6c1016,IN,False,False,0
EVT50392a8c-d,CUST00596,2026-07-12 12:17:30,login,DEVf758dce2,IN,False,False,0
EVT5e175b66-4,CUST00056,2026-07-12 12:19:36,otp_request,DEV81f76d1c,IN,False,False,0
EVTfa0f01a4-8,CUST00382,2026-07-12 12:36:26,login,DEV49bc473f,IN,False,False,0
EVT39b86bb2-b,CUST00032,2026-07-12 12:44:11,login,DEV0e51f30d,IN,False,False,0
EVTa1a27485-7,CUST00003,2026-07-12 12:45:03,login,DEV972a8469,IN,False,False,0
EVTf574175b-3,CUST00526,2026-07-12 13:08:21,login,DEVa4b1f991,IN,False,False,0
EVTdcb9075e-c,CUST00088,2026-07-12 13:09:07,login,DEV5ab33edf,IN,False,False,0
EVT244a603e-1,CUST00378,2026-07-12 13:14:33,login,DEV071c641d,UNKNOWN,True,True,4
EVT3c0a584e-a,CUST00221,2026-07-12 13:31:15,login,DEVc1581092,IN,False,False,0
EVT12767d13-f,CUST00214,2026-07-12 13:32:26,login,DEVe2add909,IN,False,False,0
EVT25ee2f0f-7,CUST00479,2026-07-12 13:36:45,session_start,DEVbfbf397b,IN,False,False,0
EVT8a2e6a93-c,CUST00009,2026-07-12 13:36:56,session_start,DEVc241330b,IN,False,False,0
EVT25dbbe8d-a,CUST00578,2026-07-12 13:47:51,login,DEV372f871a,IN,False,False,0
EVTcfdfc6f9-e,CUST00178,2026-07-12 13:57:05,login,DEV09cb3942,IN,False,False,0
EVTba388c8f-1,CUST00224,2026-07-12 14:05:32,login,DEV722764e6,IN,False,False,0
EVT1e26ed31-d,CUST00172,2026-07-12 14:15:12,session_start,DEV11c58ef0,IN,False,False,0
EVT39ee80ab-4,CUST00244,2026-07-12 14:24:50,login,DEVe5d6f6e6,IN,False,False,0
EVT00fc21fd-8,CUST00204,2026-07-12 14:36:38,login,DEV751095ed,IN,True,False,0
EVT7ecb002e-7,CUST00391,2026-07-12 14:42:10,session_start,DEVb495db4e,IN,False,False,0
EVTd02c75f9-1,CUST00185,2026-07-12 14:43:54,login,DEVf0b5156b,IN,False,False,0
EVT6cbdd931-2,CUST00353,2026-07-12 14:47:09,login,DEVebd34616,IN,False,False,0
EVTd61169a1-f,CUST00052,2026-07-12 15:01:00,session_start,DEV5715bd6f,IN,False,False,0
EVTc4bd9b59-7,CUST00403,2026-07-12 15:19:33,login,DEV551ac8ea,IN,False,False,0
EVTdd20c3bf-d,CUST00033,2026-07-12 15:20:31,login,DEVce177b4e,IN,False,False,1
EVTe00bd534-3,CUST00163,2026-07-12 15:29:19,login,DEV696608aa,IN,False,False,0
EVT3ae0acdb-2,CUST00228,2026-07-12 15:42:39,login,DEV7c0e8cd8,IN,False,False,0
EVT518ba376-d,CUST00349,2026-07-12 15:50:52,login,DEV895c186b,VN,True,True,3
EVT5d1c1906-1,CUST00426,2026-07-12 15:55:47,session_start,DEVaf34cf65,IN,False,False,0
EVT6321d753-6,CUST00507,2026-07-12 16:12:37,session_start,DEVfd235def,IN,False,False,0
EVT5eb38ef5-b,CUST00377,2026-07-12 16:18:49,session_start,DEVde8ede0b,IN,False,False,0
EVT45f8e14d-e,CUST00411,2026-07-12 16:18:56,login,DEVa6eab79e,IN,False,False,1
EVTd4bf7a4b-2,CUST00014,2026-07-12 16:19:31,session_start,DEV43b7a3a6,IN,False,False,0
EVT7d7c59a5-e,CUST00177,2026-07-12 16:19:49,login,DEV94a1875d,IN,False,False,0
EVT592c6a0e-1,CUST00590,2026-07-12 16:26:15,login,DEV5aaab32f,IN,False,False,0
EVTc777a07f-6,CUST00087,2026-07-12 16:27:20,session_start,DEV1825bc54,IN,False,False,0
EVTfb756923-f,CUST00047,2026-07-12 16:28:07,login,DEV988c24c9,IN,False,False,0
EVTa5dd2836-e,CUST00366,2026-07-12 16:46:09,login,DEVff37d19c,IN,False,False,0
EVTe9195919-c,CUST00533,2026-07-12 16:49:21,login,DEVb64fa54a,IN,False,False,0
EVTa65be22b-d,CUST00123,2026-07-12 16:52:42,session_start,DEV21813d25,IN,False,False,0
EVT4497734d-7,CUST00441,2026-07-12 17:03:49,login,DEV771ad655,IN,False,False,0
EVTbf3f51d5-2,CUST00598,2026-07-12 17:05:04,login,DEVb08a4895,IN,False,False,0
EVT637b3648-d,CUST00281,2026-07-12 17:17:30,login,DEV033d2bce,IN,False,False,0
EVT11b461e9-b,CUST00090,2026-07-12 17:22:11,login,DEVa748dbcf,IN,False,False,0
EVT4ba17233-1,CUST00093,2026-07-12 17:23:47,login,DEV310c0c00,IN,False,False,1
EVTe288109d-b,CUST00351,2026-07-12 17:25:19,password_reset,DEV0f44704f,IN,False,False,0
EVT0692fe02-2,CUST00587,2026-07-12 17:45:42,login,DEV6e3f683a,IN,False,False,0
EVT39c2c1a2-b,CUST00525,2026-07-12 17:47:19,login,DEVa8addf36,IN,False,False,0
EVTafc5c20e-4,CUST00199,2026-07-12 17:48:03,login,DEV7118e364,IN,False,False,0
EVT8ffe38c9-d,CUST00488,2026-07-12 17:49:04,login,DEV0986bbeb,IN,False,False,0
EVT9736bb4f-f,CUST00410,2026-07-12 17:49:34,otp_request,DEVfd08b32c,IN,False,False,0
EVT0b251279-7,CUST00019,2026-07-12 17:49:50,session_start,DEV3139d32c,IN,False,False,0
EVT5e3ece60-9,CUST00396,2026-07-12 18:02:25,login,DEV11df12d7,IN,False,False,0
EVTf275de56-4,CUST00455,2026-07-12 18:14:53,login,DEVc28fcc52,IN,True,False,0
EVTb6da99cd-d,CUST00342,2026-07-12 18:30:40,login,DEVb07aa066,IN,False,False,0
EVT62c9f4fc-f,CUST00553,2026-07-12 18:49:02,otp_request,DEV49a214ae,IN,False,False,0
EVTdf02774d-9,CUST00395,2026-07-12 18:51:46,otp_request,DEVbf0d073d,IN,False,False,1
EVT9247e851-2,CUST00255,2026-07-12 18:56:45,login,DEV56666f9f,IN,False,False,0
EVT5e10a3a0-a,CUST00425,2026-07-12 19:01:00,login,DEV9e11d2cd,IN,False,False,0
EVTfb0d3cda-1,CUST00192,2026-07-12 19:38:06,device_registration,DEV8dedf9fb,IN,False,False,0
EVT339b77a8-4,CUST00021,2026-07-12 19:42:11,login,DEVfc377a4c,IN,False,False,0
EVTe771c17c-f,CUST00340,2026-07-12 19:47:16,login,DEVfd7e1648,IN,True,False,0
EVT12a1fe7d-d,CUST00072,2026-07-12 20:10:02,login,DEVedcd465e,IN,False,False,0
EVT25f88c74-5,CUST00135,2026-07-12 20:40:35,login,DEVee87905e,IN,False,False,0
EVTf7c8435f-8,CUST00348,2026-07-12 20:44:03,login,DEV32a447b2,IN,False,False,0
EVT67fd64c4-a,CUST00025,2026-07-12 20:53:41,password_reset,DEVab9099a4,IN,False,False,0
EVTf76b9723-a,CUST00167,2026-07-12 20:59:27,login,DEV787f2425,IN,False,False,0
EVTd6cd3155-0,CUST00078,2026-07-12 21:08:30,login,DEV8dcdcd03,IN,False,False,0
EVT603ecfef-2,CUST00366,2026-07-12 21:11:15,session_start,DEVff37d19c,IN,False,False,0
EVT73fe7e1d-f,CUST00467,2026-07-12 21:13:29,session_start,DEV5da8d6d2,IN,False,False,0
EVTc166a8b3-f,CUST00269,2026-07-12 21:24:21,session_start,DEVc71d5e60,IN,False,False,0
EVT3aa06694-0,CUST00569,2026-07-12 21:28:14,login,DEV177d6e7e,IN,False,False,0
EVT24a167fd-3,CUST00380,2026-07-12 21:29:33,login,DEV71299889,IN,False,False,0
EVT3b23feed-b,CUST00284,2026-07-12 21:57:09,login,DEV75b17a55,IN,False,False,0
EVT600c9c71-0,CUST00179,2026-07-12 22:19:29,login,DEV587ef344,IN,False,False,0
EVT9d6b9b62-6,CUST00063,2026-07-12 22:27:40,login,DEV5cec4eb5,IN,False,False,0
EVT1a5165ca-3,CUST00001,2026-07-12 22:54:10,login,DEV23b8c1e9,IN,False,False,0
EVT671adde5-8,CUST00501,2026-07-12 23:06:33,login,DEVa5135ea0,IN,False,False,0
EVTc77444cb-5,CUST00000,2026-07-12 23:23:53,login,DEVbdd640fb,IN,False,False,0
EVTab86bafd-b,CUST00148,2026-07-12 23:38:37,login,DEV1ca3c448,IN,False,False,0
EVTcdf392f9-a,CUST00550,2026-07-12 23:39:23,login,DEV4e1c6d6a,IN,True,False,0
EVTcbd431cc-e,CUST00213,2026-07-12 23:42:14,login,DEVe4855aa1,IN,False,False,0
EVT7c193e6f-4,CUST00356,2026-07-12 23:48:54,login,DEV8a3c3b5e,IN,False,False,0
EVTd25864f2-2,CUST00043,2026-07-13 00:17:24,session_start,DEV7e570ddf,IN,False,False,1
EVT1f08f855-8,CUST00558,2026-07-13 00:18:20,otp_request,DEV47503f1d,IN,False,False,0
EVT48924bd6-e,CUST00505,2026-07-13 00:19:47,login,DEVa3b5cece,IN,False,False,0
EVT9d7d1756-3,CUST00243,2026-07-13 00:33:04,login,DEVbc10fa52,IN,False,False,0
EVT70a32883-c,CUST00463,2026-07-13 00:36:37,login,DEV5d678bb1,IN,False,False,0
EVT52949fbd-1,CUST00373,2026-07-13 00:41:55,login,DEVedced19f,BR,True,True,2
EVT7f9ad277-d,CUST00191,2026-07-13 00:46:21,login,DEV5380b904,IN,False,False,0
EVT6c878546-7,CUST00254,2026-07-13 00:47:15,session_start,DEV53cd6268,IN,False,False,0
EVTbd5ff093-c,CUST00083,2026-07-13 00:49:58,login,DEV7c441fe7,IN,False,False,1
EVT534bfa86-7,CUST00344,2026-07-13 00:51:10,password_reset,DEV48603b32,IN,False,False,0
EVTd1ad3e51-8,CUST00279,2026-07-13 01:21:18,otp_request,DEV8861fe18,IN,False,False,0
EVTef30681c-e,CUST00586,2026-07-13 01:38:08,login,DEVdb36840c,RU,True,True,4
EVT9a2fc701-f,CUST00468,2026-07-13 01:41:57,login,DEV45c45a3e,IN,False,False,0
EVT2ce6f908-c,CUST00358,2026-07-13 01:54:48,otp_request,DEVbc0a6a5d,IN,False,False,0
EVTb04816fd-f,CUST00598,2026-07-13 01:57:23,login,DEVb08a4895,IN,False,False,0
EVT57b936b0-3,CUST00172,2026-07-13 02:03:27,otp_request,DEV11c58ef0,IN,False,False,1
EVT7222534d-b,CUST00339,2026-07-13 02:14:24,session_start,DEV43bfd931,IN,False,False,0
EVT5f89ed12-6,CUST00040,2026-07-13 02:19:01,login,DEVbf3c4c06,IN,False,False,1
EVT7fa70485-d,CUST00317,2026-07-13 02:37:40,login,DEV5c62b3a2,IN,False,False,0
EVT01b1c626-1,CUST00410,2026-07-13 03:06:05,login,DEVfd08b32c,IN,False,False,0
EVT88917cf5-7,CUST00447,2026-07-13 03:23:54,login,DEVda743152,IN,False,False,0
EVT2ad3136f-a,CUST00359,2026-07-13 03:27:28,login,DEV069f14f1,IN,False,False,0
EVT60aeb372-b,CUST00500,2026-07-13 03:29:51,otp_request,DEV5e09a9ee,IN,False,False,0
EVTd73aae7b-4,CUST00330,2026-07-13 03:44:47,login,DEV15ce6a66,IN,False,False,0
EVT30a5648e-e,CUST00073,2026-07-13 03:53:14,login,DEVb09b2a5c,IN,False,False,0
EVT95e7f614-4,CUST00172,2026-07-13 03:54:16,otp_request,DEV11c58ef0,IN,False,False,0
EVT0ce87570-b,CUST00487,2026-07-13 04:03:26,login,DEV1dde7969,IN,False,False,0
EVT6e663c0a-c,CUST00420,2026-07-13 04:18:25,login,DEV65c17795,IN,False,False,0
EVT7936931e-9,CUST00389,2026-07-13 04:19:18,login,DEVa5d04d53,IN,False,False,0
EVTd7825ea3-b,CUST00360,2026-07-13 04:24:20,login,DEVac9ed156,IN,False,False,0
EVT8412a335-d,CUST00014,2026-07-13 04:34:03,login,DEV43b7a3a6,IN,False,False,0
EVT0b6c03c8-7,CUST00154,2026-07-13 04:37:47,login,DEV0a368ce7,IN,False,False,0
EVT436d977b-6,CUST00432,2026-07-13 04:45:22,login,DEV0e5dd462,IN,False,False,0
EVT4d844cb6-7,CUST00477,2026-07-13 04:47:20,login,DEV6502d6a2,IN,False,False,0
EVT548c1d84-3,CUST00072,2026-07-13 04:54:32,login,DEVedcd465e,IN,False,False,0
EVT41afeb2a-6,CUST00213,2026-07-13 04:54:43,login,DEVe4855aa1,IN,False,False,0
EVT1eac66fe-f,CUST00127,2026-07-13 04:55:03,login,DEV623d45f4,IN,True,False,0
EVT0534a101-8,CUST00019,2026-07-13 05:10:31,login,DEV3139d32c,IN,False,False,0
EVT42378962-e,CUST00164,2026-07-13 05:12:25,otp_request,DEVbc2cbb0d,IN,False,False,0
EVT28e333b6-4,CUST00056,2026-07-13 05:14:56,login,DEV81f76d1c,IN,False,False,0
EVTe55b93ad-8,CUST00330,2026-07-13 05:22:25,login,DEV15ce6a66,IN,False,False,0
EVT02b3c948-4,CUST00268,2026-07-13 05:35:55,login,DEVf6b751f7,IN,False,False,0
EVT60ddc7f1-2,CUST00147,2026-07-13 05:46:36,login,DEVb4a69f3c,IN,False,False,0
EVT684b1568-d,CUST00563,2026-07-13 05:49:40,login,DEVbda91c8a,UNKNOWN,True,True,4
EVTb5878d33-1,CUST00559,2026-07-13 05:54:53,login,DEV6dda4f8d,IN,False,False,0
EVT6d1e0d7d-1,CUST00571,2026-07-13 06:05:34,password_reset,DEV284bf962,IN,False,False,0
EVTb45c9a54-5,CUST00144,2026-07-13 06:18:54,login,DEV0b49452d,IN,False,False,0
EVT2c2ac34b-9,CUST00100,2026-07-13 06:21:07,password_reset,DEVc0e9ab30,IN,False,False,0
EVT9a069295-3,CUST00143,2026-07-13 06:42:54,login,DEVa2607723,IN,False,False,0
EVTe7d73d1d-6,CUST00219,2026-07-13 07:01:19,login,DEV76f2dbfe,IN,False,False,0
EVT030b23db-b,CUST00366,2026-07-13 07:05:01,login,DEV5183c54f,IN,True,False,0
EVT649f7d88-8,CUST00061,2026-07-13 07:07:03,login,DEVeb2263dd,IN,False,False,0
EVTe3395b1a-1,CUST00188,2026-07-13 07:13:08,login,DEV9f871ce7,IN,False,False,0
EVT3539bd22-6,CUST00383,2026-07-13 07:26:31,login,DEV4d1f3b9a,UNKNOWN,True,True,3
EVT584c3ee3-a,CUST00057,2026-07-13 07:51:11,login,DEVadc77c49,IN,True,False,0
EVT0227b8d5-b,CUST00253,2026-07-13 08:23:53,login,DEV2e85cb21,IN,False,False,0
EVT6334fa2a-8,CUST00154,2026-07-13 08:33:05,login,DEV0a368ce7,IN,False,False,0
EVT31274148-7,CUST00009,2026-07-13 08:33:17,session_start,DEVc241330b,IN,False,False,0
EVT1cb9b73a-9,CUST00058,2026-07-13 08:42:35,login,DEV81f631d4,IN,False,False,0
EVTd73d52ba-c,CUST00529,2026-07-13 08:46:00,login,DEVb65feea9,IN,False,False,0
EVT5c0b9b10-a,CUST00056,2026-07-13 08:50:33,login,DEV81f76d1c,IN,False,False,0
EVT5513b74f-4,CUST00339,2026-07-13 08:58:09,login,DEV43bfd931,IN,False,False,0
EVTb6f6dbf1-d,CUST00015,2026-07-13 09:21:55,login,DEV759cde66,IN,False,False,0
EVT0d41de26-9,CUST00085,2026-07-13 09:28:34,login,DEVe9faa206,IN,True,False,0
EVT08252b39-1,CUST00281,2026-07-13 09:35:15,password_reset,DEV033d2bce,IN,False,False,0
EVT38d5101f-4,CUST00093,2026-07-13 09:41:55,login,DEV310c0c00,IN,False,False,0
EVTde6cf36b-9,CUST00206,2026-07-13 09:42:46,login,DEVce7ae7f6,IN,False,False,0
EVT488bd31f-4,CUST00414,2026-07-13 10:02:41,login,DEV45f97eab,IN,True,False,0
EVTfc267da6-4,CUST00425,2026-07-13 10:03:46,login,DEV9e11d2cd,IN,False,False,0
EVT81db9a62-1,CUST00168,2026-07-13 10:04:50,login,DEV784aed02,IN,True,False,0
EVTad973b67-9,CUST00026,2026-07-13 10:09:30,login,DEVaefcfad8,IN,False,False,0
EVT19ffa018-c,CUST00498,2026-07-13 10:17:38,login,DEVd37805ee,IN,True,False,0
EVTf1fc8f26-4,CUST00382,2026-07-13 10:33:31,login,DEV02e842bb,IN,True,False,0
EVTbdce4d4d-0,CUST00357,2026-07-13 10:42:11,login,DEV9918ee46,IN,False,False,0
EVTaf475b49-c,CUST00020,2026-07-13 11:31:01,login,DEVa9488d99,IN,False,False,0
EVT52c83bfc-5,CUST00565,2026-07-13 11:34:12,login,DEVebe9e207,IN,False,False,0
EVT406bf02d-a,CUST00262,2026-07-13 11:43:59,password_reset,DEV07f194f9,IN,False,False,0
EVT49e64c22-8,CUST00103,2026-07-13 12:05:46,login,DEV2a25a888,IN,False,False,0
EVT75dacbbe-0,CUST00292,2026-07-13 12:12:40,login,DEVc01f36bf,IN,False,False,0
EVT2fe5b140-2,CUST00102,2026-07-13 12:13:08,login,DEVdd59ba71,IN,False,False,0
EVT3c088990-5,CUST00183,2026-07-13 12:37:25,otp_request,DEV6fa17735,IN,False,False,0
EVT8b0901ab-c,CUST00104,2026-07-13 12:38:55,login,DEV63f2ae24,IN,False,False,0
EVTfdb1429e-7,CUST00005,2026-07-13 12:53:36,login,DEV9a1de644,IN,False,False,0
EVT48b1e8cc-6,CUST00349,2026-07-13 13:14:32,login,DEV03908f5a,IN,True,False,0
EVT01bb819c-4,CUST00088,2026-07-13 13:18:58,login,DEV5ab33edf,IN,False,False,0
EVT85fcfa18-1,CUST00190,2026-07-13 13:21:03,login,DEV17abe966,IN,True,False,0
EVT0d18ab95-6,CUST00039,2026-07-13 13:25:29,login,DEVbeb79919,IN,False,False,0
EVT41526bff-6,CUST00468,2026-07-13 13:35:28,session_start,DEV45c45a3e,IN,False,False,0
EVT0d95ee72-4,CUST00383,2026-07-13 13:36:27,login,DEV7c16128d,IN,False,False,0
EVTbef6a59a-c,CUST00217,2026-07-13 14:06:34,login,DEV8eb22579,IN,False,False,0
EVT6e411e23-7,CUST00431,2026-07-13 14:16:55,login,DEV0769165f,IN,False,False,0
EVTaf1dcfb8-8,CUST00305,2026-07-13 14:24:22,login,DEVa9f948b2,IN,False,False,0
EVT1d2467e2-0,CUST00328,2026-07-13 14:31:05,session_start,DEVafbb411a,IN,False,False,0
EVTb2b8d698-5,CUST00423,2026-07-13 14:31:31,session_start,DEVa075e927,IN,False,False,0
EVT8c813e53-9,CUST00571,2026-07-13 14:52:49,login,DEV284bf962,IN,False,False,0
EVT5735773c-7,CUST00548,2026-07-13 15:02:17,password_reset,DEV0f5ae9d3,IN,False,False,0
EVT21ec4754-1,CUST00187,2026-07-13 15:06:28,login,DEVf2e9702d,IN,False,False,0
EVT8cc36f3b-c,CUST00040,2026-07-13 15:11:42,login,DEVbf3c4c06,IN,False,False,0
EVT5c7ae8ef-c,CUST00424,2026-07-13 15:18:39,login,DEV7cea2045,IN,False,False,0
EVT6e18b184-2,CUST00305,2026-07-13 15:19:08,session_start,DEVa9f948b2,IN,False,False,0
EVTcf97b941-a,CUST00389,2026-07-13 15:19:40,login,DEVa5637759,UNKNOWN,True,True,3
EVT03b68657-4,CUST00389,2026-07-13 15:24:53,otp_request,DEVa5d04d53,IN,False,False,0
EVT8d129c6c-8,CUST00103,2026-07-13 15:27:30,login,DEVbca50ac2,IN,True,False,0
EVTb993ff63-c,CUST00207,2026-07-13 15:54:26,otp_request,DEV0bd4a990,IN,False,False,0
EVTda78f4c5-2,CUST00487,2026-07-13 16:00:40,login,DEV1dde7969,IN,False,False,0
EVT2477f047-8,CUST00219,2026-07-13 16:16:16,login,DEV76f2dbfe,IN,False,False,0
EVT3967e60a-8,CUST00030,2026-07-13 16:18:41,session_start,DEVb02b61c4,IN,False,False,0
EVT115ca802-4,CUST00223,2026-07-13 16:55:45,login,DEVdcc3645f,IN,True,False,0
EVTf9690579-7,CUST00414,2026-07-13 17:05:35,login,DEV19b17e80,IN,False,False,1
EVTd8867545-5,CUST00548,2026-07-13 17:19:50,password_reset,DEV0f5ae9d3,IN,False,False,0
EVTa53bc024-d,CUST00001,2026-07-13 17:53:52,login,DEV23b8c1e9,IN,False,False,0
EVT972d5d57-6,CUST00343,2026-07-13 17:55:39,login,DEV085b15fb,IN,False,False,0
EVT6f689d65-6,CUST00349,2026-07-13 18:00:08,session_start,DEV398d1ca6,IN,False,False,0
EVT4f6b58c8-5,CUST00007,2026-07-13 18:02:28,login,DEV6b65a6a4,IN,False,False,0
EVT2d79a2d1-5,CUST00088,2026-07-13 18:05:13,login,DEV5ab33edf,IN,False,False,0
EVT9e91a71c-7,CUST00102,2026-07-13 18:17:44,login,DEVdd59ba71,IN,False,False,0
EVTcf03f0c8-0,CUST00141,2026-07-13 18:23:46,login,DEV81627cf1,IN,False,False,1
EVT43d75413-a,CUST00153,2026-07-13 18:33:50,login,DEVeededb07,IN,False,False,0
EVT4d579d00-c,CUST00342,2026-07-13 18:38:36,session_start,DEVb07aa066,IN,False,False,0
EVT0d559b64-e,CUST00274,2026-07-13 18:45:03,login,DEV9793b9b4,IN,False,False,0
EVT0ec0ad4b-d,CUST00163,2026-07-13 18:47:54,login,DEV696608aa,IN,False,False,0
EVT6359d5ce-e,CUST00470,2026-07-13 18:59:02,login,DEVf7a67b94,IN,False,False,1
EVT2ff8107a-6,CUST00331,2026-07-13 19:09:53,login,DEV8edddfcd,IN,False,False,0
EVTa46acc9a-9,CUST00292,2026-07-13 19:34:26,session_start,DEVc01f36bf,IN,False,False,0
EVT90266418-c,CUST00140,2026-07-13 19:41:52,login,DEVcc6c7745,IN,True,False,0
EVT00c59f30-d,CUST00059,2026-07-13 19:45:20,otp_request,DEV5fb8d16c,IN,False,False,0
EVT363e6ef4-f,CUST00157,2026-07-13 19:51:15,login,DEVdfed2c43,IN,False,False,0
EVTb7b8c1a5-9,CUST00024,2026-07-13 19:56:06,device_registration,DEV29a3b2e9,IN,False,False,1
EVT0e737523-5,CUST00434,2026-07-13 20:06:40,login,DEV697c3923,IN,False,False,0
EVT5bc07988-2,CUST00392,2026-07-13 20:08:20,login,DEV7b85179a,IN,False,False,0
EVT8d56bff6-6,CUST00239,2026-07-13 20:16:54,login,DEV9360715f,IN,False,False,0
EVT65daced0-4,CUST00198,2026-07-13 20:32:11,login,DEV9b4e2c24,IN,False,False,0
EVTdec56dc3-a,CUST00372,2026-07-13 20:38:49,login,DEV668409e3,IN,False,False,0
EVT17172654-3,CUST00271,2026-07-13 20:38:56,login,DEVedcb8cb6,IN,False,False,0
EVTcf0df860-e,CUST00148,2026-07-13 20:39:45,login,DEV1ca3c448,IN,False,False,0
EVT8591a818-9,CUST00508,2026-07-13 20:45:55,login,DEV34885a46,IN,False,False,0
EVT1758d47e-a,CUST00113,2026-07-13 20:47:57,session_start,DEV87f7e1fb,IN,False,False,0
EVT5c91f845-5,CUST00253,2026-07-13 20:52:56,session_start,DEV2e85cb21,IN,False,False,0
EVTe2ba9fce-a,CUST00212,2026-07-13 20:56:00,login,DEV25c73c44,IN,False,False,0
EVTc79ddb62-c,CUST00174,2026-07-13 21:00:14,login,DEVadf4e62d,IN,False,False,0
EVTea350f17-c,CUST00411,2026-07-13 21:05:22,login,DEVa6eab79e,IN,False,False,0
EVT97fb613a-2,CUST00113,2026-07-13 21:40:50,login,DEV87f7e1fb,IN,False,False,0
EVT1b1f2eb1-6,CUST00092,2026-07-13 21:46:51,login,DEVccf3a171,IN,False,False,0
EVT60980b94-e,CUST00455,2026-07-13 22:05:28,otp_request,DEVe726be23,IN,False,False,0
EVTa38cc35f-1,CUST00559,2026-07-13 22:32:32,password_reset,DEV6dda4f8d,IN,False,False,0
EVT571cdfbf-8,CUST00136,2026-07-13 22:36:21,login,DEV04579d6f,IN,True,False,0
EVT72a4bac6-9,CUST00456,2026-07-13 22:48:37,login,DEV4f3c0388,UNKNOWN,True,True,4
EVTeba0330c-6,CUST00466,2026-07-13 22:50:43,session_start,DEVc958e75e,IN,False,False,0
EVTf83b1806-e,CUST00276,2026-07-13 22:54:49,login,DEV4d3485c5,IN,False,False,0
EVTe97f995d-9,CUST00567,2026-07-13 22:56:31,login,DEVa847bce7,IN,False,False,0
EVTe1d55f85-6,CUST00269,2026-07-13 23:01:52,login,DEVc71d5e60,IN,False,False,0
EVT2d8cc973-4,CUST00367,2026-07-13 23:13:09,login,DEVd0725b5c,IN,False,False,0
EVTec95b3ac-0,CUST00082,2026-07-13 23:21:14,login,DEV839fbc50,IN,False,False,0
EVT614c721d-a,CUST00085,2026-07-13 23:21:18,session_start,DEV93829b43,IN,False,False,0
EVTf6eab3a0-0,CUST00050,2026-07-13 23:21:33,session_start,DEV1d53434b,IN,False,False,0
EVT35eb728f-5,CUST00517,2026-07-13 23:31:04,session_start,DEVc9d6a63b,IN,False,False,0
EVT29fcd3e2-6,CUST00285,2026-07-13 23:33:46,login,DEV6fa760a9,NG,True,True,4
EVT1b493710-3,CUST00598,2026-07-13 23:56:12,session_start,DEVb08a4895,IN,False,False,0
EVT205cf4ec-8,CUST00168,2026-07-14 00:06:57,login,DEV1c751ad4,IN,True,False,0
EVT52645a59-e,CUST00197,2026-07-14 00:21:05,login,DEV35ce8841,IN,False,False,0
EVT3df76a69-b,CUST00248,2026-07-14 00:28:12,login,DEVd72b6108,IN,False,False,0
EVT6e0bc459-c,CUST00388,2026-07-14 00:45:53,login,DEVfe4d58c1,IN,True,False,0
EVT8ed6ad5e-1,CUST00006,2026-07-14 00:48:45,session_start,DEVb74d0fb1,IN,False,False,0
EVTcc152a1b-e,CUST00140,2026-07-14 00:53:16,login,DEVafffcfd2,IN,False,False,0
EVT9339304b-9,CUST00555,2026-07-14 00:53:45,login,DEV279c658a,IN,False,False,0
EVTa9217ddc-3,CUST00359,2026-07-14 00:56:37,session_start,DEV069f14f1,IN,False,False,0
EVT27ad8d51-9,CUST00276,2026-07-14 01:09:55,login,DEV4d3485c5,IN,False,False,0
EVT6d9c5b50-a,CUST00106,2026-07-14 01:17:39,login,DEVb253d218,IN,False,False,0
EVT30385dd7-4,CUST00168,2026-07-14 01:30:47,login,DEVeb1fa9f2,IN,False,False,0
EVT8eb7c306-8,CUST00258,2026-07-14 01:33:32,login,DEV78660765,IN,False,False,0
EVT2ea9ef6c-4,CUST00401,2026-07-14 01:34:30,login,DEVa8f1e091,IN,False,False,0
EVT502e5598-3,CUST00487,2026-07-14 01:38:02,login,DEV35a02595,IN,True,False,0
EVTa76c11cb-6,CUST00565,2026-07-14 01:40:13,session_start,DEVebe9e207,IN,False,False,0
EVT8c2b678e-1,CUST00505,2026-07-14 01:56:32,login,DEVa3b5cece,IN,False,False,0
EVT4221ad1e-1,CUST00563,2026-07-14 02:01:37,login,DEV44ed3d94,IN,True,False,0
EVT82b34384-9,CUST00243,2026-07-14 02:12:40,login,DEVbc10fa52,IN,False,False,0
EVTcdfcef75-6,CUST00477,2026-07-14 02:50:29,login,DEV6502d6a2,IN,False,False,0
EVT933c8d00-8,CUST00323,2026-07-14 02:52:01,login,DEV48ca7651,IN,False,False,0
EVTbb02e930-e,CUST00199,2026-07-14 03:03:30,login,DEV4230411e,IN,True,False,0
EVT0b531932-b,CUST00065,2026-07-14 03:10:27,otp_request,DEV3da9c2a9,IN,False,False,0
EVT3b1d12cf-3,CUST00307,2026-07-14 03:24:11,session_start,DEVff233d5f,IN,False,False,0
EVT6fdc0bad-5,CUST00021,2026-07-14 03:43:11,login,DEVfc377a4c,IN,False,False,0
EVTcb0a7314-7,CUST00403,2026-07-14 04:00:10,login,DEV4eab6bdd,IN,True,False,0
EVT6766d37b-6,CUST00369,2026-07-14 04:17:05,login,DEV5230dfbd,IN,False,False,0
EVT0ec5bad7-b,CUST00578,2026-07-14 04:22:20,login,DEV372f871a,IN,False,False,0
EVT1e38f711-e,CUST00126,2026-07-14 04:35:12,device_registration,DEV9f044aed,IN,False,False,0
EVTf0b2a5d1-8,CUST00017,2026-07-14 05:18:48,login,DEV4b0dbb41,IN,False,False,0
EVT620072e0-4,CUST00599,2026-07-14 05:26:07,login,DEV1b69000c,IN,True,False,0
EVTfdc56285-8,CUST00443,2026-07-14 05:38:54,login,DEVf1faf665,IN,False,False,0
EVT41797153-f,CUST00094,2026-07-14 05:55:33,login,DEV6828e25c,IN,True,False,0
EVTcfbba84a-8,CUST00436,2026-07-14 05:58:33,login,DEV9c07a751,IN,False,False,0
EVT9db7284b-6,CUST00117,2026-07-14 06:01:41,login,DEVf10c718b,IN,False,False,0
EVTb7c4b3ee-9,CUST00282,2026-07-14 06:09:36,login,DEV7d7ddbed,IN,False,False,0
EVTcf5285f7-b,CUST00461,2026-07-14 06:21:06,login,DEVa0a11839,IN,False,False,0
EVTad9112c5-f,CUST00305,2026-07-14 06:28:39,session_start,DEVa9f948b2,IN,False,False,0
EVT82b3158f-7,CUST00514,2026-07-14 06:42:13,login,DEV31faf7e0,IN,True,False,0
EVTbd717da3-3,CUST00299,2026-07-14 06:43:44,session_start,DEV30e912f2,IN,False,False,0
EVT56db638a-0,CUST00372,2026-07-14 06:44:31,login,DEV668409e3,IN,False,False,0
EVT09b7fdf7-7,CUST00143,2026-07-14 06:45:05,login,DEVa2607723,IN,False,False,0
EVTdb2be1be-b,CUST00524,2026-07-14 06:52:39,login,DEV534b3dbb,BR,True,True,3
EVTb7c12a4c-6,CUST00347,2026-07-14 07:13:01,login,DEV96fc734d,IN,False,False,0
EVTb0d515ab-c,CUST00275,2026-07-14 07:24:03,login,DEV3e2b6091,IN,False,False,0
EVTa8835c66-1,CUST00508,2026-07-14 07:25:48,login,DEV34885a46,IN,False,False,0
EVT79c9c839-c,CUST00170,2026-07-14 07:27:01,login,DEV39118497,IN,False,False,0
EVT93683dd6-5,CUST00453,2026-07-14 07:28:30,login,DEVf93e08d5,IN,False,False,0
EVT90a014ab-4,CUST00330,2026-07-14 07:38:02,login,DEV15ce6a66,IN,False,False,0
EVTb28187c4-a,CUST00111,2026-07-14 08:03:32,login,DEV504867ba,IN,False,False,0
EVT16db80db-a,CUST00162,2026-07-14 08:08:56,login,DEVecab3301,IN,False,False,0
EVT970e287a-0,CUST00597,2026-07-14 08:12:00,login,DEVf296d9f0,IN,False,False,0
EVT37f5c238-6,CUST00541,2026-07-14 08:24:35,session_start,DEV66132e69,IN,False,False,0
EVT55f01600-e,CUST00394,2026-07-14 08:25:25,login,DEV30cbd755,IN,False,False,0
EVT0b6d35d7-8,CUST00559,2026-07-14 08:26:27,login,DEV6dda4f8d,IN,False,False,0
EVT8c6d768e-4,CUST00265,2026-07-14 08:37:24,login,DEV1d48a071,IN,False,False,0
EVTa14ed649-9,CUST00507,2026-07-14 08:43:04,password_reset,DEVfd235def,IN,False,False,0
EVTe1d5c0dc-3,CUST00319,2026-07-14 08:56:11,login,DEV0ba6eab9,IN,False,False,0
EVTcfd42949-e,CUST00495,2026-07-14 08:58:40,session_start,DEVd56ce8ea,IN,False,False,0
EVTc252714e-8,CUST00209,2026-07-14 09:10:09,login,DEVb31985d0,NG,True,True,4
EVT80e9b300-4,CUST00395,2026-07-14 09:21:48,session_start,DEVbf0d073d,IN,False,False,0
EVT47003fcf-d,CUST00521,2026-07-14 09:30:15,login,DEV72c22a16,IN,False,False,0
EVTe42c0aea-2,CUST00223,2026-07-14 09:41:51,login,DEV6d3ee1dc,IN,False,False,0
EVT735741e5-f,CUST00084,2026-07-14 09:42:15,login,DEVb92da22b,IN,False,False,0
EVTc0c9c3ed-8,CUST00391,2026-07-14 09:47:59,login,DEVb495db4e,IN,False,False,1
EVTbc033a02-2,CUST00568,2026-07-14 09:51:13,login,DEVb7584252,IN,True,False,0
EVT9c2d9672-e,CUST00354,2026-07-14 09:52:46,session_start,DEV77fc9703,IN,False,False,1
EVTbcf2fc3b-d,CUST00131,2026-07-14 09:58:43,login,DEV702cdd20,IN,False,False,0
EVT5aff4594-4,CUST00474,2026-07-14 10:05:23,device_registration,DEVad238d36,IN,False,False,0
EVT46707cd6-4,CUST00067,2026-07-14 10:09:19,login,DEVd0e6e660,IN,False,False,0
EVTd926fe41-b,CUST00217,2026-07-14 10:11:52,login,DEV8eb22579,IN,False,False,1
EVTc249f59a-9,CUST00567,2026-07-14 10:13:50,login,DEVa847bce7,IN,False,False,0
EVT95560a2d-3,CUST00038,2026-07-14 10:42:18,login,DEV24933b83,IN,False,False,0
EVT9416e4dc-c,CUST00043,2026-07-14 10:43:40,login,DEV7e570ddf,IN,False,False,0
EVTc96d525e-a,CUST00399,2026-07-14 10:57:49,login,DEV00a81de9,IN,False,False,0
EVT06617f95-e,CUST00403,2026-07-14 10:57:56,login,DEV551ac8ea,IN,False,False,0
EVT7412c272-0,CUST00528,2026-07-14 11:03:00,login,DEV6d204496,IN,False,False,0
EVT0acfbd89-d,CUST00443,2026-07-14 11:06:35,login,DEVf1faf665,IN,False,False,0
EVT7f6bd3c6-1,CUST00183,2026-07-14 11:13:01,login,DEV6fa17735,IN,False,False,0
EVTed174fdd-2,CUST00379,2026-07-14 11:13:45,login,DEV9f64eeed,IN,False,False,0
EVT45fb3e8a-5,CUST00438,2026-07-14 11:21:34,session_start,DEV9549c931,IN,False,False,0
EVTd2e08e57-a,CUST00439,2026-07-14 11:25:09,login,DEVa34db7c5,IN,False,False,0
EVT91a07ef2-1,CUST00431,2026-07-14 11:44:43,login,DEV0769165f,IN,False,False,0
EVT2bd3cdcd-2,CUST00033,2026-07-14 11:46:25,login,DEVce177b4e,IN,False,False,0
EVT6a25542e-f,CUST00326,2026-07-14 11:50:41,password_reset,DEV1d34d08e,IN,False,False,0
EVT2ecaf629-4,CUST00248,2026-07-14 11:50:52,login,DEVd72b6108,IN,False,False,0
EVT7f05fbf5-e,CUST00148,2026-07-14 11:59:13,login,DEV1ca3c448,IN,False,False,0
EVT2598f383-9,CUST00230,2026-07-14 12:44:58,login,DEV3c07c574,IN,False,False,0
EVT6e6b34b9-0,CUST00151,2026-07-14 13:03:15,password_reset,DEV8d7248e2,IN,False,False,0
EVT1fb235c4-5,CUST00498,2026-07-14 13:20:20,login,DEV71d79665,IN,False,False,0
EVT85d0691c-3,CUST00233,2026-07-14 13:20:29,login,DEV271e3ee2,IN,False,False,0
EVT290c4414-8,CUST00279,2026-07-14 13:29:00,login,DEV8861fe18,IN,False,False,0
EVTe1e669e5-c,CUST00539,2026-07-14 13:33:37,otp_request,DEV6e191042,IN,False,False,0
EVT6c8de840-e,CUST00578,2026-07-14 13:34:28,session_start,DEV372f871a,IN,False,False,0
EVTef15b821-a,CUST00597,2026-07-14 13:38:38,login,DEVf296d9f0,IN,False,False,0
EVTe45a87e8-0,CUST00175,2026-07-14 13:46:53,login,DEV54c63cd8,IN,False,False,0
EVT16476e3f-1,CUST00158,2026-07-14 13:58:17,login,DEVbfddc3d9,IN,False,False,0
EVT3781d306-d,CUST00366,2026-07-14 14:28:05,login,DEVff37d19c,IN,False,False,0
EVTd25697ad-0,CUST00526,2026-07-14 14:59:12,login,DEVa4b1f991,IN,False,False,0
EVTb1c72493-4,CUST00516,2026-07-14 15:24:05,login,DEV517eb16a,NG,True,True,2
EVT5a2837b2-c,CUST00077,2026-07-14 15:39:34,device_registration,DEV1064005c,IN,False,False,0
EVTc2baf0e0-2,CUST00035,2026-07-14 15:43:52,login,DEV9132b63e,IN,False,False,1
EVTb23f4738-a,CUST00570,2026-07-14 15:48:11,login,DEV604e46cb,IN,False,False,0
EVTdfae1803-9,CUST00549,2026-07-14 15:53:17,session_start,DEV8fca7b6a,IN,False,False,0
EVT59e7703a-7,CUST00116,2026-07-14 16:07:57,login,DEVdca02eec,IN,False,False,0
EVTc55523ed-f,CUST00148,2026-07-14 16:30:07,login,DEV1ca3c448,IN,False,False,0
EVT946a95a6-f,CUST00422,2026-07-14 17:00:13,session_start,DEV889b78d5,IN,False,False,1
EVT92a81713-b,CUST00055,2026-07-14 17:33:40,login,DEVf8cda88b,IN,False,False,0
EVT3c1a8ce2-9,CUST00584,2026-07-14 17:59:03,login,DEVf200c261,IN,False,False,0
EVT03ad702e-2,CUST00374,2026-07-14 18:49:55,session_start,DEV409d3602,IN,False,False,0
EVTaa5f8dfc-a,CUST00499,2026-07-14 18:55:34,login,DEV5cd8fe1a,IN,False,False,1
EVTc438eae0-b,CUST00340,2026-07-14 19:01:06,login,DEV3d67cde9,IN,False,False,0
EVTd218c9d6-c,CUST00083,2026-07-14 19:25:38,login,DEV7c441fe7,IN,False,False,0
EVT4775d7ab-d,CUST00560,2026-07-14 19:44:48,login,DEVc4767556,IN,False,False,0
EVTb576255e-9,CUST00007,2026-07-14 19:51:54,login,DEV6b65a6a4,IN,False,False,0
EVT4da838b7-6,CUST00307,2026-07-14 19:54:49,login,DEVff233d5f,IN,False,False,0
EVT46c3c90c-c,CUST00544,2026-07-14 20:00:47,login,DEVafd380c4,IN,False,False,0
EVTb12b6680-7,CUST00022,2026-07-14 20:01:39,login,DEVddd1dfb2,IN,False,False,0
EVTd2938e6e-f,CUST00158,2026-07-14 20:03:44,login,DEVbfddc3d9,IN,False,False,0
EVT77806788-d,CUST00592,2026-07-14 20:22:15,login,DEV75b27455,IN,False,False,1
EVTa92f85fe-2,CUST00345,2026-07-14 20:23:35,session_start,DEV1238d630,IN,False,False,0
EVTb1a50a3d-c,CUST00270,2026-07-14 20:23:47,device_registration,DEV4fa03f26,IN,False,False,0
EVT02fb2869-0,CUST00190,2026-07-14 20:26:47,login,DEV81d2c7de,IN,False,False,0
EVT98cf1188-0,CUST00042,2026-07-14 20:30:06,otp_request,DEVff50bde4,IN,False,False,0
EVTcf048f3a-6,CUST00004,2026-07-14 20:32:21,login,DEV317ca102,BR,True,True,4
EVT4f612217-e,CUST00021,2026-07-14 20:36:58,login,DEVfc377a4c,IN,False,False,0
EVTa981b098-b,CUST00007,2026-07-14 21:05:31,login,DEV6b65a6a4,IN,False,False,0
EVTc655a597-7,CUST00260,2026-07-14 21:14:03,login,DEV39669fa7,IN,False,False,0
EVT0ae689d6-0,CUST00443,2026-07-14 21:20:47,login,DEV91eca6b7,NG,True,True,3
EVT26ab406f-9,CUST00366,2026-07-14 21:35:45,login,DEVf8bc60bb,BR,True,True,4
EVT5da49cb9-2,CUST00098,2026-07-14 21:59:57,login,DEVa6f2f7b8,IN,False,False,0
EVT31208bde-3,CUST00382,2026-07-14 22:00:20,login,DEV49bc473f,IN,False,False,0
EVTec4014c6-d,CUST00463,2026-07-14 22:05:45,otp_request,DEV5d678bb1,IN,False,False,0
EVT078c3875-b,CUST00306,2026-07-14 22:14:21,login,DEV8db06746,IN,False,False,1
EVT92ef63c1-7,CUST00355,2026-07-14 22:16:58,login,DEV670acc5c,IN,False,False,0
EVTfbc8c77e-2,CUST00203,2026-07-14 22:35:38,login,DEVa9f25336,IN,False,False,1
EVT38a6484c-6,CUST00066,2026-07-14 22:38:56,login,DEVef3e9770,NG,True,True,2
EVT75938f5a-b,CUST00392,2026-07-14 23:42:08,session_start,DEV7b85179a,IN,False,False,0
EVT32f8dbab-b,CUST00164,2026-07-14 23:42:25,login,DEVbc2cbb0d,IN,False,False,0
EVTf5705436-3,CUST00563,2026-07-15 00:06:51,login,DEVb18753e6,IN,False,False,0
EVTbed63da0-8,CUST00083,2026-07-15 00:34:14,login,DEV7c441fe7,IN,False,False,0
EVT91ae3d4c-6,CUST00292,2026-07-15 00:34:32,login,DEVc01f36bf,IN,False,False,0
EVTe2d903c8-a,CUST00187,2026-07-15 00:35:04,password_reset,DEVf2e9702d,IN,False,False,0
EVT13ed280a-d,CUST00228,2026-07-15 00:58:51,login,DEV7c0e8cd8,IN,False,False,0
EVTe6267164-d,CUST00292,2026-07-15 00:59:34,login,DEVc01f36bf,IN,False,False,0
EVTbab2b77d-f,CUST00061,2026-07-15 01:40:53,device_registration,DEVeb2263dd,IN,False,False,0
EVTaf95be79-c,CUST00217,2026-07-15 01:45:25,login,DEV8eb22579,IN,False,False,0
EVTe0b55615-d,CUST00312,2026-07-15 01:51:03,login,DEVb0ae8f08,IN,False,False,0
EVT0f67a174-0,CUST00514,2026-07-15 01:54:48,session_start,DEV8a4b8f7c,IN,False,False,0
EVTe3a1af97-7,CUST00336,2026-07-15 02:00:52,login,DEV9191b363,IN,False,False,1
EVTc3231466-a,CUST00112,2026-07-15 02:05:05,login,DEV7a0ecfea,IN,False,False,0
EVT76237f14-9,CUST00337,2026-07-15 02:06:36,login,DEVc75861c1,IN,True,False,0
EVT05c14422-4,CUST00336,2026-07-15 02:36:11,otp_request,DEV9191b363,IN,False,False,0
EVT1de20f2d-0,CUST00580,2026-07-15 02:40:41,login,DEVad9fb00d,IN,False,False,0
EVT5fa5e0aa-9,CUST00057,2026-07-15 02:55:06,otp_request,DEVa013ac6e,IN,False,False,0
EVTa9151364-7,CUST00366,2026-07-15 02:56:04,password_reset,DEVff37d19c,IN,False,False,0
EVT999413cc-f,CUST00287,2026-07-15 03:04:51,login,DEVeb6c1016,IN,False,False,0
EVTe00da49d-e,CUST00063,2026-07-15 03:09:16,login,DEV5cec4eb5,IN,False,False,0
EVT1f2da344-a,CUST00366,2026-07-15 03:26:31,login,DEVff37d19c,IN,False,False,0
EVT179d9ae3-1,CUST00501,2026-07-15 03:35:26,login,DEVa5135ea0,IN,False,False,0
EVT5c074653-d,CUST00223,2026-07-15 03:35:45,login,DEV6d3ee1dc,IN,False,False,0
EVT694d7b00-8,CUST00079,2026-07-15 03:36:36,login,DEV01d74256,IN,False,False,0
EVT7f85c4e7-1,CUST00429,2026-07-15 03:45:01,login,DEVb4323070,IN,False,False,0
EVT7796048f-b,CUST00464,2026-07-15 03:46:02,session_start,DEVe8dd5e5a,IN,False,False,0
EVT6b579789-4,CUST00494,2026-07-15 04:01:27,login,DEVe2aa7a5d,IN,False,False,0
EVTbffa7a4f-0,CUST00583,2026-07-15 04:02:56,otp_request,DEV0e0630cd,IN,False,False,0
EVT9fea97cc-3,CUST00564,2026-07-15 04:11:26,session_start,DEV45f50c52,IN,False,False,0
EVTd90949aa-9,CUST00323,2026-07-15 04:16:26,login,DEV48ca7651,IN,False,False,0
EVTff12fe28-b,CUST00371,2026-07-15 04:19:16,login,DEV7ed70ed7,IN,False,False,0
EVTe67410de-4,CUST00495,2026-07-15 04:31:48,login,DEVd56ce8ea,IN,False,False,0
EVT9b6fbe20-4,CUST00590,2026-07-15 04:37:02,otp_request,DEV5aaab32f,IN,False,False,0
EVT16de66c9-6,CUST00115,2026-07-15 05:03:14,login,DEV118a9d29,IN,False,False,0
EVT44f7f01a-3,CUST00254,2026-07-15 05:22:11,otp_request,DEV53cd6268,IN,False,False,0
EVT61cb78c3-5,CUST00510,2026-07-15 05:27:43,password_reset,DEVd0243d72,IN,False,False,0
EVT73bb84e5-3,CUST00541,2026-07-15 05:27:50,otp_request,DEV66132e69,IN,False,False,0
EVT74147301-6,CUST00597,2026-07-15 05:52:30,login,DEV9cb84018,IN,True,False,0
EVTf7073712-8,CUST00372,2026-07-15 06:08:06,login,DEV668409e3,IN,False,False,1
EVTdf4e713e-f,CUST00053,2026-07-15 06:16:58,login,DEV287d06ca,IN,False,False,0
EVT26f341c8-0,CUST00271,2026-07-15 06:20:06,login,DEVedcb8cb6,IN,False,False,0
EVT19e79a3d-e,CUST00537,2026-07-15 06:33:11,login,DEVa79b44b6,IN,False,False,0
EVT55af47da-3,CUST00525,2026-07-15 06:49:53,login,DEVa8addf36,IN,False,False,0
EVTacffa99f-f,CUST00528,2026-07-15 06:59:39,login,DEV6d204496,IN,False,False,0
EVT695e5ea9-c,CUST00108,2026-07-15 07:03:05,login,DEV7c967f79,IN,False,False,0
EVT8a8864c7-e,CUST00530,2026-07-15 07:44:46,session_start,DEVe63658c9,IN,False,False,0
EVTf77fa3a7-8,CUST00302,2026-07-15 07:47:42,login,DEVb63b4dc3,IN,False,False,0
EVTc194f97f-0,CUST00062,2026-07-15 07:50:24,login,DEV7d154385,IN,False,False,0
EVT02bdeabe-7,CUST00243,2026-07-15 07:58:42,login,DEVbc10fa52,IN,False,False,0
EVT15f7ef61-d,CUST00298,2026-07-15 08:06:39,login,DEV8e485223,IN,False,False,0
EVT813be64b-9,CUST00516,2026-07-15 08:13:17,login,DEV21bddb41,IN,False,False,0
EVT7e64c44f-f,CUST00485,2026-07-15 08:23:42,session_start,DEVa2a9d4d8,IN,False,False,1
EVT597278c5-1,CUST00211,2026-07-15 08:31:04,login,DEV624c69b6,IN,False,False,0
EVT7092947d-b,CUST00022,2026-07-15 08:39:54,login,DEVddd1dfb2,IN,False,False,0
EVTe9b87e7a-a,CUST00584,2026-07-15 09:10:46,session_start,DEVf200c261,IN,False,False,0
EVT332ac35a-8,CUST00470,2026-07-15 09:11:20,login,DEVf7a67b94,IN,False,False,0
EVT0d5d2f64-8,CUST00527,2026-07-15 09:11:56,session_start,DEVffa361be,IN,False,False,0
EVTdf495037-b,CUST00065,2026-07-15 09:16:35,password_reset,DEV3da9c2a9,IN,False,False,0
EVT335dab46-8,CUST00441,2026-07-15 09:22:45,login,DEV771ad655,IN,False,False,0
EVT6c27316b-d,CUST00435,2026-07-15 10:06:50,login,DEV2e183554,IN,False,False,0
EVT9ee339ff-f,CUST00172,2026-07-15 10:10:26,session_start,DEV11c58ef0,IN,False,False,0
EVT16f89d97-0,CUST00078,2026-07-15 10:19:17,login,DEVe849c066,IN,True,False,0
EVTb0c07fcc-9,CUST00093,2026-07-15 10:22:08,login,DEV310c0c00,IN,False,False,0
EVTded89c47-b,CUST00489,2026-07-15 10:31:54,session_start,DEV1dba1267,IN,False,False,0
EVT564cfbd2-b,CUST00055,2026-07-15 10:34:15,password_reset,DEVf8cda88b,IN,False,False,0
EVTf66c7331-a,CUST00313,2026-07-15 10:49:16,login,DEVbd1531c8,IN,False,False,0
EVT5738b277-8,CUST00497,2026-07-15 10:51:45,session_start,DEVb0b63bcf,IN,False,False,0
EVTd145bd7f-d,CUST00375,2026-07-15 11:00:42,login,DEVc5c5b37a,IN,False,False,0
EVTa0017720-2,CUST00032,2026-07-15 11:03:21,login,DEV0e51f30d,IN,False,False,0
EVTa8be6c80-2,CUST00358,2026-07-15 11:09:11,login,DEVbc0a6a5d,IN,False,False,0
EVT9950f11a-1,CUST00414,2026-07-15 11:33:35,login,DEV19b17e80,IN,False,False,1
EVT902f3465-0,CUST00092,2026-07-15 11:43:31,otp_request,DEVccf3a171,IN,False,False,0
EVT7d4ed26e-d,CUST00099,2026-07-15 12:00:43,login,DEV03c72ba8,IN,False,False,0
EVT9c03d65c-e,CUST00386,2026-07-15 12:06:21,login,DEV03802b70,IN,False,False,0
EVT764d7e7c-8,CUST00411,2026-07-15 12:14:09,login,DEVa6eab79e,IN,False,False,0
EVTc1f31143-9,CUST00508,2026-07-15 12:17:49,password_reset,DEV34885a46,IN,False,False,0
EVT60b217f9-6,CUST00572,2026-07-15 12:18:40,login,DEV530ac1c7,IN,False,False,0
EVTc72850c1-3,CUST00183,2026-07-15 12:37:28,session_start,DEV6fa17735,IN,False,False,0
EVTaf76b6c2-d,CUST00214,2026-07-15 12:38:36,login,DEVe2add909,IN,False,False,0
EVT93d563ae-5,CUST00066,2026-07-15 12:45:47,login,DEV14296c07,IN,False,False,0
EVT716ca1f2-d,CUST00206,2026-07-15 12:46:17,session_start,DEVce7ae7f6,IN,False,False,0
EVT39d2d74a-7,CUST00425,2026-07-15 13:30:45,otp_request,DEV9e11d2cd,IN,False,False,0
EVTd00dcc4f-a,CUST00569,2026-07-15 13:36:31,session_start,DEV177d6e7e,IN,False,False,0
EVTe76adca9-7,CUST00012,2026-07-15 13:49:15,login,DEV1a2a73ed,IN,False,False,0
EVT4b91b8cb-6,CUST00076,2026-07-15 14:19:31,login,DEV7394988f,IN,False,False,0
EVTd4575305-7,CUST00332,2026-07-15 14:59:37,login,DEV989bc4da,IN,False,False,0
EVT41f74651-a,CUST00303,2026-07-15 15:05:22,login,DEV046a0df5,IN,False,False,0
EVTbe69ad39-0,CUST00468,2026-07-15 15:10:10,login,DEV45c45a3e,IN,False,False,0
EVT5c65a65c-0,CUST00282,2026-07-15 15:18:06,login,DEV7d7ddbed,IN,False,False,0
EVT3ae56c8d-5,CUST00385,2026-07-15 15:20:11,login,DEVb5b453ca,IN,False,False,1
EVT68bd075b-7,CUST00102,2026-07-15 15:31:42,login,DEVdd59ba71,IN,False,False,0
EVTae62990c-1,CUST00050,2026-07-15 15:31:48,session_start,DEV1d53434b,IN,False,False,0
EVTf17aa7a9-2,CUST00337,2026-07-15 15:41:12,login,DEVf5c9b047,IN,False,False,0
EVTcdeb2696-0,CUST00242,2026-07-15 16:12:52,login,DEVd5f25073,IN,False,False,0
EVT3360d115-4,CUST00300,2026-07-15 16:22:52,session_start,DEV680bac63,IN,False,False,0
EVT69ac030e-0,CUST00258,2026-07-15 16:52:46,login,DEVce68210c,IN,True,False,0
EVTc02553ea-d,CUST00272,2026-07-15 16:59:16,login,DEVe87466d7,IN,False,False,0
EVT4eccb0ab-7,CUST00576,2026-07-15 17:08:18,login,DEV716fda0a,IN,False,False,0
EVT4c82c445-3,CUST00370,2026-07-15 17:24:16,password_reset,DEV292bd156,IN,False,False,0
EVT84274378-b,CUST00440,2026-07-15 17:43:56,otp_request,DEVaab612c9,IN,False,False,0
EVT3fac4317-1,CUST00276,2026-07-15 17:50:01,login,DEV4d3485c5,IN,False,False,0
EVTe3837348-8,CUST00120,2026-07-15 18:11:50,session_start,DEV90b2b633,IN,False,False,1
EVT9fa4a627-d,CUST00167,2026-07-15 18:17:35,login,DEV787f2425,IN,False,False,0
EVTd5f0fb6a-4,CUST00187,2026-07-15 18:27:18,login,DEVf2e9702d,IN,False,False,0
EVT3f381a63-a,CUST00464,2026-07-15 18:30:10,login,DEV5995e5f4,BR,True,True,3
EVT441dde33-0,CUST00585,2026-07-15 18:44:19,otp_request,DEVc3a00c6f,IN,False,False,0
EVT27755e9d-a,CUST00469,2026-07-15 18:52:42,login,DEVe9ff1cae,IN,False,False,0
EVTa72bdddd-5,CUST00261,2026-07-15 18:53:54,login,DEVf510ab53,IN,False,False,0
EVTe0527739-4,CUST00067,2026-07-15 19:22:38,login,DEVd0e6e660,IN,False,False,0
EVTba2eeeb3-d,CUST00188,2026-07-15 20:10:43,password_reset,DEV9f871ce7,IN,False,False,0
EVT8f1c5f8c-f,CUST00503,2026-07-15 20:12:41,otp_request,DEVf2f25eef,IN,False,False,0
EVT64ad1905-0,CUST00493,2026-07-15 20:13:26,login,DEV965befdf,IN,False,False,0
EVT5fdc9844-f,CUST00504,2026-07-15 20:22:44,login,DEV1777e8cb,IN,False,False,0
EVTa98afcb0-3,CUST00516,2026-07-15 20:30:36,login,DEV21bddb41,IN,False,False,0
EVT372f5f47-9,CUST00457,2026-07-15 20:32:24,login,DEV3810ae66,IN,False,False,0
EVT836f224b-0,CUST00473,2026-07-15 20:37:02,otp_request,DEVc1101266,IN,False,False,0
EVT5ef787b8-f,CUST00027,2026-07-15 20:40:40,login,DEVa28defe3,IN,False,False,0
EVT2e9ce8ff-0,CUST00148,2026-07-15 21:02:16,login,DEV1ca3c448,IN,False,False,0
EVT889cd33d-2,CUST00403,2026-07-15 21:32:49,login,DEV551ac8ea,IN,False,False,0
EVT7e808d05-a,CUST00457,2026-07-15 21:34:49,login,DEV3810ae66,IN,False,False,0
EVTe3082ddc-c,CUST00172,2026-07-15 21:44:13,login,DEV11c58ef0,IN,False,False,0
EVT3c53090e-e,CUST00156,2026-07-15 22:20:40,session_start,DEV5a8aaeca,IN,False,False,0
EVT02b53d3d-8,CUST00365,2026-07-15 22:46:20,login,DEV7135f221,IN,False,False,0
EVTb9787c4b-0,CUST00242,2026-07-15 23:07:15,login,DEVd5f25073,IN,False,False,0
EVTb3953089-2,CUST00326,2026-07-15 23:29:15,login,DEVb2288b79,IN,True,False,0
EVT78bf46fa-2,CUST00242,2026-07-15 23:53:50,login,DEVd5f25073,IN,False,False,0
EVTfff446b9-b,CUST00467,2026-07-16 00:21:09,session_start,DEV5da8d6d2,IN,False,False,0
EVT700ea842-f,CUST00560,2026-07-16 00:32:51,login,DEVc4767556,IN,False,False,0
EVTedbc36d8-9,CUST00294,2026-07-16 01:08:05,login,DEV7e8adee7,IN,False,False,0
EVTae7cfd14-7,CUST00246,2026-07-16 01:20:28,login,DEV638c254c,IN,False,False,0
EVTb42a2d93-9,CUST00073,2026-07-16 01:23:12,session_start,DEVb09b2a5c,IN,False,False,1
EVTc6a07656-c,CUST00129,2026-07-16 01:23:48,login,DEV5958a499,IN,False,False,0
EVT8a6342ca-5,CUST00338,2026-07-16 01:31:44,otp_request,DEVc342bd2b,IN,False,False,0
EVT8855817d-3,CUST00538,2026-07-16 02:02:29,login,DEV8d244e3e,IN,False,False,0
EVTaacefa98-7,CUST00506,2026-07-16 02:47:01,login,DEV0cf2b69b,IN,False,False,0
EVT51b30182-f,CUST00089,2026-07-16 02:47:50,login,DEVdd2467ac,IN,False,False,0
EVTf9012b9c-6,CUST00228,2026-07-16 03:00:23,login,DEV7c0e8cd8,IN,False,False,1
EVT746cff4e-0,CUST00069,2026-07-16 03:19:38,login,DEV68353c7e,IN,True,False,0
EVT02e7df89-b,CUST00124,2026-07-16 03:23:42,login,DEV750cab75,IN,False,False,0
EVT46ff19b3-8,CUST00435,2026-07-16 03:32:41,login,DEV6f3f753b,IN,True,False,0
EVT84222f58-f,CUST00335,2026-07-16 03:41:38,login,DEV96a9954f,IN,False,False,0
EVT436e3c49-7,CUST00154,2026-07-16 03:55:00,login,DEV0a368ce7,IN,False,False,0
EVT189ac35d-a,CUST00469,2026-07-16 03:58:16,login,DEVe9ff1cae,IN,False,False,0
EVTee125271-e,CUST00021,2026-07-16 04:03:37,login,DEV0823e20b,IN,True,False,0
EVT170d7507-0,CUST00038,2026-07-16 04:11:08,session_start,DEV24933b83,IN,False,False,0
EVTcec56969-5,CUST00222,2026-07-16 04:13:33,login,DEVd0a44432,IN,False,False,0
EVTaf9a1168-1,CUST00276,2026-07-16 04:18:38,login,DEV4d3485c5,IN,False,False,0
EVTc926a021-1,CUST00160,2026-07-16 04:25:24,otp_request,DEVccc56569,IN,False,False,0
EVT2adcecb5-1,CUST00539,2026-07-16 04:28:54,otp_request,DEV6e191042,IN,False,False,0
EVTbff9507d-c,CUST00025,2026-07-16 04:39:22,device_registration,DEVab9099a4,IN,False,False,0
EVTeda413c6-e,CUST00456,2026-07-16 05:00:36,login,DEV3ae909fe,IN,False,False,0
EVTec1b55dd-e,CUST00405,2026-07-16 05:23:34,login,DEVde9e3757,IN,False,False,0
EVT9ef01577-b,CUST00529,2026-07-16 05:32:45,login,DEVb65feea9,IN,False,False,0
EVTa41f0d38-c,CUST00452,2026-07-16 05:33:14,session_start,DEVdd750e98,IN,False,False,0
EVT58bce5e4-d,CUST00546,2026-07-16 05:36:56,login,DEV6e8f75a1,IN,False,False,0
EVT3fd6f99e-e,CUST00124,2026-07-16 05:37:22,login,DEV150b8146,IN,True,False,0
EVT12087e20-8,CUST00215,2026-07-16 05:49:17,login,DEV3805f907,IN,False,False,0
EVT344a21b7-d,CUST00397,2026-07-16 05:56:17,session_start,DEVdabac50d,IN,False,False,0
EVT65637d1f-5,CUST00328,2026-07-16 06:05:47,login,DEVafbb411a,IN,False,False,1
EVTa28e0841-7,CUST00577,2026-07-16 06:08:45,login,DEV9b69554d,IN,False,False,0
EVT08e3f771-b,CUST00156,2026-07-16 06:16:34,login,DEV5a8aaeca,IN,False,False,0
EVT7951d52b-2,CUST00398,2026-07-16 06:17:40,login,DEVc9a7d91f,IN,False,False,0
EVT5c75352c-4,CUST00415,2026-07-16 06:26:55,session_start,DEV1986b4b2,IN,False,False,0
EVTdbbf46ed-c,CUST00488,2026-07-16 06:30:10,session_start,DEV0986bbeb,IN,False,False,0
EVT7c923cab-2,CUST00267,2026-07-16 06:42:56,login,DEV2262dad8,IN,True,False,0
EVT929d6377-1,CUST00104,2026-07-16 06:51:52,login,DEV63f2ae24,IN,False,False,0
EVT277529a2-8,CUST00280,2026-07-16 06:56:52,session_start,DEV11a72609,IN,False,False,0
EVT3f532270-4,CUST00227,2026-07-16 06:59:15,login,DEV209f9f95,BR,True,True,4
EVT5c3bd3b5-e,CUST00350,2026-07-16 07:00:48,otp_request,DEV44007d5a,IN,False,False,1
EVTf9287d26-3,CUST00274,2026-07-16 07:01:22,session_start,DEV9793b9b4,IN,False,False,0
EVTf1530f68-9,CUST00202,2026-07-16 07:12:17,otp_request,DEVa8aa7158,IN,False,False,0
EVT83d0bae7-7,CUST00384,2026-07-16 07:23:29,login,DEVa14923c2,IN,False,False,1
EVT46fc4ff2-1,CUST00367,2026-07-16 07:24:13,login,DEVd0725b5c,IN,False,False,0
EVT8c8181b4-f,CUST00220,2026-07-16 07:29:11,session_start,DEV8f15ba58,IN,False,False,0
EVTbd9277a4-1,CUST00474,2026-07-16 07:41:58,login,DEVad238d36,IN,False,False,0
EVTf6f61488-d,CUST00376,2026-07-16 08:14:00,login,DEVd32e6dcd,IN,False,False,0
EVT82dc286e-0,CUST00468,2026-07-16 08:35:39,login,DEVd2242ae5,IN,True,False,0
EVTcb5a4d77-9,CUST00346,2026-07-16 09:14:09,session_start,DEV43b9da13,IN,False,False,0
EVT40afbf3f-3,CUST00091,2026-07-16 09:17:12,login,DEV0f844fef,IN,False,False,0
EVTd7ee15bc-6,CUST00171,2026-07-16 09:20:38,login,DEVc04f4bd0,IN,True,False,0
EVT7dd12d57-0,CUST00509,2026-07-16 09:27:23,login,DEV8de08fc2,IN,False,False,0
EVTe7d90c1b-a,CUST00443,2026-07-16 09:41:17,device_registration,DEVf1faf665,IN,False,False,0
EVT65ebd4dc-b,CUST00240,2026-07-16 09:46:50,login,DEVf1578470,IN,False,False,0
EVT659ae9f2-1,CUST00444,2026-07-16 09:56:58,session_start,DEV4c955f6a,IN,False,False,0
EVT54fc286f-7,CUST00193,2026-07-16 10:17:49,otp_request,DEVaa38d0a1,IN,False,False,1
EVTa19f2485-3,CUST00536,2026-07-16 10:38:47,session_start,DEVcb08587d,IN,False,False,0
EVTdeaf0fa9-2,CUST00591,2026-07-16 10:47:12,login,DEVbdf66ba5,IN,False,False,0
EVT6dc75587-c,CUST00491,2026-07-16 10:47:22,login,DEV5efa9c5b,IN,False,False,0
EVT16ed0330-c,CUST00267,2026-07-16 10:49:49,login,DEV5e6fea07,IN,False,False,0
EVTbb4400f1-8,CUST00212,2026-07-16 11:07:13,login,DEV8e416029,IN,True,False,0
EVT2504fd28-d,CUST00316,2026-07-16 11:40:13,login,DEVd52721e7,IN,False,False,0
EVTce315937-3,CUST00106,2026-07-16 11:50:01,login,DEVb253d218,IN,False,False,0
EVTa538c6a7-0,CUST00448,2026-07-16 11:58:52,login,DEV61a11729,IN,False,False,0
